{
"type": "FeatureCollection",
"name": "empregos_pontos",
"crs": { "type": "name", "properties": { "name": "urn:ogc:def:crs:OGC:1.3:CRS84" } },
"features": [
{ "type": "Feature", "properties": { "loja_id": "AG09", "peso": 20.452542 }, "geometry": { "type": "Point", "coordinates": [ -46.638073015473331, -23.539861418799727 ] } },
{ "type": "Feature", "properties": { "loja_id": "AG09", "peso": 13.294152 }, "geometry": { "type": "Point", "coordinates": [ -46.637729616377953, -23.54930169573716 ] } },
{ "type": "Feature", "properties": { "loja_id": "AG09", "peso": 66.852777 }, "geometry": { "type": "Point", "coordinates": [ -46.637729616377953, -23.54930169573716 ] } },
{ "type": "Feature", "properties": { "loja_id": "AG09", "peso": 22.491184 }, "geometry": { "type": "Point", "coordinates": [ -46.639194832106377, -23.546604262267294 ] } },
{ "type": "Feature", "properties": { "loja_id": "AG08", "peso": 19.319088 }, "geometry": { "type": "Point", "coordinates": [ -46.691924319239682, -23.601908776069852 ] } },
{ "type": "Feature", "properties": { "loja_id": "AG09", "peso": 17.607459 }, "geometry": { "type": "Point", "coordinates": [ -46.639174796793959, -23.54656835226784 ] } },
{ "type": "Feature", "properties": { "loja_id": "AG09", "peso": 18.601234 }, "geometry": { "type": "Point", "coordinates": [ -46.643852814790321, -23.543096501905261 ] } },
{ "type": "Feature", "properties": { "loja_id": "AG09", "peso": 58.161916 }, "geometry": { "type": "Point", "coordinates": [ -46.635326585586213, -23.540332800248727 ] } },
{ "type": "Feature", "properties": { "loja_id": "AG09", "peso": 17.607459 }, "geometry": { "type": "Point", "coordinates": [ -46.648940328829674, -23.541850656287405 ] } },
{ "type": "Feature", "properties": { "loja_id": "AG11", "peso": 19.319088 }, "geometry": { "type": "Point", "coordinates": [ -46.706251674977565, -23.522386743372653 ] } },
{ "type": "Feature", "properties": { "loja_id": "AG09", "peso": 77.931237 }, "geometry": { "type": "Point", "coordinates": [ -46.638014446206725, -23.544621003353488 ] } },
{ "type": "Feature", "properties": { "loja_id": "AG09", "peso": 17.607459 }, "geometry": { "type": "Point", "coordinates": [ -46.638865482235353, -23.546111067093605 ] } },
{ "type": "Feature", "properties": { "loja_id": "AG09", "peso": 32.318542 }, "geometry": { "type": "Point", "coordinates": [ -46.641115004090544, -23.545843528892892 ] } },
{ "type": "Feature", "properties": { "loja_id": "AG09", "peso": 77.931237 }, "geometry": { "type": "Point", "coordinates": [ -46.634747056068129, -23.541783741325396 ] } },
{ "type": "Feature", "properties": { "loja_id": "AG09", "peso": 22.491184 }, "geometry": { "type": "Point", "coordinates": [ -46.636322556912866, -23.547998083946094 ] } },
{ "type": "Feature", "properties": { "loja_id": "AG09", "peso": 11.930649 }, "geometry": { "type": "Point", "coordinates": [ -46.635821802252032, -23.547109352188532 ] } },
{ "type": "Feature", "properties": { "loja_id": "AG10", "peso": 47.957684 }, "geometry": { "type": "Point", "coordinates": [ -46.678455300167307, -23.536758010614175 ] } },
{ "type": "Feature", "properties": { "loja_id": "AG01", "peso": 11.930649 }, "geometry": { "type": "Point", "coordinates": [ -46.684083207240832, -23.580267605408615 ] } },
{ "type": "Feature", "properties": { "loja_id": "AG09", "peso": 74.581252 }, "geometry": { "type": "Point", "coordinates": [ -46.641323091251451, -23.54051346299579 ] } },
{ "type": "Feature", "properties": { "loja_id": "AG09", "peso": 59.773058 }, "geometry": { "type": "Point", "coordinates": [ -46.638868838374066, -23.543221337572103 ] } },
{ "type": "Feature", "properties": { "loja_id": "AG15", "peso": 89.778288 }, "geometry": { "type": "Point", "coordinates": [ -46.707761757898126, -23.576360981353556 ] } },
{ "type": "Feature", "properties": { "loja_id": "AG05", "peso": 17.378721 }, "geometry": { "type": "Point", "coordinates": [ -46.600069192822147, -23.556782612814875 ] } },
{ "type": "Feature", "properties": { "loja_id": "AG09", "peso": 36.08522 }, "geometry": { "type": "Point", "coordinates": [ -46.636840520285496, -23.539991786330702 ] } },
{ "type": "Feature", "properties": { "loja_id": "AG09", "peso": 40.595872 }, "geometry": { "type": "Point", "coordinates": [ -46.636840520285496, -23.539991786330702 ] } },
{ "type": "Feature", "properties": { "loja_id": "AG09", "peso": 89.778288 }, "geometry": { "type": "Point", "coordinates": [ -46.636840520285496, -23.539991786330702 ] } },
{ "type": "Feature", "properties": { "loja_id": "AG09", "peso": 133.185051 }, "geometry": { "type": "Point", "coordinates": [ -46.638214576991587, -23.543381744869972 ] } },
{ "type": "Feature", "properties": { "loja_id": "AG01", "peso": 334.093906 }, "geometry": { "type": "Point", "coordinates": [ -46.680689926217966, -23.582309040192495 ] } },
{ "type": "Feature", "properties": { "loja_id": "AG09", "peso": 246.899891 }, "geometry": { "type": "Point", "coordinates": [ -46.639925252350544, -23.543896505302683 ] } },
{ "type": "Feature", "properties": { "loja_id": "AG09", "peso": 172.29058 }, "geometry": { "type": "Point", "coordinates": [ -46.640002816517701, -23.543832475443882 ] } },
{ "type": "Feature", "properties": { "loja_id": "AG09", "peso": 76.594218 }, "geometry": { "type": "Point", "coordinates": [ -46.635356205377313, -23.548270127371953 ] } },
{ "type": "Feature", "properties": { "loja_id": "AG09", "peso": 222.072926 }, "geometry": { "type": "Point", "coordinates": [ -46.6430589225224, -23.544631007807567 ] } },
{ "type": "Feature", "properties": { "loja_id": "AG09", "peso": 246.899891 }, "geometry": { "type": "Point", "coordinates": [ -46.64078625370626, -23.544609848045944 ] } },
{ "type": "Feature", "properties": { "loja_id": "AG05", "peso": 199.899877 }, "geometry": { "type": "Point", "coordinates": [ -46.597519071380773, -23.553277946218795 ] } },
{ "type": "Feature", "properties": { "loja_id": "AG09", "peso": 137.574798 }, "geometry": { "type": "Point", "coordinates": [ -46.645835141992514, -23.549694727569076 ] } },
{ "type": "Feature", "properties": { "loja_id": "AG09", "peso": 137.574798 }, "geometry": { "type": "Point", "coordinates": [ -46.645835141992514, -23.549694727569076 ] } },
{ "type": "Feature", "properties": { "loja_id": "AG01", "peso": 193.744061 }, "geometry": { "type": "Point", "coordinates": [ -46.684230718995451, -23.582613835660148 ] } },
{ "type": "Feature", "properties": { "loja_id": "AG09", "peso": 512.964678 }, "geometry": { "type": "Point", "coordinates": [ -46.645450173437055, -23.547883717249579 ] } },
{ "type": "Feature", "properties": { "loja_id": "AG09", "peso": 193.744061 }, "geometry": { "type": "Point", "coordinates": [ -46.636475526455541, -23.546903808229025 ] } },
{ "type": "Feature", "properties": { "loja_id": "AG09", "peso": 167.117768 }, "geometry": { "type": "Point", "coordinates": [ -46.643212613659152, -23.546751499881626 ] } },
{ "type": "Feature", "properties": { "loja_id": "AG15", "peso": 336.122493 }, "geometry": { "type": "Point", "coordinates": [ -46.704632891434194, -23.572286665331379 ] } },
{ "type": "Feature", "properties": { "loja_id": "AG09", "peso": 596.308536 }, "geometry": { "type": "Point", "coordinates": [ -46.64247566244665, -23.548140917346736 ] } },
{ "type": "Feature", "properties": { "loja_id": "AG09", "peso": 147.486356 }, "geometry": { "type": "Point", "coordinates": [ -46.641237227344448, -23.548587445561989 ] } },
{ "type": "Feature", "properties": { "loja_id": "AG09", "peso": 576.591529 }, "geometry": { "type": "Point", "coordinates": [ -46.64732833028274, -23.547683228938777 ] } },
{ "type": "Feature", "properties": { "loja_id": "AG09", "peso": 193.744061 }, "geometry": { "type": "Point", "coordinates": [ -46.644861871559428, -23.547835758980199 ] } },
{ "type": "Feature", "properties": { "loja_id": "AG09", "peso": 131.413349 }, "geometry": { "type": "Point", "coordinates": [ -46.639582287084096, -23.548622962824833 ] } },
{ "type": "Feature", "properties": { "loja_id": "AG09", "peso": 137.574798 }, "geometry": { "type": "Point", "coordinates": [ -46.642653715249622, -23.549069155432232 ] } },
{ "type": "Feature", "properties": { "loja_id": "AG09", "peso": 184.382674 }, "geometry": { "type": "Point", "coordinates": [ -46.640990321638718, -23.549213140635544 ] } },
{ "type": "Feature", "properties": { "loja_id": "AG09", "peso": 85.897842 }, "geometry": { "type": "Point", "coordinates": [ -46.640821599168241, -23.546668380645457 ] } },
{ "type": "Feature", "properties": { "loja_id": "AG09", "peso": 85.897842 }, "geometry": { "type": "Point", "coordinates": [ -46.645641454733109, -23.54672581867888 ] } },
{ "type": "Feature", "properties": { "loja_id": "AG09", "peso": 89.513794 }, "geometry": { "type": "Point", "coordinates": [ -46.64083116874145, -23.546650219111978 ] } },
{ "type": "Feature", "properties": { "loja_id": "AG09", "peso": 89.513794 }, "geometry": { "type": "Point", "coordinates": [ -46.643603853733154, -23.541979377901296 ] } },
{ "type": "Feature", "properties": { "loja_id": "AG09", "peso": 85.897842 }, "geometry": { "type": "Point", "coordinates": [ -46.639186647217137, -23.541204232680567 ] } },
{ "type": "Feature", "properties": { "loja_id": "AG09", "peso": 110.050524 }, "geometry": { "type": "Point", "coordinates": [ -46.645760904065369, -23.54609243573756 ] } },
{ "type": "Feature", "properties": { "loja_id": "AG03", "peso": 85.897842 }, "geometry": { "type": "Point", "coordinates": [ -46.69643530635819, -23.566362337344184 ] } },
{ "type": "Feature", "properties": { "loja_id": "AG09", "peso": 110.050524 }, "geometry": { "type": "Point", "coordinates": [ -46.645659356051098, -23.546590175193302 ] } },
{ "type": "Feature", "properties": { "loja_id": "AG09", "peso": 143.884192 }, "geometry": { "type": "Point", "coordinates": [ -46.645327859200599, -23.540416974089169 ] } },
{ "type": "Feature", "properties": { "loja_id": "AG09", "peso": 112.306068 }, "geometry": { "type": "Point", "coordinates": [ -46.645327859200599, -23.540416974089169 ] } },
{ "type": "Feature", "properties": { "loja_id": "AG09", "peso": 178.518263 }, "geometry": { "type": "Point", "coordinates": [ -46.643908916011121, -23.545245115430866 ] } },
{ "type": "Feature", "properties": { "loja_id": "AG09", "peso": 132.689916 }, "geometry": { "type": "Point", "coordinates": [ -46.64619800993691, -23.539504740354822 ] } },
{ "type": "Feature", "properties": { "loja_id": "AG09", "peso": 42.132345 }, "geometry": { "type": "Point", "coordinates": [ -46.646111992757334, -23.540462859935211 ] } },
{ "type": "Feature", "properties": { "loja_id": "AG09", "peso": 229.450472 }, "geometry": { "type": "Point", "coordinates": [ -46.646302152376904, -23.545508770134489 ] } },
{ "type": "Feature", "properties": { "loja_id": "AG09", "peso": 133.748719 }, "geometry": { "type": "Point", "coordinates": [ -46.641629622191743, -23.536013142702615 ] } },
{ "type": "Feature", "properties": { "loja_id": "AG09", "peso": 93.970384 }, "geometry": { "type": "Point", "coordinates": [ -46.645541418010303, -23.539475566141249 ] } },
{ "type": "Feature", "properties": { "loja_id": "AG07", "peso": 273.081122 }, "geometry": { "type": "Point", "coordinates": [ -46.623901894960191, -23.510462656995664 ] } },
{ "type": "Feature", "properties": { "loja_id": "AG12", "peso": 310.284043 }, "geometry": { "type": "Point", "coordinates": [ -46.638893813785401, -23.648522697146085 ] } },
{ "type": "Feature", "properties": { "loja_id": "AG09", "peso": 47.915803 }, "geometry": { "type": "Point", "coordinates": [ -46.644948414984526, -23.539834018818134 ] } },
{ "type": "Feature", "properties": { "loja_id": "AG09", "peso": 696.412299 }, "geometry": { "type": "Point", "coordinates": [ -46.643483413175829, -23.544897431340026 ] } },
{ "type": "Feature", "properties": { "loja_id": "AG09", "peso": 199.994782 }, "geometry": { "type": "Point", "coordinates": [ -46.644360052596319, -23.542928595313931 ] } },
{ "type": "Feature", "properties": { "loja_id": "AG09", "peso": 310.284043 }, "geometry": { "type": "Point", "coordinates": [ -46.645637517774077, -23.540901333488094 ] } },
{ "type": "Feature", "properties": { "loja_id": "AG09", "peso": 133.748719 }, "geometry": { "type": "Point", "coordinates": [ -46.645617481732096, -23.540865424343185 ] } },
{ "type": "Feature", "properties": { "loja_id": "AG09", "peso": 42.132345 }, "geometry": { "type": "Point", "coordinates": [ -46.639626011225893, -23.542671540167472 ] } },
{ "type": "Feature", "properties": { "loja_id": "AG09", "peso": 286.416039 }, "geometry": { "type": "Point", "coordinates": [ -46.639479728980696, -23.543512899428439 ] } },
{ "type": "Feature", "properties": { "loja_id": "AG09", "peso": 199.994782 }, "geometry": { "type": "Point", "coordinates": [ -46.647045011189562, -23.544597878289931 ] } },
{ "type": "Feature", "properties": { "loja_id": "AG09", "peso": 158.580632 }, "geometry": { "type": "Point", "coordinates": [ -46.646111992757334, -23.540462859935211 ] } },
{ "type": "Feature", "properties": { "loja_id": "AG09", "peso": 42.132345 }, "geometry": { "type": "Point", "coordinates": [ -46.644882096940158, -23.549460993910429 ] } },
{ "type": "Feature", "properties": { "loja_id": "AG09", "peso": 298.462414 }, "geometry": { "type": "Point", "coordinates": [ -46.646111992757334, -23.540462859935211 ] } },
{ "type": "Feature", "properties": { "loja_id": "AG09", "peso": 103.203268 }, "geometry": { "type": "Point", "coordinates": [ -46.644443926295253, -23.546521758815921 ] } },
{ "type": "Feature", "properties": { "loja_id": "AG09", "peso": 123.340491 }, "geometry": { "type": "Point", "coordinates": [ -46.637383200149841, -23.548221708203627 ] } },
{ "type": "Feature", "properties": { "loja_id": "AG09", "peso": 252.973865 }, "geometry": { "type": "Point", "coordinates": [ -46.64279156461194, -23.547550612551795 ] } },
{ "type": "Feature", "properties": { "loja_id": "AG09", "peso": 164.733672 }, "geometry": { "type": "Point", "coordinates": [ -46.643259478457757, -23.545793795150988 ] } },
{ "type": "Feature", "properties": { "loja_id": "AG09", "peso": 250.037187 }, "geometry": { "type": "Point", "coordinates": [ -46.643004813228131, -23.546582119978545 ] } },
{ "type": "Feature", "properties": { "loja_id": "AG09", "peso": 213.748233 }, "geometry": { "type": "Point", "coordinates": [ -46.641640161680506, -23.545539987244023 ] } },
{ "type": "Feature", "properties": { "loja_id": "AG09", "peso": 173.00058 }, "geometry": { "type": "Point", "coordinates": [ -46.644126845808962, -23.545441477947847 ] } },
{ "type": "Feature", "properties": { "loja_id": "AG09", "peso": 164.733672 }, "geometry": { "type": "Point", "coordinates": [ -46.643309373423207, -23.545079875878219 ] } },
{ "type": "Feature", "properties": { "loja_id": "AG09", "peso": 421.692698 }, "geometry": { "type": "Point", "coordinates": [ -46.64068404535702, -23.538741236559321 ] } },
{ "type": "Feature", "properties": { "loja_id": "AG09", "peso": 106.382657 }, "geometry": { "type": "Point", "coordinates": [ -46.64068404535702, -23.538741236559321 ] } },
{ "type": "Feature", "properties": { "loja_id": "AG09", "peso": 311.95185 }, "geometry": { "type": "Point", "coordinates": [ -46.641421360184061, -23.540539516967723 ] } },
{ "type": "Feature", "properties": { "loja_id": "AG09", "peso": 212.645968 }, "geometry": { "type": "Point", "coordinates": [ -46.640423902596261, -23.540667432745867 ] } },
{ "type": "Feature", "properties": { "loja_id": "AG09", "peso": 328.630555 }, "geometry": { "type": "Point", "coordinates": [ -46.650636238660532, -23.540396857463271 ] } },
{ "type": "Feature", "properties": { "loja_id": "AG09", "peso": 436.480647 }, "geometry": { "type": "Point", "coordinates": [ -46.640658941398691, -23.540664953940144 ] } },
{ "type": "Feature", "properties": { "loja_id": "AG09", "peso": 293.241936 }, "geometry": { "type": "Point", "coordinates": [ -46.641166530715594, -23.53815820841665 ] } },
{ "type": "Feature", "properties": { "loja_id": "AG09", "peso": 135.017222 }, "geometry": { "type": "Point", "coordinates": [ -46.641166530715594, -23.53815820841665 ] } },
{ "type": "Feature", "properties": { "loja_id": "AG09", "peso": 160.452149 }, "geometry": { "type": "Point", "coordinates": [ -46.643614354391794, -23.547550949363082 ] } },
{ "type": "Feature", "properties": { "loja_id": "AG09", "peso": 74.479854 }, "geometry": { "type": "Point", "coordinates": [ -46.642121768984211, -23.537786916514367 ] } },
{ "type": "Feature", "properties": { "loja_id": "AG09", "peso": 160.452149 }, "geometry": { "type": "Point", "coordinates": [ -46.642804117702269, -23.540678434854446 ] } },
{ "type": "Feature", "properties": { "loja_id": "AG09", "peso": 212.645968 }, "geometry": { "type": "Point", "coordinates": [ -46.636169166872058, -23.547475940439451 ] } },
{ "type": "Feature", "properties": { "loja_id": "AG09", "peso": 311.95185 }, "geometry": { "type": "Point", "coordinates": [ -46.645546133292008, -23.545363256183883 ] } },
{ "type": "Feature", "properties": { "loja_id": "AG04", "peso": 106.382657 }, "geometry": { "type": "Point", "coordinates": [ -46.634504862686775, -23.589493283808423 ] } },
{ "type": "Feature", "properties": { "loja_id": "AG09", "peso": 293.241936 }, "geometry": { "type": "Point", "coordinates": [ -46.642200187379444, -23.538580754339478 ] } },
{ "type": "Feature", "properties": { "loja_id": "AG08", "peso": 160.452149 }, "geometry": { "type": "Point", "coordinates": [ -46.696050487715262, -23.613395123359442 ] } },
{ "type": "Feature", "properties": { "loja_id": "AG09", "peso": 275.287624 }, "geometry": { "type": "Point", "coordinates": [ -46.641352513565721, -23.53972751719602 ] } },
{ "type": "Feature", "properties": { "loja_id": "AG09", "peso": 106.382657 }, "geometry": { "type": "Point", "coordinates": [ -46.646566561726779, -23.547077237862062 ] } },
{ "type": "Feature", "properties": { "loja_id": "AG09", "peso": 328.630555 }, "geometry": { "type": "Point", "coordinates": [ -46.64473161689336, -23.539727947807766 ] } },
{ "type": "Feature", "properties": { "loja_id": "AG09", "peso": 212.645968 }, "geometry": { "type": "Point", "coordinates": [ -46.640658941398691, -23.540664953940144 ] } },
{ "type": "Feature", "properties": { "loja_id": "AG09", "peso": 275.287624 }, "geometry": { "type": "Point", "coordinates": [ -46.638824019096035, -23.538815024248883 ] } },
{ "type": "Feature", "properties": { "loja_id": "AG09", "peso": 275.287624 }, "geometry": { "type": "Point", "coordinates": [ -46.638824019096035, -23.538815024248883 ] } },
{ "type": "Feature", "properties": { "loja_id": "AG09", "peso": 52.936746 }, "geometry": { "type": "Point", "coordinates": [ -46.643107423563258, -23.536710935160784 ] } },
{ "type": "Feature", "properties": { "loja_id": "AG09", "peso": 46.923612 }, "geometry": { "type": "Point", "coordinates": [ -46.643107423563258, -23.536710935160784 ] } },
{ "type": "Feature", "properties": { "loja_id": "AG09", "peso": 248.002133 }, "geometry": { "type": "Point", "coordinates": [ -46.643107423563258, -23.536710935160784 ] } },
{ "type": "Feature", "properties": { "loja_id": "AG09", "peso": 741.920087 }, "geometry": { "type": "Point", "coordinates": [ -46.638602580555151, -23.539124387116267 ] } },
{ "type": "Feature", "properties": { "loja_id": "AG09", "peso": 183.462328 }, "geometry": { "type": "Point", "coordinates": [ -46.640133766099865, -23.536227586040013 ] } },
{ "type": "Feature", "properties": { "loja_id": "AG09", "peso": 248.002133 }, "geometry": { "type": "Point", "coordinates": [ -46.640133766099865, -23.536227586040013 ] } },
{ "type": "Feature", "properties": { "loja_id": "AG09", "peso": 52.936746 }, "geometry": { "type": "Point", "coordinates": [ -46.634295890229794, -23.54173430031992 ] } },
{ "type": "Feature", "properties": { "loja_id": "AG09", "peso": 61.154109 }, "geometry": { "type": "Point", "coordinates": [ -46.640008637097324, -23.535614844726002 ] } },
{ "type": "Feature", "properties": { "loja_id": "AG09", "peso": 61.154109 }, "geometry": { "type": "Point", "coordinates": [ -46.640008637097324, -23.535614844726002 ] } },
{ "type": "Feature", "properties": { "loja_id": "AG09", "peso": 46.923612 }, "geometry": { "type": "Point", "coordinates": [ -46.644672431527532, -23.542844020119023 ] } },
{ "type": "Feature", "properties": { "loja_id": "AG01", "peso": 390.898068 }, "geometry": { "type": "Point", "coordinates": [ -46.675074937726031, -23.583001798071923 ] } },
{ "type": "Feature", "properties": { "loja_id": "AG07", "peso": 73.240542 }, "geometry": { "type": "Point", "coordinates": [ -46.625903532607367, -23.500418051405667 ] } },
{ "type": "Feature", "properties": { "loja_id": "AG02", "peso": 73.240542 }, "geometry": { "type": "Point", "coordinates": [ -46.65779498490943, -23.555934000446811 ] } },
{ "type": "Feature", "properties": { "loja_id": "AG04", "peso": 102.172265 }, "geometry": { "type": "Point", "coordinates": [ -46.637509045410489, -23.597074136183778 ] } },
{ "type": "Feature", "properties": { "loja_id": "AG09", "peso": 50.086986 }, "geometry": { "type": "Point", "coordinates": [ -46.649252814345985, -23.54177510125707 ] } },
{ "type": "Feature", "properties": { "loja_id": "AG11", "peso": 122.015883 }, "geometry": { "type": "Point", "coordinates": [ -46.697175799628177, -23.524851868338573 ] } },
{ "type": "Feature", "properties": { "loja_id": "AG05", "peso": 58.886052 }, "geometry": { "type": "Point", "coordinates": [ -46.602004471357169, -23.551579236301293 ] } },
{ "type": "Feature", "properties": { "loja_id": "AG09", "peso": 61.63506 }, "geometry": { "type": "Point", "coordinates": [ -46.638865482235353, -23.546111067093605 ] } },
{ "type": "Feature", "properties": { "loja_id": "AG08", "peso": 23.783188 }, "geometry": { "type": "Point", "coordinates": [ -46.693569619314538, -23.611751657779486 ] } },
{ "type": "Feature", "properties": { "loja_id": "AG09", "peso": 37.991982 }, "geometry": { "type": "Point", "coordinates": [ -46.64144428889022, -23.545542054577634 ] } },
{ "type": "Feature", "properties": { "loja_id": "AG09", "peso": 25.541517 }, "geometry": { "type": "Point", "coordinates": [ -46.649773407124862, -23.538753472105704 ] } },
{ "type": "Feature", "properties": { "loja_id": "AG12", "peso": 13.032005 }, "geometry": { "type": "Point", "coordinates": [ -46.641411765063083, -23.636630396768918 ] } },
{ "type": "Feature", "properties": { "loja_id": "AG06", "peso": 50.259905 }, "geometry": { "type": "Point", "coordinates": [ -46.576776508756893, -23.54135270395436 ] } },
{ "type": "Feature", "properties": { "loja_id": "AG08", "peso": 30.546729 }, "geometry": { "type": "Point", "coordinates": [ -46.694824004933167, -23.610229946233396 ] } },
{ "type": "Feature", "properties": { "loja_id": "AG02", "peso": 14.961663 }, "geometry": { "type": "Point", "coordinates": [ -46.658346648451477, -23.561644245700148 ] } },
{ "type": "Feature", "properties": { "loja_id": "AG02", "peso": 18.53206 }, "geometry": { "type": "Point", "coordinates": [ -46.655729462699234, -23.562295229568068 ] } },
{ "type": "Feature", "properties": { "loja_id": "AG09", "peso": 128.507088 }, "geometry": { "type": "Point", "coordinates": [ -46.637852483535291, -23.538662710574762 ] } },
{ "type": "Feature", "properties": { "loja_id": "AG06", "peso": 149.397151 }, "geometry": { "type": "Point", "coordinates": [ -46.577281503510399, -23.544273460768373 ] } },
{ "type": "Feature", "properties": { "loja_id": "AG01", "peso": 106.493354 }, "geometry": { "type": "Point", "coordinates": [ -46.686232735086286, -23.591306164058231 ] } },
{ "type": "Feature", "properties": { "loja_id": "AG05", "peso": 3.705684 }, "geometry": { "type": "Point", "coordinates": [ -46.604503762264009, -23.556538243076233 ] } },
{ "type": "Feature", "properties": { "loja_id": "AG03", "peso": 34.535474 }, "geometry": { "type": "Point", "coordinates": [ -46.69868654542649, -23.567737411599833 ] } },
{ "type": "Feature", "properties": { "loja_id": "AG06", "peso": 97.309439 }, "geometry": { "type": "Point", "coordinates": [ -46.575264430293082, -23.538577601686711 ] } },
{ "type": "Feature", "properties": { "loja_id": "AG03", "peso": 108.955444 }, "geometry": { "type": "Point", "coordinates": [ -46.690060392419838, -23.568851857824217 ] } },
{ "type": "Feature", "properties": { "loja_id": "AG09", "peso": 156.384136 }, "geometry": { "type": "Point", "coordinates": [ -46.639434584842576, -23.546981007342275 ] } },
{ "type": "Feature", "properties": { "loja_id": "AG09", "peso": 95.0753 }, "geometry": { "type": "Point", "coordinates": [ -46.64144428889022, -23.545542054577634 ] } },
{ "type": "Feature", "properties": { "loja_id": "AG09", "peso": 172.841551 }, "geometry": { "type": "Point", "coordinates": [ -46.634805687126786, -23.544149065984332 ] } },
{ "type": "Feature", "properties": { "loja_id": "AG09", "peso": 144.28173 }, "geometry": { "type": "Point", "coordinates": [ -46.635255290920846, -23.546447067406298 ] } },
{ "type": "Feature", "properties": { "loja_id": "AG02", "peso": 37.709265 }, "geometry": { "type": "Point", "coordinates": [ -46.656433793198183, -23.557528798039627 ] } },
{ "type": "Feature", "properties": { "loja_id": "AG09", "peso": 312.557795 }, "geometry": { "type": "Point", "coordinates": [ -46.646573398314104, -23.549984911213876 ] } },
{ "type": "Feature", "properties": { "loja_id": "AG08", "peso": 113.567176 }, "geometry": { "type": "Point", "coordinates": [ -46.695348397130047, -23.606810860468119 ] } },
{ "type": "Feature", "properties": { "loja_id": "AG02", "peso": 37.709265 }, "geometry": { "type": "Point", "coordinates": [ -46.656433793198183, -23.557528798039627 ] } },
{ "type": "Feature", "properties": { "loja_id": "AG06", "peso": 243.955072 }, "geometry": { "type": "Point", "coordinates": [ -46.575244843406018, -23.538577800018881 ] } },
{ "type": "Feature", "properties": { "loja_id": "AG09", "peso": 40.983508 }, "geometry": { "type": "Point", "coordinates": [ -46.639017143644388, -23.545703105735289 ] } },
{ "type": "Feature", "properties": { "loja_id": "AG13", "peso": 44.122482 }, "geometry": { "type": "Point", "coordinates": [ -46.470626930298849, -23.540360539291793 ] } },
{ "type": "Feature", "properties": { "loja_id": "AG01", "peso": 140.23119 }, "geometry": { "type": "Point", "coordinates": [ -46.680217252692238, -23.591353303566748 ] } },
{ "type": "Feature", "properties": { "loja_id": "AG03", "peso": 29.486346 }, "geometry": { "type": "Point", "coordinates": [ -46.696602132428197, -23.574008998867114 ] } },
{ "type": "Feature", "properties": { "loja_id": "AG09", "peso": 38.776982 }, "geometry": { "type": "Point", "coordinates": [ -46.638073015473331, -23.539861418799727 ] } },
{ "type": "Feature", "properties": { "loja_id": "AG09", "peso": 39.391916 }, "geometry": { "type": "Point", "coordinates": [ -46.639681167634905, -23.537641083574247 ] } },
{ "type": "Feature", "properties": { "loja_id": "AG04", "peso": 22.623351 }, "geometry": { "type": "Point", "coordinates": [ -46.634504862686775, -23.589493283808423 ] } },
{ "type": "Feature", "properties": { "loja_id": "AG09", "peso": 53.773091 }, "geometry": { "type": "Point", "coordinates": [ -46.642620040378205, -23.543994493409357 ] } },
{ "type": "Feature", "properties": { "loja_id": "AG09", "peso": 80.735946 }, "geometry": { "type": "Point", "coordinates": [ -46.643902079564121, -23.547845907365925 ] } },
{ "type": "Feature", "properties": { "loja_id": "AG09", "peso": 260.839209 }, "geometry": { "type": "Point", "coordinates": [ -46.645364983188955, -23.546548138406571 ] } },
{ "type": "Feature", "properties": { "loja_id": "AG03", "peso": 167.186035 }, "geometry": { "type": "Point", "coordinates": [ -46.695589120374159, -23.567599663675299 ] } },
{ "type": "Feature", "properties": { "loja_id": "AG09", "peso": 37.154388 }, "geometry": { "type": "Point", "coordinates": [ -46.634805687126786, -23.544149065984332 ] } },
{ "type": "Feature", "properties": { "loja_id": "AG01", "peso": 98.332387 }, "geometry": { "type": "Point", "coordinates": [ -46.680763637799195, -23.593478497632827 ] } },
{ "type": "Feature", "properties": { "loja_id": "AG04", "peso": 428.058508 }, "geometry": { "type": "Point", "coordinates": [ -46.633559395491808, -23.588311236387433 ] } },
{ "type": "Feature", "properties": { "loja_id": "AG04", "peso": 75.615934 }, "geometry": { "type": "Point", "coordinates": [ -46.637668042157564, -23.585414408843246 ] } },
{ "type": "Feature", "properties": { "loja_id": "AG04", "peso": 148.885227 }, "geometry": { "type": "Point", "coordinates": [ -46.632603586115252, -23.589459099865461 ] } },
{ "type": "Feature", "properties": { "loja_id": "AG01", "peso": 181.486255 }, "geometry": { "type": "Point", "coordinates": [ -46.677071085207949, -23.591278949466979 ] } },
{ "type": "Feature", "properties": { "loja_id": "AG09", "peso": 168.532204 }, "geometry": { "type": "Point", "coordinates": [ -46.636161191017941, -23.546040206591147 ] } },
{ "type": "Feature", "properties": { "loja_id": "AG09", "peso": 139.879294 }, "geometry": { "type": "Point", "coordinates": [ -46.636004705255189, -23.53893500239182 ] } },
{ "type": "Feature", "properties": { "loja_id": "AG03", "peso": 276.996891 }, "geometry": { "type": "Point", "coordinates": [ -46.695567038290939, -23.562064456601099 ] } },
{ "type": "Feature", "properties": { "loja_id": "AG08", "peso": 139.224764 }, "geometry": { "type": "Point", "coordinates": [ -46.691347598666844, -23.60660166470192 ] } },
{ "type": "Feature", "properties": { "loja_id": "AG06", "peso": 179.86779 }, "geometry": { "type": "Point", "coordinates": [ -46.575154787229394, -23.53595083774827 ] } },
{ "type": "Feature", "properties": { "loja_id": "AG02", "peso": 128.408894 }, "geometry": { "type": "Point", "coordinates": [ -46.658185494253722, -23.559731558799331 ] } },
{ "type": "Feature", "properties": { "loja_id": "AG09", "peso": 47.339391 }, "geometry": { "type": "Point", "coordinates": [ -46.646479533696443, -23.547954095190875 ] } },
{ "type": "Feature", "properties": { "loja_id": "AG02", "peso": 291.365331 }, "geometry": { "type": "Point", "coordinates": [ -46.656771220948563, -23.561001838462811 ] } },
{ "type": "Feature", "properties": { "loja_id": "AG09", "peso": 198.168945 }, "geometry": { "type": "Point", "coordinates": [ -46.634871680194927, -23.538396064743381 ] } },
{ "type": "Feature", "properties": { "loja_id": "AG03", "peso": 241.411561 }, "geometry": { "type": "Point", "coordinates": [ -46.697629276643447, -23.571604809275044 ] } },
{ "type": "Feature", "properties": { "loja_id": "AG15", "peso": 241.411561 }, "geometry": { "type": "Point", "coordinates": [ -46.697629276643447, -23.571604809275044 ] } },
{ "type": "Feature", "properties": { "loja_id": "AG09", "peso": 83.701729 }, "geometry": { "type": "Point", "coordinates": [ -46.64628220622258, -23.547053157358519 ] } },
{ "type": "Feature", "properties": { "loja_id": "AG09", "peso": 58.133689 }, "geometry": { "type": "Point", "coordinates": [ -46.641716239300386, -23.541412343196804 ] } },
{ "type": "Feature", "properties": { "loja_id": "AG09", "peso": 63.154392 }, "geometry": { "type": "Point", "coordinates": [ -46.640808667352893, -23.546415669063709 ] } },
{ "type": "Feature", "properties": { "loja_id": "AG09", "peso": 30.046328 }, "geometry": { "type": "Point", "coordinates": [ -46.637182274246548, -23.549397761901552 ] } },
{ "type": "Feature", "properties": { "loja_id": "AG02", "peso": 64.452494 }, "geometry": { "type": "Point", "coordinates": [ -46.658185494253722, -23.559731558799331 ] } },
{ "type": "Feature", "properties": { "loja_id": "AG02", "peso": 145.082997 }, "geometry": { "type": "Point", "coordinates": [ -46.654789319973681, -23.56309990051691 ] } },
{ "type": "Feature", "properties": { "loja_id": "AG09", "peso": 126.136559 }, "geometry": { "type": "Point", "coordinates": [ -46.646245812061522, -23.549636199099616 ] } },
{ "type": "Feature", "properties": { "loja_id": "AG02", "peso": 270.491451 }, "geometry": { "type": "Point", "coordinates": [ -46.656480549877728, -23.561257782312161 ] } },
{ "type": "Feature", "properties": { "loja_id": "AG01", "peso": 74.212368 }, "geometry": { "type": "Point", "coordinates": [ -46.681815427696463, -23.589900216595975 ] } },
{ "type": "Feature", "properties": { "loja_id": "AG09", "peso": 145.082997 }, "geometry": { "type": "Point", "coordinates": [ -46.647077277728016, -23.550331755396439 ] } },
{ "type": "Feature", "properties": { "loja_id": "AG09", "peso": 77.602533 }, "geometry": { "type": "Point", "coordinates": [ -46.648285642444904, -23.547474419969252 ] } },
{ "type": "Feature", "properties": { "loja_id": "AG04", "peso": 134.812618 }, "geometry": { "type": "Point", "coordinates": [ -46.628707158509215, -23.594484721533885 ] } },
{ "type": "Feature", "properties": { "loja_id": "AG15", "peso": 98.192726 }, "geometry": { "type": "Point", "coordinates": [ -46.707554561934302, -23.571703754646407 ] } },
{ "type": "Feature", "properties": { "loja_id": "AG01", "peso": 98.192726 }, "geometry": { "type": "Point", "coordinates": [ -46.690200980032508, -23.590540619343091 ] } },
{ "type": "Feature", "properties": { "loja_id": "AG09", "peso": 77.602533 }, "geometry": { "type": "Point", "coordinates": [ -46.637422326605353, -23.547426630260965 ] } },
{ "type": "Feature", "properties": { "loja_id": "AG03", "peso": 83.701729 }, "geometry": { "type": "Point", "coordinates": [ -46.694720121340012, -23.562480046845291 ] } },
{ "type": "Feature", "properties": { "loja_id": "AG02", "peso": 145.082997 }, "geometry": { "type": "Point", "coordinates": [ -46.655458477443162, -23.564122220772095 ] } },
{ "type": "Feature", "properties": { "loja_id": "AG02", "peso": 98.192726 }, "geometry": { "type": "Point", "coordinates": [ -46.654876568855208, -23.563026729864415 ] } },
{ "type": "Feature", "properties": { "loja_id": "AG09", "peso": 90.484906 }, "geometry": { "type": "Point", "coordinates": [ -46.637205185511775, -23.547293461855524 ] } },
{ "type": "Feature", "properties": { "loja_id": "AG04", "peso": 33.479415 }, "geometry": { "type": "Point", "coordinates": [ -46.633170164783962, -23.58773739269558 ] } },
{ "type": "Feature", "properties": { "loja_id": "AG09", "peso": 324.276939 }, "geometry": { "type": "Point", "coordinates": [ -46.642682294003457, -23.546639708495405 ] } },
{ "type": "Feature", "properties": { "loja_id": "AG04", "peso": 68.535019 }, "geometry": { "type": "Point", "coordinates": [ -46.642176269490186, -23.595742552694361 ] } },
{ "type": "Feature", "properties": { "loja_id": "AG01", "peso": 33.479415 }, "geometry": { "type": "Point", "coordinates": [ -46.681007788925839, -23.591877525155802 ] } },
{ "type": "Feature", "properties": { "loja_id": "AG03", "peso": 93.266211 }, "geometry": { "type": "Point", "coordinates": [ -46.689587607140666, -23.57324563058414 ] } },
{ "type": "Feature", "properties": { "loja_id": "AG03", "peso": 98.87682 }, "geometry": { "type": "Point", "coordinates": [ -46.689587607140666, -23.57324563058414 ] } },
{ "type": "Feature", "properties": { "loja_id": "AG12", "peso": 324.276939 }, "geometry": { "type": "Point", "coordinates": [ -46.641425736027422, -23.636178739471017 ] } },
{ "type": "Feature", "properties": { "loja_id": "AG09", "peso": 66.459968 }, "geometry": { "type": "Point", "coordinates": [ -46.639129805814704, -23.54767955221757 ] } },
{ "type": "Feature", "properties": { "loja_id": "AG02", "peso": 63.01771 }, "geometry": { "type": "Point", "coordinates": [ -46.655729462699234, -23.562295229568068 ] } },
{ "type": "Feature", "properties": { "loja_id": "AG02", "peso": 88.07843 }, "geometry": { "type": "Point", "coordinates": [ -46.6557628697905, -23.561834332343743 ] } },
{ "type": "Feature", "properties": { "loja_id": "AG08", "peso": 63.01771 }, "geometry": { "type": "Point", "coordinates": [ -46.694094316278409, -23.611402789257337 ] } },
{ "type": "Feature", "properties": { "loja_id": "AG06", "peso": 42.815082 }, "geometry": { "type": "Point", "coordinates": [ -46.568912903222348, -23.542317204189224 ] } },
{ "type": "Feature", "properties": { "loja_id": "AG01", "peso": 42.815082 }, "geometry": { "type": "Point", "coordinates": [ -46.681017585804973, -23.591877419108599 ] } },
{ "type": "Feature", "properties": { "loja_id": "AG01", "peso": 47.301035 }, "geometry": { "type": "Point", "coordinates": [ -46.681747989246539, -23.590758807467491 ] } },
{ "type": "Feature", "properties": { "loja_id": "AG09", "peso": 28.484781 }, "geometry": { "type": "Point", "coordinates": [ -46.634805687126786, -23.544149065984332 ] } },
{ "type": "Feature", "properties": { "loja_id": "AG04", "peso": 28.484781 }, "geometry": { "type": "Point", "coordinates": [ -46.632451190288265, -23.596937758858665 ] } },
{ "type": "Feature", "properties": { "loja_id": "AG09", "peso": 14.212176 }, "geometry": { "type": "Point", "coordinates": [ -46.634791379653777, -23.545368307772701 ] } },
{ "type": "Feature", "properties": { "loja_id": "AG01", "peso": 77.525589 }, "geometry": { "type": "Point", "coordinates": [ -46.686017385105785, -23.579054651852772 ] } },
{ "type": "Feature", "properties": { "loja_id": "AG01", "peso": 60.125033 }, "geometry": { "type": "Point", "coordinates": [ -46.676193544907697, -23.583134214018976 ] } },
{ "type": "Feature", "properties": { "loja_id": "AG01", "peso": 14.212176 }, "geometry": { "type": "Point", "coordinates": [ -46.674603573199391, -23.584460732906795 ] } },
{ "type": "Feature", "properties": { "loja_id": "AG01", "peso": 14.212176 }, "geometry": { "type": "Point", "coordinates": [ -46.674603573199391, -23.584460732906795 ] } },
{ "type": "Feature", "properties": { "loja_id": "AG07", "peso": 20.776271 }, "geometry": { "type": "Point", "coordinates": [ -46.627168329753829, -23.510916196461864 ] } },
{ "type": "Feature", "properties": { "loja_id": "AG02", "peso": 91.986433 }, "geometry": { "type": "Point", "coordinates": [ -46.656384608562476, -23.554386802792909 ] } },
{ "type": "Feature", "properties": { "loja_id": "AG09", "peso": 104.738672 }, "geometry": { "type": "Point", "coordinates": [ -46.636066443250471, -23.53838350423861 ] } },
{ "type": "Feature", "properties": { "loja_id": "AG09", "peso": 77.010652 }, "geometry": { "type": "Point", "coordinates": [ -46.636066443250471, -23.53838350423861 ] } },
{ "type": "Feature", "properties": { "loja_id": "AG07", "peso": 26.773653 }, "geometry": { "type": "Point", "coordinates": [ -46.626274165460224, -23.512262032664079 ] } },
{ "type": "Feature", "properties": { "loja_id": "AG09", "peso": 35.61005 }, "geometry": { "type": "Point", "coordinates": [ -46.64286615078025, -23.548823093880088 ] } },
{ "type": "Feature", "properties": { "loja_id": "AG08", "peso": 320.86216 }, "geometry": { "type": "Point", "coordinates": [ -46.694069577523727, -23.607953579517158 ] } },
{ "type": "Feature", "properties": { "loja_id": "AG03", "peso": 104.738672 }, "geometry": { "type": "Point", "coordinates": [ -46.693197427169153, -23.559850819572539 ] } },
{ "type": "Feature", "properties": { "loja_id": "AG02", "peso": 343.030406 }, "geometry": { "type": "Point", "coordinates": [ -46.654721321414904, -23.563145775523495 ] } },
{ "type": "Feature", "properties": { "loja_id": "AG02", "peso": 84.705122 }, "geometry": { "type": "Point", "coordinates": [ -46.651397108668526, -23.555044881044378 ] } },
{ "type": "Feature", "properties": { "loja_id": "AG09", "peso": 128.965395 }, "geometry": { "type": "Point", "coordinates": [ -46.639167958497104, -23.542856973808892 ] } },
{ "type": "Feature", "properties": { "loja_id": "AG02", "peso": 277.994729 }, "geometry": { "type": "Point", "coordinates": [ -46.649952287709624, -23.555439490409576 ] } },
{ "type": "Feature", "properties": { "loja_id": "AG02", "peso": 81.178945 }, "geometry": { "type": "Point", "coordinates": [ -46.651397108668526, -23.555044881044378 ] } },
{ "type": "Feature", "properties": { "loja_id": "AG03", "peso": 81.178945 }, "geometry": { "type": "Point", "coordinates": [ -46.700439849194396, -23.567718238199678 ] } },
{ "type": "Feature", "properties": { "loja_id": "AG09", "peso": 121.274076 }, "geometry": { "type": "Point", "coordinates": [ -46.640626219858518, -23.541974691448718 ] } },
{ "type": "Feature", "properties": { "loja_id": "AG03", "peso": 182.940446 }, "geometry": { "type": "Point", "coordinates": [ -46.695488039961063, -23.56583086822625 ] } },
{ "type": "Feature", "properties": { "loja_id": "AG09", "peso": 81.178945 }, "geometry": { "type": "Point", "coordinates": [ -46.64809246887161, -23.546121927695605 ] } },
{ "type": "Feature", "properties": { "loja_id": "AG08", "peso": 84.705122 }, "geometry": { "type": "Point", "coordinates": [ -46.694170691143412, -23.608196287327978 ] } },
{ "type": "Feature", "properties": { "loja_id": "AG02", "peso": 504.747195 }, "geometry": { "type": "Point", "coordinates": [ -46.649498930529539, -23.555218544514375 ] } },
{ "type": "Feature", "properties": { "loja_id": "AG02", "peso": 145.042297 }, "geometry": { "type": "Point", "coordinates": [ -46.655456901481145, -23.556961268491772 ] } },
{ "type": "Feature", "properties": { "loja_id": "AG08", "peso": 343.030406 }, "geometry": { "type": "Point", "coordinates": [ -46.696801033618677, -23.604709046753502 ] } },
{ "type": "Feature", "properties": { "loja_id": "AG01", "peso": 84.705122 }, "geometry": { "type": "Point", "coordinates": [ -46.680139254780642, -23.594460506585534 ] } },
{ "type": "Feature", "properties": { "loja_id": "AG01", "peso": 115.156119 }, "geometry": { "type": "Point", "coordinates": [ -46.681747989246539, -23.590758807467491 ] } },
{ "type": "Feature", "properties": { "loja_id": "AG01", "peso": 67.718413 }, "geometry": { "type": "Point", "coordinates": [ -46.686232735086286, -23.591306164058231 ] } },
{ "type": "Feature", "properties": { "loja_id": "AG04", "peso": 331.367608 }, "geometry": { "type": "Point", "coordinates": [ -46.639601854382256, -23.592013177953888 ] } },
{ "type": "Feature", "properties": { "loja_id": "AG02", "peso": 190.447157 }, "geometry": { "type": "Point", "coordinates": [ -46.654537141433842, -23.563301249907028 ] } },
{ "type": "Feature", "properties": { "loja_id": "AG15", "peso": 190.447157 }, "geometry": { "type": "Point", "coordinates": [ -46.714725559500224, -23.569430494511373 ] } },
{ "type": "Feature", "properties": { "loja_id": "AG09", "peso": 67.631372 }, "geometry": { "type": "Point", "coordinates": [ -46.635295247753874, -23.546509859405035 ] } },
{ "type": "Feature", "properties": { "loja_id": "AG15", "peso": 270.525486 }, "geometry": { "type": "Point", "coordinates": [ -46.707474503498382, -23.567785592116891 ] } },
{ "type": "Feature", "properties": { "loja_id": "AG08", "peso": 135.436826 }, "geometry": { "type": "Point", "coordinates": [ -46.696825482861826, -23.616502014360627 ] } },
{ "type": "Feature", "properties": { "loja_id": "AG01", "peso": 67.718413 }, "geometry": { "type": "Point", "coordinates": [ -46.682776242914031, -23.585338632889727 ] } },
{ "type": "Feature", "properties": { "loja_id": "AG09", "peso": 113.890654 }, "geometry": { "type": "Point", "coordinates": [ -46.639749903127296, -23.548711498445567 ] } },
{ "type": "Feature", "properties": { "loja_id": "AG09", "peso": 170.877216 }, "geometry": { "type": "Point", "coordinates": [ -46.640635294226925, -23.546652285518615 ] } },
{ "type": "Feature", "properties": { "loja_id": "AG09", "peso": 72.078517 }, "geometry": { "type": "Point", "coordinates": [ -46.640635294226925, -23.546652285518615 ] } },
{ "type": "Feature", "properties": { "loja_id": "AG09", "peso": 86.762976 }, "geometry": { "type": "Point", "coordinates": [ -46.641670208906056, -23.536915743866924 ] } },
{ "type": "Feature", "properties": { "loja_id": "AG02", "peso": 35.889477 }, "geometry": { "type": "Point", "coordinates": [ -46.655729462699234, -23.562295229568068 ] } },
{ "type": "Feature", "properties": { "loja_id": "AG09", "peso": 31.510692 }, "geometry": { "type": "Point", "coordinates": [ -46.643125622005201, -23.54605708747965 ] } },
{ "type": "Feature", "properties": { "loja_id": "AG09", "peso": 67.471003 }, "geometry": { "type": "Point", "coordinates": [ -46.639186647217137, -23.541204232680567 ] } },
{ "type": "Feature", "properties": { "loja_id": "AG05", "peso": 78.149867 }, "geometry": { "type": "Point", "coordinates": [ -46.602369255111434, -23.548541263415789 ] } },
{ "type": "Feature", "properties": { "loja_id": "AG02", "peso": 67.471003 }, "geometry": { "type": "Point", "coordinates": [ -46.652210260752859, -23.555054302804194 ] } },
{ "type": "Feature", "properties": { "loja_id": "AG09", "peso": 101.014366 }, "geometry": { "type": "Point", "coordinates": [ -46.648930989300432, -23.542672509463692 ] } },
{ "type": "Feature", "properties": { "loja_id": "AG02", "peso": 86.762976 }, "geometry": { "type": "Point", "coordinates": [ -46.658079744967502, -23.560671829401066 ] } },
{ "type": "Feature", "properties": { "loja_id": "AG09", "peso": 101.014366 }, "geometry": { "type": "Point", "coordinates": [ -46.634034088286505, -23.543534082691089 ] } },
{ "type": "Feature", "properties": { "loja_id": "AG11", "peso": 35.889477 }, "geometry": { "type": "Point", "coordinates": [ -46.700268047619801, -23.520853891979879 ] } },
{ "type": "Feature", "properties": { "loja_id": "AG03", "peso": 35.889477 }, "geometry": { "type": "Point", "coordinates": [ -46.693410995251647, -23.570395651448749 ] } },
{ "type": "Feature", "properties": { "loja_id": "AG04", "peso": 50.061219 }, "geometry": { "type": "Point", "coordinates": [ -46.636775915164186, -23.597217319762855 ] } },
{ "type": "Feature", "properties": { "loja_id": "AG09", "peso": 35.889477 }, "geometry": { "type": "Point", "coordinates": [ -46.648912303377209, -23.54274494967391 ] } },
{ "type": "Feature", "properties": { "loja_id": "AG09", "peso": 78.149867 }, "geometry": { "type": "Point", "coordinates": [ -46.639188068503053, -23.548428452176587 ] } },
{ "type": "Feature", "properties": { "loja_id": "AG09", "peso": 35.889477 }, "geometry": { "type": "Point", "coordinates": [ -46.641698438361274, -23.551020753067867 ] } },
{ "type": "Feature", "properties": { "loja_id": "AG01", "peso": 78.149867 }, "geometry": { "type": "Point", "coordinates": [ -46.681888691028682, -23.592572335785437 ] } },
{ "type": "Feature", "properties": { "loja_id": "AG04", "peso": 35.889477 }, "geometry": { "type": "Point", "coordinates": [ -46.636570129475707, -23.592478608817128 ] } },
{ "type": "Feature", "properties": { "loja_id": "AG09", "peso": 35.889477 }, "geometry": { "type": "Point", "coordinates": [ -46.646218822713934, -23.547469220651049 ] } },
{ "type": "Feature", "properties": { "loja_id": "AG08", "peso": 35.889477 }, "geometry": { "type": "Point", "coordinates": [ -46.692553379844945, -23.611979465451643 ] } },
{ "type": "Feature", "properties": { "loja_id": "AG09", "peso": 78.149867 }, "geometry": { "type": "Point", "coordinates": [ -46.647222724305507, -23.550212821387991 ] } },
{ "type": "Feature", "properties": { "loja_id": "AG09", "peso": 50.061219 }, "geometry": { "type": "Point", "coordinates": [ -46.648989524418532, -23.542653828390748 ] } },
{ "type": "Feature", "properties": { "loja_id": "AG09", "peso": 78.149867 }, "geometry": { "type": "Point", "coordinates": [ -46.644263016601684, -23.543001863354313 ] } },
{ "type": "Feature", "properties": { "loja_id": "AG01", "peso": 11.472814 }, "geometry": { "type": "Point", "coordinates": [ -46.684049546362182, -23.58300409466667 ] } },
{ "type": "Feature", "properties": { "loja_id": "AG08", "peso": 21.180579 }, "geometry": { "type": "Point", "coordinates": [ -46.69230824861404, -23.611205553901538 ] } },
{ "type": "Feature", "properties": { "loja_id": "AG01", "peso": 11.472814 }, "geometry": { "type": "Point", "coordinates": [ -46.681280029977813, -23.591712036022887 ] } },
{ "type": "Feature", "properties": { "loja_id": "AG01", "peso": 21.180579 }, "geometry": { "type": "Point", "coordinates": [ -46.683114351080121, -23.591105209472396 ] } },
{ "type": "Feature", "properties": { "loja_id": "AG04", "peso": 30.510461 }, "geometry": { "type": "Point", "coordinates": [ -46.637838059065658, -23.585692554108256 ] } },
{ "type": "Feature", "properties": { "loja_id": "AG09", "peso": 10.170154 }, "geometry": { "type": "Point", "coordinates": [ -46.639329197237053, -23.545591453412349 ] } },
{ "type": "Feature", "properties": { "loja_id": "AG03", "peso": 35.86578 }, "geometry": { "type": "Point", "coordinates": [ -46.685411852165053, -23.564622061038868 ] } },
{ "type": "Feature", "properties": { "loja_id": "AG01", "peso": 10.861546 }, "geometry": { "type": "Point", "coordinates": [ -46.682406367824676, -23.587834950842513 ] } },
{ "type": "Feature", "properties": { "loja_id": "AG03", "peso": 33.634759 }, "geometry": { "type": "Point", "coordinates": [ -46.69110024631506, -23.570493055124729 ] } },
{ "type": "Feature", "properties": { "loja_id": "AG09", "peso": 11.472814 }, "geometry": { "type": "Point", "coordinates": [ -46.636161191017941, -23.546040206591147 ] } },
{ "type": "Feature", "properties": { "loja_id": "AG03", "peso": 42.959198 }, "geometry": { "type": "Point", "coordinates": [ -46.698315681365784, -23.573177572744324 ] } },
{ "type": "Feature", "properties": { "loja_id": "AG15", "peso": 42.959198 }, "geometry": { "type": "Point", "coordinates": [ -46.698315681365784, -23.573177572744324 ] } },
{ "type": "Feature", "properties": { "loja_id": "AG02", "peso": 18.598565 }, "geometry": { "type": "Point", "coordinates": [ -46.654537141433842, -23.563301249907028 ] } },
{ "type": "Feature", "properties": { "loja_id": "AG02", "peso": 25.787355 }, "geometry": { "type": "Point", "coordinates": [ -46.659347407515703, -23.564107844110627 ] } },
{ "type": "Feature", "properties": { "loja_id": "AG08", "peso": 33.634759 }, "geometry": { "type": "Point", "coordinates": [ -46.697048358197165, -23.611740747230357 ] } },
{ "type": "Feature", "properties": { "loja_id": "AG01", "peso": 11.472814 }, "geometry": { "type": "Point", "coordinates": [ -46.68103717956307, -23.591877207012356 ] } },
{ "type": "Feature", "properties": { "loja_id": "AG02", "peso": 42.959198 }, "geometry": { "type": "Point", "coordinates": [ -46.655861680621591, -23.559557663278333 ] } },
{ "type": "Feature", "properties": { "loja_id": "AG02", "peso": 33.634759 }, "geometry": { "type": "Point", "coordinates": [ -46.654543957742, -23.558370672678471 ] } },
{ "type": "Feature", "properties": { "loja_id": "AG03", "peso": 25.787355 }, "geometry": { "type": "Point", "coordinates": [ -46.690806306065184, -23.571254782208474 ] } },
{ "type": "Feature", "properties": { "loja_id": "AG12", "peso": 42.959198 }, "geometry": { "type": "Point", "coordinates": [ -46.641425736027422, -23.636178739471017 ] } },
{ "type": "Feature", "properties": { "loja_id": "AG02", "peso": 25.787355 }, "geometry": { "type": "Point", "coordinates": [ -46.654543957742, -23.558370672678471 ] } },
{ "type": "Feature", "properties": { "loja_id": "AG09", "peso": 42.959198 }, "geometry": { "type": "Point", "coordinates": [ -46.644219302990912, -23.544212382809018 ] } },
{ "type": "Feature", "properties": { "loja_id": "AG08", "peso": 33.634759 }, "geometry": { "type": "Point", "coordinates": [ -46.691672660622167, -23.601387774606248 ] } },
{ "type": "Feature", "properties": { "loja_id": "AG01", "peso": 11.472814 }, "geometry": { "type": "Point", "coordinates": [ -46.681254121845164, -23.590448100794646 ] } },
{ "type": "Feature", "properties": { "loja_id": "AG02", "peso": 33.634759 }, "geometry": { "type": "Point", "coordinates": [ -46.656072620649368, -23.562318664704808 ] } },
{ "type": "Feature", "properties": { "loja_id": "AG02", "peso": 53.975835 }, "geometry": { "type": "Point", "coordinates": [ -46.655732919581411, -23.561789500239541 ] } },
{ "type": "Feature", "properties": { "loja_id": "AG02", "peso": 62.123131 }, "geometry": { "type": "Point", "coordinates": [ -46.654398411768831, -23.560828444177904 ] } },
{ "type": "Feature", "properties": { "loja_id": "AG02", "peso": 29.569238 }, "geometry": { "type": "Point", "coordinates": [ -46.651870030852031, -23.55447998228011 ] } },
{ "type": "Feature", "properties": { "loja_id": "AG02", "peso": 56.691601 }, "geometry": { "type": "Point", "coordinates": [ -46.654073627426911, -23.556795386648972 ] } },
{ "type": "Feature", "properties": { "loja_id": "AG02", "peso": 62.123131 }, "geometry": { "type": "Point", "coordinates": [ -46.656433793198183, -23.557528798039627 ] } },
{ "type": "Feature", "properties": { "loja_id": "AG08", "peso": 124.156876 }, "geometry": { "type": "Point", "coordinates": [ -46.694094316278409, -23.611402789257337 ] } },
{ "type": "Feature", "properties": { "loja_id": "AG02", "peso": 64.914239 }, "geometry": { "type": "Point", "coordinates": [ -46.653765518326189, -23.554875224016403 ] } },
{ "type": "Feature", "properties": { "loja_id": "AG02", "peso": 64.914239 }, "geometry": { "type": "Point", "coordinates": [ -46.653765518326189, -23.554875224016403 ] } },
{ "type": "Feature", "properties": { "loja_id": "AG02", "peso": 37.766111 }, "geometry": { "type": "Point", "coordinates": [ -46.65741902246333, -23.559541067577552 ] } },
{ "type": "Feature", "properties": { "loja_id": "AG02", "peso": 30.191153 }, "geometry": { "type": "Point", "coordinates": [ -46.654614215638986, -23.558505378401009 ] } },
{ "type": "Feature", "properties": { "loja_id": "AG02", "peso": 30.191153 }, "geometry": { "type": "Point", "coordinates": [ -46.654614215638986, -23.558505378401009 ] } },
{ "type": "Feature", "properties": { "loja_id": "AG08", "peso": 92.354398 }, "geometry": { "type": "Point", "coordinates": [ -46.691672660622167, -23.601387774606248 ] } },
{ "type": "Feature", "properties": { "loja_id": "AG02", "peso": 79.5486 }, "geometry": { "type": "Point", "coordinates": [ -46.651577091495263, -23.557688830326182 ] } },
{ "type": "Feature", "properties": { "loja_id": "AG01", "peso": 38.146233 }, "geometry": { "type": "Point", "coordinates": [ -46.681017585804973, -23.591877419108599 ] } },
{ "type": "Feature", "properties": { "loja_id": "AG02", "peso": 124.156876 }, "geometry": { "type": "Point", "coordinates": [ -46.653835736069198, -23.556572161509447 ] } },
{ "type": "Feature", "properties": { "loja_id": "AG01", "peso": 92.354398 }, "geometry": { "type": "Point", "coordinates": [ -46.685433555968153, -23.580135569902502 ] } },
{ "type": "Feature", "properties": { "loja_id": "AG02", "peso": 88.254191 }, "geometry": { "type": "Point", "coordinates": [ -46.655861680621591, -23.559557663278333 ] } },
{ "type": "Feature", "properties": { "loja_id": "AG09", "peso": 92.776306 }, "geometry": { "type": "Point", "coordinates": [ -46.643406186948567, -23.544988550149199 ] } },
{ "type": "Feature", "properties": { "loja_id": "AG09", "peso": 88.254191 }, "geometry": { "type": "Point", "coordinates": [ -46.643406186948567, -23.544988550149199 ] } },
{ "type": "Feature", "properties": { "loja_id": "AG02", "peso": 64.914239 }, "geometry": { "type": "Point", "coordinates": [ -46.655417480493576, -23.558505857383683 ] } },
{ "type": "Feature", "properties": { "loja_id": "AG02", "peso": 31.363059 }, "geometry": { "type": "Point", "coordinates": [ -46.656850878541306, -23.558761494374568 ] } },
{ "type": "Feature", "properties": { "loja_id": "AG01", "peso": 92.354398 }, "geometry": { "type": "Point", "coordinates": [ -46.67660645956235, -23.585558863988794 ] } },
{ "type": "Feature", "properties": { "loja_id": "AG02", "peso": 92.776306 }, "geometry": { "type": "Point", "coordinates": [ -46.654073627426911, -23.556795386648972 ] } },
{ "type": "Feature", "properties": { "loja_id": "AG02", "peso": 30.191153 }, "geometry": { "type": "Point", "coordinates": [ -46.651870030852031, -23.55447998228011 ] } },
{ "type": "Feature", "properties": { "loja_id": "AG02", "peso": 92.776306 }, "geometry": { "type": "Point", "coordinates": [ -46.654205415332306, -23.560279653999299 ] } },
{ "type": "Feature", "properties": { "loja_id": "AG02", "peso": 28.3458 }, "geometry": { "type": "Point", "coordinates": [ -46.654614215638986, -23.558505378401009 ] } },
{ "type": "Feature", "properties": { "loja_id": "AG02", "peso": 92.354398 }, "geometry": { "type": "Point", "coordinates": [ -46.652057191790206, -23.556130528055707 ] } },
{ "type": "Feature", "properties": { "loja_id": "AG02", "peso": 76.271626 }, "geometry": { "type": "Point", "coordinates": [ -46.656771220948563, -23.561001838462811 ] } },
{ "type": "Feature", "properties": { "loja_id": "AG06", "peso": 97.736046 }, "geometry": { "type": "Point", "coordinates": [ -46.578937434016197, -23.540220035739267 ] } },
{ "type": "Feature", "properties": { "loja_id": "AG02", "peso": 88.254191 }, "geometry": { "type": "Point", "coordinates": [ -46.655790968191063, -23.559386842157807 ] } },
{ "type": "Feature", "properties": { "loja_id": "AG01", "peso": 88.254191 }, "geometry": { "type": "Point", "coordinates": [ -46.68105700346262, -23.591895052646425 ] } },
{ "type": "Feature", "properties": { "loja_id": "AG02", "peso": 97.736046 }, "geometry": { "type": "Point", "coordinates": [ -46.655666608287312, -23.556498493719207 ] } },
{ "type": "Feature", "properties": { "loja_id": "AG02", "peso": 79.60587 }, "geometry": { "type": "Point", "coordinates": [ -46.651968139335693, -23.556059232348417 ] } },
{ "type": "Feature", "properties": { "loja_id": "AG02", "peso": 23.105222 }, "geometry": { "type": "Point", "coordinates": [ -46.654073627426911, -23.556795386648972 ] } },
{ "type": "Feature", "properties": { "loja_id": "AG01", "peso": 243.610741 }, "geometry": { "type": "Point", "coordinates": [ -46.686232735086286, -23.591306164058231 ] } },
{ "type": "Feature", "properties": { "loja_id": "AG09", "peso": 23.105222 }, "geometry": { "type": "Point", "coordinates": [ -46.638237056159689, -23.548357200604475 ] } },
{ "type": "Feature", "properties": { "loja_id": "AG09", "peso": 88.254191 }, "geometry": { "type": "Point", "coordinates": [ -46.634871680194927, -23.538396064743381 ] } },
{ "type": "Feature", "properties": { "loja_id": "AG10", "peso": 88.254191 }, "geometry": { "type": "Point", "coordinates": [ -46.676265496497273, -23.542488696176857 ] } },
{ "type": "Feature", "properties": { "loja_id": "AG02", "peso": 92.776306 }, "geometry": { "type": "Point", "coordinates": [ -46.653084981176129, -23.559984544566074 ] } },
{ "type": "Feature", "properties": { "loja_id": "AG02", "peso": 76.271626 }, "geometry": { "type": "Point", "coordinates": [ -46.655790968191063, -23.559386842157807 ] } },
{ "type": "Feature", "properties": { "loja_id": "AG02", "peso": 76.271626 }, "geometry": { "type": "Point", "coordinates": [ -46.652168634748158, -23.561908695964636 ] } },
{ "type": "Feature", "properties": { "loja_id": "AG02", "peso": 76.271626 }, "geometry": { "type": "Point", "coordinates": [ -46.652168634748158, -23.561908695964636 ] } },
{ "type": "Feature", "properties": { "loja_id": "AG08", "peso": 35.852903 }, "geometry": { "type": "Point", "coordinates": [ -46.694170691143412, -23.608196287327978 ] } },
{ "type": "Feature", "properties": { "loja_id": "AG02", "peso": 58.785684 }, "geometry": { "type": "Point", "coordinates": [ -46.654543957742, -23.558370672678471 ] } },
{ "type": "Feature", "properties": { "loja_id": "AG03", "peso": 70.492675 }, "geometry": { "type": "Point", "coordinates": [ -46.68759158835315, -23.563478675044792 ] } },
{ "type": "Feature", "properties": { "loja_id": "AG08", "peso": 35.852903 }, "geometry": { "type": "Point", "coordinates": [ -46.695931707957946, -23.614064644538651 ] } },
{ "type": "Feature", "properties": { "loja_id": "AG01", "peso": 26.977849 }, "geometry": { "type": "Point", "coordinates": [ -46.679731071815084, -23.588568256394396 ] } },
{ "type": "Feature", "properties": { "loja_id": "AG01", "peso": 70.492675 }, "geometry": { "type": "Point", "coordinates": [ -46.677757050936592, -23.589745449277938 ] } },
{ "type": "Feature", "properties": { "loja_id": "AG01", "peso": 35.852903 }, "geometry": { "type": "Point", "coordinates": [ -46.681007788925839, -23.591877525155802 ] } },
{ "type": "Feature", "properties": { "loja_id": "AG02", "peso": 115.411264 }, "geometry": { "type": "Point", "coordinates": [ -46.658185494253722, -23.559731558799331 ] } },
{ "type": "Feature", "properties": { "loja_id": "AG08", "peso": 115.411264 }, "geometry": { "type": "Point", "coordinates": [ -46.697104525691806, -23.616101641192074 ] } },
{ "type": "Feature", "properties": { "loja_id": "AG01", "peso": 115.411264 }, "geometry": { "type": "Point", "coordinates": [ -46.68105700346262, -23.591895052646425 ] } },
{ "type": "Feature", "properties": { "loja_id": "AG11", "peso": 70.492675 }, "geometry": { "type": "Point", "coordinates": [ -46.706997621359086, -23.519479900596142 ] } },
{ "type": "Feature", "properties": { "loja_id": "AG03", "peso": 35.852903 }, "geometry": { "type": "Point", "coordinates": [ -46.694158488037019, -23.560698208767104 ] } },
{ "type": "Feature", "properties": { "loja_id": "AG01", "peso": 115.411264 }, "geometry": { "type": "Point", "coordinates": [ -46.685597002062082, -23.592929452990532 ] } },
{ "type": "Feature", "properties": { "loja_id": "AG09", "peso": 50.773462 }, "geometry": { "type": "Point", "coordinates": [ -46.647797878485342, -23.543704937765828 ] } },
{ "type": "Feature", "properties": { "loja_id": "AG09", "peso": 42.197243 }, "geometry": { "type": "Point", "coordinates": [ -46.63758896301335, -23.538737727234714 ] } },
{ "type": "Feature", "properties": { "loja_id": "AG09", "peso": 35.852903 }, "geometry": { "type": "Point", "coordinates": [ -46.650948749435905, -23.541892564278672 ] } },
{ "type": "Feature", "properties": { "loja_id": "AG05", "peso": 70.492675 }, "geometry": { "type": "Point", "coordinates": [ -46.602318095727028, -23.548361182488652 ] } },
{ "type": "Feature", "properties": { "loja_id": "AG07", "peso": 30.512254 }, "geometry": { "type": "Point", "coordinates": [ -46.625662219006237, -23.498307460514255 ] } },
{ "type": "Feature", "properties": { "loja_id": "AG03", "peso": 35.852903 }, "geometry": { "type": "Point", "coordinates": [ -46.686713053618263, -23.562955433482689 ] } },
{ "type": "Feature", "properties": { "loja_id": "AG09", "peso": 50.773462 }, "geometry": { "type": "Point", "coordinates": [ -46.6430589225224, -23.544631007807567 ] } },
{ "type": "Feature", "properties": { "loja_id": "AG03", "peso": 35.852903 }, "geometry": { "type": "Point", "coordinates": [ -46.697585656350071, -23.569736058834849 ] } },
{ "type": "Feature", "properties": { "loja_id": "AG02", "peso": 42.197243 }, "geometry": { "type": "Point", "coordinates": [ -46.65282539654369, -23.558027743557918 ] } },
{ "type": "Feature", "properties": { "loja_id": "AG09", "peso": 26.977849 }, "geometry": { "type": "Point", "coordinates": [ -46.644899979828587, -23.545388151803255 ] } },
{ "type": "Feature", "properties": { "loja_id": "AG15", "peso": 50.030425 }, "geometry": { "type": "Point", "coordinates": [ -46.71355003689952, -23.569434430525941 ] } },
{ "type": "Feature", "properties": { "loja_id": "AG01", "peso": 30.512254 }, "geometry": { "type": "Point", "coordinates": [ -46.682250982320198, -23.58179548649133 ] } },
{ "type": "Feature", "properties": { "loja_id": "AG11", "peso": 44.026774 }, "geometry": { "type": "Point", "coordinates": [ -46.7079197635341, -23.518846708239352 ] } },
{ "type": "Feature", "properties": { "loja_id": "AG02", "peso": 44.026774 }, "geometry": { "type": "Point", "coordinates": [ -46.657676215699524, -23.55739816291814 ] } },
{ "type": "Feature", "properties": { "loja_id": "AG01", "peso": 107.159796 }, "geometry": { "type": "Point", "coordinates": [ -46.68105700346262, -23.591895052646425 ] } },
{ "type": "Feature", "properties": { "loja_id": "AG01", "peso": 107.159796 }, "geometry": { "type": "Point", "coordinates": [ -46.68105700346262, -23.591895052646425 ] } },
{ "type": "Feature", "properties": { "loja_id": "AG01", "peso": 50.773462 }, "geometry": { "type": "Point", "coordinates": [ -46.680642755234665, -23.592450373175595 ] } },
{ "type": "Feature", "properties": { "loja_id": "AG15", "peso": 49.180936 }, "geometry": { "type": "Point", "coordinates": [ -46.716490074514681, -23.569519375440755 ] } },
{ "type": "Feature", "properties": { "loja_id": "AG09", "peso": 70.492675 }, "geometry": { "type": "Point", "coordinates": [ -46.635295247753874, -23.546509859405035 ] } },
{ "type": "Feature", "properties": { "loja_id": "AG05", "peso": 30.922514 }, "geometry": { "type": "Point", "coordinates": [ -46.591770918856724, -23.555061707220943 ] } },
{ "type": "Feature", "properties": { "loja_id": "AG09", "peso": 58.785684 }, "geometry": { "type": "Point", "coordinates": [ -46.635331295129006, -23.546256631883487 ] } },
{ "type": "Feature", "properties": { "loja_id": "AG03", "peso": 69.201514 }, "geometry": { "type": "Point", "coordinates": [ -46.693598301711546, -23.567431738603723 ] } },
{ "type": "Feature", "properties": { "loja_id": "AG07", "peso": 98.952272 }, "geometry": { "type": "Point", "coordinates": [ -46.624857270763755, -23.498938955801091 ] } },
{ "type": "Feature", "properties": { "loja_id": "AG03", "peso": 76.982 }, "geometry": { "type": "Point", "coordinates": [ -46.689458755065004, -23.569300874713406 ] } },
{ "type": "Feature", "properties": { "loja_id": "AG03", "peso": 46.225517 }, "geometry": { "type": "Point", "coordinates": [ -46.688376732664018, -23.566657780134033 ] } },
{ "type": "Feature", "properties": { "loja_id": "AG03", "peso": 46.225517 }, "geometry": { "type": "Point", "coordinates": [ -46.688376732664018, -23.566657780134033 ] } },
{ "type": "Feature", "properties": { "loja_id": "AG03", "peso": 38.383773 }, "geometry": { "type": "Point", "coordinates": [ -46.687800573914402, -23.567567049679973 ] } },
{ "type": "Feature", "properties": { "loja_id": "AG02", "peso": 38.383773 }, "geometry": { "type": "Point", "coordinates": [ -46.655753867256713, -23.561897639798858 ] } },
{ "type": "Feature", "properties": { "loja_id": "AG08", "peso": 195.047977 }, "geometry": { "type": "Point", "coordinates": [ -46.696413876543076, -23.612695838300475 ] } },
{ "type": "Feature", "properties": { "loja_id": "AG06", "peso": 188.920133 }, "geometry": { "type": "Point", "coordinates": [ -46.568905208816545, -23.543319668167335 ] } },
{ "type": "Feature", "properties": { "loja_id": "AG09", "peso": 87.714392 }, "geometry": { "type": "Point", "coordinates": [ -46.642533079004131, -23.548031947587909 ] } },
{ "type": "Feature", "properties": { "loja_id": "AG09", "peso": 87.484754 }, "geometry": { "type": "Point", "coordinates": [ -46.636936326474633, -23.54772974621126 ] } },
{ "type": "Feature", "properties": { "loja_id": "AG09", "peso": 98.952272 }, "geometry": { "type": "Point", "coordinates": [ -46.648937858516014, -23.543223282798905 ] } },
{ "type": "Feature", "properties": { "loja_id": "AG09", "peso": 42.219636 }, "geometry": { "type": "Point", "coordinates": [ -46.648937858516014, -23.543223282798905 ] } },
{ "type": "Feature", "properties": { "loja_id": "AG08", "peso": 38.383773 }, "geometry": { "type": "Point", "coordinates": [ -46.694596533593469, -23.608543810635386 ] } },
{ "type": "Feature", "properties": { "loja_id": "AG02", "peso": 46.225517 }, "geometry": { "type": "Point", "coordinates": [ -46.657149023691424, -23.560663693320762 ] } },
{ "type": "Feature", "properties": { "loja_id": "AG09", "peso": 55.929545 }, "geometry": { "type": "Point", "coordinates": [ -46.648689987737754, -23.544553359241487 ] } },
{ "type": "Feature", "properties": { "loja_id": "AG09", "peso": 46.225517 }, "geometry": { "type": "Point", "coordinates": [ -46.65035434968366, -23.54606182150102 ] } },
{ "type": "Feature", "properties": { "loja_id": "AG09", "peso": 300.814908 }, "geometry": { "type": "Point", "coordinates": [ -46.648455842337583, -23.543842450096843 ] } },
{ "type": "Feature", "properties": { "loja_id": "AG02", "peso": 76.069989 }, "geometry": { "type": "Point", "coordinates": [ -46.654035813000576, -23.559252012305048 ] } },
{ "type": "Feature", "properties": { "loja_id": "AG03", "peso": 270.067999 }, "geometry": { "type": "Point", "coordinates": [ -46.683765147081751, -23.566084729234426 ] } },
{ "type": "Feature", "properties": { "loja_id": "AG09", "peso": 78.041092 }, "geometry": { "type": "Point", "coordinates": [ -46.649130714355138, -23.546905585061765 ] } },
{ "type": "Feature", "properties": { "loja_id": "AG09", "peso": 38.394548 }, "geometry": { "type": "Point", "coordinates": [ -46.649130714355138, -23.546905585061765 ] } },
{ "type": "Feature", "properties": { "loja_id": "AG01", "peso": 55.929545 }, "geometry": { "type": "Point", "coordinates": [ -46.680763637799195, -23.593478497632827 ] } },
{ "type": "Feature", "properties": { "loja_id": "AG09", "peso": 43.825818 }, "geometry": { "type": "Point", "coordinates": [ -46.64823948524738, -23.544558133967151 ] } },
{ "type": "Feature", "properties": { "loja_id": "AG01", "peso": 409.218305 }, "geometry": { "type": "Point", "coordinates": [ -46.675619689097566, -23.588865511020632 ] } },
{ "type": "Feature", "properties": { "loja_id": "AG02", "peso": 69.201514 }, "geometry": { "type": "Point", "coordinates": [ -46.658185494253722, -23.559731558799331 ] } },
{ "type": "Feature", "properties": { "loja_id": "AG09", "peso": 69.201514 }, "geometry": { "type": "Point", "coordinates": [ -46.645951118476788, -23.547995809731869 ] } },
{ "type": "Feature", "properties": { "loja_id": "AG09", "peso": 76.069989 }, "geometry": { "type": "Point", "coordinates": [ -46.641656831156702, -23.547670958212212 ] } },
{ "type": "Feature", "properties": { "loja_id": "AG09", "peso": 77.957182 }, "geometry": { "type": "Point", "coordinates": [ -46.648703282464098, -23.547190054955948 ] } },
{ "type": "Feature", "properties": { "loja_id": "AG03", "peso": 76.069989 }, "geometry": { "type": "Point", "coordinates": [ -46.688907931640081, -23.573722584957039 ] } },
{ "type": "Feature", "properties": { "loja_id": "AG03", "peso": 47.654103 }, "geometry": { "type": "Point", "coordinates": [ -46.691108350392589, -23.560415366225545 ] } },
{ "type": "Feature", "properties": { "loja_id": "AG02", "peso": 191.517383 }, "geometry": { "type": "Point", "coordinates": [ -46.653483135889722, -23.5636194931411 ] } },
{ "type": "Feature", "properties": { "loja_id": "AG09", "peso": 70.894281 }, "geometry": { "type": "Point", "coordinates": [ -46.649130714355138, -23.546905585061765 ] } },
{ "type": "Feature", "properties": { "loja_id": "AG03", "peso": 87.714392 }, "geometry": { "type": "Point", "coordinates": [ -46.68586379617637, -23.563957960573486 ] } },
{ "type": "Feature", "properties": { "loja_id": "AG02", "peso": 74.849614 }, "geometry": { "type": "Point", "coordinates": [ -46.653475036443162, -23.563755032728356 ] } },
{ "type": "Feature", "properties": { "loja_id": "AG02", "peso": 191.517383 }, "geometry": { "type": "Point", "coordinates": [ -46.654138000503934, -23.554112721877114 ] } },
{ "type": "Feature", "properties": { "loja_id": "AG09", "peso": 47.654103 }, "geometry": { "type": "Point", "coordinates": [ -46.650406235201508, -23.545510425224521 ] } },
{ "type": "Feature", "properties": { "loja_id": "AG02", "peso": 49.5777 }, "geometry": { "type": "Point", "coordinates": [ -46.653044742908541, -23.561465930675968 ] } },
{ "type": "Feature", "properties": { "loja_id": "AG04", "peso": 49.5777 }, "geometry": { "type": "Point", "coordinates": [ -46.638194255036005, -23.581236882182054 ] } },
{ "type": "Feature", "properties": { "loja_id": "AG06", "peso": 191.517383 }, "geometry": { "type": "Point", "coordinates": [ -46.576464299459779, -23.542276977961411 ] } },
{ "type": "Feature", "properties": { "loja_id": "AG02", "peso": 75.182444 }, "geometry": { "type": "Point", "coordinates": [ -46.654228868406911, -23.556676341930828 ] } },
{ "type": "Feature", "properties": { "loja_id": "AG02", "peso": 75.182444 }, "geometry": { "type": "Point", "coordinates": [ -46.654376349705743, -23.556719923838223 ] } },
{ "type": "Feature", "properties": { "loja_id": "AG01", "peso": 185.801964 }, "geometry": { "type": "Point", "coordinates": [ -46.679578798651683, -23.585842806439068 ] } },
{ "type": "Feature", "properties": { "loja_id": "AG09", "peso": 76.069989 }, "geometry": { "type": "Point", "coordinates": [ -46.647077277728016, -23.550331755396439 ] } },
{ "type": "Feature", "properties": { "loja_id": "AG02", "peso": 185.801964 }, "geometry": { "type": "Point", "coordinates": [ -46.654138000503934, -23.554112721877114 ] } },
{ "type": "Feature", "properties": { "loja_id": "AG03", "peso": 49.5777 }, "geometry": { "type": "Point", "coordinates": [ -46.690684947158353, -23.570958109184076 ] } },
{ "type": "Feature", "properties": { "loja_id": "AG02", "peso": 11.569678 }, "geometry": { "type": "Point", "coordinates": [ -46.6555610544982, -23.553546732082911 ] } },
{ "type": "Feature", "properties": { "loja_id": "AG02", "peso": 11.569678 }, "geometry": { "type": "Point", "coordinates": [ -46.654543957742, -23.558370672678471 ] } },
{ "type": "Feature", "properties": { "loja_id": "AG03", "peso": 26.641865 }, "geometry": { "type": "Point", "coordinates": [ -46.696091723691758, -23.573933300297607 ] } },
{ "type": "Feature", "properties": { "loja_id": "AG01", "peso": 12.403428 }, "geometry": { "type": "Point", "coordinates": [ -46.681280029977813, -23.591712036022887 ] } },
{ "type": "Feature", "properties": { "loja_id": "AG04", "peso": 70.653603 }, "geometry": { "type": "Point", "coordinates": [ -46.638552009799, -23.58085383844454 ] } },
{ "type": "Feature", "properties": { "loja_id": "AG09", "peso": 12.560932 }, "geometry": { "type": "Point", "coordinates": [ -46.648930989300432, -23.542672509463692 ] } },
{ "type": "Feature", "properties": { "loja_id": "AG02", "peso": 11.569678 }, "geometry": { "type": "Point", "coordinates": [ -46.654543957742, -23.558370672678471 ] } },
{ "type": "Feature", "properties": { "loja_id": "AG08", "peso": 24.682823 }, "geometry": { "type": "Point", "coordinates": [ -46.694170691143412, -23.608196287327978 ] } },
{ "type": "Feature", "properties": { "loja_id": "AG04", "peso": 23.785398 }, "geometry": { "type": "Point", "coordinates": [ -46.636786962106321, -23.593370318251431 ] } },
{ "type": "Feature", "properties": { "loja_id": "AG03", "peso": 70.653603 }, "geometry": { "type": "Point", "coordinates": [ -46.687695394330547, -23.56930197411927 ] } },
{ "type": "Feature", "properties": { "loja_id": "AG02", "peso": 24.682823 }, "geometry": { "type": "Point", "coordinates": [ -46.658185494253722, -23.559731558799331 ] } },
{ "type": "Feature", "properties": { "loja_id": "AG03", "peso": 12.560932 }, "geometry": { "type": "Point", "coordinates": [ -46.684263307746704, -23.565970970160901 ] } },
{ "type": "Feature", "properties": { "loja_id": "AG03", "peso": 54.511478 }, "geometry": { "type": "Point", "coordinates": [ -46.690961973539579, -23.568110612157067 ] } },
{ "type": "Feature", "properties": { "loja_id": "AG03", "peso": 54.511478 }, "geometry": { "type": "Point", "coordinates": [ -46.703050843890665, -23.565079958851491 ] } },
{ "type": "Feature", "properties": { "loja_id": "AG09", "peso": 23.785398 }, "geometry": { "type": "Point", "coordinates": [ -46.641255531792375, -23.5429613844084 ] } },
{ "type": "Feature", "properties": { "loja_id": "AG08", "peso": 70.653603 }, "geometry": { "type": "Point", "coordinates": [ -46.694813858420375, -23.610202966886842 ] } },
{ "type": "Feature", "properties": { "loja_id": "AG03", "peso": 27.433465 }, "geometry": { "type": "Point", "coordinates": [ -46.69868654542649, -23.567737411599833 ] } },
{ "type": "Feature", "properties": { "loja_id": "AG01", "peso": 27.433465 }, "geometry": { "type": "Point", "coordinates": [ -46.684230718995451, -23.582613835660148 ] } },
{ "type": "Feature", "properties": { "loja_id": "AG08", "peso": 27.433465 }, "geometry": { "type": "Point", "coordinates": [ -46.69541053558639, -23.611641257438638 ] } },
{ "type": "Feature", "properties": { "loja_id": "AG04", "peso": 12.560932 }, "geometry": { "type": "Point", "coordinates": [ -46.636700785063972, -23.597479988816421 ] } },
{ "type": "Feature", "properties": { "loja_id": "AG02", "peso": 39.194834 }, "geometry": { "type": "Point", "coordinates": [ -46.655634777621167, -23.565682571170829 ] } },
{ "type": "Feature", "properties": { "loja_id": "AG10", "peso": 23.785398 }, "geometry": { "type": "Point", "coordinates": [ -46.675982632804626, -23.533308045711767 ] } },
{ "type": "Feature", "properties": { "loja_id": "AG02", "peso": 27.433465 }, "geometry": { "type": "Point", "coordinates": [ -46.654813048654454, -23.56264813663925 ] } },
{ "type": "Feature", "properties": { "loja_id": "AG09", "peso": 45.996047 }, "geometry": { "type": "Point", "coordinates": [ -46.642432223797321, -23.547798225483781 ] } },
{ "type": "Feature", "properties": { "loja_id": "AG09", "peso": 54.511478 }, "geometry": { "type": "Point", "coordinates": [ -46.639575346964712, -23.537795713958086 ] } },
{ "type": "Feature", "properties": { "loja_id": "AG01", "peso": 27.433465 }, "geometry": { "type": "Point", "coordinates": [ -46.681047091512177, -23.591886129829742 ] } },
{ "type": "Feature", "properties": { "loja_id": "AG03", "peso": 27.433465 }, "geometry": { "type": "Point", "coordinates": [ -46.685411852165053, -23.564622061038868 ] } },
{ "type": "Feature", "properties": { "loja_id": "AG04", "peso": 6.25 }, "geometry": { "type": "Point", "coordinates": [ -46.643388346959995, -23.593932714291658 ] } },
{ "type": "Feature", "properties": { "loja_id": "AG09", "peso": 3.756757 }, "geometry": { "type": "Point", "coordinates": [ -46.648989524418532, -23.542653828390748 ] } },
{ "type": "Feature", "properties": { "loja_id": "AG02", "peso": 3.756757 }, "geometry": { "type": "Point", "coordinates": [ -46.653300915520987, -23.560018369168727 ] } },
{ "type": "Feature", "properties": { "loja_id": "AG02", "peso": 12.6 }, "geometry": { "type": "Point", "coordinates": [ -46.654614215638986, -23.558505378401009 ] } },
{ "type": "Feature", "properties": { "loja_id": "AG02", "peso": 9.272727 }, "geometry": { "type": "Point", "coordinates": [ -46.657637178601085, -23.567557573195778 ] } },
{ "type": "Feature", "properties": { "loja_id": "AG02", "peso": 36.0 }, "geometry": { "type": "Point", "coordinates": [ -46.654444576703533, -23.562950056333037 ] } },
{ "type": "Feature", "properties": { "loja_id": "AG02", "peso": 7.444444 }, "geometry": { "type": "Point", "coordinates": [ -46.654444576703533, -23.562950056333037 ] } },
{ "type": "Feature", "properties": { "loja_id": "AG11", "peso": 11.444444 }, "geometry": { "type": "Point", "coordinates": [ -46.705224903637905, -23.515661532367126 ] } },
{ "type": "Feature", "properties": { "loja_id": "AG09", "peso": 17.888889 }, "geometry": { "type": "Point", "coordinates": [ -46.637405087797795, -23.547616447970697 ] } },
{ "type": "Feature", "properties": { "loja_id": "AG02", "peso": 9.272727 }, "geometry": { "type": "Point", "coordinates": [ -46.654614215638986, -23.558505378401009 ] } },
{ "type": "Feature", "properties": { "loja_id": "AG02", "peso": 28.733333 }, "geometry": { "type": "Point", "coordinates": [ -46.65449905576687, -23.558696238856175 ] } },
{ "type": "Feature", "properties": { "loja_id": "AG04", "peso": 16.277778 }, "geometry": { "type": "Point", "coordinates": [ -46.639794907644465, -23.583107317443147 ] } },
{ "type": "Feature", "properties": { "loja_id": "AG09", "peso": 33.9 }, "geometry": { "type": "Point", "coordinates": [ -46.636785505915753, -23.547415273197785 ] } },
{ "type": "Feature", "properties": { "loja_id": "AG09", "peso": 17.916667 }, "geometry": { "type": "Point", "coordinates": [ -46.639474106451395, -23.548587982173583 ] } },
{ "type": "Feature", "properties": { "loja_id": "AG01", "peso": 35.5 }, "geometry": { "type": "Point", "coordinates": [ -46.68105700346262, -23.591895052646425 ] } },
{ "type": "Feature", "properties": { "loja_id": "AG09", "peso": 28.1 }, "geometry": { "type": "Point", "coordinates": [ -46.650929275530657, -23.541901801228022 ] } },
{ "type": "Feature", "properties": { "loja_id": "AG01", "peso": 28.733333 }, "geometry": { "type": "Point", "coordinates": [ -46.67350947232665, -23.584716338120451 ] } },
{ "type": "Feature", "properties": { "loja_id": "AG09", "peso": 19.470588 }, "geometry": { "type": "Point", "coordinates": [ -46.643313891890514, -23.544655404964935 ] } },
{ "type": "Feature", "properties": { "loja_id": "AG11", "peso": 20.9 }, "geometry": { "type": "Point", "coordinates": [ -46.704355781267076, -23.520411860808711 ] } },
{ "type": "Feature", "properties": { "loja_id": "AG09", "peso": 22.869565 }, "geometry": { "type": "Point", "coordinates": [ -46.650243804055037, -23.537989940475249 ] } },
{ "type": "Feature", "properties": { "loja_id": "AG03", "peso": 58.076923 }, "geometry": { "type": "Point", "coordinates": [ -46.701289732044351, -23.56981294392012 ] } },
{ "type": "Feature", "properties": { "loja_id": "AG15", "peso": 58.076923 }, "geometry": { "type": "Point", "coordinates": [ -46.701289732044351, -23.56981294392012 ] } },
{ "type": "Feature", "properties": { "loja_id": "AG01", "peso": 23.555556 }, "geometry": { "type": "Point", "coordinates": [ -46.683053996833493, -23.585606526923264 ] } },
{ "type": "Feature", "properties": { "loja_id": "AG09", "peso": 35.5 }, "geometry": { "type": "Point", "coordinates": [ -46.637205185511775, -23.547293461855524 ] } },
{ "type": "Feature", "properties": { "loja_id": "AG03", "peso": 35.5 }, "geometry": { "type": "Point", "coordinates": [ -46.684094474842382, -23.567327319000849 ] } },
{ "type": "Feature", "properties": { "loja_id": "AG03", "peso": 35.5 }, "geometry": { "type": "Point", "coordinates": [ -46.698546819819597, -23.570583414080311 ] } },
{ "type": "Feature", "properties": { "loja_id": "AG15", "peso": 35.5 }, "geometry": { "type": "Point", "coordinates": [ -46.698546819819597, -23.570583414080311 ] } },
{ "type": "Feature", "properties": { "loja_id": "AG08", "peso": 28.1 }, "geometry": { "type": "Point", "coordinates": [ -46.696823188002668, -23.615562915685196 ] } },
{ "type": "Feature", "properties": { "loja_id": "AG03", "peso": 22.869565 }, "geometry": { "type": "Point", "coordinates": [ -46.68758474693788, -23.574441309731284 ] } },
{ "type": "Feature", "properties": { "loja_id": "AG01", "peso": 19.6 }, "geometry": { "type": "Point", "coordinates": [ -46.680689926217966, -23.582309040192495 ] } },
{ "type": "Feature", "properties": { "loja_id": "AG01", "peso": 19.470588 }, "geometry": { "type": "Point", "coordinates": [ -46.680217252692238, -23.591353303566748 ] } },
{ "type": "Feature", "properties": { "loja_id": "AG02", "peso": 33.9 }, "geometry": { "type": "Point", "coordinates": [ -46.654641224501887, -23.558315456099525 ] } },
{ "type": "Feature", "properties": { "loja_id": "AG02", "peso": 33.9 }, "geometry": { "type": "Point", "coordinates": [ -46.657740040820883, -23.560142669430792 ] } },
{ "type": "Feature", "properties": { "loja_id": "AG02", "peso": 22.869565 }, "geometry": { "type": "Point", "coordinates": [ -46.657740040820883, -23.560142669430792 ] } },
{ "type": "Feature", "properties": { "loja_id": "AG09", "peso": 458.960576 }, "geometry": { "type": "Point", "coordinates": [ -46.644914005044917, -23.547302421502632 ] } },
{ "type": "Feature", "properties": { "loja_id": "AG09", "peso": 281.795628 }, "geometry": { "type": "Point", "coordinates": [ -46.650176173016206, -23.539634166184591 ] } },
{ "type": "Feature", "properties": { "loja_id": "AG09", "peso": 92.118519 }, "geometry": { "type": "Point", "coordinates": [ -46.640267241552209, -23.54382968712569 ] } },
{ "type": "Feature", "properties": { "loja_id": "AG09", "peso": 448.484522 }, "geometry": { "type": "Point", "coordinates": [ -46.649730208616802, -23.541571373014637 ] } },
{ "type": "Feature", "properties": { "loja_id": "AG09", "peso": 234.819726 }, "geometry": { "type": "Point", "coordinates": [ -46.645330786309884, -23.545374564715452 ] } },
{ "type": "Feature", "properties": { "loja_id": "AG09", "peso": 231.764014 }, "geometry": { "type": "Point", "coordinates": [ -46.647456147333337, -23.53986166240205 ] } },
{ "type": "Feature", "properties": { "loja_id": "AG09", "peso": 231.764014 }, "geometry": { "type": "Point", "coordinates": [ -46.647456147333337, -23.53986166240205 ] } },
{ "type": "Feature", "properties": { "loja_id": "AG09", "peso": 152.919925 }, "geometry": { "type": "Point", "coordinates": [ -46.647651561094278, -23.539823471647725 ] } },
{ "type": "Feature", "properties": { "loja_id": "AG02", "peso": 234.819726 }, "geometry": { "type": "Point", "coordinates": [ -46.655494870779272, -23.553737071648055 ] } },
{ "type": "Feature", "properties": { "loja_id": "AG09", "peso": 152.919925 }, "geometry": { "type": "Point", "coordinates": [ -46.647651561094278, -23.539823471647725 ] } },
{ "type": "Feature", "properties": { "loja_id": "AG09", "peso": 491.852129 }, "geometry": { "type": "Point", "coordinates": [ -46.646576322733104, -23.540783035530509 ] } },
{ "type": "Feature", "properties": { "loja_id": "AG09", "peso": 198.722028 }, "geometry": { "type": "Point", "coordinates": [ -46.646430473129001, -23.538508949720303 ] } },
{ "type": "Feature", "properties": { "loja_id": "AG09", "peso": 214.096979 }, "geometry": { "type": "Point", "coordinates": [ -46.64917966422307, -23.54454816784369 ] } },
{ "type": "Feature", "properties": { "loja_id": "AG09", "peso": 198.722028 }, "geometry": { "type": "Point", "coordinates": [ -46.649637536680395, -23.538068612634508 ] } },
{ "type": "Feature", "properties": { "loja_id": "AG09", "peso": 198.722028 }, "geometry": { "type": "Point", "coordinates": [ -46.649637536680395, -23.538068612634508 ] } },
{ "type": "Feature", "properties": { "loja_id": "AG04", "peso": 280.677837 }, "geometry": { "type": "Point", "coordinates": [ -46.636694445425704, -23.58907289376566 ] } },
{ "type": "Feature", "properties": { "loja_id": "AG02", "peso": 208.574336 }, "geometry": { "type": "Point", "coordinates": [ -46.655496876803781, -23.562496371706704 ] } },
{ "type": "Feature", "properties": { "loja_id": "AG09", "peso": 281.795628 }, "geometry": { "type": "Point", "coordinates": [ -46.643574249158284, -23.541961630150588 ] } },
{ "type": "Feature", "properties": { "loja_id": "AG09", "peso": 198.722028 }, "geometry": { "type": "Point", "coordinates": [ -46.6443130559826, -23.537574134862439 ] } },
{ "type": "Feature", "properties": { "loja_id": "AG04", "peso": 234.819726 }, "geometry": { "type": "Point", "coordinates": [ -46.641032791382081, -23.592043214959631 ] } },
{ "type": "Feature", "properties": { "loja_id": "AG09", "peso": 358.764781 }, "geometry": { "type": "Point", "coordinates": [ -46.644461885330763, -23.53694044179176 ] } },
{ "type": "Feature", "properties": { "loja_id": "AG09", "peso": 268.286121 }, "geometry": { "type": "Point", "coordinates": [ -46.651254789582218, -23.540516716305568 ] } },
{ "type": "Feature", "properties": { "loja_id": "AG09", "peso": 102.649276 }, "geometry": { "type": "Point", "coordinates": [ -46.641546124721486, -23.541910804427378 ] } },
{ "type": "Feature", "properties": { "loja_id": "AG09", "peso": 51.940241 }, "geometry": { "type": "Point", "coordinates": [ -46.641553588611806, -23.545667324996419 ] } },
{ "type": "Feature", "properties": { "loja_id": "AG09", "peso": 146.676514 }, "geometry": { "type": "Point", "coordinates": [ -46.640370863596907, -23.546655074776641 ] } },
{ "type": "Feature", "properties": { "loja_id": "AG09", "peso": 89.502235 }, "geometry": { "type": "Point", "coordinates": [ -46.643464050505273, -23.544915696498602 ] } },
{ "type": "Feature", "properties": { "loja_id": "AG03", "peso": 188.649502 }, "geometry": { "type": "Point", "coordinates": [ -46.687052690225222, -23.567304266177327 ] } },
{ "type": "Feature", "properties": { "loja_id": "AG09", "peso": 158.088264 }, "geometry": { "type": "Point", "coordinates": [ -46.636785505915753, -23.547415273197785 ] } },
{ "type": "Feature", "properties": { "loja_id": "AG03", "peso": 266.727739 }, "geometry": { "type": "Point", "coordinates": [ -46.694747767546794, -23.562344293931869 ] } },
{ "type": "Feature", "properties": { "loja_id": "AG02", "peso": 187.033401 }, "geometry": { "type": "Point", "coordinates": [ -46.657084264383037, -23.56331023786905 ] } },
{ "type": "Feature", "properties": { "loja_id": "AG09", "peso": 164.236971 }, "geometry": { "type": "Point", "coordinates": [ -46.639623902745292, -23.545660589190152 ] } },
{ "type": "Feature", "properties": { "loja_id": "AG01", "peso": 89.502235 }, "geometry": { "type": "Point", "coordinates": [ -46.680050407255976, -23.585946067562446 ] } },
{ "type": "Feature", "properties": { "loja_id": "AG09", "peso": 126.829223 }, "geometry": { "type": "Point", "coordinates": [ -46.643464050505273, -23.544915696498602 ] } },
{ "type": "Feature", "properties": { "loja_id": "AG02", "peso": 320.010264 }, "geometry": { "type": "Point", "coordinates": [ -46.658185494253722, -23.559731558799331 ] } },
{ "type": "Feature", "properties": { "loja_id": "AG08", "peso": 130.664383 }, "geometry": { "type": "Point", "coordinates": [ -46.694170691143412, -23.608196287327978 ] } },
{ "type": "Feature", "properties": { "loja_id": "AG09", "peso": 288.109137 }, "geometry": { "type": "Point", "coordinates": [ -46.636785505915753, -23.547415273197785 ] } },
{ "type": "Feature", "properties": { "loja_id": "AG04", "peso": 187.033401 }, "geometry": { "type": "Point", "coordinates": [ -46.633528957442977, -23.587435620856787 ] } },
{ "type": "Feature", "properties": { "loja_id": "AG10", "peso": 187.033401 }, "geometry": { "type": "Point", "coordinates": [ -46.679441277447793, -23.536503555156315 ] } },
{ "type": "Feature", "properties": { "loja_id": "AG09", "peso": 111.848762 }, "geometry": { "type": "Point", "coordinates": [ -46.639651579144349, -23.549471079261068 ] } },
{ "type": "Feature", "properties": { "loja_id": "AG08", "peso": 181.806255 }, "geometry": { "type": "Point", "coordinates": [ -46.694170691143412, -23.608196287327978 ] } },
{ "type": "Feature", "properties": { "loja_id": "AG09", "peso": 126.829223 }, "geometry": { "type": "Point", "coordinates": [ -46.642043051477273, -23.548010031495259 ] } },
{ "type": "Feature", "properties": { "loja_id": "AG01", "peso": 254.594823 }, "geometry": { "type": "Point", "coordinates": [ -46.675230905122298, -23.587569365702571 ] } },
{ "type": "Feature", "properties": { "loja_id": "AG09", "peso": 121.393786 }, "geometry": { "type": "Point", "coordinates": [ -46.638716450155577, -23.545941061867644 ] } },
{ "type": "Feature", "properties": { "loja_id": "AG08", "peso": 89.502235 }, "geometry": { "type": "Point", "coordinates": [ -46.694170691143412, -23.608196287327978 ] } },
{ "type": "Feature", "properties": { "loja_id": "AG08", "peso": 130.664383 }, "geometry": { "type": "Point", "coordinates": [ -46.696801033618677, -23.604709046753502 ] } },
{ "type": "Feature", "properties": { "loja_id": "AG09", "peso": 288.109137 }, "geometry": { "type": "Point", "coordinates": [ -46.650948749435905, -23.541892564278672 ] } },
{ "type": "Feature", "properties": { "loja_id": "AG09", "peso": 42.872677 }, "geometry": { "type": "Point", "coordinates": [ -46.639017143644388, -23.545703105735289 ] } },
{ "type": "Feature", "properties": { "loja_id": "AG08", "peso": 40.115392 }, "geometry": { "type": "Point", "coordinates": [ -46.696162105520564, -23.613691894795053 ] } },
{ "type": "Feature", "properties": { "loja_id": "AG03", "peso": 64.351775 }, "geometry": { "type": "Point", "coordinates": [ -46.698115997235945, -23.567554014859173 ] } },
{ "type": "Feature", "properties": { "loja_id": "AG01", "peso": 37.709061 }, "geometry": { "type": "Point", "coordinates": [ -46.68105700346262, -23.591895052646425 ] } },
{ "type": "Feature", "properties": { "loja_id": "AG02", "peso": 115.733424 }, "geometry": { "type": "Point", "coordinates": [ -46.66006033479097, -23.567829706608535 ] } },
{ "type": "Feature", "properties": { "loja_id": "AG09", "peso": 125.779694 }, "geometry": { "type": "Point", "coordinates": [ -46.642410214219069, -23.549180090643148 ] } },
{ "type": "Feature", "properties": { "loja_id": "AG01", "peso": 37.709061 }, "geometry": { "type": "Point", "coordinates": [ -46.680312890070986, -23.588092396693373 ] } },
{ "type": "Feature", "properties": { "loja_id": "AG09", "peso": 45.21989 }, "geometry": { "type": "Point", "coordinates": [ -46.639522830684548, -23.545408806520093 ] } },
{ "type": "Feature", "properties": { "loja_id": "AG01", "peso": 58.646524 }, "geometry": { "type": "Point", "coordinates": [ -46.686232735086286, -23.591306164058231 ] } },
{ "type": "Feature", "properties": { "loja_id": "AG05", "peso": 26.105263 }, "geometry": { "type": "Point", "coordinates": [ -46.593871704637742, -23.56111765701181 ] } },
{ "type": "Feature", "properties": { "loja_id": "AG03", "peso": 26.105263 }, "geometry": { "type": "Point", "coordinates": [ -46.6849473344854, -23.567372255952868 ] } },
{ "type": "Feature", "properties": { "loja_id": "AG09", "peso": 27.636364 }, "geometry": { "type": "Point", "coordinates": [ -46.645165324161404, -23.544671953616106 ] } },
{ "type": "Feature", "properties": { "loja_id": "AG02", "peso": 39.416667 }, "geometry": { "type": "Point", "coordinates": [ -46.65872456201231, -23.561315125883151 ] } },
{ "type": "Feature", "properties": { "loja_id": "AG06", "peso": 100.508495 }, "geometry": { "type": "Point", "coordinates": [ -46.575598731117744, -23.532930156515985 ] } },
{ "type": "Feature", "properties": { "loja_id": "AG02", "peso": 107.738365 }, "geometry": { "type": "Point", "coordinates": [ -46.658898757241801, -23.566604970935131 ] } },
{ "type": "Feature", "properties": { "loja_id": "AG11", "peso": 107.738365 }, "geometry": { "type": "Point", "coordinates": [ -46.703501194874612, -23.518687433404789 ] } },
{ "type": "Feature", "properties": { "loja_id": "AG09", "peso": 48.292391 }, "geometry": { "type": "Point", "coordinates": [ -46.635859183200871, -23.542214534486739 ] } },
{ "type": "Feature", "properties": { "loja_id": "AG11", "peso": 48.292391 }, "geometry": { "type": "Point", "coordinates": [ -46.704826514204996, -23.518943827469936 ] } },
{ "type": "Feature", "properties": { "loja_id": "AG11", "peso": 48.292391 }, "geometry": { "type": "Point", "coordinates": [ -46.704826514204996, -23.518943827469936 ] } },
{ "type": "Feature", "properties": { "loja_id": "AG09", "peso": 100.508495 }, "geometry": { "type": "Point", "coordinates": [ -46.634975370842319, -23.545989464792992 ] } },
{ "type": "Feature", "properties": { "loja_id": "AG06", "peso": 164.368842 }, "geometry": { "type": "Point", "coordinates": [ -46.574821852190773, -23.543359212947273 ] } },
{ "type": "Feature", "properties": { "loja_id": "AG11", "peso": 47.081814 }, "geometry": { "type": "Point", "coordinates": [ -46.694419332664324, -23.5221999512191 ] } },
{ "type": "Feature", "properties": { "loja_id": "AG07", "peso": 97.407326 }, "geometry": { "type": "Point", "coordinates": [ -46.624916123144992, -23.498947372265281 ] } },
{ "type": "Feature", "properties": { "loja_id": "AG05", "peso": 24.998947 }, "geometry": { "type": "Point", "coordinates": [ -46.591067003765822, -23.555990015592986 ] } },
{ "type": "Feature", "properties": { "loja_id": "AG05", "peso": 32.884098 }, "geometry": { "type": "Point", "coordinates": [ -46.591067003765822, -23.555990015592986 ] } },
{ "type": "Feature", "properties": { "loja_id": "AG05", "peso": 20.218761 }, "geometry": { "type": "Point", "coordinates": [ -46.593089713544096, -23.557197440852253 ] } },
{ "type": "Feature", "properties": { "loja_id": "AG05", "peso": 21.30773 }, "geometry": { "type": "Point", "coordinates": [ -46.594612719248964, -23.559204640592974 ] } },
{ "type": "Feature", "properties": { "loja_id": "AG05", "peso": 24.998947 }, "geometry": { "type": "Point", "coordinates": [ -46.594514007599372, -23.559142440159857 ] } },
{ "type": "Feature", "properties": { "loja_id": "AG05", "peso": 24.998947 }, "geometry": { "type": "Point", "coordinates": [ -46.593222690847945, -23.554414708429753 ] } },
{ "type": "Feature", "properties": { "loja_id": "AG02", "peso": 24.998947 }, "geometry": { "type": "Point", "coordinates": [ -46.655861680621591, -23.559557663278333 ] } },
{ "type": "Feature", "properties": { "loja_id": "AG05", "peso": 32.884098 }, "geometry": { "type": "Point", "coordinates": [ -46.60234439182053, -23.555377530921692 ] } },
{ "type": "Feature", "properties": { "loja_id": "AG05", "peso": 24.20529 }, "geometry": { "type": "Point", "coordinates": [ -46.60234439182053, -23.555377530921692 ] } },
{ "type": "Feature", "properties": { "loja_id": "AG05", "peso": 24.998947 }, "geometry": { "type": "Point", "coordinates": [ -46.599926446062639, -23.555510795292665 ] } },
{ "type": "Feature", "properties": { "loja_id": "AG12", "peso": 21.925409 }, "geometry": { "type": "Point", "coordinates": [ -46.642937266885056, -23.63948584016735 ] } },
{ "type": "Feature", "properties": { "loja_id": "AG01", "peso": 32.884098 }, "geometry": { "type": "Point", "coordinates": [ -46.689869545518491, -23.591438204512734 ] } },
{ "type": "Feature", "properties": { "loja_id": "AG02", "peso": 29.457358 }, "geometry": { "type": "Point", "coordinates": [ -46.657600536662422, -23.559954522387677 ] } },
{ "type": "Feature", "properties": { "loja_id": "AG02", "peso": 40.227705 }, "geometry": { "type": "Point", "coordinates": [ -46.657600649955882, -23.559963551399385 ] } },
{ "type": "Feature", "properties": { "loja_id": "AG02", "peso": 20.218761 }, "geometry": { "type": "Point", "coordinates": [ -46.654614215638986, -23.558505378401009 ] } },
{ "type": "Feature", "properties": { "loja_id": "AG13", "peso": 21.30773 }, "geometry": { "type": "Point", "coordinates": [ -46.466934987269752, -23.544847581475128 ] } },
{ "type": "Feature", "properties": { "loja_id": "AG09", "peso": 33.036693 }, "geometry": { "type": "Point", "coordinates": [ -46.636916403381079, -23.547702865021158 ] } },
{ "type": "Feature", "properties": { "loja_id": "AG09", "peso": 21.30773 }, "geometry": { "type": "Point", "coordinates": [ -46.639996973693101, -23.547309198618017 ] } },
{ "type": "Feature", "properties": { "loja_id": "AG02", "peso": 20.218761 }, "geometry": { "type": "Point", "coordinates": [ -46.658185494253722, -23.559731558799331 ] } },
{ "type": "Feature", "properties": { "loja_id": "AG04", "peso": 21.925409 }, "geometry": { "type": "Point", "coordinates": [ -46.639747481937256, -23.594269200323005 ] } },
{ "type": "Feature", "properties": { "loja_id": "AG05", "peso": 21.30773 }, "geometry": { "type": "Point", "coordinates": [ -46.593147818158251, -23.55470444913524 ] } },
{ "type": "Feature", "properties": { "loja_id": "AG05", "peso": 20.218761 }, "geometry": { "type": "Point", "coordinates": [ -46.602721122677636, -23.554940189144546 ] } },
{ "type": "Feature", "properties": { "loja_id": "AG05", "peso": 21.925409 }, "geometry": { "type": "Point", "coordinates": [ -46.602721122677636, -23.554940189144546 ] } },
{ "type": "Feature", "properties": { "loja_id": "AG03", "peso": 21.925409 }, "geometry": { "type": "Point", "coordinates": [ -46.691193537029712, -23.564008423802715 ] } },
{ "type": "Feature", "properties": { "loja_id": "AG09", "peso": 20.218761 }, "geometry": { "type": "Point", "coordinates": [ -46.642682294003457, -23.546639708495405 ] } },
{ "type": "Feature", "properties": { "loja_id": "AG01", "peso": 20.218761 }, "geometry": { "type": "Point", "coordinates": [ -46.681047091512177, -23.591886129829742 ] } },
{ "type": "Feature", "properties": { "loja_id": "AG09", "peso": 21.30773 }, "geometry": { "type": "Point", "coordinates": [ -46.64034602047181, -23.542284676500952 ] } },
{ "type": "Feature", "properties": { "loja_id": "AG06", "peso": 20.218761 }, "geometry": { "type": "Point", "coordinates": [ -46.58069686770358, -23.53500061198913 ] } },
{ "type": "Feature", "properties": { "loja_id": "AG08", "peso": 21.925409 }, "geometry": { "type": "Point", "coordinates": [ -46.687429058453397, -23.608224576200087 ] } },
{ "type": "Feature", "properties": { "loja_id": "AG02", "peso": 55.105122 }, "geometry": { "type": "Point", "coordinates": [ -46.655942684677051, -23.56211235383525 ] } },
{ "type": "Feature", "properties": { "loja_id": "AG09", "peso": 106.90669 }, "geometry": { "type": "Point", "coordinates": [ -46.636475526455541, -23.546903808229025 ] } },
{ "type": "Feature", "properties": { "loja_id": "AG05", "peso": 62.965181 }, "geometry": { "type": "Point", "coordinates": [ -46.603907794144142, -23.55505437802654 ] } },
{ "type": "Feature", "properties": { "loja_id": "AG09", "peso": 106.90669 }, "geometry": { "type": "Point", "coordinates": [ -46.644275304565184, -23.542414765283254 ] } },
{ "type": "Feature", "properties": { "loja_id": "AG09", "peso": 68.545023 }, "geometry": { "type": "Point", "coordinates": [ -46.637423382255491, -23.548302557789807 ] } },
{ "type": "Feature", "properties": { "loja_id": "AG02", "peso": 296.861066 }, "geometry": { "type": "Point", "coordinates": [ -46.656771220948563, -23.561001838462811 ] } },
{ "type": "Feature", "properties": { "loja_id": "AG01", "peso": 106.90669 }, "geometry": { "type": "Point", "coordinates": [ -46.685134815765664, -23.592799017630774 ] } },
{ "type": "Feature", "properties": { "loja_id": "AG06", "peso": 62.868158 }, "geometry": { "type": "Point", "coordinates": [ -46.577281503510399, -23.544273460768373 ] } },
{ "type": "Feature", "properties": { "loja_id": "AG09", "peso": 296.861066 }, "geometry": { "type": "Point", "coordinates": [ -46.642588107172024, -23.548519001447062 ] } },
{ "type": "Feature", "properties": { "loja_id": "AG06", "peso": 183.439033 }, "geometry": { "type": "Point", "coordinates": [ -46.573776994897692, -23.546096996532182 ] } },
{ "type": "Feature", "properties": { "loja_id": "AG05", "peso": 183.439033 }, "geometry": { "type": "Point", "coordinates": [ -46.604967381914868, -23.549543936825938 ] } },
{ "type": "Feature", "properties": { "loja_id": "AG09", "peso": 183.439033 }, "geometry": { "type": "Point", "coordinates": [ -46.644397743222164, -23.543596437472925 ] } },
{ "type": "Feature", "properties": { "loja_id": "AG09", "peso": 62.965181 }, "geometry": { "type": "Point", "coordinates": [ -46.634979313281974, -23.547100150770206 ] } },
{ "type": "Feature", "properties": { "loja_id": "AG05", "peso": 65.5492 }, "geometry": { "type": "Point", "coordinates": [ -46.602369255111434, -23.548541263415789 ] } },
{ "type": "Feature", "properties": { "loja_id": "AG09", "peso": 99.110856 }, "geometry": { "type": "Point", "coordinates": [ -46.63639659115681, -23.548439789566423 ] } },
{ "type": "Feature", "properties": { "loja_id": "AG09", "peso": 54.655123 }, "geometry": { "type": "Point", "coordinates": [ -46.6414142039132, -23.543907890265995 ] } },
{ "type": "Feature", "properties": { "loja_id": "AG09", "peso": 57.952517 }, "geometry": { "type": "Point", "coordinates": [ -46.639020394531627, -23.547545250979628 ] } },
{ "type": "Feature", "properties": { "loja_id": "AG01", "peso": 99.110856 }, "geometry": { "type": "Point", "coordinates": [ -46.686232735086286, -23.591306164058231 ] } },
{ "type": "Feature", "properties": { "loja_id": "AG08", "peso": 99.110856 }, "geometry": { "type": "Point", "coordinates": [ -46.694170691143412, -23.608196287327978 ] } },
{ "type": "Feature", "properties": { "loja_id": "AG01", "peso": 67.436659 }, "geometry": { "type": "Point", "coordinates": [ -46.68105700346262, -23.591895052646425 ] } },
{ "type": "Feature", "properties": { "loja_id": "AG09", "peso": 99.110856 }, "geometry": { "type": "Point", "coordinates": [ -46.639435247799248, -23.545454881203025 ] } },
{ "type": "Feature", "properties": { "loja_id": "AG05", "peso": 41.257898 }, "geometry": { "type": "Point", "coordinates": [ -46.597976834545449, -23.551440069165491 ] } },
{ "type": "Feature", "properties": { "loja_id": "AG03", "peso": 30.399363 }, "geometry": { "type": "Point", "coordinates": [ -46.693766737030558, -23.566815856401661 ] } },
{ "type": "Feature", "properties": { "loja_id": "AG05", "peso": 68.526094 }, "geometry": { "type": "Point", "coordinates": [ -46.602323269811549, -23.555251323071577 ] } },
{ "type": "Feature", "properties": { "loja_id": "AG09", "peso": 47.781276 }, "geometry": { "type": "Point", "coordinates": [ -46.647663907049591, -23.547887370068196 ] } },
{ "type": "Feature", "properties": { "loja_id": "AG01", "peso": 109.381693 }, "geometry": { "type": "Point", "coordinates": [ -46.685083324597635, -23.581096560944406 ] } },
{ "type": "Feature", "properties": { "loja_id": "AG09", "peso": 32.598128 }, "geometry": { "type": "Point", "coordinates": [ -46.641788733716304, -23.536995765747658 ] } },
{ "type": "Feature", "properties": { "loja_id": "AG11", "peso": 102.888716 }, "geometry": { "type": "Point", "coordinates": [ -46.704942124284564, -23.515754930715918 ] } },
{ "type": "Feature", "properties": { "loja_id": "AG05", "peso": 56.279129 }, "geometry": { "type": "Point", "coordinates": [ -46.607315789962193, -23.557394174896096 ] } },
{ "type": "Feature", "properties": { "loja_id": "AG03", "peso": 149.840255 }, "geometry": { "type": "Point", "coordinates": [ -46.692247827988488, -23.569071867231813 ] } },
{ "type": "Feature", "properties": { "loja_id": "AG01", "peso": 32.598128 }, "geometry": { "type": "Point", "coordinates": [ -46.684011398562191, -23.583085779232679 ] } },
{ "type": "Feature", "properties": { "loja_id": "AG05", "peso": 36.268229 }, "geometry": { "type": "Point", "coordinates": [ -46.60360886105795, -23.557865912503715 ] } },
{ "type": "Feature", "properties": { "loja_id": "AG05", "peso": 95.858819 }, "geometry": { "type": "Point", "coordinates": [ -46.593304850218558, -23.553104455168945 ] } },
{ "type": "Feature", "properties": { "loja_id": "AG05", "peso": 31.957362 }, "geometry": { "type": "Point", "coordinates": [ -46.597194574243886, -23.5507437335087 ] } },
{ "type": "Feature", "properties": { "loja_id": "AG05", "peso": 31.957362 }, "geometry": { "type": "Point", "coordinates": [ -46.591975183444497, -23.55656769693962 ] } },
{ "type": "Feature", "properties": { "loja_id": "AG05", "peso": 102.888716 }, "geometry": { "type": "Point", "coordinates": [ -46.595386190793718, -23.55430222075714 ] } },
{ "type": "Feature", "properties": { "loja_id": "AG02", "peso": 37.457929 }, "geometry": { "type": "Point", "coordinates": [ -46.655215124280993, -23.565027834615346 ] } },
{ "type": "Feature", "properties": { "loja_id": "AG08", "peso": 37.457929 }, "geometry": { "type": "Point", "coordinates": [ -46.691048878253369, -23.614632643071371 ] } },
{ "type": "Feature", "properties": { "loja_id": "AG05", "peso": 32.598128 }, "geometry": { "type": "Point", "coordinates": [ -46.592074977381039, -23.557532930409053 ] } },
{ "type": "Feature", "properties": { "loja_id": "AG05", "peso": 102.888716 }, "geometry": { "type": "Point", "coordinates": [ -46.592993280338575, -23.554073902828197 ] } },
{ "type": "Feature", "properties": { "loja_id": "AG05", "peso": 36.268229 }, "geometry": { "type": "Point", "coordinates": [ -46.601523294874099, -23.550672122157604 ] } },
{ "type": "Feature", "properties": { "loja_id": "AG05", "peso": 50.284515 }, "geometry": { "type": "Point", "coordinates": [ -46.601523294874099, -23.550672122157604 ] } },
{ "type": "Feature", "properties": { "loja_id": "AG11", "peso": 350.770607 }, "geometry": { "type": "Point", "coordinates": [ -46.710818637318759, -23.528711852411551 ] } },
{ "type": "Feature", "properties": { "loja_id": "AG05", "peso": 31.957362 }, "geometry": { "type": "Point", "coordinates": [ -46.602814829555228, -23.55216689195484 ] } },
{ "type": "Feature", "properties": { "loja_id": "AG05", "peso": 39.60541 }, "geometry": { "type": "Point", "coordinates": [ -46.602814829555228, -23.55216689195484 ] } },
{ "type": "Feature", "properties": { "loja_id": "AG05", "peso": 38.395374 }, "geometry": { "type": "Point", "coordinates": [ -46.602814829555228, -23.55216689195484 ] } },
{ "type": "Feature", "properties": { "loja_id": "AG05", "peso": 134.104952 }, "geometry": { "type": "Point", "coordinates": [ -46.593862073470049, -23.556259391735285 ] } },
{ "type": "Feature", "properties": { "loja_id": "AG06", "peso": 36.268229 }, "geometry": { "type": "Point", "coordinates": [ -46.573528395035623, -23.539200214180067 ] } },
{ "type": "Feature", "properties": { "loja_id": "AG05", "peso": 31.957362 }, "geometry": { "type": "Point", "coordinates": [ -46.602170323098086, -23.553139786466883 ] } },
{ "type": "Feature", "properties": { "loja_id": "AG05", "peso": 39.69849 }, "geometry": { "type": "Point", "coordinates": [ -46.602170323098086, -23.553139786466883 ] } },
{ "type": "Feature", "properties": { "loja_id": "AG01", "peso": 50.284515 }, "geometry": { "type": "Point", "coordinates": [ -46.679917560561066, -23.584746498116463 ] } },
{ "type": "Feature", "properties": { "loja_id": "AG03", "peso": 26.579176 }, "geometry": { "type": "Point", "coordinates": [ -46.695884057750767, -23.560814844863124 ] } },
{ "type": "Feature", "properties": { "loja_id": "AG05", "peso": 37.457929 }, "geometry": { "type": "Point", "coordinates": [ -46.592011748038338, -23.557163330519295 ] } },
{ "type": "Feature", "properties": { "loja_id": "AG05", "peso": 39.69849 }, "geometry": { "type": "Point", "coordinates": [ -46.601450906103949, -23.550356803573006 ] } },
{ "type": "Feature", "properties": { "loja_id": "AG05", "peso": 32.598128 }, "geometry": { "type": "Point", "coordinates": [ -46.601964037038591, -23.552284023996286 ] } },
{ "type": "Feature", "properties": { "loja_id": "AG05", "peso": 38.395374 }, "geometry": { "type": "Point", "coordinates": [ -46.592523468719087, -23.55654402109376 ] } },
{ "type": "Feature", "properties": { "loja_id": "AG05", "peso": 39.60541 }, "geometry": { "type": "Point", "coordinates": [ -46.601648431224156, -23.550490225328215 ] } },
{ "type": "Feature", "properties": { "loja_id": "AG08", "peso": 35.972564 }, "geometry": { "type": "Point", "coordinates": [ -46.696801033618677, -23.604709046753502 ] } },
{ "type": "Feature", "properties": { "loja_id": "AG05", "peso": 31.957362 }, "geometry": { "type": "Point", "coordinates": [ -46.600312480847315, -23.555840947295284 ] } },
{ "type": "Feature", "properties": { "loja_id": "AG05", "peso": 36.268229 }, "geometry": { "type": "Point", "coordinates": [ -46.599643106263315, -23.560426248097983 ] } },
{ "type": "Feature", "properties": { "loja_id": "AG03", "peso": 38.395374 }, "geometry": { "type": "Point", "coordinates": [ -46.701200302098655, -23.565912931233967 ] } },
{ "type": "Feature", "properties": { "loja_id": "AG05", "peso": 50.284515 }, "geometry": { "type": "Point", "coordinates": [ -46.607316785524326, -23.552644184861613 ] } },
{ "type": "Feature", "properties": { "loja_id": "AG05", "peso": 31.957362 }, "geometry": { "type": "Point", "coordinates": [ -46.602010269362751, -23.550441346158809 ] } },
{ "type": "Feature", "properties": { "loja_id": "AG05", "peso": 244.627381 }, "geometry": { "type": "Point", "coordinates": [ -46.595478276760815, -23.549758975289663 ] } },
{ "type": "Feature", "properties": { "loja_id": "AG05", "peso": 357.306774 }, "geometry": { "type": "Point", "coordinates": [ -46.595478276760815, -23.549758975289663 ] } },
{ "type": "Feature", "properties": { "loja_id": "AG06", "peso": 244.627381 }, "geometry": { "type": "Point", "coordinates": [ -46.577281503510399, -23.544273460768373 ] } },
{ "type": "Feature", "properties": { "loja_id": "AG09", "peso": 421.488882 }, "geometry": { "type": "Point", "coordinates": [ -46.640633097434581, -23.545686067964308 ] } },
{ "type": "Feature", "properties": { "loja_id": "AG05", "peso": 37.457929 }, "geometry": { "type": "Point", "coordinates": [ -46.599106532585097, -23.553324841638695 ] } },
{ "type": "Feature", "properties": { "loja_id": "AG05", "peso": 39.60541 }, "geometry": { "type": "Point", "coordinates": [ -46.595475957963679, -23.558491411778878 ] } },
{ "type": "Feature", "properties": { "loja_id": "AG05", "peso": 32.598128 }, "geometry": { "type": "Point", "coordinates": [ -46.602587698820784, -23.55201571619709 ] } },
{ "type": "Feature", "properties": { "loja_id": "AG05", "peso": 149.840255 }, "geometry": { "type": "Point", "coordinates": [ -46.595386111498172, -23.55023853315565 ] } },
{ "type": "Feature", "properties": { "loja_id": "AG05", "peso": 164.361515 }, "geometry": { "type": "Point", "coordinates": [ -46.595478276760815, -23.549758975289663 ] } },
{ "type": "Feature", "properties": { "loja_id": "AG03", "peso": 39.60541 }, "geometry": { "type": "Point", "coordinates": [ -46.694597707958167, -23.56362820406185 ] } },
{ "type": "Feature", "properties": { "loja_id": "AG05", "peso": 158.430671 }, "geometry": { "type": "Point", "coordinates": [ -46.595273623975864, -23.552280562083823 ] } },
{ "type": "Feature", "properties": { "loja_id": "AG05", "peso": 326.867979 }, "geometry": { "type": "Point", "coordinates": [ -46.595273623975864, -23.552280562083823 ] } },
{ "type": "Feature", "properties": { "loja_id": "AG05", "peso": 244.627381 }, "geometry": { "type": "Point", "coordinates": [ -46.595524211466973, -23.550318390095864 ] } },
{ "type": "Feature", "properties": { "loja_id": "AG05", "peso": 357.306774 }, "geometry": { "type": "Point", "coordinates": [ -46.595273623975864, -23.552280562083823 ] } },
{ "type": "Feature", "properties": { "loja_id": "AG12", "peso": 158.430671 }, "geometry": { "type": "Point", "coordinates": [ -46.639803373244618, -23.636557110821105 ] } },
{ "type": "Feature", "properties": { "loja_id": "AG05", "peso": 31.957362 }, "geometry": { "type": "Point", "coordinates": [ -46.590822561545735, -23.556841377060486 ] } },
{ "type": "Feature", "properties": { "loja_id": "AG06", "peso": 308.297521 }, "geometry": { "type": "Point", "coordinates": [ -46.580805920530644, -23.539207707060996 ] } },
{ "type": "Feature", "properties": { "loja_id": "AG05", "peso": 158.430671 }, "geometry": { "type": "Point", "coordinates": [ -46.595273623975864, -23.552280562083823 ] } },
{ "type": "Feature", "properties": { "loja_id": "AG03", "peso": 149.840255 }, "geometry": { "type": "Point", "coordinates": [ -46.687757983190814, -23.575730733677553 ] } },
{ "type": "Feature", "properties": { "loja_id": "AG02", "peso": 326.867979 }, "geometry": { "type": "Point", "coordinates": [ -46.654195224833977, -23.56337713076757 ] } },
{ "type": "Feature", "properties": { "loja_id": "AG05", "peso": 30.525966 }, "geometry": { "type": "Point", "coordinates": [ -46.596360195097134, -23.55789535823596 ] } },
{ "type": "Feature", "properties": { "loja_id": "AG05", "peso": 57.629049 }, "geometry": { "type": "Point", "coordinates": [ -46.604902593132145, -23.553888223337012 ] } },
{ "type": "Feature", "properties": { "loja_id": "AG05", "peso": 1692.442693 }, "geometry": { "type": "Point", "coordinates": [ -46.589663657846785, -23.560664071568581 ] } },
{ "type": "Feature", "properties": { "loja_id": "AG05", "peso": 40.31595 }, "geometry": { "type": "Point", "coordinates": [ -46.591777638261227, -23.560497953459336 ] } },
{ "type": "Feature", "properties": { "loja_id": "AG05", "peso": 30.525966 }, "geometry": { "type": "Point", "coordinates": [ -46.591777638261227, -23.560497953459336 ] } },
{ "type": "Feature", "properties": { "loja_id": "AG02", "peso": 40.31595 }, "geometry": { "type": "Point", "coordinates": [ -46.656771220948563, -23.561001838462811 ] } },
{ "type": "Feature", "properties": { "loja_id": "AG05", "peso": 40.31595 }, "geometry": { "type": "Point", "coordinates": [ -46.59179059154544, -23.559946965146835 ] } },
{ "type": "Feature", "properties": { "loja_id": "AG05", "peso": 68.480217 }, "geometry": { "type": "Point", "coordinates": [ -46.594207860419459, -23.558937880296487 ] } },
{ "type": "Feature", "properties": { "loja_id": "AG05", "peso": 27.906874 }, "geometry": { "type": "Point", "coordinates": [ -46.594612420553268, -23.560803026711238 ] } },
{ "type": "Feature", "properties": { "loja_id": "AG05", "peso": 190.403453 }, "geometry": { "type": "Point", "coordinates": [ -46.596524356482107, -23.559320477094552 ] } },
{ "type": "Feature", "properties": { "loja_id": "AG05", "peso": 145.495061 }, "geometry": { "type": "Point", "coordinates": [ -46.596524356482107, -23.559320477094552 ] } },
{ "type": "Feature", "properties": { "loja_id": "AG09", "peso": 403.159498 }, "geometry": { "type": "Point", "coordinates": [ -46.635936015134824, -23.547631908255994 ] } },
{ "type": "Feature", "properties": { "loja_id": "AG05", "peso": 27.906874 }, "geometry": { "type": "Point", "coordinates": [ -46.596304663117756, -23.560596020553497 ] } },
{ "type": "Feature", "properties": { "loja_id": "AG05", "peso": 57.629049 }, "geometry": { "type": "Point", "coordinates": [ -46.595021596843452, -23.558992746668157 ] } },
{ "type": "Feature", "properties": { "loja_id": "AG05", "peso": 23.510864 }, "geometry": { "type": "Point", "coordinates": [ -46.598029539110975, -23.554988478579755 ] } },
{ "type": "Feature", "properties": { "loja_id": "AG05", "peso": 27.906874 }, "geometry": { "type": "Point", "coordinates": [ -46.595264778439073, -23.561283975817052 ] } },
{ "type": "Feature", "properties": { "loja_id": "AG05", "peso": 30.525966 }, "geometry": { "type": "Point", "coordinates": [ -46.591777638261227, -23.560497953459336 ] } },
{ "type": "Feature", "properties": { "loja_id": "AG05", "peso": 23.510864 }, "geometry": { "type": "Point", "coordinates": [ -46.591777638261227, -23.560497953459336 ] } },
{ "type": "Feature", "properties": { "loja_id": "AG03", "peso": 68.480217 }, "geometry": { "type": "Point", "coordinates": [ -46.697977951762269, -23.57357858700917 ] } },
{ "type": "Feature", "properties": { "loja_id": "AG05", "peso": 30.525966 }, "geometry": { "type": "Point", "coordinates": [ -46.591708631686622, -23.562088013955123 ] } },
{ "type": "Feature", "properties": { "loja_id": "AG05", "peso": 162.312582 }, "geometry": { "type": "Point", "coordinates": [ -46.597733024356877, -23.558820418212107 ] } },
{ "type": "Feature", "properties": { "loja_id": "AG05", "peso": 291.729494 }, "geometry": { "type": "Point", "coordinates": [ -46.596283317564982, -23.556397099400314 ] } },
{ "type": "Feature", "properties": { "loja_id": "AG05", "peso": 153.228372 }, "geometry": { "type": "Point", "coordinates": [ -46.5944062278149, -23.556705333352021 ] } },
{ "type": "Feature", "properties": { "loja_id": "AG05", "peso": 184.786764 }, "geometry": { "type": "Point", "coordinates": [ -46.600201977537658, -23.558849207415541 ] } },
{ "type": "Feature", "properties": { "loja_id": "AG03", "peso": 153.228372 }, "geometry": { "type": "Point", "coordinates": [ -46.688723918071084, -23.574654685875693 ] } },
{ "type": "Feature", "properties": { "loja_id": "AG09", "peso": 162.312582 }, "geometry": { "type": "Point", "coordinates": [ -46.643701454037526, -23.54510282362169 ] } },
{ "type": "Feature", "properties": { "loja_id": "AG01", "peso": 153.228372 }, "geometry": { "type": "Point", "coordinates": [ -46.68374413229769, -23.583639513258053 ] } },
{ "type": "Feature", "properties": { "loja_id": "AG08", "peso": 510.94172 }, "geometry": { "type": "Point", "coordinates": [ -46.694856323017191, -23.600549375612871 ] } },
{ "type": "Feature", "properties": { "loja_id": "AG05", "peso": 270.541574 }, "geometry": { "type": "Point", "coordinates": [ -46.602226907579343, -23.554575036450341 ] } },
{ "type": "Feature", "properties": { "loja_id": "AG05", "peso": 291.729494 }, "geometry": { "type": "Point", "coordinates": [ -46.602483309737117, -23.560369905620483 ] } },
{ "type": "Feature", "properties": { "loja_id": "AG02", "peso": 252.095865 }, "geometry": { "type": "Point", "coordinates": [ -46.658185494253722, -23.559731558799331 ] } },
{ "type": "Feature", "properties": { "loja_id": "AG05", "peso": 153.228372 }, "geometry": { "type": "Point", "coordinates": [ -46.596775804932953, -23.557430539387809 ] } },
{ "type": "Feature", "properties": { "loja_id": "AG05", "peso": 625.095955 }, "geometry": { "type": "Point", "coordinates": [ -46.596775804932953, -23.557430539387809 ] } },
{ "type": "Feature", "properties": { "loja_id": "AG09", "peso": 283.87813 }, "geometry": { "type": "Point", "coordinates": [ -46.64107829540572, -23.54604258252516 ] } },
{ "type": "Feature", "properties": { "loja_id": "AG09", "peso": 156.928232 }, "geometry": { "type": "Point", "coordinates": [ -46.636169166872058, -23.547475940439451 ] } },
{ "type": "Feature", "properties": { "loja_id": "AG05", "peso": 234.097057 }, "geometry": { "type": "Point", "coordinates": [ -46.596079440859071, -23.554927235137754 ] } },
{ "type": "Feature", "properties": { "loja_id": "AG04", "peso": 643.897251 }, "geometry": { "type": "Point", "coordinates": [ -46.639401190466209, -23.589270102366637 ] } },
{ "type": "Feature", "properties": { "loja_id": "AG09", "peso": 492.00354 }, "geometry": { "type": "Point", "coordinates": [ -46.640175083560933, -23.545085869336052 ] } },
{ "type": "Feature", "properties": { "loja_id": "AG05", "peso": 161.774995 }, "geometry": { "type": "Point", "coordinates": [ -46.60232511355121, -23.552171938953318 ] } },
{ "type": "Feature", "properties": { "loja_id": "AG11", "peso": 211.720014 }, "geometry": { "type": "Point", "coordinates": [ -46.70444148353937, -23.523264437665542 ] } },
{ "type": "Feature", "properties": { "loja_id": "AG01", "peso": 337.337741 }, "geometry": { "type": "Point", "coordinates": [ -46.682041164683653, -23.579169993259232 ] } },
{ "type": "Feature", "properties": { "loja_id": "AG03", "peso": 547.638197 }, "geometry": { "type": "Point", "coordinates": [ -46.700324285686939, -23.567873013858932 ] } },
{ "type": "Feature", "properties": { "loja_id": "AG03", "peso": 233.215682 }, "geometry": { "type": "Point", "coordinates": [ -46.700324285686939, -23.567873013858932 ] } },
{ "type": "Feature", "properties": { "loja_id": "AG02", "peso": 174.670589 }, "geometry": { "type": "Point", "coordinates": [ -46.656577025183566, -23.561139361361601 ] } },
{ "type": "Feature", "properties": { "loja_id": "AG05", "peso": 211.720014 }, "geometry": { "type": "Point", "coordinates": [ -46.595386111498172, -23.55023853315565 ] } },
{ "type": "Feature", "properties": { "loja_id": "AG05", "peso": 278.720668 }, "geometry": { "type": "Point", "coordinates": [ -46.598029539110975, -23.554988478579755 ] } },
{ "type": "Feature", "properties": { "loja_id": "AG06", "peso": 308.075587 }, "geometry": { "type": "Point", "coordinates": [ -46.577759457945028, -23.535075579578166 ] } },
{ "type": "Feature", "properties": { "loja_id": "AG05", "peso": 159.305639 }, "geometry": { "type": "Point", "coordinates": [ -46.599200376333087, -23.556222636369608 ] } },
{ "type": "Feature", "properties": { "loja_id": "AG13", "peso": 308.598636 }, "geometry": { "type": "Point", "coordinates": [ -46.465225608065062, -23.540863046991909 ] } },
{ "type": "Feature", "properties": { "loja_id": "AG01", "peso": 482.831914 }, "geometry": { "type": "Point", "coordinates": [ -46.682387465519668, -23.587889336266532 ] } },
{ "type": "Feature", "properties": { "loja_id": "AG06", "peso": 226.448312 }, "geometry": { "type": "Point", "coordinates": [ -46.575690403830905, -23.535692560238356 ] } },
{ "type": "Feature", "properties": { "loja_id": "AG06", "peso": 62.955894 }, "geometry": { "type": "Point", "coordinates": [ -46.575714942731238, -23.535285939417385 ] } },
{ "type": "Feature", "properties": { "loja_id": "AG13", "peso": 192.612522 }, "geometry": { "type": "Point", "coordinates": [ -46.461996197405391, -23.545562361168102 ] } },
{ "type": "Feature", "properties": { "loja_id": "AG03", "peso": 258.432279 }, "geometry": { "type": "Point", "coordinates": [ -46.700715942296462, -23.568618224616394 ] } },
{ "type": "Feature", "properties": { "loja_id": "AG06", "peso": 131.391297 }, "geometry": { "type": "Point", "coordinates": [ -46.576294684601237, -23.542016812761275 ] } },
{ "type": "Feature", "properties": { "loja_id": "AG06", "peso": 226.448312 }, "geometry": { "type": "Point", "coordinates": [ -46.574235000657829, -23.534379809641379 ] } },
{ "type": "Feature", "properties": { "loja_id": "AG03", "peso": 348.874432 }, "geometry": { "type": "Point", "coordinates": [ -46.693793854307366, -23.567402517236541 ] } },
{ "type": "Feature", "properties": { "loja_id": "AG09", "peso": 162.255025 }, "geometry": { "type": "Point", "coordinates": [ -46.634409732022284, -23.544604742645198 ] } },
{ "type": "Feature", "properties": { "loja_id": "AG09", "peso": 192.612522 }, "geometry": { "type": "Point", "coordinates": [ -46.637423382255491, -23.548302557789807 ] } },
{ "type": "Feature", "properties": { "loja_id": "AG06", "peso": 154.282832 }, "geometry": { "type": "Point", "coordinates": [ -46.576350424317063, -23.535189197249771 ] } },
{ "type": "Feature", "properties": { "loja_id": "AG06", "peso": 184.006195 }, "geometry": { "type": "Point", "coordinates": [ -46.576294684601237, -23.542016812761275 ] } },
{ "type": "Feature", "properties": { "loja_id": "AG06", "peso": 92.291043 }, "geometry": { "type": "Point", "coordinates": [ -46.57561729948408, -23.545175315621773 ] } },
{ "type": "Feature", "properties": { "loja_id": "AG04", "peso": 187.770119 }, "geometry": { "type": "Point", "coordinates": [ -46.635006933512344, -23.597588136955562 ] } },
{ "type": "Feature", "properties": { "loja_id": "AG04", "peso": 187.770119 }, "geometry": { "type": "Point", "coordinates": [ -46.638479692989122, -23.581342235026774 ] } },
{ "type": "Feature", "properties": { "loja_id": "AG02", "peso": 34.423574 }, "geometry": { "type": "Point", "coordinates": [ -46.653959808060641, -23.563352545213867 ] } },
{ "type": "Feature", "properties": { "loja_id": "AG01", "peso": 74.796901 }, "geometry": { "type": "Point", "coordinates": [ -46.690200980032508, -23.590540619343091 ] } },
{ "type": "Feature", "properties": { "loja_id": "AG04", "peso": 25.771798 }, "geometry": { "type": "Point", "coordinates": [ -46.636268638341143, -23.580020029901867 ] } },
{ "type": "Feature", "properties": { "loja_id": "AG04", "peso": 92.021187 }, "geometry": { "type": "Point", "coordinates": [ -46.636413846128704, -23.580668679454867 ] } },
{ "type": "Feature", "properties": { "loja_id": "AG04", "peso": 69.019973 }, "geometry": { "type": "Point", "coordinates": [ -46.637591575874161, -23.580042211767918 ] } },
{ "type": "Feature", "properties": { "loja_id": "AG04", "peso": 69.019973 }, "geometry": { "type": "Point", "coordinates": [ -46.637591575874161, -23.580042211767918 ] } },
{ "type": "Feature", "properties": { "loja_id": "AG04", "peso": 34.423574 }, "geometry": { "type": "Point", "coordinates": [ -46.6315597167075, -23.581902700632206 ] } },
{ "type": "Feature", "properties": { "loja_id": "AG04", "peso": 34.423574 }, "geometry": { "type": "Point", "coordinates": [ -46.6315597167075, -23.581902700632206 ] } },
{ "type": "Feature", "properties": { "loja_id": "AG01", "peso": 34.423574 }, "geometry": { "type": "Point", "coordinates": [ -46.682776242914031, -23.585338632889727 ] } },
{ "type": "Feature", "properties": { "loja_id": "AG01", "peso": 34.423574 }, "geometry": { "type": "Point", "coordinates": [ -46.682776242914031, -23.585338632889727 ] } },
{ "type": "Feature", "properties": { "loja_id": "AG04", "peso": 60.747483 }, "geometry": { "type": "Point", "coordinates": [ -46.638775052275982, -23.587768658999433 ] } },
{ "type": "Feature", "properties": { "loja_id": "AG04", "peso": 76.49683 }, "geometry": { "type": "Point", "coordinates": [ -46.631722822494581, -23.582415713259401 ] } },
{ "type": "Feature", "properties": { "loja_id": "AG04", "peso": 74.796901 }, "geometry": { "type": "Point", "coordinates": [ -46.631722822494581, -23.582415713259401 ] } },
{ "type": "Feature", "properties": { "loja_id": "AG09", "peso": 60.747483 }, "geometry": { "type": "Point", "coordinates": [ -46.643614354391794, -23.547550949363082 ] } },
{ "type": "Feature", "properties": { "loja_id": "AG09", "peso": 26.5489 }, "geometry": { "type": "Point", "coordinates": [ -46.643614354391794, -23.547550949363082 ] } },
{ "type": "Feature", "properties": { "loja_id": "AG04", "peso": 141.584727 }, "geometry": { "type": "Point", "coordinates": [ -46.636871918982877, -23.580474218196589 ] } },
{ "type": "Feature", "properties": { "loja_id": "AG04", "peso": 94.421087 }, "geometry": { "type": "Point", "coordinates": [ -46.636221950710258, -23.580995790150769 ] } },
{ "type": "Feature", "properties": { "loja_id": "AG04", "peso": 78.769348 }, "geometry": { "type": "Point", "coordinates": [ -46.636940940712108, -23.580509611994358 ] } },
{ "type": "Feature", "properties": { "loja_id": "AG03", "peso": 26.5489 }, "geometry": { "type": "Point", "coordinates": [ -46.693772411419019, -23.567258269363805 ] } },
{ "type": "Feature", "properties": { "loja_id": "AG04", "peso": 60.747483 }, "geometry": { "type": "Point", "coordinates": [ -46.636064256604826, -23.581710841788855 ] } },
{ "type": "Feature", "properties": { "loja_id": "AG09", "peso": 25.771798 }, "geometry": { "type": "Point", "coordinates": [ -46.637228919926763, -23.542091759614362 ] } },
{ "type": "Feature", "properties": { "loja_id": "AG02", "peso": 69.019973 }, "geometry": { "type": "Point", "coordinates": [ -46.656335213918545, -23.561385754053692 ] } },
{ "type": "Feature", "properties": { "loja_id": "AG04", "peso": 94.421087 }, "geometry": { "type": "Point", "coordinates": [ -46.63843830979593, -23.58037643399506 ] } },
{ "type": "Feature", "properties": { "loja_id": "AG04", "peso": 25.771798 }, "geometry": { "type": "Point", "coordinates": [ -46.637639051553279, -23.580709950563602 ] } },
{ "type": "Feature", "properties": { "loja_id": "AG04", "peso": 25.771798 }, "geometry": { "type": "Point", "coordinates": [ -46.637639051553279, -23.580709950563602 ] } },
{ "type": "Feature", "properties": { "loja_id": "AG04", "peso": 63.883483 }, "geometry": { "type": "Point", "coordinates": [ -46.637786779889382, -23.580771605052846 ] } },
{ "type": "Feature", "properties": { "loja_id": "AG03", "peso": 144.802561 }, "geometry": { "type": "Point", "coordinates": [ -46.690655330099638, -23.570940371194268 ] } },
{ "type": "Feature", "properties": { "loja_id": "AG07", "peso": 69.019973 }, "geometry": { "type": "Point", "coordinates": [ -46.631629893591985, -23.500276897753515 ] } },
{ "type": "Feature", "properties": { "loja_id": "AG02", "peso": 39.718175 }, "geometry": { "type": "Point", "coordinates": [ -46.654537141433842, -23.563301249907028 ] } },
{ "type": "Feature", "properties": { "loja_id": "AG02", "peso": 74.796901 }, "geometry": { "type": "Point", "coordinates": [ -46.65370264821253, -23.560808756548642 ] } },
{ "type": "Feature", "properties": { "loja_id": "AG09", "peso": 78.805403 }, "geometry": { "type": "Point", "coordinates": [ -46.634459228450829, -23.543854706925462 ] } },
{ "type": "Feature", "properties": { "loja_id": "AG02", "peso": 141.584727 }, "geometry": { "type": "Point", "coordinates": [ -46.655729462699234, -23.562295229568068 ] } },
{ "type": "Feature", "properties": { "loja_id": "AG15", "peso": 39.718175 }, "geometry": { "type": "Point", "coordinates": [ -46.709671212995723, -23.566452085552374 ] } },
{ "type": "Feature", "properties": { "loja_id": "AG08", "peso": 39.718175 }, "geometry": { "type": "Point", "coordinates": [ -46.695465179111913, -23.612841656419022 ] } },
{ "type": "Feature", "properties": { "loja_id": "AG04", "peso": 65.161153 }, "geometry": { "type": "Point", "coordinates": [ -46.638194300456668, -23.580451249281754 ] } },
{ "type": "Feature", "properties": { "loja_id": "AG02", "peso": 69.019973 }, "geometry": { "type": "Point", "coordinates": [ -46.655729462699234, -23.562295229568068 ] } },
{ "type": "Feature", "properties": { "loja_id": "AG04", "peso": 83.636661 }, "geometry": { "type": "Point", "coordinates": [ -46.636653449052496, -23.594455355263072 ] } },
{ "type": "Feature", "properties": { "loja_id": "AG04", "peso": 141.584727 }, "geometry": { "type": "Point", "coordinates": [ -46.637911545954573, -23.584508815942332 ] } },
{ "type": "Feature", "properties": { "loja_id": "AG04", "peso": 46.45039 }, "geometry": { "type": "Point", "coordinates": [ -46.634475248145748, -23.589475534953102 ] } },
{ "type": "Feature", "properties": { "loja_id": "AG08", "peso": 51.353643 }, "geometry": { "type": "Point", "coordinates": [ -46.693738627293151, -23.611939444451867 ] } },
{ "type": "Feature", "properties": { "loja_id": "AG09", "peso": 169.874092 }, "geometry": { "type": "Point", "coordinates": [ -46.63507777512995, -23.546349600420289 ] } },
{ "type": "Feature", "properties": { "loja_id": "AG04", "peso": 51.353643 }, "geometry": { "type": "Point", "coordinates": [ -46.627558008957898, -23.583940371064443 ] } },
{ "type": "Feature", "properties": { "loja_id": "AG04", "peso": 83.67582 }, "geometry": { "type": "Point", "coordinates": [ -46.642631142477597, -23.588206527836796 ] } },
{ "type": "Feature", "properties": { "loja_id": "AG03", "peso": 74.890729 }, "geometry": { "type": "Point", "coordinates": [ -46.695303864709828, -23.560640571376972 ] } },
{ "type": "Feature", "properties": { "loja_id": "AG09", "peso": 166.481829 }, "geometry": { "type": "Point", "coordinates": [ -46.642615957434735, -23.542089146525512 ] } },
{ "type": "Feature", "properties": { "loja_id": "AG09", "peso": 48.195364 }, "geometry": { "type": "Point", "coordinates": [ -46.641370720449856, -23.546716768032006 ] } },
{ "type": "Feature", "properties": { "loja_id": "AG04", "peso": 74.890729 }, "geometry": { "type": "Point", "coordinates": [ -46.636653449052496, -23.594455355263072 ] } },
{ "type": "Feature", "properties": { "loja_id": "AG11", "peso": 83.67582 }, "geometry": { "type": "Point", "coordinates": [ -46.70728095041553, -23.523224286031205 ] } },
{ "type": "Feature", "properties": { "loja_id": "AG09", "peso": 57.668471 }, "geometry": { "type": "Point", "coordinates": [ -46.640070475084471, -23.543759519706676 ] } },
{ "type": "Feature", "properties": { "loja_id": "AG01", "peso": 74.890729 }, "geometry": { "type": "Point", "coordinates": [ -46.680027849625901, -23.58494396799669 ] } },
{ "type": "Feature", "properties": { "loja_id": "AG04", "peso": 57.668471 }, "geometry": { "type": "Point", "coordinates": [ -46.633855402396264, -23.594015247169647 ] } },
{ "type": "Feature", "properties": { "loja_id": "AG02", "peso": 74.890729 }, "geometry": { "type": "Point", "coordinates": [ -46.655807028900682, -23.562231191791316 ] } },
{ "type": "Feature", "properties": { "loja_id": "AG09", "peso": 83.67582 }, "geometry": { "type": "Point", "coordinates": [ -46.644722736180213, -23.547674685588088 ] } },
{ "type": "Feature", "properties": { "loja_id": "AG09", "peso": 91.782707 }, "geometry": { "type": "Point", "coordinates": [ -46.637205185511775, -23.547293461855524 ] } },
{ "type": "Feature", "properties": { "loja_id": "AG09", "peso": 48.195364 }, "geometry": { "type": "Point", "coordinates": [ -46.647332377529032, -23.548793908565955 ] } },
{ "type": "Feature", "properties": { "loja_id": "AG04", "peso": 163.142853 }, "geometry": { "type": "Point", "coordinates": [ -46.630789949006136, -23.590173484860035 ] } },
{ "type": "Feature", "properties": { "loja_id": "AG09", "peso": 64.239013 }, "geometry": { "type": "Point", "coordinates": [ -46.648989524418532, -23.542653828390748 ] } },
{ "type": "Feature", "properties": { "loja_id": "AG04", "peso": 87.268094 }, "geometry": { "type": "Point", "coordinates": [ -46.625946318749875, -23.592292204626148 ] } },
{ "type": "Feature", "properties": { "loja_id": "AG04", "peso": 77.347874 }, "geometry": { "type": "Point", "coordinates": [ -46.633398389341195, -23.585594819653995 ] } },
{ "type": "Feature", "properties": { "loja_id": "AG04", "peso": 64.239013 }, "geometry": { "type": "Point", "coordinates": [ -46.628026126983059, -23.594085500662828 ] } },
{ "type": "Feature", "properties": { "loja_id": "AG04", "peso": 106.065624 }, "geometry": { "type": "Point", "coordinates": [ -46.625513931023647, -23.589009706923267 ] } },
{ "type": "Feature", "properties": { "loja_id": "AG11", "peso": 68.013705 }, "geometry": { "type": "Point", "coordinates": [ -46.703628808129281, -23.525557953559019 ] } },
{ "type": "Feature", "properties": { "loja_id": "AG04", "peso": 68.013705 }, "geometry": { "type": "Point", "coordinates": [ -46.629086974051233, -23.591916139986441 ] } },
{ "type": "Feature", "properties": { "loja_id": "AG01", "peso": 68.013705 }, "geometry": { "type": "Point", "coordinates": [ -46.68285679427872, -23.586276891930584 ] } },
{ "type": "Feature", "properties": { "loja_id": "AG03", "peso": 64.239013 }, "geometry": { "type": "Point", "coordinates": [ -46.688397682238268, -23.575191007437191 ] } },
{ "type": "Feature", "properties": { "loja_id": "AG09", "peso": 58.717421 }, "geometry": { "type": "Point", "coordinates": [ -46.639258738281598, -23.54543868108529 ] } },
{ "type": "Feature", "properties": { "loja_id": "AG04", "peso": 87.268094 }, "geometry": { "type": "Point", "coordinates": [ -46.627458174708849, -23.588555892657027 ] } },
{ "type": "Feature", "properties": { "loja_id": "AG03", "peso": 46.672269 }, "geometry": { "type": "Point", "coordinates": [ -46.691278526747496, -23.570644626699615 ] } },
{ "type": "Feature", "properties": { "loja_id": "AG11", "peso": 155.143278 }, "geometry": { "type": "Point", "coordinates": [ -46.704771419853436, -23.521508982762253 ] } },
{ "type": "Feature", "properties": { "loja_id": "AG04", "peso": 155.143278 }, "geometry": { "type": "Point", "coordinates": [ -46.62748203155121, -23.592872116563626 ] } },
{ "type": "Feature", "properties": { "loja_id": "AG04", "peso": 163.142853 }, "geometry": { "type": "Point", "coordinates": [ -46.625946318749875, -23.592292204626148 ] } },
{ "type": "Feature", "properties": { "loja_id": "AG02", "peso": 138.659304 }, "geometry": { "type": "Point", "coordinates": [ -46.657762543300144, -23.555690530317367 ] } },
{ "type": "Feature", "properties": { "loja_id": "AG04", "peso": 77.347874 }, "geometry": { "type": "Point", "coordinates": [ -46.628487230432427, -23.591750854928293 ] } },
{ "type": "Feature", "properties": { "loja_id": "AG11", "peso": 77.347874 }, "geometry": { "type": "Point", "coordinates": [ -46.707886628243202, -23.524626336240079 ] } },
{ "type": "Feature", "properties": { "loja_id": "AG04", "peso": 155.143278 }, "geometry": { "type": "Point", "coordinates": [ -46.628487230432427, -23.591750854928293 ] } },
{ "type": "Feature", "properties": { "loja_id": "AG04", "peso": 87.268094 }, "geometry": { "type": "Point", "coordinates": [ -46.640159704620146, -23.589596212913378 ] } },
{ "type": "Feature", "properties": { "loja_id": "AG03", "peso": 64.239013 }, "geometry": { "type": "Point", "coordinates": [ -46.69851011931609, -23.567730309744942 ] } },
{ "type": "Feature", "properties": { "loja_id": "AG04", "peso": 155.143278 }, "geometry": { "type": "Point", "coordinates": [ -46.627302803696409, -23.595023200746539 ] } },
{ "type": "Feature", "properties": { "loja_id": "AG04", "peso": 163.142853 }, "geometry": { "type": "Point", "coordinates": [ -46.625800819609523, -23.590027126446795 ] } },
{ "type": "Feature", "properties": { "loja_id": "AG04", "peso": 77.347874 }, "geometry": { "type": "Point", "coordinates": [ -46.625800819609523, -23.590027126446795 ] } },
{ "type": "Feature", "properties": { "loja_id": "AG04", "peso": 68.013705 }, "geometry": { "type": "Point", "coordinates": [ -46.625800819609523, -23.590027126446795 ] } },
{ "type": "Feature", "properties": { "loja_id": "AG08", "peso": 64.239013 }, "geometry": { "type": "Point", "coordinates": [ -46.690676383026513, -23.608514320730592 ] } },
{ "type": "Feature", "properties": { "loja_id": "AG09", "peso": 46.672269 }, "geometry": { "type": "Point", "coordinates": [ -46.646968217047423, -23.547082015156782 ] } },
{ "type": "Feature", "properties": { "loja_id": "AG04", "peso": 155.143278 }, "geometry": { "type": "Point", "coordinates": [ -46.626783968509358, -23.585528779657693 ] } },
{ "type": "Feature", "properties": { "loja_id": "AG04", "peso": 155.143278 }, "geometry": { "type": "Point", "coordinates": [ -46.627487839677933, -23.594930958776956 ] } },
{ "type": "Feature", "properties": { "loja_id": "AG07", "peso": 68.013705 }, "geometry": { "type": "Point", "coordinates": [ -46.621041379641632, -23.499168352366219 ] } },
{ "type": "Feature", "properties": { "loja_id": "AG01", "peso": 155.143278 }, "geometry": { "type": "Point", "coordinates": [ -46.688871774286525, -23.591566449695101 ] } },
{ "type": "Feature", "properties": { "loja_id": "AG04", "peso": 138.659304 }, "geometry": { "type": "Point", "coordinates": [ -46.630789949006136, -23.590173484860035 ] } },
{ "type": "Feature", "properties": { "loja_id": "AG04", "peso": 155.143278 }, "geometry": { "type": "Point", "coordinates": [ -46.630766860979051, -23.59226874981394 ] } },
{ "type": "Feature", "properties": { "loja_id": "AG04", "peso": 77.347874 }, "geometry": { "type": "Point", "coordinates": [ -46.629086974051233, -23.591916139986441 ] } },
{ "type": "Feature", "properties": { "loja_id": "AG09", "peso": 68.013705 }, "geometry": { "type": "Point", "coordinates": [ -46.648930989300432, -23.542672509463692 ] } },
{ "type": "Feature", "properties": { "loja_id": "AG09", "peso": 46.672269 }, "geometry": { "type": "Point", "coordinates": [ -46.648930989300432, -23.542672509463692 ] } },
{ "type": "Feature", "properties": { "loja_id": "AG08", "peso": 46.672269 }, "geometry": { "type": "Point", "coordinates": [ -46.698197431954092, -23.611935868795729 ] } },
{ "type": "Feature", "properties": { "loja_id": "AG04", "peso": 281.406214 }, "geometry": { "type": "Point", "coordinates": [ -46.63361996548668, -23.588455083542225 ] } },
{ "type": "Feature", "properties": { "loja_id": "AG02", "peso": 123.449278 }, "geometry": { "type": "Point", "coordinates": [ -46.654757153749074, -23.563660116894646 ] } },
{ "type": "Feature", "properties": { "loja_id": "AG04", "peso": 88.112496 }, "geometry": { "type": "Point", "coordinates": [ -46.632975196602544, -23.587026051574114 ] } },
{ "type": "Feature", "properties": { "loja_id": "AG02", "peso": 88.742668 }, "geometry": { "type": "Point", "coordinates": [ -46.653481965841195, -23.560395713333367 ] } },
{ "type": "Feature", "properties": { "loja_id": "AG04", "peso": 52.204176 }, "geometry": { "type": "Point", "coordinates": [ -46.638471559652196, -23.592521770754139 ] } },
{ "type": "Feature", "properties": { "loja_id": "AG01", "peso": 212.716508 }, "geometry": { "type": "Point", "coordinates": [ -46.682070729125314, -23.589175042804936 ] } },
{ "type": "Feature", "properties": { "loja_id": "AG04", "peso": 379.787599 }, "geometry": { "type": "Point", "coordinates": [ -46.632746033239719, -23.588301728377331 ] } },
{ "type": "Feature", "properties": { "loja_id": "AG09", "peso": 131.097932 }, "geometry": { "type": "Point", "coordinates": [ -46.639017143644388, -23.545703105735289 ] } },
{ "type": "Feature", "properties": { "loja_id": "AG01", "peso": 51.486369 }, "geometry": { "type": "Point", "coordinates": [ -46.682998119785637, -23.583530206234322 ] } },
{ "type": "Feature", "properties": { "loja_id": "AG04", "peso": 52.204176 }, "geometry": { "type": "Point", "coordinates": [ -46.627808380721056, -23.584380231611419 ] } },
{ "type": "Feature", "properties": { "loja_id": "AG04", "peso": 38.288971 }, "geometry": { "type": "Point", "coordinates": [ -46.631797029496113, -23.590000361999291 ] } },
{ "type": "Feature", "properties": { "loja_id": "AG03", "peso": 36.172885 }, "geometry": { "type": "Point", "coordinates": [ -46.697352823785394, -23.569151646561348 ] } },
{ "type": "Feature", "properties": { "loja_id": "AG12", "peso": 36.172885 }, "geometry": { "type": "Point", "coordinates": [ -46.644935490021957, -23.653488504112026 ] } },
{ "type": "Feature", "properties": { "loja_id": "AG04", "peso": 38.288971 }, "geometry": { "type": "Point", "coordinates": [ -46.630751594572978, -23.584692511527575 ] } },
{ "type": "Feature", "properties": { "loja_id": "AG09", "peso": 52.204176 }, "geometry": { "type": "Point", "coordinates": [ -46.634207721228364, -23.544110198305155 ] } },
{ "type": "Feature", "properties": { "loja_id": "AG03", "peso": 293.708319 }, "geometry": { "type": "Point", "coordinates": [ -46.691402857816868, -23.570408490873202 ] } },
{ "type": "Feature", "properties": { "loja_id": "AG09", "peso": 77.710326 }, "geometry": { "type": "Point", "coordinates": [ -46.636648665657901, -23.544274168970428 ] } },
{ "type": "Feature", "properties": { "loja_id": "AG04", "peso": 51.486369 }, "geometry": { "type": "Point", "coordinates": [ -46.632702451673602, -23.58715534257405 ] } },
{ "type": "Feature", "properties": { "loja_id": "AG04", "peso": 36.172885 }, "geometry": { "type": "Point", "coordinates": [ -46.628539122755804, -23.584842146990329 ] } },
{ "type": "Feature", "properties": { "loja_id": "AG09", "peso": 123.449278 }, "geometry": { "type": "Point", "coordinates": [ -46.634610851284691, -23.545027053539574 ] } },
{ "type": "Feature", "properties": { "loja_id": "AG09", "peso": 94.996284 }, "geometry": { "type": "Point", "coordinates": [ -46.643626952388686, -23.538321868676011 ] } },
{ "type": "Feature", "properties": { "loja_id": "AG04", "peso": 77.710326 }, "geometry": { "type": "Point", "coordinates": [ -46.636799784683923, -23.593613999808682 ] } },
{ "type": "Feature", "properties": { "loja_id": "AG04", "peso": 51.486369 }, "geometry": { "type": "Point", "coordinates": [ -46.632157507021816, -23.589834029294675 ] } },
{ "type": "Feature", "properties": { "loja_id": "AG09", "peso": 123.449278 }, "geometry": { "type": "Point", "coordinates": [ -46.636165325971163, -23.546374284226186 ] } },
{ "type": "Feature", "properties": { "loja_id": "AG03", "peso": 64.605258 }, "geometry": { "type": "Point", "coordinates": [ -46.693762404436171, -23.565714231559621 ] } },
{ "type": "Feature", "properties": { "loja_id": "AG04", "peso": 77.483355 }, "geometry": { "type": "Point", "coordinates": [ -46.630448738753053, -23.594276809643226 ] } },
{ "type": "Feature", "properties": { "loja_id": "AG04", "peso": 54.379486 }, "geometry": { "type": "Point", "coordinates": [ -46.631542574419129, -23.593985382744599 ] } },
{ "type": "Feature", "properties": { "loja_id": "AG04", "peso": 241.86702 }, "geometry": { "type": "Point", "coordinates": [ -46.627896221972748, -23.585146885316814 ] } },
{ "type": "Feature", "properties": { "loja_id": "AG09", "peso": 105.197285 }, "geometry": { "type": "Point", "coordinates": [ -46.634640438689033, -23.547419773573566 ] } },
{ "type": "Feature", "properties": { "loja_id": "AG04", "peso": 105.197285 }, "geometry": { "type": "Point", "coordinates": [ -46.63663894591194, -23.594076237697227 ] } },
{ "type": "Feature", "properties": { "loja_id": "AG08", "peso": 105.197285 }, "geometry": { "type": "Point", "coordinates": [ -46.693240275295857, -23.605948925833207 ] } },
{ "type": "Feature", "properties": { "loja_id": "AG03", "peso": 67.86579 }, "geometry": { "type": "Point", "coordinates": [ -46.696016532426668, -23.5718933219067 ] } },
{ "type": "Feature", "properties": { "loja_id": "AG04", "peso": 117.557037 }, "geometry": { "type": "Point", "coordinates": [ -46.633065218323424, -23.59508912961434 ] } },
{ "type": "Feature", "properties": { "loja_id": "AG04", "peso": 51.855199 }, "geometry": { "type": "Point", "coordinates": [ -46.630448738753053, -23.594276809643226 ] } },
{ "type": "Feature", "properties": { "loja_id": "AG08", "peso": 106.448382 }, "geometry": { "type": "Point", "coordinates": [ -46.695674546543657, -23.613119300257946 ] } },
{ "type": "Feature", "properties": { "loja_id": "AG04", "peso": 54.379486 }, "geometry": { "type": "Point", "coordinates": [ -46.635835286571705, -23.591691688924293 ] } },
{ "type": "Feature", "properties": { "loja_id": "AG04", "peso": 51.855199 }, "geometry": { "type": "Point", "coordinates": [ -46.632451190288265, -23.596937758858665 ] } },
{ "type": "Feature", "properties": { "loja_id": "AG01", "peso": 147.573576 }, "geometry": { "type": "Point", "coordinates": [ -46.685341234117551, -23.592083399820861 ] } },
{ "type": "Feature", "properties": { "loja_id": "AG02", "peso": 63.936159 }, "geometry": { "type": "Point", "coordinates": [ -46.653475036443162, -23.563755032728356 ] } },
{ "type": "Feature", "properties": { "loja_id": "AG04", "peso": 77.483355 }, "geometry": { "type": "Point", "coordinates": [ -46.633492997753038, -23.591653131822216 ] } },
{ "type": "Feature", "properties": { "loja_id": "AG04", "peso": 147.573576 }, "geometry": { "type": "Point", "coordinates": [ -46.634518745794182, -23.596148436554714 ] } },
{ "type": "Feature", "properties": { "loja_id": "AG04", "peso": 75.831258 }, "geometry": { "type": "Point", "coordinates": [ -46.633492997753038, -23.591653131822216 ] } },
{ "type": "Feature", "properties": { "loja_id": "AG01", "peso": 77.483355 }, "geometry": { "type": "Point", "coordinates": [ -46.680402439550058, -23.588199789269979 ] } },
{ "type": "Feature", "properties": { "loja_id": "AG04", "peso": 63.936159 }, "geometry": { "type": "Point", "coordinates": [ -46.630781038611751, -23.593415444933566 ] } },
{ "type": "Feature", "properties": { "loja_id": "AG04", "peso": 75.831258 }, "geometry": { "type": "Point", "coordinates": [ -46.630781038611751, -23.593415444933566 ] } },
{ "type": "Feature", "properties": { "loja_id": "AG04", "peso": 77.483355 }, "geometry": { "type": "Point", "coordinates": [ -46.634259908787058, -23.598191998023331 ] } },
{ "type": "Feature", "properties": { "loja_id": "AG03", "peso": 64.605258 }, "geometry": { "type": "Point", "coordinates": [ -46.694075129405789, -23.567182729232456 ] } },
{ "type": "Feature", "properties": { "loja_id": "AG04", "peso": 147.573576 }, "geometry": { "type": "Point", "coordinates": [ -46.634787352059526, -23.598845653720502 ] } },
{ "type": "Feature", "properties": { "loja_id": "AG04", "peso": 64.605258 }, "geometry": { "type": "Point", "coordinates": [ -46.634787352059526, -23.598845653720502 ] } },
{ "type": "Feature", "properties": { "loja_id": "AG04", "peso": 241.86702 }, "geometry": { "type": "Point", "coordinates": [ -46.634224599167297, -23.596133472098202 ] } },
{ "type": "Feature", "properties": { "loja_id": "AG04", "peso": 75.831258 }, "geometry": { "type": "Point", "coordinates": [ -46.632245592674828, -23.595368655074868 ] } },
{ "type": "Feature", "properties": { "loja_id": "AG01", "peso": 64.605258 }, "geometry": { "type": "Point", "coordinates": [ -46.679578798651683, -23.585842806439068 ] } },
{ "type": "Feature", "properties": { "loja_id": "AG04", "peso": 105.197285 }, "geometry": { "type": "Point", "coordinates": [ -46.634234396595083, -23.596133368984056 ] } },
{ "type": "Feature", "properties": { "loja_id": "AG09", "peso": 51.855199 }, "geometry": { "type": "Point", "coordinates": [ -46.645596972796547, -23.536856197170987 ] } },
{ "type": "Feature", "properties": { "loja_id": "AG04", "peso": 147.573576 }, "geometry": { "type": "Point", "coordinates": [ -46.634425197677018, -23.595715969105054 ] } },
{ "type": "Feature", "properties": { "loja_id": "AG04", "peso": 117.557037 }, "geometry": { "type": "Point", "coordinates": [ -46.634787352059526, -23.598845653720502 ] } },
{ "type": "Feature", "properties": { "loja_id": "AG08", "peso": 147.573576 }, "geometry": { "type": "Point", "coordinates": [ -46.693032721455793, -23.605048183806101 ] } },
{ "type": "Feature", "properties": { "loja_id": "AG09", "peso": 20.396496 }, "geometry": { "type": "Point", "coordinates": [ -46.637205185511775, -23.547293461855524 ] } },
{ "type": "Feature", "properties": { "loja_id": "AG09", "peso": 20.396496 }, "geometry": { "type": "Point", "coordinates": [ -46.637205185511775, -23.547293461855524 ] } },
{ "type": "Feature", "properties": { "loja_id": "AG04", "peso": 34.940946 }, "geometry": { "type": "Point", "coordinates": [ -46.640649550211492, -23.589591039078101 ] } },
{ "type": "Feature", "properties": { "loja_id": "AG04", "peso": 13.410384 }, "geometry": { "type": "Point", "coordinates": [ -46.637741115600143, -23.597613503072441 ] } },
{ "type": "Feature", "properties": { "loja_id": "AG04", "peso": 43.725047 }, "geometry": { "type": "Point", "coordinates": [ -46.63741297649873, -23.597228663429146 ] } },
{ "type": "Feature", "properties": { "loja_id": "AG15", "peso": 12.471037 }, "geometry": { "type": "Point", "coordinates": [ -46.706551361827088, -23.571398723188331 ] } },
{ "type": "Feature", "properties": { "loja_id": "AG15", "peso": 20.396496 }, "geometry": { "type": "Point", "coordinates": [ -46.706615089619845, -23.576328430414289 ] } },
{ "type": "Feature", "properties": { "loja_id": "AG04", "peso": 12.471037 }, "geometry": { "type": "Point", "coordinates": [ -46.633693570309056, -23.596771177890044 ] } },
{ "type": "Feature", "properties": { "loja_id": "AG09", "peso": 25.600041 }, "geometry": { "type": "Point", "coordinates": [ -46.640866034947116, -23.543146099587805 ] } },
{ "type": "Feature", "properties": { "loja_id": "AG04", "peso": 20.396496 }, "geometry": { "type": "Point", "coordinates": [ -46.625332767699916, -23.592596626657922 ] } },
{ "type": "Feature", "properties": { "loja_id": "AG04", "peso": 12.471037 }, "geometry": { "type": "Point", "coordinates": [ -46.637015147189288, -23.592808037584888 ] } },
{ "type": "Feature", "properties": { "loja_id": "AG04", "peso": 25.600041 }, "geometry": { "type": "Point", "coordinates": [ -46.640712356148583, -23.593852648090053 ] } },
{ "type": "Feature", "properties": { "loja_id": "AG04", "peso": 39.585427 }, "geometry": { "type": "Point", "coordinates": [ -46.6426983709501, -23.588097453978783 ] } },
{ "type": "Feature", "properties": { "loja_id": "AG04", "peso": 65.448525 }, "geometry": { "type": "Point", "coordinates": [ -46.6426983709501, -23.588097453978783 ] } },
{ "type": "Feature", "properties": { "loja_id": "AG04", "peso": 12.471037 }, "geometry": { "type": "Point", "coordinates": [ -46.640727895340333, -23.5872242880831 ] } },
{ "type": "Feature", "properties": { "loja_id": "AG01", "peso": 20.396496 }, "geometry": { "type": "Point", "coordinates": [ -46.681932924625102, -23.594504299709399 ] } },
{ "type": "Feature", "properties": { "loja_id": "AG04", "peso": 12.471037 }, "geometry": { "type": "Point", "coordinates": [ -46.642041354887176, -23.595924584046916 ] } },
{ "type": "Feature", "properties": { "loja_id": "AG02", "peso": 25.600041 }, "geometry": { "type": "Point", "coordinates": [ -46.654813048654454, -23.56264813663925 ] } },
{ "type": "Feature", "properties": { "loja_id": "AG04", "peso": 47.21411 }, "geometry": { "type": "Point", "coordinates": [ -46.643135520857754, -23.594874533423198 ] } },
{ "type": "Feature", "properties": { "loja_id": "AG15", "peso": 12.471037 }, "geometry": { "type": "Point", "coordinates": [ -46.706458710260613, -23.576357238154628 ] } },
{ "type": "Feature", "properties": { "loja_id": "AG04", "peso": 20.396496 }, "geometry": { "type": "Point", "coordinates": [ -46.636653449052496, -23.594455355263072 ] } },
{ "type": "Feature", "properties": { "loja_id": "AG04", "peso": 39.585427 }, "geometry": { "type": "Point", "coordinates": [ -46.637744031184816, -23.597848258587366 ] } },
{ "type": "Feature", "properties": { "loja_id": "AG07", "peso": 25.600041 }, "geometry": { "type": "Point", "coordinates": [ -46.623497368480109, -23.501427462087655 ] } },
{ "type": "Feature", "properties": { "loja_id": "AG09", "peso": 39.585427 }, "geometry": { "type": "Point", "coordinates": [ -46.639349008484793, -23.545609305179067 ] } },
{ "type": "Feature", "properties": { "loja_id": "AG04", "peso": 58.285005 }, "geometry": { "type": "Point", "coordinates": [ -46.643376290326749, -23.594537867121563 ] } },
{ "type": "Feature", "properties": { "loja_id": "AG09", "peso": 25.600041 }, "geometry": { "type": "Point", "coordinates": [ -46.634747056068129, -23.541783741325396 ] } },
{ "type": "Feature", "properties": { "loja_id": "AG04", "peso": 25.600041 }, "geometry": { "type": "Point", "coordinates": [ -46.634504960201966, -23.598198448789866 ] } },
{ "type": "Feature", "properties": { "loja_id": "AG04", "peso": 39.585427 }, "geometry": { "type": "Point", "coordinates": [ -46.640280688889455, -23.594597687750685 ] } },
{ "type": "Feature", "properties": { "loja_id": "AG09", "peso": 58.285005 }, "geometry": { "type": "Point", "coordinates": [ -46.6397929984999, -23.541920265443029 ] } },
{ "type": "Feature", "properties": { "loja_id": "AG12", "peso": 39.28307 }, "geometry": { "type": "Point", "coordinates": [ -46.644935490021957, -23.653488504112026 ] } },
{ "type": "Feature", "properties": { "loja_id": "AG03", "peso": 63.603376 }, "geometry": { "type": "Point", "coordinates": [ -46.702369282574651, -23.565403477826173 ] } },
{ "type": "Feature", "properties": { "loja_id": "AG08", "peso": 39.585427 }, "geometry": { "type": "Point", "coordinates": [ -46.693400305890904, -23.609252180625845 ] } },
{ "type": "Feature", "properties": { "loja_id": "AG06", "peso": 39.585427 }, "geometry": { "type": "Point", "coordinates": [ -46.576759692943469, -23.535013470761545 ] } },
{ "type": "Feature", "properties": { "loja_id": "AG04", "peso": 39.28307 }, "geometry": { "type": "Point", "coordinates": [ -46.6388759809359, -23.584850823384585 ] } },
{ "type": "Feature", "properties": { "loja_id": "AG10", "peso": 39.585427 }, "geometry": { "type": "Point", "coordinates": [ -46.683769564052845, -23.532600890374738 ] } },
{ "type": "Feature", "properties": { "loja_id": "AG09", "peso": 63.603376 }, "geometry": { "type": "Point", "coordinates": [ -46.641251666977674, -23.545805965647379 ] } },
{ "type": "Feature", "properties": { "loja_id": "AG12", "peso": 39.585427 }, "geometry": { "type": "Point", "coordinates": [ -46.645645968423636, -23.647593297580876 ] } },
{ "type": "Feature", "properties": { "loja_id": "AG04", "peso": 25.600041 }, "geometry": { "type": "Point", "coordinates": [ -46.639241997222712, -23.596170887400646 ] } },
{ "type": "Feature", "properties": { "loja_id": "AG04", "peso": 20.396496 }, "geometry": { "type": "Point", "coordinates": [ -46.636800232889989, -23.593650116077857 ] } },
{ "type": "Feature", "properties": { "loja_id": "AG04", "peso": 47.21411 }, "geometry": { "type": "Point", "coordinates": [ -46.641264194657666, -23.596465584156451 ] } },
{ "type": "Feature", "properties": { "loja_id": "AG04", "peso": 20.396496 }, "geometry": { "type": "Point", "coordinates": [ -46.636570129475707, -23.592478608817128 ] } },
{ "type": "Feature", "properties": { "loja_id": "AG09", "peso": 20.396496 }, "geometry": { "type": "Point", "coordinates": [ -46.646466010965149, -23.540576506842516 ] } },
{ "type": "Feature", "properties": { "loja_id": "AG01", "peso": 156.534255 }, "geometry": { "type": "Point", "coordinates": [ -46.684662833380443, -23.592668687121495 ] } },
{ "type": "Feature", "properties": { "loja_id": "AG15", "peso": 47.846377 }, "geometry": { "type": "Point", "coordinates": [ -46.704632891434194, -23.572286665331379 ] } },
{ "type": "Feature", "properties": { "loja_id": "AG09", "peso": 44.326218 }, "geometry": { "type": "Point", "coordinates": [ -46.635295247753874, -23.546509859405035 ] } },
{ "type": "Feature", "properties": { "loja_id": "AG04", "peso": 156.534255 }, "geometry": { "type": "Point", "coordinates": [ -46.640412461695256, -23.587859736890717 ] } },
{ "type": "Feature", "properties": { "loja_id": "AG04", "peso": 96.850702 }, "geometry": { "type": "Point", "coordinates": [ -46.636504485193491, -23.595874674098113 ] } },
{ "type": "Feature", "properties": { "loja_id": "AG09", "peso": 202.984885 }, "geometry": { "type": "Point", "coordinates": [ -46.63927474952807, -23.546729844010457 ] } },
{ "type": "Feature", "properties": { "loja_id": "AG04", "peso": 133.731219 }, "geometry": { "type": "Point", "coordinates": [ -46.640536872026154, -23.588409267669117 ] } },
{ "type": "Feature", "properties": { "loja_id": "AG04", "peso": 116.992165 }, "geometry": { "type": "Point", "coordinates": [ -46.637258152362449, -23.591071668011253 ] } },
{ "type": "Feature", "properties": { "loja_id": "AG04", "peso": 180.41483 }, "geometry": { "type": "Point", "coordinates": [ -46.640998610152451, -23.586932460407656 ] } },
{ "type": "Feature", "properties": { "loja_id": "AG09", "peso": 116.992165 }, "geometry": { "type": "Point", "coordinates": [ -46.636857416824192, -23.547685425275482 ] } },
{ "type": "Feature", "properties": { "loja_id": "AG04", "peso": 97.546323 }, "geometry": { "type": "Point", "coordinates": [ -46.641771699768903, -23.589217971412236 ] } },
{ "type": "Feature", "properties": { "loja_id": "AG04", "peso": 62.48265 }, "geometry": { "type": "Point", "coordinates": [ -46.641047956819918, -23.586173398651479 ] } },
{ "type": "Feature", "properties": { "loja_id": "AG04", "peso": 133.731219 }, "geometry": { "type": "Point", "coordinates": [ -46.641771699768903, -23.589217971412236 ] } },
{ "type": "Feature", "properties": { "loja_id": "AG04", "peso": 264.67637 }, "geometry": { "type": "Point", "coordinates": [ -46.641771699768903, -23.589217971412236 ] } },
{ "type": "Feature", "properties": { "loja_id": "AG04", "peso": 202.984885 }, "geometry": { "type": "Point", "coordinates": [ -46.64264399698407, -23.593173020289559 ] } },
{ "type": "Feature", "properties": { "loja_id": "AG04", "peso": 97.546323 }, "geometry": { "type": "Point", "coordinates": [ -46.637860031741496, -23.591408470997674 ] } },
{ "type": "Feature", "properties": { "loja_id": "AG04", "peso": 133.731219 }, "geometry": { "type": "Point", "coordinates": [ -46.637860031741496, -23.591408470997674 ] } },
{ "type": "Feature", "properties": { "loja_id": "AG04", "peso": 116.992165 }, "geometry": { "type": "Point", "coordinates": [ -46.632879166035146, -23.587975239188641 ] } },
{ "type": "Feature", "properties": { "loja_id": "AG04", "peso": 97.546323 }, "geometry": { "type": "Point", "coordinates": [ -46.642420942154644, -23.591784723799325 ] } },
{ "type": "Feature", "properties": { "loja_id": "AG04", "peso": 202.984885 }, "geometry": { "type": "Point", "coordinates": [ -46.642420942154644, -23.591784723799325 ] } },
{ "type": "Feature", "properties": { "loja_id": "AG04", "peso": 133.731219 }, "geometry": { "type": "Point", "coordinates": [ -46.635546699759239, -23.588172928565708 ] } },
{ "type": "Feature", "properties": { "loja_id": "AG04", "peso": 88.328599 }, "geometry": { "type": "Point", "coordinates": [ -46.639104964699897, -23.588297962311159 ] } },
{ "type": "Feature", "properties": { "loja_id": "AG04", "peso": 132.066943 }, "geometry": { "type": "Point", "coordinates": [ -46.640841189010629, -23.586879942038816 ] } },
{ "type": "Feature", "properties": { "loja_id": "AG04", "peso": 122.263736 }, "geometry": { "type": "Point", "coordinates": [ -46.633361282779475, -23.582597160498953 ] } },
{ "type": "Feature", "properties": { "loja_id": "AG01", "peso": 133.666873 }, "geometry": { "type": "Point", "coordinates": [ -46.684207557474366, -23.580799034095214 ] } },
{ "type": "Feature", "properties": { "loja_id": "AG02", "peso": 149.84071 }, "geometry": { "type": "Point", "coordinates": [ -46.655602418868668, -23.561538043918251 ] } },
{ "type": "Feature", "properties": { "loja_id": "AG08", "peso": 88.328599 }, "geometry": { "type": "Point", "coordinates": [ -46.697330651969864, -23.608550055685239 ] } },
{ "type": "Feature", "properties": { "loja_id": "AG09", "peso": 132.066943 }, "geometry": { "type": "Point", "coordinates": [ -46.647364627222885, -23.540377357172261 ] } },
{ "type": "Feature", "properties": { "loja_id": "AG07", "peso": 54.375241 }, "geometry": { "type": "Point", "coordinates": [ -46.624857270763755, -23.498938955801091 ] } },
{ "type": "Feature", "properties": { "loja_id": "AG04", "peso": 125.812672 }, "geometry": { "type": "Point", "coordinates": [ -46.639890732742252, -23.580568805231387 ] } },
{ "type": "Feature", "properties": { "loja_id": "AG02", "peso": 67.415229 }, "geometry": { "type": "Point", "coordinates": [ -46.654813048654454, -23.56264813663925 ] } },
{ "type": "Feature", "properties": { "loja_id": "AG04", "peso": 199.554897 }, "geometry": { "type": "Point", "coordinates": [ -46.642761225608083, -23.593144689530181 ] } },
{ "type": "Feature", "properties": { "loja_id": "AG03", "peso": 125.812672 }, "geometry": { "type": "Point", "coordinates": [ -46.702369282574651, -23.565403477826173 ] } },
{ "type": "Feature", "properties": { "loja_id": "AG09", "peso": 133.666873 }, "geometry": { "type": "Point", "coordinates": [ -46.635055283985771, -23.546115048958789 ] } },
{ "type": "Feature", "properties": { "loja_id": "AG08", "peso": 125.812672 }, "geometry": { "type": "Point", "coordinates": [ -46.692921351095819, -23.604769466569881 ] } },
{ "type": "Feature", "properties": { "loja_id": "AG01", "peso": 67.415229 }, "geometry": { "type": "Point", "coordinates": [ -46.675230905122298, -23.587569365702571 ] } },
{ "type": "Feature", "properties": { "loja_id": "AG15", "peso": 88.328599 }, "geometry": { "type": "Point", "coordinates": [ -46.71732779940222, -23.56839942784995 ] } },
{ "type": "Feature", "properties": { "loja_id": "AG02", "peso": 67.415229 }, "geometry": { "type": "Point", "coordinates": [ -46.654415531381986, -23.56297745615262 ] } },
{ "type": "Feature", "properties": { "loja_id": "AG04", "peso": 133.666873 }, "geometry": { "type": "Point", "coordinates": [ -46.634227397554781, -23.590823651858877 ] } },
{ "type": "Feature", "properties": { "loja_id": "AG08", "peso": 140.482002 }, "geometry": { "type": "Point", "coordinates": [ -46.692548979575236, -23.604005971860811 ] } },
{ "type": "Feature", "properties": { "loja_id": "AG02", "peso": 151.18627 }, "geometry": { "type": "Point", "coordinates": [ -46.655790968191063, -23.559386842157807 ] } },
{ "type": "Feature", "properties": { "loja_id": "AG04", "peso": 112.590311 }, "geometry": { "type": "Point", "coordinates": [ -46.633558195161307, -23.596917086242357 ] } },
{ "type": "Feature", "properties": { "loja_id": "AG01", "peso": 107.266398 }, "geometry": { "type": "Point", "coordinates": [ -46.680394823956789, -23.580677780020999 ] } },
{ "type": "Feature", "properties": { "loja_id": "AG01", "peso": 59.515238 }, "geometry": { "type": "Point", "coordinates": [ -46.685662316975915, -23.579636431855466 ] } },
{ "type": "Feature", "properties": { "loja_id": "AG03", "peso": 151.18627 }, "geometry": { "type": "Point", "coordinates": [ -46.696016532426668, -23.5718933219067 ] } },
{ "type": "Feature", "properties": { "loja_id": "AG09", "peso": 59.515238 }, "geometry": { "type": "Point", "coordinates": [ -46.640770484183115, -23.54886327917912 ] } },
{ "type": "Feature", "properties": { "loja_id": "AG03", "peso": 112.590311 }, "geometry": { "type": "Point", "coordinates": [ -46.702339083492319, -23.56534059808217 ] } },
{ "type": "Feature", "properties": { "loja_id": "AG02", "peso": 107.266398 }, "geometry": { "type": "Point", "coordinates": [ -46.653504082131917, -23.56372763306663 ] } },
{ "type": "Feature", "properties": { "loja_id": "AG09", "peso": 112.590311 }, "geometry": { "type": "Point", "coordinates": [ -46.64075091373499, -23.546497550935129 ] } },
{ "type": "Feature", "properties": { "loja_id": "AG02", "peso": 86.80713 }, "geometry": { "type": "Point", "coordinates": [ -46.656771220948563, -23.561001838462811 ] } },
{ "type": "Feature", "properties": { "loja_id": "AG03", "peso": 107.664485 }, "geometry": { "type": "Point", "coordinates": [ -46.694432446292673, -23.566781509825258 ] } },
{ "type": "Feature", "properties": { "loja_id": "AG01", "peso": 112.590311 }, "geometry": { "type": "Point", "coordinates": [ -46.688724099991539, -23.590746317549677 ] } },
{ "type": "Feature", "properties": { "loja_id": "AG04", "peso": 151.18627 }, "geometry": { "type": "Point", "coordinates": [ -46.633714957888664, -23.589004930424068 ] } },
{ "type": "Feature", "properties": { "loja_id": "AG01", "peso": 112.590311 }, "geometry": { "type": "Point", "coordinates": [ -46.682998119785637, -23.583530206234322 ] } },
{ "type": "Feature", "properties": { "loja_id": "AG05", "peso": 112.590311 }, "geometry": { "type": "Point", "coordinates": [ -46.600538771277343, -23.559965509493402 ] } },
{ "type": "Feature", "properties": { "loja_id": "AG05", "peso": 198.754068 }, "geometry": { "type": "Point", "coordinates": [ -46.600538771277343, -23.559965509493402 ] } },
{ "type": "Feature", "properties": { "loja_id": "AG01", "peso": 198.754068 }, "geometry": { "type": "Point", "coordinates": [ -46.685273108821072, -23.591352701133911 ] } },
{ "type": "Feature", "properties": { "loja_id": "AG02", "peso": 59.515238 }, "geometry": { "type": "Point", "coordinates": [ -46.654813048654454, -23.56264813663925 ] } },
{ "type": "Feature", "properties": { "loja_id": "AG02", "peso": 170.574321 }, "geometry": { "type": "Point", "coordinates": [ -46.650950899664807, -23.556964031521751 ] } },
{ "type": "Feature", "properties": { "loja_id": "AG02", "peso": 198.754068 }, "geometry": { "type": "Point", "coordinates": [ -46.655861680621591, -23.559557663278333 ] } },
{ "type": "Feature", "properties": { "loja_id": "AG02", "peso": 112.590311 }, "geometry": { "type": "Point", "coordinates": [ -46.653475036443162, -23.563755032728356 ] } },
{ "type": "Feature", "properties": { "loja_id": "AG04", "peso": 215.790471 }, "geometry": { "type": "Point", "coordinates": [ -46.633002980663683, -23.59718480384883 ] } },
{ "type": "Feature", "properties": { "loja_id": "AG03", "peso": 46.735173 }, "geometry": { "type": "Point", "coordinates": [ -46.689524759520481, -23.560676398574763 ] } },
{ "type": "Feature", "properties": { "loja_id": "AG01", "peso": 112.158443 }, "geometry": { "type": "Point", "coordinates": [ -46.68616366921345, -23.582069120282473 ] } },
{ "type": "Feature", "properties": { "loja_id": "AG04", "peso": 176.331642 }, "geometry": { "type": "Point", "coordinates": [ -46.630340808126547, -23.592679585332803 ] } },
{ "type": "Feature", "properties": { "loja_id": "AG04", "peso": 176.331642 }, "geometry": { "type": "Point", "coordinates": [ -46.630340808126547, -23.592679585332803 ] } },
{ "type": "Feature", "properties": { "loja_id": "AG03", "peso": 138.465552 }, "geometry": { "type": "Point", "coordinates": [ -46.69851011931609, -23.567730309744942 ] } },
{ "type": "Feature", "properties": { "loja_id": "AG04", "peso": 105.926234 }, "geometry": { "type": "Point", "coordinates": [ -46.637985012160613, -23.581744782955997 ] } },
{ "type": "Feature", "properties": { "loja_id": "AG02", "peso": 186.446952 }, "geometry": { "type": "Point", "coordinates": [ -46.656771220948563, -23.561001838462811 ] } },
{ "type": "Feature", "properties": { "loja_id": "AG04", "peso": 108.942382 }, "geometry": { "type": "Point", "coordinates": [ -46.637999449133815, -23.595533822472035 ] } },
{ "type": "Feature", "properties": { "loja_id": "AG15", "peso": 128.611096 }, "geometry": { "type": "Point", "coordinates": [ -46.717012482514455, -23.568258431492524 ] } },
{ "type": "Feature", "properties": { "loja_id": "AG04", "peso": 186.446952 }, "geometry": { "type": "Point", "coordinates": [ -46.633331425447871, -23.588891570849441 ] } },
{ "type": "Feature", "properties": { "loja_id": "AG01", "peso": 616.434107 }, "geometry": { "type": "Point", "coordinates": [ -46.682260246580228, -23.586364625115966 ] } },
{ "type": "Feature", "properties": { "loja_id": "AG09", "peso": 203.459587 }, "geometry": { "type": "Point", "coordinates": [ -46.63652717686697, -23.540789750049687 ] } },
{ "type": "Feature", "properties": { "loja_id": "AG01", "peso": 139.828005 }, "geometry": { "type": "Point", "coordinates": [ -46.674603573199391, -23.584460732906795 ] } },
{ "type": "Feature", "properties": { "loja_id": "AG08", "peso": 359.677878 }, "geometry": { "type": "Point", "coordinates": [ -46.694170691143412, -23.608196287327978 ] } },
{ "type": "Feature", "properties": { "loja_id": "AG09", "peso": 350.118287 }, "geometry": { "type": "Point", "coordinates": [ -46.641115992767148, -23.550656659548601 ] } },
{ "type": "Feature", "properties": { "loja_id": "AG01", "peso": 240.503845 }, "geometry": { "type": "Point", "coordinates": [ -46.681747989246539, -23.590758807467491 ] } },
{ "type": "Feature", "properties": { "loja_id": "AG01", "peso": 240.503845 }, "geometry": { "type": "Point", "coordinates": [ -46.681747989246539, -23.590758807467491 ] } },
{ "type": "Feature", "properties": { "loja_id": "AG12", "peso": 408.9269 }, "geometry": { "type": "Point", "coordinates": [ -46.645287140440317, -23.647118507661268 ] } },
{ "type": "Feature", "properties": { "loja_id": "AG12", "peso": 419.683455 }, "geometry": { "type": "Point", "coordinates": [ -46.645287140440317, -23.647118507661268 ] } },
{ "type": "Feature", "properties": { "loja_id": "AG04", "peso": 779.183539 }, "geometry": { "type": "Point", "coordinates": [ -46.634607322528403, -23.588273120348834 ] } },
{ "type": "Feature", "properties": { "loja_id": "AG04", "peso": 384.146819 }, "geometry": { "type": "Point", "coordinates": [ -46.634607322528403, -23.588273120348834 ] } },
{ "type": "Feature", "properties": { "loja_id": "AG12", "peso": 292.668275 }, "geometry": { "type": "Point", "coordinates": [ -46.634170632598888, -23.647868205489011 ] } },
{ "type": "Feature", "properties": { "loja_id": "AG03", "peso": 350.118287 }, "geometry": { "type": "Point", "coordinates": [ -46.697936912029512, -23.573434554217947 ] } },
{ "type": "Feature", "properties": { "loja_id": "AG09", "peso": 408.9269 }, "geometry": { "type": "Point", "coordinates": [ -46.644769742077052, -23.545154741987332 ] } },
{ "type": "Feature", "properties": { "loja_id": "AG08", "peso": 545.207894 }, "geometry": { "type": "Point", "coordinates": [ -46.693084029774774, -23.605228225389762 ] } },
{ "type": "Feature", "properties": { "loja_id": "AG01", "peso": 117.948682 }, "geometry": { "type": "Point", "coordinates": [ -46.681017585804973, -23.591877419108599 ] } },
{ "type": "Feature", "properties": { "loja_id": "AG04", "peso": 799.243167 }, "geometry": { "type": "Point", "coordinates": [ -46.638720601228414, -23.59363889312209 ] } },
{ "type": "Feature", "properties": { "loja_id": "AG04", "peso": 476.933221 }, "geometry": { "type": "Point", "coordinates": [ -46.632451190288265, -23.596937758858665 ] } },
{ "type": "Feature", "properties": { "loja_id": "AG03", "peso": 240.503845 }, "geometry": { "type": "Point", "coordinates": [ -46.69835483371974, -23.567081840780808 ] } },
{ "type": "Feature", "properties": { "loja_id": "AG11", "peso": 339.505455 }, "geometry": { "type": "Point", "coordinates": [ -46.70728095041553, -23.523224286031205 ] } },
{ "type": "Feature", "properties": { "loja_id": "AG11", "peso": 168.096178 }, "geometry": { "type": "Point", "coordinates": [ -46.70728095041553, -23.523224286031205 ] } },
{ "type": "Feature", "properties": { "loja_id": "AG04", "peso": 103.608626 }, "geometry": { "type": "Point", "coordinates": [ -46.627164045006808, -23.588540913826353 ] } },
{ "type": "Feature", "properties": { "loja_id": "AG04", "peso": 70.041175 }, "geometry": { "type": "Point", "coordinates": [ -46.633063405757539, -23.587819787618585 ] } },
{ "type": "Feature", "properties": { "loja_id": "AG04", "peso": 169.755396 }, "geometry": { "type": "Point", "coordinates": [ -46.638552009799, -23.58085383844454 ] } },
{ "type": "Feature", "properties": { "loja_id": "AG03", "peso": 72.75854 }, "geometry": { "type": "Point", "coordinates": [ -46.696602132428197, -23.574008998867114 ] } },
{ "type": "Feature", "properties": { "loja_id": "AG15", "peso": 70.041175 }, "geometry": { "type": "Point", "coordinates": [ -46.711600001922768, -23.569392709581493 ] } },
{ "type": "Feature", "properties": { "loja_id": "AG02", "peso": 170.049163 }, "geometry": { "type": "Point", "coordinates": [ -46.65600071026828, -23.554237378066126 ] } },
{ "type": "Feature", "properties": { "loja_id": "AG02", "peso": 41.771067 }, "geometry": { "type": "Point", "coordinates": [ -46.655729462699234, -23.562295229568068 ] } },
{ "type": "Feature", "properties": { "loja_id": "AG04", "peso": 43.812063 }, "geometry": { "type": "Point", "coordinates": [ -46.640743535560404, -23.590845249549155 ] } },
{ "type": "Feature", "properties": { "loja_id": "AG01", "peso": 154.323087 }, "geometry": { "type": "Point", "coordinates": [ -46.679748237712751, -23.585299166788595 ] } },
{ "type": "Feature", "properties": { "loja_id": "AG03", "peso": 339.505455 }, "geometry": { "type": "Point", "coordinates": [ -46.693383465571387, -23.562900968732546 ] } },
{ "type": "Feature", "properties": { "loja_id": "AG02", "peso": 1847.946112 }, "geometry": { "type": "Point", "coordinates": [ -46.654605027031934, -23.563246345952212 ] } },
{ "type": "Feature", "properties": { "loja_id": "AG04", "peso": 224.07009 }, "geometry": { "type": "Point", "coordinates": [ -46.639307741280348, -23.586480742498356 ] } },
{ "type": "Feature", "properties": { "loja_id": "AG01", "peso": 133.429827 }, "geometry": { "type": "Point", "coordinates": [ -46.681747989246539, -23.590758807467491 ] } },
{ "type": "Feature", "properties": { "loja_id": "AG04", "peso": 123.192539 }, "geometry": { "type": "Point", "coordinates": [ -46.639788030912321, -23.591225581230006 ] } },
{ "type": "Feature", "properties": { "loja_id": "AG02", "peso": 26.531748 }, "geometry": { "type": "Point", "coordinates": [ -46.657822817056747, -23.560493965234638 ] } },
{ "type": "Feature", "properties": { "loja_id": "AG09", "peso": 36.572642 }, "geometry": { "type": "Point", "coordinates": [ -46.64144428889022, -23.545542054577634 ] } },
{ "type": "Feature", "properties": { "loja_id": "AG03", "peso": 25.571116 }, "geometry": { "type": "Point", "coordinates": [ -46.690655330099638, -23.570940371194268 ] } },
{ "type": "Feature", "properties": { "loja_id": "AG03", "peso": 25.571116 }, "geometry": { "type": "Point", "coordinates": [ -46.690655330099638, -23.570940371194268 ] } },
{ "type": "Feature", "properties": { "loja_id": "AG02", "peso": 45.988363 }, "geometry": { "type": "Point", "coordinates": [ -46.654813048654454, -23.56264813663925 ] } },
{ "type": "Feature", "properties": { "loja_id": "AG03", "peso": 24.868316 }, "geometry": { "type": "Point", "coordinates": [ -46.689349050194899, -23.572977321132509 ] } },
{ "type": "Feature", "properties": { "loja_id": "AG02", "peso": 36.572642 }, "geometry": { "type": "Point", "coordinates": [ -46.658219970041728, -23.567939655289379 ] } },
{ "type": "Feature", "properties": { "loja_id": "AG04", "peso": 29.875445 }, "geometry": { "type": "Point", "coordinates": [ -46.637985012160613, -23.581744782955997 ] } },
{ "type": "Feature", "properties": { "loja_id": "AG02", "peso": 24.868316 }, "geometry": { "type": "Point", "coordinates": [ -46.652154627579833, -23.5576556032543 ] } },
{ "type": "Feature", "properties": { "loja_id": "AG09", "peso": 24.868316 }, "geometry": { "type": "Point", "coordinates": [ -46.639132258357925, -23.544717590661339 ] } },
{ "type": "Feature", "properties": { "loja_id": "AG02", "peso": 45.096348 }, "geometry": { "type": "Point", "coordinates": [ -46.657023051906378, -23.560773398788491 ] } },
{ "type": "Feature", "properties": { "loja_id": "AG01", "peso": 43.237982 }, "geometry": { "type": "Point", "coordinates": [ -46.673857736009893, -23.583592847893566 ] } },
{ "type": "Feature", "properties": { "loja_id": "AG02", "peso": 29.875445 }, "geometry": { "type": "Point", "coordinates": [ -46.655419310294384, -23.562560409343739 ] } },
{ "type": "Feature", "properties": { "loja_id": "AG04", "peso": 32.070087 }, "geometry": { "type": "Point", "coordinates": [ -46.636710375550365, -23.599042119880771 ] } },
{ "type": "Feature", "properties": { "loja_id": "AG01", "peso": 25.571116 }, "geometry": { "type": "Point", "coordinates": [ -46.688871774286525, -23.591566449695101 ] } },
{ "type": "Feature", "properties": { "loja_id": "AG04", "peso": 29.875445 }, "geometry": { "type": "Point", "coordinates": [ -46.635506948134903, -23.589708490910766 ] } },
{ "type": "Feature", "properties": { "loja_id": "AG05", "peso": 25.571116 }, "geometry": { "type": "Point", "coordinates": [ -46.599527534813241, -23.560589984425139 ] } },
{ "type": "Feature", "properties": { "loja_id": "AG02", "peso": 45.096348 }, "geometry": { "type": "Point", "coordinates": [ -46.65368826397215, -23.563572159814054 ] } },
{ "type": "Feature", "properties": { "loja_id": "AG02", "peso": 45.988363 }, "geometry": { "type": "Point", "coordinates": [ -46.65751538245194, -23.559413617124587 ] } },
{ "type": "Feature", "properties": { "loja_id": "AG01", "peso": 23.191493 }, "geometry": { "type": "Point", "coordinates": [ -46.686232735086286, -23.591306164058231 ] } },
{ "type": "Feature", "properties": { "loja_id": "AG04", "peso": 32.070087 }, "geometry": { "type": "Point", "coordinates": [ -46.63802520392737, -23.598396137193678 ] } },
{ "type": "Feature", "properties": { "loja_id": "AG02", "peso": 43.237982 }, "geometry": { "type": "Point", "coordinates": [ -46.655317401694333, -23.562245436747634 ] } },
{ "type": "Feature", "properties": { "loja_id": "AG01", "peso": 14.119898 }, "geometry": { "type": "Point", "coordinates": [ -46.675190093828796, -23.584355077164229 ] } },
{ "type": "Feature", "properties": { "loja_id": "AG01", "peso": 10.001594 }, "geometry": { "type": "Point", "coordinates": [ -46.679037926268613, -23.585686111834836 ] } },
{ "type": "Feature", "properties": { "loja_id": "AG02", "peso": 7.80416 }, "geometry": { "type": "Point", "coordinates": [ -46.653717422623735, -23.56355378914191 ] } },
{ "type": "Feature", "properties": { "loja_id": "AG01", "peso": 10.404135 }, "geometry": { "type": "Point", "coordinates": [ -46.676881965186183, -23.582566915739346 ] } },
{ "type": "Feature", "properties": { "loja_id": "AG04", "peso": 10.934601 }, "geometry": { "type": "Point", "coordinates": [ -46.633772061990534, -23.596779382283987 ] } },
{ "type": "Feature", "properties": { "loja_id": "AG09", "peso": 10.404135 }, "geometry": { "type": "Point", "coordinates": [ -46.637433540885233, -23.545168937956692 ] } },
{ "type": "Feature", "properties": { "loja_id": "AG09", "peso": 10.001594 }, "geometry": { "type": "Point", "coordinates": [ -46.637433540885233, -23.545168937956692 ] } },
{ "type": "Feature", "properties": { "loja_id": "AG01", "peso": 10.934601 }, "geometry": { "type": "Point", "coordinates": [ -46.675098205351588, -23.584834665449538 ] } },
{ "type": "Feature", "properties": { "loja_id": "AG07", "peso": 10.404135 }, "geometry": { "type": "Point", "coordinates": [ -46.622977701525016, -23.499771286166354 ] } },
{ "type": "Feature", "properties": { "loja_id": "AG03", "peso": 10.404135 }, "geometry": { "type": "Point", "coordinates": [ -46.69868654542649, -23.567737411599833 ] } },
{ "type": "Feature", "properties": { "loja_id": "AG02", "peso": 10.110544 }, "geometry": { "type": "Point", "coordinates": [ -46.654543957742, -23.558370672678471 ] } },
{ "type": "Feature", "properties": { "loja_id": "AG02", "peso": 18.710317 }, "geometry": { "type": "Point", "coordinates": [ -46.654543957742, -23.558370672678471 ] } },
{ "type": "Feature", "properties": { "loja_id": "AG01", "peso": 10.001594 }, "geometry": { "type": "Point", "coordinates": [ -46.68046348954541, -23.585300460424275 ] } },
{ "type": "Feature", "properties": { "loja_id": "AG04", "peso": 18.710317 }, "geometry": { "type": "Point", "coordinates": [ -46.641047956819918, -23.586173398651479 ] } },
{ "type": "Feature", "properties": { "loja_id": "AG03", "peso": 10.110544 }, "geometry": { "type": "Point", "coordinates": [ -46.684813565737265, -23.563797775424572 ] } },
{ "type": "Feature", "properties": { "loja_id": "AG08", "peso": 10.404135 }, "geometry": { "type": "Point", "coordinates": [ -46.698479092970729, -23.61326020158458 ] } },
{ "type": "Feature", "properties": { "loja_id": "AG15", "peso": 14.119898 }, "geometry": { "type": "Point", "coordinates": [ -46.709780758170602, -23.577937092895493 ] } },
{ "type": "Feature", "properties": { "loja_id": "AG08", "peso": 135.317505 }, "geometry": { "type": "Point", "coordinates": [ -46.696823188002668, -23.615562915685196 ] } },
{ "type": "Feature", "properties": { "loja_id": "AG03", "peso": 192.986296 }, "geometry": { "type": "Point", "coordinates": [ -46.69851011931609, -23.567730309744942 ] } },
{ "type": "Feature", "properties": { "loja_id": "AG01", "peso": 101.805831 }, "geometry": { "type": "Point", "coordinates": [ -46.683830109493968, -23.583467009171489 ] } },
{ "type": "Feature", "properties": { "loja_id": "AG01", "peso": 101.805831 }, "geometry": { "type": "Point", "coordinates": [ -46.683830109493968, -23.583467009171489 ] } },
{ "type": "Feature", "properties": { "loja_id": "AG04", "peso": 192.986296 }, "geometry": { "type": "Point", "coordinates": [ -46.627302803696409, -23.595023200746539 ] } },
{ "type": "Feature", "properties": { "loja_id": "AG01", "peso": 101.805831 }, "geometry": { "type": "Point", "coordinates": [ -46.690200980032508, -23.590540619343091 ] } },
{ "type": "Feature", "properties": { "loja_id": "AG08", "peso": 101.805831 }, "geometry": { "type": "Point", "coordinates": [ -46.696920978840289, -23.606414414499277 ] } },
{ "type": "Feature", "properties": { "loja_id": "AG03", "peso": 135.317505 }, "geometry": { "type": "Point", "coordinates": [ -46.694924365163075, -23.561601900269626 ] } },
{ "type": "Feature", "properties": { "loja_id": "AG02", "peso": 167.912758 }, "geometry": { "type": "Point", "coordinates": [ -46.654614215638986, -23.558505378401009 ] } },
{ "type": "Feature", "properties": { "loja_id": "AG12", "peso": 101.805831 }, "geometry": { "type": "Point", "coordinates": [ -46.64089069446166, -23.646722627225195 ] } },
{ "type": "Feature", "properties": { "loja_id": "AG01", "peso": 161.571454 }, "geometry": { "type": "Point", "coordinates": [ -46.676687028743096, -23.583417852619785 ] } },
{ "type": "Feature", "properties": { "loja_id": "AG02", "peso": 69.282563 }, "geometry": { "type": "Point", "coordinates": [ -46.654543957742, -23.558370672678471 ] } },
{ "type": "Feature", "properties": { "loja_id": "AG03", "peso": 120.495692 }, "geometry": { "type": "Point", "coordinates": [ -46.699384384272761, -23.566393330851025 ] } },
{ "type": "Feature", "properties": { "loja_id": "AG08", "peso": 167.912758 }, "geometry": { "type": "Point", "coordinates": [ -46.692153719326136, -23.602222328111086 ] } },
{ "type": "Feature", "properties": { "loja_id": "AG04", "peso": 128.841645 }, "geometry": { "type": "Point", "coordinates": [ -46.642567516856211, -23.594112973240552 ] } },
{ "type": "Feature", "properties": { "loja_id": "AG05", "peso": 69.282563 }, "geometry": { "type": "Point", "coordinates": [ -46.607578925906374, -23.552451836968292 ] } },
{ "type": "Feature", "properties": { "loja_id": "AG02", "peso": 128.841645 }, "geometry": { "type": "Point", "coordinates": [ -46.655601996819726, -23.565412013749992 ] } },
{ "type": "Feature", "properties": { "loja_id": "AG01", "peso": 192.986296 }, "geometry": { "type": "Point", "coordinates": [ -46.674591140283958, -23.582709019536978 ] } },
{ "type": "Feature", "properties": { "loja_id": "AG01", "peso": 53.73913 }, "geometry": { "type": "Point", "coordinates": [ -46.690735981356028, -23.590236803095095 ] } },
{ "type": "Feature", "properties": { "loja_id": "AG02", "peso": 124.133333 }, "geometry": { "type": "Point", "coordinates": [ -46.654444576703533, -23.562950056333037 ] } },
{ "type": "Feature", "properties": { "loja_id": "AG01", "peso": 53.73913 }, "geometry": { "type": "Point", "coordinates": [ -46.680217252692238, -23.591353303566748 ] } },
{ "type": "Feature", "properties": { "loja_id": "AG02", "peso": 98.0 }, "geometry": { "type": "Point", "coordinates": [ -46.658898757241801, -23.566604970935131 ] } },
{ "type": "Feature", "properties": { "loja_id": "AG02", "peso": 98.0 }, "geometry": { "type": "Point", "coordinates": [ -46.658898757241801, -23.566604970935131 ] } },
{ "type": "Feature", "properties": { "loja_id": "AG03", "peso": 115.47619 }, "geometry": { "type": "Point", "coordinates": [ -46.688723918071084, -23.574654685875693 ] } },
{ "type": "Feature", "properties": { "loja_id": "AG08", "peso": 53.73913 }, "geometry": { "type": "Point", "coordinates": [ -46.691211817936754, -23.606711504925919 ] } },
{ "type": "Feature", "properties": { "loja_id": "AG01", "peso": 77.368421 }, "geometry": { "type": "Point", "coordinates": [ -46.679981121435013, -23.594353856133388 ] } },
{ "type": "Feature", "properties": { "loja_id": "AG03", "peso": 89.409091 }, "geometry": { "type": "Point", "coordinates": [ -46.693435561010183, -23.566963946774024 ] } },
{ "type": "Feature", "properties": { "loja_id": "AG04", "peso": 115.47619 }, "geometry": { "type": "Point", "coordinates": [ -46.627487839677933, -23.594930958776956 ] } },
{ "type": "Feature", "properties": { "loja_id": "AG04", "peso": 104.956522 }, "geometry": { "type": "Point", "coordinates": [ -46.627302803696409, -23.595023200746539 ] } },
{ "type": "Feature", "properties": { "loja_id": "AG01", "peso": 115.47619 }, "geometry": { "type": "Point", "coordinates": [ -46.685527836197878, -23.592117494990692 ] } },
{ "type": "Feature", "properties": { "loja_id": "AG08", "peso": 93.833333 }, "geometry": { "type": "Point", "coordinates": [ -46.695278279621114, -23.611263440254167 ] } },
{ "type": "Feature", "properties": { "loja_id": "AG02", "peso": 98.0 }, "geometry": { "type": "Point", "coordinates": [ -46.656684597112118, -23.560343555461664 ] } },
{ "type": "Feature", "properties": { "loja_id": "AG02", "peso": 103.055556 }, "geometry": { "type": "Point", "coordinates": [ -46.658559435729607, -23.562987477431978 ] } },
{ "type": "Feature", "properties": { "loja_id": "AG01", "peso": 53.73913 }, "geometry": { "type": "Point", "coordinates": [ -46.681047091512177, -23.591886129829742 ] } },
{ "type": "Feature", "properties": { "loja_id": "AG01", "peso": 53.73913 }, "geometry": { "type": "Point", "coordinates": [ -46.681047091512177, -23.591886129829742 ] } },
{ "type": "Feature", "properties": { "loja_id": "AG04", "peso": 53.73913 }, "geometry": { "type": "Point", "coordinates": [ -46.638552009799, -23.58085383844454 ] } },
{ "type": "Feature", "properties": { "loja_id": "AG01", "peso": 124.133333 }, "geometry": { "type": "Point", "coordinates": [ -46.682098875129128, -23.587540287612303 ] } },
{ "type": "Feature", "properties": { "loja_id": "AG02", "peso": 104.956522 }, "geometry": { "type": "Point", "coordinates": [ -46.657667059700117, -23.559791269101957 ] } },
{ "type": "Feature", "properties": { "loja_id": "AG03", "peso": 53.73913 }, "geometry": { "type": "Point", "coordinates": [ -46.694075129405789, -23.567182729232456 ] } },
{ "type": "Feature", "properties": { "loja_id": "AG08", "peso": 89.409091 }, "geometry": { "type": "Point", "coordinates": [ -46.697107454502671, -23.607197989723225 ] } },
{ "type": "Feature", "properties": { "loja_id": "AG02", "peso": 77.368421 }, "geometry": { "type": "Point", "coordinates": [ -46.655419310294384, -23.562560409343739 ] } },
{ "type": "Feature", "properties": { "loja_id": "AG09", "peso": 103.055556 }, "geometry": { "type": "Point", "coordinates": [ -46.638865482235353, -23.546111067093605 ] } },
{ "type": "Feature", "properties": { "loja_id": "AG08", "peso": 53.73913 }, "geometry": { "type": "Point", "coordinates": [ -46.697107454502671, -23.607197989723225 ] } },
{ "type": "Feature", "properties": { "loja_id": "AG08", "peso": 93.833333 }, "geometry": { "type": "Point", "coordinates": [ -46.693642862812084, -23.606775298970515 ] } },
{ "type": "Feature", "properties": { "loja_id": "AG08", "peso": 98.0 }, "geometry": { "type": "Point", "coordinates": [ -46.691672660622167, -23.601387774606248 ] } },
{ "type": "Feature", "properties": { "loja_id": "AG08", "peso": 115.47619 }, "geometry": { "type": "Point", "coordinates": [ -46.691672660622167, -23.601387774606248 ] } },
{ "type": "Feature", "properties": { "loja_id": "AG04", "peso": 77.368421 }, "geometry": { "type": "Point", "coordinates": [ -46.627842114698737, -23.584732059238362 ] } },
{ "type": "Feature", "properties": { "loja_id": "AG09", "peso": 53.73913 }, "geometry": { "type": "Point", "coordinates": [ -46.648930989300432, -23.542672509463692 ] } },
{ "type": "Feature", "properties": { "loja_id": "AG01", "peso": 98.0 }, "geometry": { "type": "Point", "coordinates": [ -46.681047091512177, -23.591886129829742 ] } },
{ "type": "Feature", "properties": { "loja_id": "AG01", "peso": 37.267507 }, "geometry": { "type": "Point", "coordinates": [ -46.680312890070986, -23.588092396693373 ] } },
{ "type": "Feature", "properties": { "loja_id": "AG09", "peso": 41.614123 }, "geometry": { "type": "Point", "coordinates": [ -46.64425539820261, -23.545539452002689 ] } },
{ "type": "Feature", "properties": { "loja_id": "AG09", "peso": 58.792705 }, "geometry": { "type": "Point", "coordinates": [ -46.637263647681891, -23.544105151175767 ] } },
{ "type": "Feature", "properties": { "loja_id": "AG01", "peso": 23.517082 }, "geometry": { "type": "Point", "coordinates": [ -46.681007788925839, -23.591877525155802 ] } },
{ "type": "Feature", "properties": { "loja_id": "AG04", "peso": 35.858805 }, "geometry": { "type": "Point", "coordinates": [ -46.633871931950083, -23.589021339678183 ] } },
{ "type": "Feature", "properties": { "loja_id": "AG02", "peso": 61.491387 }, "geometry": { "type": "Point", "coordinates": [ -46.655456901481145, -23.556961268491772 ] } },
{ "type": "Feature", "properties": { "loja_id": "AG01", "peso": 37.267507 }, "geometry": { "type": "Point", "coordinates": [ -46.68103717956307, -23.591877207012356 ] } },
{ "type": "Feature", "properties": { "loja_id": "AG02", "peso": 37.267507 }, "geometry": { "type": "Point", "coordinates": [ -46.656461186862522, -23.561276049086811 ] } },
{ "type": "Feature", "properties": { "loja_id": "AG01", "peso": 12.190245 }, "geometry": { "type": "Point", "coordinates": [ -46.680689926217966, -23.582309040192495 ] } },
{ "type": "Feature", "properties": { "loja_id": "AG04", "peso": 23.517082 }, "geometry": { "type": "Point", "coordinates": [ -46.636974488990532, -23.584003969108529 ] } },
{ "type": "Feature", "properties": { "loja_id": "AG02", "peso": 65.608253 }, "geometry": { "type": "Point", "coordinates": [ -46.657882427918025, -23.559779942236759 ] } },
{ "type": "Feature", "properties": { "loja_id": "AG03", "peso": 37.267507 }, "geometry": { "type": "Point", "coordinates": [ -46.701493147710657, -23.568113063511522 ] } },
{ "type": "Feature", "properties": { "loja_id": "AG03", "peso": 37.267507 }, "geometry": { "type": "Point", "coordinates": [ -46.701493147710657, -23.568113063511522 ] } },
{ "type": "Feature", "properties": { "loja_id": "AG01", "peso": 23.517082 }, "geometry": { "type": "Point", "coordinates": [ -46.68105700346262, -23.591895052646425 ] } },
{ "type": "Feature", "properties": { "loja_id": "AG10", "peso": 61.491387 }, "geometry": { "type": "Point", "coordinates": [ -46.682555123943004, -23.540298699195159 ] } },
{ "type": "Feature", "properties": { "loja_id": "AG01", "peso": 23.517082 }, "geometry": { "type": "Point", "coordinates": [ -46.68285679427872, -23.586276891930584 ] } },
{ "type": "Feature", "properties": { "loja_id": "AG03", "peso": 23.517082 }, "geometry": { "type": "Point", "coordinates": [ -46.692738004374604, -23.568335090886769 ] } },
{ "type": "Feature", "properties": { "loja_id": "AG01", "peso": 42.118708 }, "geometry": { "type": "Point", "coordinates": [ -46.680436618307724, -23.594728192201011 ] } },
{ "type": "Feature", "properties": { "loja_id": "AG01", "peso": 23.517082 }, "geometry": { "type": "Point", "coordinates": [ -46.681017585804973, -23.591877419108599 ] } },
{ "type": "Feature", "properties": { "loja_id": "AG01", "peso": 65.608253 }, "geometry": { "type": "Point", "coordinates": [ -46.685462016459304, -23.579295460811785 ] } },
{ "type": "Feature", "properties": { "loja_id": "AG09", "peso": 58.792705 }, "geometry": { "type": "Point", "coordinates": [ -46.639354667106801, -23.546855425702113 ] } },
{ "type": "Feature", "properties": { "loja_id": "AG01", "peso": 67.992756 }, "geometry": { "type": "Point", "coordinates": [ -46.68046348954541, -23.585300460424275 ] } },
{ "type": "Feature", "properties": { "loja_id": "AG04", "peso": 43.075109 }, "geometry": { "type": "Point", "coordinates": [ -46.635779023070718, -23.591105315060261 ] } },
{ "type": "Feature", "properties": { "loja_id": "AG10", "peso": 78.261765 }, "geometry": { "type": "Point", "coordinates": [ -46.679168618413641, -23.535856325550963 ] } },
{ "type": "Feature", "properties": { "loja_id": "AG10", "peso": 37.267507 }, "geometry": { "type": "Point", "coordinates": [ -46.679168618413641, -23.535856325550963 ] } },
{ "type": "Feature", "properties": { "loja_id": "AG01", "peso": 54.223805 }, "geometry": { "type": "Point", "coordinates": [ -46.681066915414391, -23.59190397546238 ] } },
{ "type": "Feature", "properties": { "loja_id": "AG02", "peso": 30.99772 }, "geometry": { "type": "Point", "coordinates": [ -46.654834787605168, -23.562819479493506 ] } },
{ "type": "Feature", "properties": { "loja_id": "AG01", "peso": 46.652013 }, "geometry": { "type": "Point", "coordinates": [ -46.682776242914031, -23.585338632889727 ] } },
{ "type": "Feature", "properties": { "loja_id": "AG03", "peso": 58.480758 }, "geometry": { "type": "Point", "coordinates": [ -46.692886970332765, -23.567728451615814 ] } },
{ "type": "Feature", "properties": { "loja_id": "AG03", "peso": 87.790923 }, "geometry": { "type": "Point", "coordinates": [ -46.688723918071084, -23.574654685875693 ] } },
{ "type": "Feature", "properties": { "loja_id": "AG02", "peso": 51.292789 }, "geometry": { "type": "Point", "coordinates": [ -46.652199337482699, -23.554964116459985 ] } },
{ "type": "Feature", "properties": { "loja_id": "AG02", "peso": 46.652013 }, "geometry": { "type": "Point", "coordinates": [ -46.658522183680077, -23.563141388535922 ] } },
{ "type": "Feature", "properties": { "loja_id": "AG03", "peso": 53.214233 }, "geometry": { "type": "Point", "coordinates": [ -46.688656735093936, -23.574763777295004 ] } },
{ "type": "Feature", "properties": { "loja_id": "AG09", "peso": 58.480758 }, "geometry": { "type": "Point", "coordinates": [ -46.636785505915753, -23.547415273197785 ] } },
{ "type": "Feature", "properties": { "loja_id": "AG01", "peso": 54.223805 }, "geometry": { "type": "Point", "coordinates": [ -46.684028681845533, -23.591348140284005 ] } },
{ "type": "Feature", "properties": { "loja_id": "AG01", "peso": 58.480758 }, "geometry": { "type": "Point", "coordinates": [ -46.682667390206461, -23.590631457205294 ] } },
{ "type": "Feature", "properties": { "loja_id": "AG08", "peso": 54.223805 }, "geometry": { "type": "Point", "coordinates": [ -46.695723936013408, -23.605533521215506 ] } },
{ "type": "Feature", "properties": { "loja_id": "AG02", "peso": 53.474768 }, "geometry": { "type": "Point", "coordinates": [ -46.654444576703533, -23.562950056333037 ] } },
{ "type": "Feature", "properties": { "loja_id": "AG02", "peso": 54.223805 }, "geometry": { "type": "Point", "coordinates": [ -46.654444576703533, -23.562950056333037 ] } },
{ "type": "Feature", "properties": { "loja_id": "AG02", "peso": 58.943998 }, "geometry": { "type": "Point", "coordinates": [ -46.656771220948563, -23.561001838462811 ] } },
{ "type": "Feature", "properties": { "loja_id": "AG01", "peso": 162.778286 }, "geometry": { "type": "Point", "coordinates": [ -46.678887441495583, -23.587719516444174 ] } },
{ "type": "Feature", "properties": { "loja_id": "AG01", "peso": 74.465187 }, "geometry": { "type": "Point", "coordinates": [ -46.680916846481217, -23.587047397999733 ] } },
{ "type": "Feature", "properties": { "loja_id": "AG01", "peso": 74.465187 }, "geometry": { "type": "Point", "coordinates": [ -46.68105700346262, -23.591895052646425 ] } },
{ "type": "Feature", "properties": { "loja_id": "AG03", "peso": 59.695532 }, "geometry": { "type": "Point", "coordinates": [ -46.697352823785394, -23.569151646561348 ] } },
{ "type": "Feature", "properties": { "loja_id": "AG01", "peso": 48.850282 }, "geometry": { "type": "Point", "coordinates": [ -46.677982516641691, -23.586672770719044 ] } },
{ "type": "Feature", "properties": { "loja_id": "AG11", "peso": 48.850282 }, "geometry": { "type": "Point", "coordinates": [ -46.704771652460401, -23.521527040436482 ] } },
{ "type": "Feature", "properties": { "loja_id": "AG01", "peso": 48.850282 }, "geometry": { "type": "Point", "coordinates": [ -46.682112804869782, -23.588632780389158 ] } },
{ "type": "Feature", "properties": { "loja_id": "AG11", "peso": 48.850282 }, "geometry": { "type": "Point", "coordinates": [ -46.704335500732817, -23.52035790219097 ] } },
{ "type": "Feature", "properties": { "loja_id": "AG02", "peso": 48.850282 }, "geometry": { "type": "Point", "coordinates": [ -46.658253263155679, -23.559667624406146 ] } },
{ "type": "Feature", "properties": { "loja_id": "AG01", "peso": 29.333051 }, "geometry": { "type": "Point", "coordinates": [ -46.679379019322639, -23.584002821130536 ] } },
{ "type": "Feature", "properties": { "loja_id": "AG01", "peso": 107.129405 }, "geometry": { "type": "Point", "coordinates": [ -46.679948828169358, -23.591049183542957 ] } },
{ "type": "Feature", "properties": { "loja_id": "AG01", "peso": 87.648019 }, "geometry": { "type": "Point", "coordinates": [ -46.686514574854414, -23.58729374030721 ] } },
{ "type": "Feature", "properties": { "loja_id": "AG01", "peso": 87.648019 }, "geometry": { "type": "Point", "coordinates": [ -46.686514574854414, -23.58729374030721 ] } },
{ "type": "Feature", "properties": { "loja_id": "AG01", "peso": 74.283742 }, "geometry": { "type": "Point", "coordinates": [ -46.684705312453715, -23.581416714709416 ] } },
{ "type": "Feature", "properties": { "loja_id": "AG01", "peso": 128.697399 }, "geometry": { "type": "Point", "coordinates": [ -46.685723931958393, -23.586760517294746 ] } },
{ "type": "Feature", "properties": { "loja_id": "AG08", "peso": 74.283742 }, "geometry": { "type": "Point", "coordinates": [ -46.696961930408527, -23.608834018791953 ] } },
{ "type": "Feature", "properties": { "loja_id": "AG01", "peso": 74.465187 }, "geometry": { "type": "Point", "coordinates": [ -46.682098875129128, -23.587540287612303 ] } },
{ "type": "Feature", "properties": { "loja_id": "AG01", "peso": 74.283742 }, "geometry": { "type": "Point", "coordinates": [ -46.676950389741314, -23.589492287744633 ] } },
{ "type": "Feature", "properties": { "loja_id": "AG01", "peso": 109.868811 }, "geometry": { "type": "Point", "coordinates": [ -46.685307558035973, -23.590214534728144 ] } },
{ "type": "Feature", "properties": { "loja_id": "AG01", "peso": 74.465187 }, "geometry": { "type": "Point", "coordinates": [ -46.685307558035973, -23.590214534728144 ] } },
{ "type": "Feature", "properties": { "loja_id": "AG09", "peso": 109.868811 }, "geometry": { "type": "Point", "coordinates": [ -46.641425326496154, -23.551113938959858 ] } },
{ "type": "Feature", "properties": { "loja_id": "AG01", "peso": 72.674509 }, "geometry": { "type": "Point", "coordinates": [ -46.67655008701157, -23.581893237681509 ] } },
{ "type": "Feature", "properties": { "loja_id": "AG01", "peso": 151.183926 }, "geometry": { "type": "Point", "coordinates": [ -46.679221534043236, -23.582406191186916 ] } },
{ "type": "Feature", "properties": { "loja_id": "AG03", "peso": 48.850282 }, "geometry": { "type": "Point", "coordinates": [ -46.692886970332765, -23.567728451615814 ] } },
{ "type": "Feature", "properties": { "loja_id": "AG01", "peso": 48.850282 }, "geometry": { "type": "Point", "coordinates": [ -46.686514574854414, -23.58729374030721 ] } },
{ "type": "Feature", "properties": { "loja_id": "AG01", "peso": 48.850282 }, "geometry": { "type": "Point", "coordinates": [ -46.685523893742094, -23.590275397668957 ] } },
{ "type": "Feature", "properties": { "loja_id": "AG01", "peso": 162.778286 }, "geometry": { "type": "Point", "coordinates": [ -46.683393045865664, -23.589910214764579 ] } },
{ "type": "Feature", "properties": { "loja_id": "AG01", "peso": 87.648019 }, "geometry": { "type": "Point", "coordinates": [ -46.685375303219224, -23.587847913007653 ] } },
{ "type": "Feature", "properties": { "loja_id": "AG01", "peso": 48.850282 }, "geometry": { "type": "Point", "coordinates": [ -46.686687117997479, -23.587761431800612 ] } },
{ "type": "Feature", "properties": { "loja_id": "AG01", "peso": 48.850282 }, "geometry": { "type": "Point", "coordinates": [ -46.686687117997479, -23.587761431800612 ] } },
{ "type": "Feature", "properties": { "loja_id": "AG03", "peso": 128.697399 }, "geometry": { "type": "Point", "coordinates": [ -46.693793854307366, -23.567402517236541 ] } },
{ "type": "Feature", "properties": { "loja_id": "AG03", "peso": 74.283742 }, "geometry": { "type": "Point", "coordinates": [ -46.693793854307366, -23.567402517236541 ] } },
{ "type": "Feature", "properties": { "loja_id": "AG01", "peso": 151.183926 }, "geometry": { "type": "Point", "coordinates": [ -46.685544489274733, -23.587286210681377 ] } },
{ "type": "Feature", "properties": { "loja_id": "AG01", "peso": 74.283742 }, "geometry": { "type": "Point", "coordinates": [ -46.681815427696463, -23.589900216595975 ] } },
{ "type": "Feature", "properties": { "loja_id": "AG01", "peso": 48.850282 }, "geometry": { "type": "Point", "coordinates": [ -46.685544489274733, -23.587286210681377 ] } },
{ "type": "Feature", "properties": { "loja_id": "AG03", "peso": 48.850282 }, "geometry": { "type": "Point", "coordinates": [ -46.694775224392885, -23.564484127951179 ] } },
{ "type": "Feature", "properties": { "loja_id": "AG01", "peso": 87.648019 }, "geometry": { "type": "Point", "coordinates": [ -46.682196149893421, -23.587485053410798 ] } },
{ "type": "Feature", "properties": { "loja_id": "AG01", "peso": 128.697399 }, "geometry": { "type": "Point", "coordinates": [ -46.685705146534083, -23.586823931893537 ] } },
{ "type": "Feature", "properties": { "loja_id": "AG01", "peso": 151.183926 }, "geometry": { "type": "Point", "coordinates": [ -46.685260766010629, -23.590386614400302 ] } },
{ "type": "Feature", "properties": { "loja_id": "AG01", "peso": 74.283742 }, "geometry": { "type": "Point", "coordinates": [ -46.68046348954541, -23.585300460424275 ] } },
{ "type": "Feature", "properties": { "loja_id": "AG01", "peso": 48.850282 }, "geometry": { "type": "Point", "coordinates": [ -46.685705146534083, -23.586823931893537 ] } },
{ "type": "Feature", "properties": { "loja_id": "AG01", "peso": 162.778286 }, "geometry": { "type": "Point", "coordinates": [ -46.685705146534083, -23.586823931893537 ] } },
{ "type": "Feature", "properties": { "loja_id": "AG01", "peso": 208.502523 }, "geometry": { "type": "Point", "coordinates": [ -46.682629316265206, -23.583805105057614 ] } },
{ "type": "Feature", "properties": { "loja_id": "AG01", "peso": 109.868811 }, "geometry": { "type": "Point", "coordinates": [ -46.680763637799195, -23.593478497632827 ] } },
{ "type": "Feature", "properties": { "loja_id": "AG01", "peso": 59.695532 }, "geometry": { "type": "Point", "coordinates": [ -46.685723931958393, -23.586760517294746 ] } },
{ "type": "Feature", "properties": { "loja_id": "AG01", "peso": 74.283742 }, "geometry": { "type": "Point", "coordinates": [ -46.686263418104659, -23.586041283226578 ] } },
{ "type": "Feature", "properties": { "loja_id": "AG03", "peso": 48.850282 }, "geometry": { "type": "Point", "coordinates": [ -46.690654668333607, -23.571653756563123 ] } },
{ "type": "Feature", "properties": { "loja_id": "AG02", "peso": 59.695532 }, "geometry": { "type": "Point", "coordinates": [ -46.655729462699234, -23.562295229568068 ] } },
{ "type": "Feature", "properties": { "loja_id": "AG01", "peso": 162.778286 }, "geometry": { "type": "Point", "coordinates": [ -46.678268385437953, -23.588349285483119 ] } },
{ "type": "Feature", "properties": { "loja_id": "AG01", "peso": 189.494305 }, "geometry": { "type": "Point", "coordinates": [ -46.678268385437953, -23.588349285483119 ] } },
{ "type": "Feature", "properties": { "loja_id": "AG01", "peso": 162.778286 }, "geometry": { "type": "Point", "coordinates": [ -46.678268385437953, -23.588349285483119 ] } },
{ "type": "Feature", "properties": { "loja_id": "AG01", "peso": 87.648019 }, "geometry": { "type": "Point", "coordinates": [ -46.686263418104659, -23.586041283226578 ] } },
{ "type": "Feature", "properties": { "loja_id": "AG09", "peso": 151.183926 }, "geometry": { "type": "Point", "coordinates": [ -46.634871680194927, -23.538396064743381 ] } },
{ "type": "Feature", "properties": { "loja_id": "AG01", "peso": 74.465187 }, "geometry": { "type": "Point", "coordinates": [ -46.673857736009893, -23.583592847893566 ] } },
{ "type": "Feature", "properties": { "loja_id": "AG01", "peso": 109.868811 }, "geometry": { "type": "Point", "coordinates": [ -46.685523893742094, -23.590275397668957 ] } },
{ "type": "Feature", "properties": { "loja_id": "AG01", "peso": 74.283742 }, "geometry": { "type": "Point", "coordinates": [ -46.685723931958393, -23.586760517294746 ] } },
{ "type": "Feature", "properties": { "loja_id": "AG01", "peso": 74.283742 }, "geometry": { "type": "Point", "coordinates": [ -46.685723931958393, -23.586760517294746 ] } },
{ "type": "Feature", "properties": { "loja_id": "AG01", "peso": 109.868811 }, "geometry": { "type": "Point", "coordinates": [ -46.68582811675909, -23.586479453349209 ] } },
{ "type": "Feature", "properties": { "loja_id": "AG01", "peso": 128.697399 }, "geometry": { "type": "Point", "coordinates": [ -46.68582811675909, -23.586479453349209 ] } },
{ "type": "Feature", "properties": { "loja_id": "AG01", "peso": 87.648019 }, "geometry": { "type": "Point", "coordinates": [ -46.685249815770206, -23.590296432222118 ] } },
{ "type": "Feature", "properties": { "loja_id": "AG01", "peso": 74.283742 }, "geometry": { "type": "Point", "coordinates": [ -46.685705146534083, -23.586823931893537 ] } },
{ "type": "Feature", "properties": { "loja_id": "AG01", "peso": 74.465187 }, "geometry": { "type": "Point", "coordinates": [ -46.681084815171012, -23.590233210830881 ] } },
{ "type": "Feature", "properties": { "loja_id": "AG12", "peso": 74.465187 }, "geometry": { "type": "Point", "coordinates": [ -46.639541521609701, -23.646222181568831 ] } },
{ "type": "Feature", "properties": { "loja_id": "AG01", "peso": 162.778286 }, "geometry": { "type": "Point", "coordinates": [ -46.68391585603861, -23.583276447320301 ] } },
{ "type": "Feature", "properties": { "loja_id": "AG01", "peso": 59.695532 }, "geometry": { "type": "Point", "coordinates": [ -46.685307558035973, -23.590214534728144 ] } },
{ "type": "Feature", "properties": { "loja_id": "AG01", "peso": 72.674509 }, "geometry": { "type": "Point", "coordinates": [ -46.683393045865664, -23.589910214764579 ] } },
{ "type": "Feature", "properties": { "loja_id": "AG01", "peso": 128.697399 }, "geometry": { "type": "Point", "coordinates": [ -46.685723951166118, -23.588295634401074 ] } },
{ "type": "Feature", "properties": { "loja_id": "AG01", "peso": 74.283742 }, "geometry": { "type": "Point", "coordinates": [ -46.685723951166118, -23.588295634401074 ] } },
{ "type": "Feature", "properties": { "loja_id": "AG01", "peso": 74.283742 }, "geometry": { "type": "Point", "coordinates": [ -46.680436618307724, -23.594728192201011 ] } },
{ "type": "Feature", "properties": { "loja_id": "AG01", "peso": 87.648019 }, "geometry": { "type": "Point", "coordinates": [ -46.685249815770206, -23.590296432222118 ] } },
{ "type": "Feature", "properties": { "loja_id": "AG08", "peso": 87.648019 }, "geometry": { "type": "Point", "coordinates": [ -46.694661499621695, -23.610547772431971 ] } },
{ "type": "Feature", "properties": { "loja_id": "AG01", "peso": 72.674509 }, "geometry": { "type": "Point", "coordinates": [ -46.685249815770206, -23.590296432222118 ] } },
{ "type": "Feature", "properties": { "loja_id": "AG01", "peso": 128.697399 }, "geometry": { "type": "Point", "coordinates": [ -46.68043509185943, -23.586917159150765 ] } },
{ "type": "Feature", "properties": { "loja_id": "AG01", "peso": 109.868811 }, "geometry": { "type": "Point", "coordinates": [ -46.679904623246244, -23.582191112770509 ] } },
{ "type": "Feature", "properties": { "loja_id": "AG01", "peso": 59.695532 }, "geometry": { "type": "Point", "coordinates": [ -46.679904623246244, -23.582191112770509 ] } },
{ "type": "Feature", "properties": { "loja_id": "AG01", "peso": 59.695532 }, "geometry": { "type": "Point", "coordinates": [ -46.679904623246244, -23.582191112770509 ] } },
{ "type": "Feature", "properties": { "loja_id": "AG01", "peso": 59.695532 }, "geometry": { "type": "Point", "coordinates": [ -46.68043509185943, -23.586917159150765 ] } },
{ "type": "Feature", "properties": { "loja_id": "AG06", "peso": 74.283742 }, "geometry": { "type": "Point", "coordinates": [ -46.576696221569982, -23.541190969006426 ] } },
{ "type": "Feature", "properties": { "loja_id": "AG01", "peso": 48.850282 }, "geometry": { "type": "Point", "coordinates": [ -46.678940890898602, -23.582680128473214 ] } },
{ "type": "Feature", "properties": { "loja_id": "AG01", "peso": 74.283742 }, "geometry": { "type": "Point", "coordinates": [ -46.689849836244804, -23.591429388893378 ] } },
{ "type": "Feature", "properties": { "loja_id": "AG01", "peso": 72.674509 }, "geometry": { "type": "Point", "coordinates": [ -46.678952885488371, -23.588242556140504 ] } },
{ "type": "Feature", "properties": { "loja_id": "AG01", "peso": 59.695532 }, "geometry": { "type": "Point", "coordinates": [ -46.678952885488371, -23.588242556140504 ] } },
{ "type": "Feature", "properties": { "loja_id": "AG01", "peso": 162.778286 }, "geometry": { "type": "Point", "coordinates": [ -46.679725873673178, -23.5889295173954 ] } },
{ "type": "Feature", "properties": { "loja_id": "AG01", "peso": 87.648019 }, "geometry": { "type": "Point", "coordinates": [ -46.684330987600546, -23.586631147171943 ] } },
{ "type": "Feature", "properties": { "loja_id": "AG02", "peso": 87.648019 }, "geometry": { "type": "Point", "coordinates": [ -46.652491110383721, -23.557146333768589 ] } },
{ "type": "Feature", "properties": { "loja_id": "AG01", "peso": 59.695532 }, "geometry": { "type": "Point", "coordinates": [ -46.676527535228487, -23.583202850823895 ] } },
{ "type": "Feature", "properties": { "loja_id": "AG01", "peso": 59.695532 }, "geometry": { "type": "Point", "coordinates": [ -46.678068892567381, -23.588071507124315 ] } },
{ "type": "Feature", "properties": { "loja_id": "AG01", "peso": 128.697399 }, "geometry": { "type": "Point", "coordinates": [ -46.678933292248978, -23.588242767943164 ] } },
{ "type": "Feature", "properties": { "loja_id": "AG01", "peso": 74.283742 }, "geometry": { "type": "Point", "coordinates": [ -46.681254121845164, -23.590448100794646 ] } },
{ "type": "Feature", "properties": { "loja_id": "AG01", "peso": 74.283742 }, "geometry": { "type": "Point", "coordinates": [ -46.681254121845164, -23.590448100794646 ] } },
{ "type": "Feature", "properties": { "loja_id": "AG01", "peso": 74.283742 }, "geometry": { "type": "Point", "coordinates": [ -46.680129031850065, -23.589042548142135 ] } },
{ "type": "Feature", "properties": { "loja_id": "AG01", "peso": 109.868811 }, "geometry": { "type": "Point", "coordinates": [ -46.679633439453369, -23.58551713115304 ] } },
{ "type": "Feature", "properties": { "loja_id": "AG03", "peso": 27.518209 }, "geometry": { "type": "Point", "coordinates": [ -46.700845156727908, -23.564959629896723 ] } },
{ "type": "Feature", "properties": { "loja_id": "AG01", "peso": 40.032234 }, "geometry": { "type": "Point", "coordinates": [ -46.689548877643091, -23.59088182820739 ] } },
{ "type": "Feature", "properties": { "loja_id": "AG01", "peso": 40.032234 }, "geometry": { "type": "Point", "coordinates": [ -46.68153061825231, -23.590616679423444 ] } },
{ "type": "Feature", "properties": { "loja_id": "AG08", "peso": 17.796448 }, "geometry": { "type": "Point", "coordinates": [ -46.696263576723709, -23.613961686905068 ] } },
{ "type": "Feature", "properties": { "loja_id": "AG01", "peso": 47.481338 }, "geometry": { "type": "Point", "coordinates": [ -46.690200980032508, -23.590540619343091 ] } },
{ "type": "Feature", "properties": { "loja_id": "AG01", "peso": 168.569468 }, "geometry": { "type": "Point", "coordinates": [ -46.680776954200191, -23.586064628967637 ] } },
{ "type": "Feature", "properties": { "loja_id": "AG01", "peso": 40.032234 }, "geometry": { "type": "Point", "coordinates": [ -46.679314961313693, -23.589746671800327 ] } },
{ "type": "Feature", "properties": { "loja_id": "AG08", "peso": 87.817235 }, "geometry": { "type": "Point", "coordinates": [ -46.694993549773116, -23.611221399954676 ] } },
{ "type": "Feature", "properties": { "loja_id": "AG03", "peso": 40.032234 }, "geometry": { "type": "Point", "coordinates": [ -46.689175067020599, -23.573927373634461 ] } },
{ "type": "Feature", "properties": { "loja_id": "AG08", "peso": 97.186689 }, "geometry": { "type": "Point", "coordinates": [ -46.697045451344266, -23.611515028011041 ] } },
{ "type": "Feature", "properties": { "loja_id": "AG01", "peso": 166.72059 }, "geometry": { "type": "Point", "coordinates": [ -46.681421113172895, -23.59124997288049 ] } },
{ "type": "Feature", "properties": { "loja_id": "AG01", "peso": 40.032234 }, "geometry": { "type": "Point", "coordinates": [ -46.68105700346262, -23.591895052646425 ] } },
{ "type": "Feature", "properties": { "loja_id": "AG01", "peso": 40.032234 }, "geometry": { "type": "Point", "coordinates": [ -46.682387465519668, -23.587889336266532 ] } },
{ "type": "Feature", "properties": { "loja_id": "AG04", "peso": 71.908897 }, "geometry": { "type": "Point", "coordinates": [ -46.642582922868428, -23.595349951699124 ] } },
{ "type": "Feature", "properties": { "loja_id": "AG03", "peso": 136.977765 }, "geometry": { "type": "Point", "coordinates": [ -46.69116846606709, -23.570465222429711 ] } },
{ "type": "Feature", "properties": { "loja_id": "AG01", "peso": 40.032234 }, "geometry": { "type": "Point", "coordinates": [ -46.678562939723001, -23.583776858543242 ] } },
{ "type": "Feature", "properties": { "loja_id": "AG01", "peso": 40.032234 }, "geometry": { "type": "Point", "coordinates": [ -46.689548877643091, -23.59088182820739 ] } },
{ "type": "Feature", "properties": { "loja_id": "AG03", "peso": 47.481338 }, "geometry": { "type": "Point", "coordinates": [ -46.701311323130831, -23.569207692777603 ] } },
{ "type": "Feature", "properties": { "loja_id": "AG03", "peso": 117.149215 }, "geometry": { "type": "Point", "coordinates": [ -46.690741207589952, -23.571526393586232 ] } },
{ "type": "Feature", "properties": { "loja_id": "AG01", "peso": 47.481338 }, "geometry": { "type": "Point", "coordinates": [ -46.685323726203457, -23.593013689897504 ] } },
{ "type": "Feature", "properties": { "loja_id": "AG08", "peso": 66.077302 }, "geometry": { "type": "Point", "coordinates": [ -46.697285382565859, -23.608839512089059 ] } },
{ "type": "Feature", "properties": { "loja_id": "AG01", "peso": 40.032234 }, "geometry": { "type": "Point", "coordinates": [ -46.681693595242344, -23.590334981250457 ] } },
{ "type": "Feature", "properties": { "loja_id": "AG01", "peso": 40.032234 }, "geometry": { "type": "Point", "coordinates": [ -46.681280029977813, -23.591712036022887 ] } },
{ "type": "Feature", "properties": { "loja_id": "AG09", "peso": 66.077302 }, "geometry": { "type": "Point", "coordinates": [ -46.646632852010882, -23.548467197110462 ] } },
{ "type": "Feature", "properties": { "loja_id": "AG01", "peso": 47.481338 }, "geometry": { "type": "Point", "coordinates": [ -46.683114351080121, -23.591105209472396 ] } },
{ "type": "Feature", "properties": { "loja_id": "AG01", "peso": 166.72059 }, "geometry": { "type": "Point", "coordinates": [ -46.681625248115324, -23.590353781551727 ] } },
{ "type": "Feature", "properties": { "loja_id": "AG08", "peso": 117.149215 }, "geometry": { "type": "Point", "coordinates": [ -46.693581987105972, -23.606613422168923 ] } },
{ "type": "Feature", "properties": { "loja_id": "AG01", "peso": 97.186689 }, "geometry": { "type": "Point", "coordinates": [ -46.680246153777368, -23.588237600579426 ] } },
{ "type": "Feature", "properties": { "loja_id": "AG01", "peso": 117.149215 }, "geometry": { "type": "Point", "coordinates": [ -46.677529282817773, -23.592637549308375 ] } },
{ "type": "Feature", "properties": { "loja_id": "AG02", "peso": 242.029278 }, "geometry": { "type": "Point", "coordinates": [ -46.655907301308645, -23.561634128945752 ] } },
{ "type": "Feature", "properties": { "loja_id": "AG01", "peso": 110.543203 }, "geometry": { "type": "Point", "coordinates": [ -46.676014676248805, -23.590649214865095 ] } },
{ "type": "Feature", "properties": { "loja_id": "AG01", "peso": 87.281414 }, "geometry": { "type": "Point", "coordinates": [ -46.677939903988388, -23.591025751364221 ] } },
{ "type": "Feature", "properties": { "loja_id": "AG03", "peso": 68.128545 }, "geometry": { "type": "Point", "coordinates": [ -46.694702490252276, -23.564159837474904 ] } },
{ "type": "Feature", "properties": { "loja_id": "AG02", "peso": 186.197267 }, "geometry": { "type": "Point", "coordinates": [ -46.658185494253722, -23.559731558799331 ] } },
{ "type": "Feature", "properties": { "loja_id": "AG03", "peso": 100.705915 }, "geometry": { "type": "Point", "coordinates": [ -46.69868654542649, -23.567737411599833 ] } },
{ "type": "Feature", "properties": { "loja_id": "AG01", "peso": 100.705915 }, "geometry": { "type": "Point", "coordinates": [ -46.681552438791812, -23.595402401062092 ] } },
{ "type": "Feature", "properties": { "loja_id": "AG03", "peso": 55.016945 }, "geometry": { "type": "Point", "coordinates": [ -46.691810054804321, -23.569311416160449 ] } },
{ "type": "Feature", "properties": { "loja_id": "AG04", "peso": 50.815834 }, "geometry": { "type": "Point", "coordinates": [ -46.640878044975537, -23.585904286386924 ] } },
{ "type": "Feature", "properties": { "loja_id": "AG01", "peso": 55.016945 }, "geometry": { "type": "Point", "coordinates": [ -46.673307705086721, -23.58425797441873 ] } },
{ "type": "Feature", "properties": { "loja_id": "AG03", "peso": 100.705915 }, "geometry": { "type": "Point", "coordinates": [ -46.69795916133387, -23.567546698317198 ] } },
{ "type": "Feature", "properties": { "loja_id": "AG08", "peso": 99.392753 }, "geometry": { "type": "Point", "coordinates": [ -46.694170691143412, -23.608196287327978 ] } },
{ "type": "Feature", "properties": { "loja_id": "AG03", "peso": 273.176909 }, "geometry": { "type": "Point", "coordinates": [ -46.693754095290011, -23.567357800049745 ] } },
{ "type": "Feature", "properties": { "loja_id": "AG09", "peso": 171.786084 }, "geometry": { "type": "Point", "coordinates": [ -46.646254266271534, -23.548742113214427 ] } },
{ "type": "Feature", "properties": { "loja_id": "AG04", "peso": 264.791872 }, "geometry": { "type": "Point", "coordinates": [ -46.632914857059056, -23.591650181568529 ] } },
{ "type": "Feature", "properties": { "loja_id": "AG08", "peso": 264.791872 }, "geometry": { "type": "Point", "coordinates": [ -46.697107454502671, -23.607197989723225 ] } },
{ "type": "Feature", "properties": { "loja_id": "AG08", "peso": 311.493541 }, "geometry": { "type": "Point", "coordinates": [ -46.68968481841361, -23.610665243973738 ] } },
{ "type": "Feature", "properties": { "loja_id": "AG01", "peso": 357.367417 }, "geometry": { "type": "Point", "coordinates": [ -46.688871774286525, -23.591566449695101 ] } },
{ "type": "Feature", "properties": { "loja_id": "AG08", "peso": 487.26428 }, "geometry": { "type": "Point", "coordinates": [ -46.688593859421339, -23.610415245491236 ] } },
{ "type": "Feature", "properties": { "loja_id": "AG01", "peso": 171.786084 }, "geometry": { "type": "Point", "coordinates": [ -46.681017585804973, -23.591877419108599 ] } },
{ "type": "Feature", "properties": { "loja_id": "AG08", "peso": 311.493541 }, "geometry": { "type": "Point", "coordinates": [ -46.690685717807931, -23.608478098794151 ] } },
{ "type": "Feature", "properties": { "loja_id": "AG08", "peso": 264.791872 }, "geometry": { "type": "Point", "coordinates": [ -46.690685717807931, -23.608478098794151 ] } },
{ "type": "Feature", "properties": { "loja_id": "AG05", "peso": 171.786084 }, "geometry": { "type": "Point", "coordinates": [ -46.600471479753537, -23.557645390409096 ] } },
{ "type": "Feature", "properties": { "loja_id": "AG02", "peso": 264.791872 }, "geometry": { "type": "Point", "coordinates": [ -46.658282420289105, -23.559649252952813 ] } },
{ "type": "Feature", "properties": { "loja_id": "AG01", "peso": 264.791872 }, "geometry": { "type": "Point", "coordinates": [ -46.679037926268613, -23.585686111834836 ] } },
{ "type": "Feature", "properties": { "loja_id": "AG08", "peso": 158.897093 }, "geometry": { "type": "Point", "coordinates": [ -46.689115449315246, -23.605235339916831 ] } },
{ "type": "Feature", "properties": { "loja_id": "AG08", "peso": 143.328059 }, "geometry": { "type": "Point", "coordinates": [ -46.689382961490992, -23.604699654527039 ] } },
{ "type": "Feature", "properties": { "loja_id": "AG09", "peso": 171.010731 }, "geometry": { "type": "Point", "coordinates": [ -46.638929782272989, -23.541026333312843 ] } },
{ "type": "Feature", "properties": { "loja_id": "AG08", "peso": 143.328059 }, "geometry": { "type": "Point", "coordinates": [ -46.69102271366225, -23.605720258031287 ] } },
{ "type": "Feature", "properties": { "loja_id": "AG08", "peso": 168.304906 }, "geometry": { "type": "Point", "coordinates": [ -46.69102271366225, -23.605720258031287 ] } },
{ "type": "Feature", "properties": { "loja_id": "AG08", "peso": 143.328059 }, "geometry": { "type": "Point", "coordinates": [ -46.694661499621695, -23.610547772431971 ] } },
{ "type": "Feature", "properties": { "loja_id": "AG08", "peso": 311.493541 }, "geometry": { "type": "Point", "coordinates": [ -46.687187265488603, -23.606177377381993 ] } },
{ "type": "Feature", "properties": { "loja_id": "AG01", "peso": 460.227607 }, "geometry": { "type": "Point", "coordinates": [ -46.688871774286525, -23.591566449695101 ] } },
{ "type": "Feature", "properties": { "loja_id": "AG02", "peso": 35.50855 }, "geometry": { "type": "Point", "coordinates": [ -46.658185494253722, -23.559731558799331 ] } },
{ "type": "Feature", "properties": { "loja_id": "AG03", "peso": 35.50855 }, "geometry": { "type": "Point", "coordinates": [ -46.686195565481071, -23.566925272562163 ] } },
{ "type": "Feature", "properties": { "loja_id": "AG08", "peso": 300.610533 }, "geometry": { "type": "Point", "coordinates": [ -46.694494651860396, -23.611290058196438 ] } },
{ "type": "Feature", "properties": { "loja_id": "AG09", "peso": 121.974482 }, "geometry": { "type": "Point", "coordinates": [ -46.642533079004131, -23.548031947587909 ] } },
{ "type": "Feature", "properties": { "loja_id": "AG08", "peso": 192.944047 }, "geometry": { "type": "Point", "coordinates": [ -46.696015086304158, -23.612167424509192 ] } },
{ "type": "Feature", "properties": { "loja_id": "AG01", "peso": 156.29466 }, "geometry": { "type": "Point", "coordinates": [ -46.68285679427872, -23.586276891930584 ] } },
{ "type": "Feature", "properties": { "loja_id": "AG08", "peso": 192.944047 }, "geometry": { "type": "Point", "coordinates": [ -46.694494651860396, -23.611290058196438 ] } },
{ "type": "Feature", "properties": { "loja_id": "AG08", "peso": 151.610099 }, "geometry": { "type": "Point", "coordinates": [ -46.69668717088669, -23.615654703317219 ] } },
{ "type": "Feature", "properties": { "loja_id": "AG01", "peso": 94.484579 }, "geometry": { "type": "Point", "coordinates": [ -46.685350345512312, -23.579757207961485 ] } },
{ "type": "Feature", "properties": { "loja_id": "AG01", "peso": 26.080962 }, "geometry": { "type": "Point", "coordinates": [ -46.690200980032508, -23.590540619343091 ] } },
{ "type": "Feature", "properties": { "loja_id": "AG01", "peso": 26.080962 }, "geometry": { "type": "Point", "coordinates": [ -46.68105700346262, -23.591895052646425 ] } },
{ "type": "Feature", "properties": { "loja_id": "AG01", "peso": 26.080962 }, "geometry": { "type": "Point", "coordinates": [ -46.678580647332545, -23.582088033003565 ] } },
{ "type": "Feature", "properties": { "loja_id": "AG08", "peso": 45.879116 }, "geometry": { "type": "Point", "coordinates": [ -46.691656923215049, -23.603979575288506 ] } },
{ "type": "Feature", "properties": { "loja_id": "AG01", "peso": 26.368121 }, "geometry": { "type": "Point", "coordinates": [ -46.681017585804973, -23.591877419108599 ] } },
{ "type": "Feature", "properties": { "loja_id": "AG01", "peso": 26.368121 }, "geometry": { "type": "Point", "coordinates": [ -46.690200980032508, -23.590540619343091 ] } },
{ "type": "Feature", "properties": { "loja_id": "AG08", "peso": 33.667071 }, "geometry": { "type": "Point", "coordinates": [ -46.692289462712253, -23.612795048421976 ] } },
{ "type": "Feature", "properties": { "loja_id": "AG08", "peso": 26.368121 }, "geometry": { "type": "Point", "coordinates": [ -46.693142929640409, -23.603710532829563 ] } },
{ "type": "Feature", "properties": { "loja_id": "AG08", "peso": 71.681701 }, "geometry": { "type": "Point", "coordinates": [ -46.69116833186569, -23.602558148189768 ] } },
{ "type": "Feature", "properties": { "loja_id": "AG08", "peso": 101.69046 }, "geometry": { "type": "Point", "coordinates": [ -46.691303529437988, -23.602403164159039 ] } },
{ "type": "Feature", "properties": { "loja_id": "AG08", "peso": 28.983725 }, "geometry": { "type": "Point", "coordinates": [ -46.691303529437988, -23.602403164159039 ] } },
{ "type": "Feature", "properties": { "loja_id": "AG08", "peso": 28.983725 }, "geometry": { "type": "Point", "coordinates": [ -46.69116833186569, -23.602558148189768 ] } },
{ "type": "Feature", "properties": { "loja_id": "AG03", "peso": 26.080962 }, "geometry": { "type": "Point", "coordinates": [ -46.697207916947967, -23.568548213444309 ] } },
{ "type": "Feature", "properties": { "loja_id": "AG08", "peso": 81.558667 }, "geometry": { "type": "Point", "coordinates": [ -46.694512932999253, -23.604327688232686 ] } },
{ "type": "Feature", "properties": { "loja_id": "AG01", "peso": 26.080962 }, "geometry": { "type": "Point", "coordinates": [ -46.679981121435013, -23.594353856133388 ] } },
{ "type": "Feature", "properties": { "loja_id": "AG01", "peso": 59.895338 }, "geometry": { "type": "Point", "coordinates": [ -46.680763637799195, -23.593478497632827 ] } },
{ "type": "Feature", "properties": { "loja_id": "AG01", "peso": 57.048454 }, "geometry": { "type": "Point", "coordinates": [ -46.690200980032508, -23.590540619343091 ] } },
{ "type": "Feature", "properties": { "loja_id": "AG08", "peso": 57.048454 }, "geometry": { "type": "Point", "coordinates": [ -46.692862044140959, -23.602440357335226 ] } },
{ "type": "Feature", "properties": { "loja_id": "AG01", "peso": 77.113771 }, "geometry": { "type": "Point", "coordinates": [ -46.685803187225609, -23.592195777021406 ] } },
{ "type": "Feature", "properties": { "loja_id": "AG08", "peso": 89.665802 }, "geometry": { "type": "Point", "coordinates": [ -46.694661499621695, -23.610547772431971 ] } },
{ "type": "Feature", "properties": { "loja_id": "AG08", "peso": 59.895338 }, "geometry": { "type": "Point", "coordinates": [ -46.693345524327206, -23.610327354733442 ] } },
{ "type": "Feature", "properties": { "loja_id": "AG08", "peso": 63.557578 }, "geometry": { "type": "Point", "coordinates": [ -46.692239441039035, -23.606610004435279 ] } },
{ "type": "Feature", "properties": { "loja_id": "AG03", "peso": 131.279476 }, "geometry": { "type": "Point", "coordinates": [ -46.692340878299696, -23.558749442971507 ] } },
{ "type": "Feature", "properties": { "loja_id": "AG03", "peso": 131.279476 }, "geometry": { "type": "Point", "coordinates": [ -46.687220569702468, -23.56587568491863 ] } },
{ "type": "Feature", "properties": { "loja_id": "AG03", "peso": 89.665802 }, "geometry": { "type": "Point", "coordinates": [ -46.69868654542649, -23.567737411599833 ] } },
{ "type": "Feature", "properties": { "loja_id": "AG01", "peso": 59.895338 }, "geometry": { "type": "Point", "coordinates": [ -46.687806862651371, -23.585681375657231 ] } },
{ "type": "Feature", "properties": { "loja_id": "AG01", "peso": 59.895338 }, "geometry": { "type": "Point", "coordinates": [ -46.681861176232069, -23.590414437519396 ] } },
{ "type": "Feature", "properties": { "loja_id": "AG02", "peso": 107.339061 }, "geometry": { "type": "Point", "coordinates": [ -46.656393416267164, -23.561339982781128 ] } },
{ "type": "Feature", "properties": { "loja_id": "AG01", "peso": 16.732799 }, "geometry": { "type": "Point", "coordinates": [ -46.674750515533859, -23.58291499464239 ] } },
{ "type": "Feature", "properties": { "loja_id": "AG03", "peso": 63.557578 }, "geometry": { "type": "Point", "coordinates": [ -46.693722877562493, -23.565687572001142 ] } },
{ "type": "Feature", "properties": { "loja_id": "AG15", "peso": 89.665802 }, "geometry": { "type": "Point", "coordinates": [ -46.706777927080502, -23.570737041111418 ] } },
{ "type": "Feature", "properties": { "loja_id": "AG03", "peso": 81.558667 }, "geometry": { "type": "Point", "coordinates": [ -46.694538207455061, -23.561281026630347 ] } },
{ "type": "Feature", "properties": { "loja_id": "AG08", "peso": 81.558667 }, "geometry": { "type": "Point", "coordinates": [ -46.694302074562344, -23.603932667305571 ] } },
{ "type": "Feature", "properties": { "loja_id": "AG01", "peso": 81.558667 }, "geometry": { "type": "Point", "coordinates": [ -46.680312890070986, -23.588092396693373 ] } },
{ "type": "Feature", "properties": { "loja_id": "AG01", "peso": 77.113771 }, "geometry": { "type": "Point", "coordinates": [ -46.685903913306255, -23.591643847656542 ] } },
{ "type": "Feature", "properties": { "loja_id": "AG08", "peso": 132.175346 }, "geometry": { "type": "Point", "coordinates": [ -46.695166666192328, -23.610966667861181 ] } },
{ "type": "Feature", "properties": { "loja_id": "AG06", "peso": 16.922179 }, "geometry": { "type": "Point", "coordinates": [ -46.573229917710549, -23.541280247445176 ] } },
{ "type": "Feature", "properties": { "loja_id": "AG02", "peso": 28.454591 }, "geometry": { "type": "Point", "coordinates": [ -46.656771220948563, -23.561001838462811 ] } },
{ "type": "Feature", "properties": { "loja_id": "AG02", "peso": 51.032043 }, "geometry": { "type": "Point", "coordinates": [ -46.658174123418405, -23.565068537353167 ] } },
{ "type": "Feature", "properties": { "loja_id": "AG02", "peso": 44.368035 }, "geometry": { "type": "Point", "coordinates": [ -46.657003462523058, -23.56077360759663 ] } },
{ "type": "Feature", "properties": { "loja_id": "AG03", "peso": 49.74898 }, "geometry": { "type": "Point", "coordinates": [ -46.696354016936112, -23.560033128831112 ] } },
{ "type": "Feature", "properties": { "loja_id": "AG01", "peso": 51.032043 }, "geometry": { "type": "Point", "coordinates": [ -46.682776242914031, -23.585338632889727 ] } },
{ "type": "Feature", "properties": { "loja_id": "AG09", "peso": 67.300323 }, "geometry": { "type": "Point", "coordinates": [ -46.642042746626558, -23.544831375256781 ] } },
{ "type": "Feature", "properties": { "loja_id": "AG02", "peso": 73.770661 }, "geometry": { "type": "Point", "coordinates": [ -46.655729462699234, -23.562295229568068 ] } },
{ "type": "Feature", "properties": { "loja_id": "AG02", "peso": 51.032043 }, "geometry": { "type": "Point", "coordinates": [ -46.655729462699234, -23.562295229568068 ] } },
{ "type": "Feature", "properties": { "loja_id": "AG09", "peso": 32.618104 }, "geometry": { "type": "Point", "coordinates": [ -46.647305141988987, -23.547394506076223 ] } },
{ "type": "Feature", "properties": { "loja_id": "AG08", "peso": 32.618104 }, "geometry": { "type": "Point", "coordinates": [ -46.694170691143412, -23.608196287327978 ] } },
{ "type": "Feature", "properties": { "loja_id": "AG02", "peso": 32.618104 }, "geometry": { "type": "Point", "coordinates": [ -46.656000876404306, -23.565191039210369 ] } },
{ "type": "Feature", "properties": { "loja_id": "AG02", "peso": 32.618104 }, "geometry": { "type": "Point", "coordinates": [ -46.658167003228932, -23.566061936632114 ] } },
{ "type": "Feature", "properties": { "loja_id": "AG01", "peso": 58.536756 }, "geometry": { "type": "Point", "coordinates": [ -46.681047091512177, -23.591886129829742 ] } },
{ "type": "Feature", "properties": { "loja_id": "AG02", "peso": 41.468163 }, "geometry": { "type": "Point", "coordinates": [ -46.655080306165416, -23.565995503974452 ] } },
{ "type": "Feature", "properties": { "loja_id": "AG02", "peso": 28.454591 }, "geometry": { "type": "Point", "coordinates": [ -46.655080306165416, -23.565995503974452 ] } },
{ "type": "Feature", "properties": { "loja_id": "AG02", "peso": 51.032043 }, "geometry": { "type": "Point", "coordinates": [ -46.656795578484591, -23.566067531409512 ] } },
{ "type": "Feature", "properties": { "loja_id": "AG02", "peso": 58.536756 }, "geometry": { "type": "Point", "coordinates": [ -46.654931020927691, -23.564245230403817 ] } },
{ "type": "Feature", "properties": { "loja_id": "AG03", "peso": 58.536756 }, "geometry": { "type": "Point", "coordinates": [ -46.693371168812305, -23.563469999205438 ] } },
{ "type": "Feature", "properties": { "loja_id": "AG01", "peso": 32.618104 }, "geometry": { "type": "Point", "coordinates": [ -46.681047091512177, -23.591886129829742 ] } },
{ "type": "Feature", "properties": { "loja_id": "AG08", "peso": 44.368035 }, "geometry": { "type": "Point", "coordinates": [ -46.697107454502671, -23.607197989723225 ] } },
{ "type": "Feature", "properties": { "loja_id": "AG03", "peso": 49.923821 }, "geometry": { "type": "Point", "coordinates": [ -46.689643707775168, -23.569208562879247 ] } },
{ "type": "Feature", "properties": { "loja_id": "AG02", "peso": 49.923821 }, "geometry": { "type": "Point", "coordinates": [ -46.659246202487608, -23.56540927464944 ] } },
{ "type": "Feature", "properties": { "loja_id": "AG08", "peso": 49.923821 }, "geometry": { "type": "Point", "coordinates": [ -46.697104525691806, -23.616101641192074 ] } },
{ "type": "Feature", "properties": { "loja_id": "AG02", "peso": 44.368035 }, "geometry": { "type": "Point", "coordinates": [ -46.658546970195744, -23.565895338703779 ] } },
{ "type": "Feature", "properties": { "loja_id": "AG02", "peso": 58.536756 }, "geometry": { "type": "Point", "coordinates": [ -46.654614215638986, -23.558505378401009 ] } },
{ "type": "Feature", "properties": { "loja_id": "AG02", "peso": 41.468163 }, "geometry": { "type": "Point", "coordinates": [ -46.65635140267576, -23.564239131268817 ] } },
{ "type": "Feature", "properties": { "loja_id": "AG02", "peso": 51.032043 }, "geometry": { "type": "Point", "coordinates": [ -46.654857395035606, -23.566187512164319 ] } },
{ "type": "Feature", "properties": { "loja_id": "AG02", "peso": 28.454591 }, "geometry": { "type": "Point", "coordinates": [ -46.655371216291591, -23.565757620184812 ] } },
{ "type": "Feature", "properties": { "loja_id": "AG02", "peso": 51.032043 }, "geometry": { "type": "Point", "coordinates": [ -46.655371216291591, -23.565757620184812 ] } },
{ "type": "Feature", "properties": { "loja_id": "AG02", "peso": 28.454591 }, "geometry": { "type": "Point", "coordinates": [ -46.654931020927691, -23.564245230403817 ] } },
{ "type": "Feature", "properties": { "loja_id": "AG03", "peso": 42.481095 }, "geometry": { "type": "Point", "coordinates": [ -46.698735484393396, -23.57078001357463 ] } },
{ "type": "Feature", "properties": { "loja_id": "AG15", "peso": 42.481095 }, "geometry": { "type": "Point", "coordinates": [ -46.698735484393396, -23.57078001357463 ] } },
{ "type": "Feature", "properties": { "loja_id": "AG02", "peso": 41.304985 }, "geometry": { "type": "Point", "coordinates": [ -46.65910245304832, -23.565663654994886 ] } },
{ "type": "Feature", "properties": { "loja_id": "AG01", "peso": 32.9105 }, "geometry": { "type": "Point", "coordinates": [ -46.686232735086286, -23.591306164058231 ] } },
{ "type": "Feature", "properties": { "loja_id": "AG02", "peso": 31.086941 }, "geometry": { "type": "Point", "coordinates": [ -46.653873155168931, -23.561908630655076 ] } },
{ "type": "Feature", "properties": { "loja_id": "AG03", "peso": 11.829831 }, "geometry": { "type": "Point", "coordinates": [ -46.690655330099638, -23.570940371194268 ] } },
{ "type": "Feature", "properties": { "loja_id": "AG02", "peso": 11.829831 }, "geometry": { "type": "Point", "coordinates": [ -46.659488165896668, -23.566734131925351 ] } },
{ "type": "Feature", "properties": { "loja_id": "AG02", "peso": 11.829831 }, "geometry": { "type": "Point", "coordinates": [ -46.659488165896668, -23.566734131925351 ] } },
{ "type": "Feature", "properties": { "loja_id": "AG02", "peso": 39.421423 }, "geometry": { "type": "Point", "coordinates": [ -46.660052128644175, -23.567956217111345 ] } },
{ "type": "Feature", "properties": { "loja_id": "AG02", "peso": 11.829831 }, "geometry": { "type": "Point", "coordinates": [ -46.660052128644175, -23.567956217111345 ] } },
{ "type": "Feature", "properties": { "loja_id": "AG02", "peso": 41.304985 }, "geometry": { "type": "Point", "coordinates": [ -46.65980577306734, -23.567841455654047 ] } },
{ "type": "Feature", "properties": { "loja_id": "AG09", "peso": 41.364302 }, "geometry": { "type": "Point", "coordinates": [ -46.635096747789667, -23.542339944991983 ] } },
{ "type": "Feature", "properties": { "loja_id": "AG02", "peso": 41.304985 }, "geometry": { "type": "Point", "coordinates": [ -46.656804028349903, -23.569083532849653 ] } },
{ "type": "Feature", "properties": { "loja_id": "AG02", "peso": 65.391719 }, "geometry": { "type": "Point", "coordinates": [ -46.65980577306734, -23.567841455654047 ] } },
{ "type": "Feature", "properties": { "loja_id": "AG01", "peso": 32.9105 }, "geometry": { "type": "Point", "coordinates": [ -46.684230718995451, -23.582613835660148 ] } },
{ "type": "Feature", "properties": { "loja_id": "AG08", "peso": 45.761031 }, "geometry": { "type": "Point", "coordinates": [ -46.698479092970729, -23.61326020158458 ] } },
{ "type": "Feature", "properties": { "loja_id": "AG02", "peso": 32.27246 }, "geometry": { "type": "Point", "coordinates": [ -46.66127891469425, -23.568132742806114 ] } },
{ "type": "Feature", "properties": { "loja_id": "AG02", "peso": 32.27246 }, "geometry": { "type": "Point", "coordinates": [ -46.66127891469425, -23.568132742806114 ] } },
{ "type": "Feature", "properties": { "loja_id": "AG03", "peso": 32.27246 }, "geometry": { "type": "Point", "coordinates": [ -46.69868654542649, -23.567737411599833 ] } },
{ "type": "Feature", "properties": { "loja_id": "AG01", "peso": 32.27246 }, "geometry": { "type": "Point", "coordinates": [ -46.684640889205035, -23.581742497366015 ] } },
{ "type": "Feature", "properties": { "loja_id": "AG02", "peso": 33.005925 }, "geometry": { "type": "Point", "coordinates": [ -46.658937751950774, -23.56580989634077 ] } },
{ "type": "Feature", "properties": { "loja_id": "AG02", "peso": 33.005925 }, "geometry": { "type": "Point", "coordinates": [ -46.66127891469425, -23.568132742806114 ] } },
{ "type": "Feature", "properties": { "loja_id": "AG08", "peso": 45.761031 }, "geometry": { "type": "Point", "coordinates": [ -46.692190760909085, -23.602817908667465 ] } },
{ "type": "Feature", "properties": { "loja_id": "AG03", "peso": 32.27246 }, "geometry": { "type": "Point", "coordinates": [ -46.688995978712839, -23.569883831975954 ] } },
{ "type": "Feature", "properties": { "loja_id": "AG02", "peso": 33.005925 }, "geometry": { "type": "Point", "coordinates": [ -46.65888934373875, -23.565855564059444 ] } },
{ "type": "Feature", "properties": { "loja_id": "AG02", "peso": 65.391719 }, "geometry": { "type": "Point", "coordinates": [ -46.6610175102754, -23.568379352208598 ] } },
{ "type": "Feature", "properties": { "loja_id": "AG02", "peso": 91.953713 }, "geometry": { "type": "Point", "coordinates": [ -46.6610175102754, -23.568379352208598 ] } },
{ "type": "Feature", "properties": { "loja_id": "AG02", "peso": 33.005925 }, "geometry": { "type": "Point", "coordinates": [ -46.6610175102754, -23.568379352208598 ] } },
{ "type": "Feature", "properties": { "loja_id": "AG02", "peso": 33.005925 }, "geometry": { "type": "Point", "coordinates": [ -46.6610175102754, -23.568379352208598 ] } },
{ "type": "Feature", "properties": { "loja_id": "AG02", "peso": 33.036461 }, "geometry": { "type": "Point", "coordinates": [ -46.6610175102754, -23.568379352208598 ] } },
{ "type": "Feature", "properties": { "loja_id": "AG02", "peso": 32.9105 }, "geometry": { "type": "Point", "coordinates": [ -46.661346799644328, -23.568077835956188 ] } },
{ "type": "Feature", "properties": { "loja_id": "AG02", "peso": 41.364302 }, "geometry": { "type": "Point", "coordinates": [ -46.66127891469425, -23.568132742806114 ] } },
{ "type": "Feature", "properties": { "loja_id": "AG03", "peso": 43.019968 }, "geometry": { "type": "Point", "coordinates": [ -46.701852812346345, -23.566375351625833 ] } },
{ "type": "Feature", "properties": { "loja_id": "AG02", "peso": 45.761031 }, "geometry": { "type": "Point", "coordinates": [ -46.661396204360038, -23.568890025719448 ] } },
{ "type": "Feature", "properties": { "loja_id": "AG02", "peso": 41.304985 }, "geometry": { "type": "Point", "coordinates": [ -46.66127891469425, -23.568132742806114 ] } },
{ "type": "Feature", "properties": { "loja_id": "AG02", "peso": 33.005925 }, "geometry": { "type": "Point", "coordinates": [ -46.6610175102754, -23.568379352208598 ] } },
{ "type": "Feature", "properties": { "loja_id": "AG02", "peso": 33.036461 }, "geometry": { "type": "Point", "coordinates": [ -46.6610175102754, -23.568379352208598 ] } },
{ "type": "Feature", "properties": { "loja_id": "AG02", "peso": 41.304985 }, "geometry": { "type": "Point", "coordinates": [ -46.658633268528796, -23.56652653248959 ] } },
{ "type": "Feature", "properties": { "loja_id": "AG02", "peso": 65.391719 }, "geometry": { "type": "Point", "coordinates": [ -46.653475036443162, -23.563755032728356 ] } },
{ "type": "Feature", "properties": { "loja_id": "AG02", "peso": 65.391719 }, "geometry": { "type": "Point", "coordinates": [ -46.653475036443162, -23.563755032728356 ] } },
{ "type": "Feature", "properties": { "loja_id": "AG09", "peso": 32.27246 }, "geometry": { "type": "Point", "coordinates": [ -46.637122409125681, -23.547727787471047 ] } },
{ "type": "Feature", "properties": { "loja_id": "AG02", "peso": 41.364302 }, "geometry": { "type": "Point", "coordinates": [ -46.656518316210374, -23.566612299666268 ] } },
{ "type": "Feature", "properties": { "loja_id": "AG02", "peso": 65.391719 }, "geometry": { "type": "Point", "coordinates": [ -46.65969367308027, -23.565937279377245 ] } },
{ "type": "Feature", "properties": { "loja_id": "AG02", "peso": 45.761031 }, "geometry": { "type": "Point", "coordinates": [ -46.6610175102754, -23.568379352208598 ] } },
{ "type": "Feature", "properties": { "loja_id": "AG02", "peso": 33.036461 }, "geometry": { "type": "Point", "coordinates": [ -46.659475458840006, -23.56572288439477 ] } },
{ "type": "Feature", "properties": { "loja_id": "AG08", "peso": 32.27246 }, "geometry": { "type": "Point", "coordinates": [ -46.692598088413618, -23.602488385776173 ] } },
{ "type": "Feature", "properties": { "loja_id": "AG02", "peso": 41.364302 }, "geometry": { "type": "Point", "coordinates": [ -46.65969367308027, -23.565937279377245 ] } },
{ "type": "Feature", "properties": { "loja_id": "AG02", "peso": 65.391719 }, "geometry": { "type": "Point", "coordinates": [ -46.659359127566788, -23.566600056538057 ] } },
{ "type": "Feature", "properties": { "loja_id": "AG03", "peso": 45.761031 }, "geometry": { "type": "Point", "coordinates": [ -46.693975703254353, -23.560194514862705 ] } },
{ "type": "Feature", "properties": { "loja_id": "AG09", "peso": 32.9105 }, "geometry": { "type": "Point", "coordinates": [ -46.637354780599857, -23.541973040888532 ] } },
{ "type": "Feature", "properties": { "loja_id": "AG02", "peso": 41.364302 }, "geometry": { "type": "Point", "coordinates": [ -46.6588316658165, -23.56672307972779 ] } },
{ "type": "Feature", "properties": { "loja_id": "AG02", "peso": 41.364302 }, "geometry": { "type": "Point", "coordinates": [ -46.6588316658165, -23.56672307972779 ] } },
{ "type": "Feature", "properties": { "loja_id": "AG02", "peso": 32.27246 }, "geometry": { "type": "Point", "coordinates": [ -46.661783924614184, -23.568560793300382 ] } },
{ "type": "Feature", "properties": { "loja_id": "AG01", "peso": 65.391719 }, "geometry": { "type": "Point", "coordinates": [ -46.674785588509749, -23.587221992849784 ] } },
{ "type": "Feature", "properties": { "loja_id": "AG02", "peso": 32.27246 }, "geometry": { "type": "Point", "coordinates": [ -46.66127891469425, -23.568132742806114 ] } },
{ "type": "Feature", "properties": { "loja_id": "AG02", "peso": 32.27246 }, "geometry": { "type": "Point", "coordinates": [ -46.66127891469425, -23.568132742806114 ] } },
{ "type": "Feature", "properties": { "loja_id": "AG03", "peso": 65.391719 }, "geometry": { "type": "Point", "coordinates": [ -46.693813096877641, -23.567375217231096 ] } },
{ "type": "Feature", "properties": { "loja_id": "AG02", "peso": 33.036461 }, "geometry": { "type": "Point", "coordinates": [ -46.6588316658165, -23.56672307972779 ] } },
{ "type": "Feature", "properties": { "loja_id": "AG02", "peso": 45.761031 }, "geometry": { "type": "Point", "coordinates": [ -46.65888934373875, -23.565855564059444 ] } },
{ "type": "Feature", "properties": { "loja_id": "AG02", "peso": 45.761031 }, "geometry": { "type": "Point", "coordinates": [ -46.65888934373875, -23.565855564059444 ] } },
{ "type": "Feature", "properties": { "loja_id": "AG02", "peso": 41.364302 }, "geometry": { "type": "Point", "coordinates": [ -46.65888934373875, -23.565855564059444 ] } },
{ "type": "Feature", "properties": { "loja_id": "AG02", "peso": 43.019968 }, "geometry": { "type": "Point", "coordinates": [ -46.65368826397215, -23.563572159814054 ] } },
{ "type": "Feature", "properties": { "loja_id": "AG02", "peso": 31.086941 }, "geometry": { "type": "Point", "coordinates": [ -46.65888934373875, -23.565855564059444 ] } },
{ "type": "Feature", "properties": { "loja_id": "AG10", "peso": 65.67151 }, "geometry": { "type": "Point", "coordinates": [ -46.67962150873808, -23.528329296783017 ] } },
{ "type": "Feature", "properties": { "loja_id": "AG02", "peso": 32.27246 }, "geometry": { "type": "Point", "coordinates": [ -46.658633268528796, -23.56652653248959 ] } },
{ "type": "Feature", "properties": { "loja_id": "AG08", "peso": 41.364302 }, "geometry": { "type": "Point", "coordinates": [ -46.691634083668042, -23.603726982338735 ] } },
{ "type": "Feature", "properties": { "loja_id": "AG02", "peso": 42.481095 }, "geometry": { "type": "Point", "coordinates": [ -46.659359127566788, -23.566600056538057 ] } },
{ "type": "Feature", "properties": { "loja_id": "AG02", "peso": 33.005925 }, "geometry": { "type": "Point", "coordinates": [ -46.659359127566788, -23.566600056538057 ] } },
{ "type": "Feature", "properties": { "loja_id": "AG02", "peso": 91.953713 }, "geometry": { "type": "Point", "coordinates": [ -46.6610175102754, -23.568379352208598 ] } },
{ "type": "Feature", "properties": { "loja_id": "AG02", "peso": 33.036461 }, "geometry": { "type": "Point", "coordinates": [ -46.66127891469425, -23.568132742806114 ] } },
{ "type": "Feature", "properties": { "loja_id": "AG02", "peso": 91.953713 }, "geometry": { "type": "Point", "coordinates": [ -46.6610175102754, -23.568379352208598 ] } },
{ "type": "Feature", "properties": { "loja_id": "AG02", "peso": 32.9105 }, "geometry": { "type": "Point", "coordinates": [ -46.6610175102754, -23.568379352208598 ] } },
{ "type": "Feature", "properties": { "loja_id": "AG02", "peso": 31.086941 }, "geometry": { "type": "Point", "coordinates": [ -46.6610175102754, -23.568379352208598 ] } },
{ "type": "Feature", "properties": { "loja_id": "AG03", "peso": 65.391719 }, "geometry": { "type": "Point", "coordinates": [ -46.690293841372657, -23.561832922786511 ] } },
{ "type": "Feature", "properties": { "loja_id": "AG02", "peso": 33.005925 }, "geometry": { "type": "Point", "coordinates": [ -46.661783924614184, -23.568560793300382 ] } },
{ "type": "Feature", "properties": { "loja_id": "AG02", "peso": 41.304985 }, "geometry": { "type": "Point", "coordinates": [ -46.66127891469425, -23.568132742806114 ] } },
{ "type": "Feature", "properties": { "loja_id": "AG02", "peso": 33.005925 }, "geometry": { "type": "Point", "coordinates": [ -46.659475458840006, -23.56572288439477 ] } },
{ "type": "Feature", "properties": { "loja_id": "AG02", "peso": 41.304985 }, "geometry": { "type": "Point", "coordinates": [ -46.66127891469425, -23.568132742806114 ] } },
{ "type": "Feature", "properties": { "loja_id": "AG02", "peso": 45.761031 }, "geometry": { "type": "Point", "coordinates": [ -46.66127891469425, -23.568132742806114 ] } },
{ "type": "Feature", "properties": { "loja_id": "AG02", "peso": 45.761031 }, "geometry": { "type": "Point", "coordinates": [ -46.658633268528796, -23.56652653248959 ] } },
{ "type": "Feature", "properties": { "loja_id": "AG02", "peso": 45.761031 }, "geometry": { "type": "Point", "coordinates": [ -46.658937751950774, -23.56580989634077 ] } },
{ "type": "Feature", "properties": { "loja_id": "AG02", "peso": 32.27246 }, "geometry": { "type": "Point", "coordinates": [ -46.659359127566788, -23.566600056538057 ] } },
{ "type": "Feature", "properties": { "loja_id": "AG02", "peso": 41.304985 }, "geometry": { "type": "Point", "coordinates": [ -46.659475458840006, -23.56572288439477 ] } },
{ "type": "Feature", "properties": { "loja_id": "AG02", "peso": 41.364302 }, "geometry": { "type": "Point", "coordinates": [ -46.659475458840006, -23.56572288439477 ] } },
{ "type": "Feature", "properties": { "loja_id": "AG02", "peso": 32.27246 }, "geometry": { "type": "Point", "coordinates": [ -46.659475458840006, -23.56572288439477 ] } },
{ "type": "Feature", "properties": { "loja_id": "AG08", "peso": 45.761031 }, "geometry": { "type": "Point", "coordinates": [ -46.697104525691806, -23.616101641192074 ] } },
{ "type": "Feature", "properties": { "loja_id": "AG11", "peso": 45.761031 }, "geometry": { "type": "Point", "coordinates": [ -46.706665389517205, -23.521054782074255 ] } },
{ "type": "Feature", "properties": { "loja_id": "AG01", "peso": 36.843366 }, "geometry": { "type": "Point", "coordinates": [ -46.681017585804973, -23.591877419108599 ] } },
{ "type": "Feature", "properties": { "loja_id": "AG02", "peso": 28.806883 }, "geometry": { "type": "Point", "coordinates": [ -46.661515110929201, -23.568997116906456 ] } },
{ "type": "Feature", "properties": { "loja_id": "AG03", "peso": 25.042865 }, "geometry": { "type": "Point", "coordinates": [ -46.690107863477721, -23.571795156194586 ] } },
{ "type": "Feature", "properties": { "loja_id": "AG02", "peso": 18.34959 }, "geometry": { "type": "Point", "coordinates": [ -46.661419884627477, -23.569214859701262 ] } },
{ "type": "Feature", "properties": { "loja_id": "AG01", "peso": 18.34959 }, "geometry": { "type": "Point", "coordinates": [ -46.682098875129128, -23.587540287612303 ] } },
{ "type": "Feature", "properties": { "loja_id": "AG03", "peso": 30.911496 }, "geometry": { "type": "Point", "coordinates": [ -46.694775761244017, -23.562235627525077 ] } },
{ "type": "Feature", "properties": { "loja_id": "AG09", "peso": 18.34959 }, "geometry": { "type": "Point", "coordinates": [ -46.638615886463349, -23.543359457036768 ] } },
{ "type": "Feature", "properties": { "loja_id": "AG01", "peso": 21.598116 }, "geometry": { "type": "Point", "coordinates": [ -46.676881965186183, -23.582566915739346 ] } },
{ "type": "Feature", "properties": { "loja_id": "AG01", "peso": 18.34959 }, "geometry": { "type": "Point", "coordinates": [ -46.676881965186183, -23.582566915739346 ] } },
{ "type": "Feature", "properties": { "loja_id": "AG08", "peso": 30.911496 }, "geometry": { "type": "Point", "coordinates": [ -46.692921351095819, -23.604769466569881 ] } },
{ "type": "Feature", "properties": { "loja_id": "AG02", "peso": 18.34959 }, "geometry": { "type": "Point", "coordinates": [ -46.655729462699234, -23.562295229568068 ] } },
{ "type": "Feature", "properties": { "loja_id": "AG03", "peso": 22.831287 }, "geometry": { "type": "Point", "coordinates": [ -46.687585568576694, -23.561474053198136 ] } },
{ "type": "Feature", "properties": { "loja_id": "AG03", "peso": 28.806883 }, "geometry": { "type": "Point", "coordinates": [ -46.688351340250122, -23.574631644369084 ] } },
{ "type": "Feature", "properties": { "loja_id": "AG09", "peso": 18.110002 }, "geometry": { "type": "Point", "coordinates": [ -46.648930989300432, -23.542672509463692 ] } },
{ "type": "Feature", "properties": { "loja_id": "AG01", "peso": 22.831287 }, "geometry": { "type": "Point", "coordinates": [ -46.675328379278568, -23.582899733407444 ] } },
{ "type": "Feature", "properties": { "loja_id": "AG01", "peso": 30.911496 }, "geometry": { "type": "Point", "coordinates": [ -46.676766688115094, -23.585060477108204 ] } },
{ "type": "Feature", "properties": { "loja_id": "AG03", "peso": 18.110002 }, "geometry": { "type": "Point", "coordinates": [ -46.685307561012259, -23.567964338391491 ] } },
{ "type": "Feature", "properties": { "loja_id": "AG01", "peso": 22.831287 }, "geometry": { "type": "Point", "coordinates": [ -46.681815427696463, -23.589900216595975 ] } },
{ "type": "Feature", "properties": { "loja_id": "AG09", "peso": 22.831287 }, "geometry": { "type": "Point", "coordinates": [ -46.644362387567412, -23.543903840714126 ] } },
{ "type": "Feature", "properties": { "loja_id": "AG01", "peso": 25.042865 }, "geometry": { "type": "Point", "coordinates": [ -46.680533436094521, -23.590022455471058 ] } },
{ "type": "Feature", "properties": { "loja_id": "AG01", "peso": 30.911496 }, "geometry": { "type": "Point", "coordinates": [ -46.679656428321366, -23.587322907012108 ] } },
{ "type": "Feature", "properties": { "loja_id": "AG03", "peso": 30.911496 }, "geometry": { "type": "Point", "coordinates": [ -46.695303864709828, -23.560640571376972 ] } },
{ "type": "Feature", "properties": { "loja_id": "AG03", "peso": 28.806883 }, "geometry": { "type": "Point", "coordinates": [ -46.693813096877641, -23.567375217231096 ] } },
{ "type": "Feature", "properties": { "loja_id": "AG09", "peso": 28.806883 }, "geometry": { "type": "Point", "coordinates": [ -46.635295247753874, -23.546509859405035 ] } },
{ "type": "Feature", "properties": { "loja_id": "AG01", "peso": 22.831287 }, "geometry": { "type": "Point", "coordinates": [ -46.680916846481217, -23.587047397999733 ] } },
{ "type": "Feature", "properties": { "loja_id": "AG01", "peso": 22.831287 }, "geometry": { "type": "Point", "coordinates": [ -46.682740327949837, -23.581754066105386 ] } },
{ "type": "Feature", "properties": { "loja_id": "AG01", "peso": 22.831287 }, "geometry": { "type": "Point", "coordinates": [ -46.689548877643091, -23.59088182820739 ] } },
{ "type": "Feature", "properties": { "loja_id": "AG11", "peso": 41.311241 }, "geometry": { "type": "Point", "coordinates": [ -46.701983498184383, -23.521747185874343 ] } },
{ "type": "Feature", "properties": { "loja_id": "AG01", "peso": 33.761492 }, "geometry": { "type": "Point", "coordinates": [ -46.679529099877911, -23.586556723544373 ] } },
{ "type": "Feature", "properties": { "loja_id": "AG03", "peso": 18.110002 }, "geometry": { "type": "Point", "coordinates": [ -46.703050843890665, -23.565079958851491 ] } },
{ "type": "Feature", "properties": { "loja_id": "AG03", "peso": 36.843366 }, "geometry": { "type": "Point", "coordinates": [ -46.690396406206361, -23.571376632915563 ] } },
{ "type": "Feature", "properties": { "loja_id": "AG02", "peso": 89.571631 }, "geometry": { "type": "Point", "coordinates": [ -46.654415531381986, -23.56297745615262 ] } },
{ "type": "Feature", "properties": { "loja_id": "AG15", "peso": 89.571631 }, "geometry": { "type": "Point", "coordinates": [ -46.703443232314122, -23.57195656880403 ] } },
{ "type": "Feature", "properties": { "loja_id": "AG03", "peso": 184.563098 }, "geometry": { "type": "Point", "coordinates": [ -46.696270564889275, -23.561162801559359 ] } },
{ "type": "Feature", "properties": { "loja_id": "AG09", "peso": 98.490644 }, "geometry": { "type": "Point", "coordinates": [ -46.639434584842576, -23.546981007342275 ] } },
{ "type": "Feature", "properties": { "loja_id": "AG08", "peso": 89.571631 }, "geometry": { "type": "Point", "coordinates": [ -46.696823188002668, -23.615562915685196 ] } },
{ "type": "Feature", "properties": { "loja_id": "AG01", "peso": 129.774209 }, "geometry": { "type": "Point", "coordinates": [ -46.679981121435013, -23.594353856133388 ] } },
{ "type": "Feature", "properties": { "loja_id": "AG03", "peso": 98.490644 }, "geometry": { "type": "Point", "coordinates": [ -46.684596942222022, -23.562174699640906 ] } },
{ "type": "Feature", "properties": { "loja_id": "AG09", "peso": 89.571631 }, "geometry": { "type": "Point", "coordinates": [ -46.641376854489934, -23.545633069109918 ] } },
{ "type": "Feature", "properties": { "loja_id": "AG03", "peso": 152.43778 }, "geometry": { "type": "Point", "coordinates": [ -46.696658992783455, -23.562422775728038 ] } },
{ "type": "Feature", "properties": { "loja_id": "AG11", "peso": 135.914804 }, "geometry": { "type": "Point", "coordinates": [ -46.699371865000984, -23.521224884036695 ] } },
{ "type": "Feature", "properties": { "loja_id": "AG02", "peso": 271.355737 }, "geometry": { "type": "Point", "coordinates": [ -46.659976935414377, -23.565871042921614 ] } },
{ "type": "Feature", "properties": { "loja_id": "AG02", "peso": 43.487409 }, "geometry": { "type": "Point", "coordinates": [ -46.653411594923163, -23.560251978091362 ] } },
{ "type": "Feature", "properties": { "loja_id": "AG09", "peso": 43.487409 }, "geometry": { "type": "Point", "coordinates": [ -46.634747056068129, -23.541783741325396 ] } },
{ "type": "Feature", "properties": { "loja_id": "AG04", "peso": 56.193586 }, "geometry": { "type": "Point", "coordinates": [ -46.627487839677933, -23.594930958776956 ] } },
{ "type": "Feature", "properties": { "loja_id": "AG02", "peso": 43.487409 }, "geometry": { "type": "Point", "coordinates": [ -46.656771220948563, -23.561001838462811 ] } },
{ "type": "Feature", "properties": { "loja_id": "AG01", "peso": 55.828346 }, "geometry": { "type": "Point", "coordinates": [ -46.682387465519668, -23.587889336266532 ] } },
{ "type": "Feature", "properties": { "loja_id": "AG02", "peso": 164.034654 }, "geometry": { "type": "Point", "coordinates": [ -46.661419884627477, -23.569214859701262 ] } },
{ "type": "Feature", "properties": { "loja_id": "AG01", "peso": 55.828346 }, "geometry": { "type": "Point", "coordinates": [ -46.681017585804973, -23.591877419108599 ] } },
{ "type": "Feature", "properties": { "loja_id": "AG09", "peso": 56.193586 }, "geometry": { "type": "Point", "coordinates": [ -46.642506069849325, -23.550587801531613 ] } },
{ "type": "Feature", "properties": { "loja_id": "AG02", "peso": 39.070072 }, "geometry": { "type": "Point", "coordinates": [ -46.654415531381986, -23.56297745615262 ] } },
{ "type": "Feature", "properties": { "loja_id": "AG01", "peso": 164.034654 }, "geometry": { "type": "Point", "coordinates": [ -46.689363382174399, -23.592464111176163 ] } },
{ "type": "Feature", "properties": { "loja_id": "AG09", "peso": 46.626851 }, "geometry": { "type": "Point", "coordinates": [ -46.644930278770168, -23.544674439626721 ] } },
{ "type": "Feature", "properties": { "loja_id": "AG02", "peso": 56.193586 }, "geometry": { "type": "Point", "coordinates": [ -46.655729462699234, -23.562295229568068 ] } },
{ "type": "Feature", "properties": { "loja_id": "AG04", "peso": 56.193586 }, "geometry": { "type": "Point", "coordinates": [ -46.634799917241118, -23.58641988973687 ] } },
{ "type": "Feature", "properties": { "loja_id": "AG09", "peso": 89.193843 }, "geometry": { "type": "Point", "coordinates": [ -46.635065301059782, -23.546133004258472 ] } },
{ "type": "Feature", "properties": { "loja_id": "AG02", "peso": 46.626851 }, "geometry": { "type": "Point", "coordinates": [ -46.660830719430322, -23.568327167247276 ] } },
{ "type": "Feature", "properties": { "loja_id": "AG02", "peso": 55.828346 }, "geometry": { "type": "Point", "coordinates": [ -46.655729462699234, -23.562295229568068 ] } },
{ "type": "Feature", "properties": { "loja_id": "AG02", "peso": 57.412129 }, "geometry": { "type": "Point", "coordinates": [ -46.661161313640036, -23.566571775102474 ] } },
{ "type": "Feature", "properties": { "loja_id": "AG02", "peso": 77.465366 }, "geometry": { "type": "Point", "coordinates": [ -46.653481965841195, -23.560395713333367 ] } },
{ "type": "Feature", "properties": { "loja_id": "AG04", "peso": 43.487409 }, "geometry": { "type": "Point", "coordinates": [ -46.638552009799, -23.58085383844454 ] } },
{ "type": "Feature", "properties": { "loja_id": "AG02", "peso": 57.412129 }, "geometry": { "type": "Point", "coordinates": [ -46.655753867256713, -23.561897639798858 ] } },
{ "type": "Feature", "properties": { "loja_id": "AG02", "peso": 77.465366 }, "geometry": { "type": "Point", "coordinates": [ -46.656592664295381, -23.554574221038383 ] } },
{ "type": "Feature", "properties": { "loja_id": "AG09", "peso": 55.828346 }, "geometry": { "type": "Point", "coordinates": [ -46.643614354391794, -23.547550949363082 ] } },
{ "type": "Feature", "properties": { "loja_id": "AG09", "peso": 39.070072 }, "geometry": { "type": "Point", "coordinates": [ -46.644722736180213, -23.547674685588088 ] } },
{ "type": "Feature", "properties": { "loja_id": "AG02", "peso": 80.470715 }, "geometry": { "type": "Point", "coordinates": [ -46.654834787605168, -23.562819479493506 ] } },
{ "type": "Feature", "properties": { "loja_id": "AG08", "peso": 77.465366 }, "geometry": { "type": "Point", "coordinates": [ -46.694170691143412, -23.608196287327978 ] } },
{ "type": "Feature", "properties": { "loja_id": "AG09", "peso": 80.470715 }, "geometry": { "type": "Point", "coordinates": [ -46.647077277728016, -23.550331755396439 ] } },
{ "type": "Feature", "properties": { "loja_id": "AG03", "peso": 46.626851 }, "geometry": { "type": "Point", "coordinates": [ -46.689209948885299, -23.568996555556968 ] } },
{ "type": "Feature", "properties": { "loja_id": "AG01", "peso": 77.465366 }, "geometry": { "type": "Point", "coordinates": [ -46.681047091512177, -23.591886129829742 ] } },
{ "type": "Feature", "properties": { "loja_id": "AG08", "peso": 52.655124 }, "geometry": { "type": "Point", "coordinates": [ -46.696801033618677, -23.604709046753502 ] } },
{ "type": "Feature", "properties": { "loja_id": "AG02", "peso": 55.828346 }, "geometry": { "type": "Point", "coordinates": [ -46.660830719430322, -23.568327167247276 ] } },
{ "type": "Feature", "properties": { "loja_id": "AG03", "peso": 77.465366 }, "geometry": { "type": "Point", "coordinates": [ -46.701935668708657, -23.568243669157283 ] } },
{ "type": "Feature", "properties": { "loja_id": "AG02", "peso": 32.511668 }, "geometry": { "type": "Point", "coordinates": [ -46.656480549877728, -23.561257782312161 ] } },
{ "type": "Feature", "properties": { "loja_id": "AG02", "peso": 39.070072 }, "geometry": { "type": "Point", "coordinates": [ -46.654614215638986, -23.558505378401009 ] } },
{ "type": "Feature", "properties": { "loja_id": "AG02", "peso": 33.46552 }, "geometry": { "type": "Point", "coordinates": [ -46.658185494253722, -23.559731558799331 ] } },
{ "type": "Feature", "properties": { "loja_id": "AG02", "peso": 34.618435 }, "geometry": { "type": "Point", "coordinates": [ -46.657849885163671, -23.561089670960708 ] } },
{ "type": "Feature", "properties": { "loja_id": "AG01", "peso": 19.419162 }, "geometry": { "type": "Point", "coordinates": [ -46.690200980032508, -23.590540619343091 ] } },
{ "type": "Feature", "properties": { "loja_id": "AG01", "peso": 44.509951 }, "geometry": { "type": "Point", "coordinates": [ -46.685136892163314, -23.592961536863289 ] } },
{ "type": "Feature", "properties": { "loja_id": "AG09", "peso": 21.78645 }, "geometry": { "type": "Point", "coordinates": [ -46.637545647640664, -23.543939637077521 ] } },
{ "type": "Feature", "properties": { "loja_id": "AG02", "peso": 50.632732 }, "geometry": { "type": "Point", "coordinates": [ -46.658913539723137, -23.560762266207409 ] } },
{ "type": "Feature", "properties": { "loja_id": "AG03", "peso": 33.46552 }, "geometry": { "type": "Point", "coordinates": [ -46.693531452717743, -23.56909400497991 ] } },
{ "type": "Feature", "properties": { "loja_id": "AG09", "peso": 26.783311 }, "geometry": { "type": "Point", "coordinates": [ -46.649315271203918, -23.538929905098215 ] } },
{ "type": "Feature", "properties": { "loja_id": "AG02", "peso": 19.419162 }, "geometry": { "type": "Point", "coordinates": [ -46.653847356809621, -23.563760101951498 ] } },
{ "type": "Feature", "properties": { "loja_id": "AG02", "peso": 33.46552 }, "geometry": { "type": "Point", "coordinates": [ -46.657986131812272, -23.568041482357245 ] } },
{ "type": "Feature", "properties": { "loja_id": "AG02", "peso": 55.504335 }, "geometry": { "type": "Point", "coordinates": [ -46.654813048654454, -23.56264813663925 ] } },
{ "type": "Feature", "properties": { "loja_id": "AG02", "peso": 55.504335 }, "geometry": { "type": "Point", "coordinates": [ -46.655041271468839, -23.562880492715703 ] } },
{ "type": "Feature", "properties": { "loja_id": "AG04", "peso": 38.114479 }, "geometry": { "type": "Point", "coordinates": [ -46.634886122945971, -23.595747237852773 ] } },
{ "type": "Feature", "properties": { "loja_id": "AG02", "peso": 20.178254 }, "geometry": { "type": "Point", "coordinates": [ -46.656224587567635, -23.560375547767197 ] } },
{ "type": "Feature", "properties": { "loja_id": "AG02", "peso": 33.993175 }, "geometry": { "type": "Point", "coordinates": [ -46.657239705455453, -23.567110301328274 ] } },
{ "type": "Feature", "properties": { "loja_id": "AG09", "peso": 26.410332 }, "geometry": { "type": "Point", "coordinates": [ -46.650758225447412, -23.544675906051943 ] } },
{ "type": "Feature", "properties": { "loja_id": "AG03", "peso": 19.419162 }, "geometry": { "type": "Point", "coordinates": [ -46.701852812346345, -23.566375351625833 ] } },
{ "type": "Feature", "properties": { "loja_id": "AG02", "peso": 19.419162 }, "geometry": { "type": "Point", "coordinates": [ -46.656480549877728, -23.561257782312161 ] } },
{ "type": "Feature", "properties": { "loja_id": "AG02", "peso": 44.509951 }, "geometry": { "type": "Point", "coordinates": [ -46.654813048654454, -23.56264813663925 ] } },
{ "type": "Feature", "properties": { "loja_id": "AG09", "peso": 42.08746 }, "geometry": { "type": "Point", "coordinates": [ -46.643701454037526, -23.54510282362169 ] } },
{ "type": "Feature", "properties": { "loja_id": "AG02", "peso": 40.05097 }, "geometry": { "type": "Point", "coordinates": [ -46.659501102165621, -23.563085789557945 ] } },
{ "type": "Feature", "properties": { "loja_id": "AG02", "peso": 50.632732 }, "geometry": { "type": "Point", "coordinates": [ -46.658234098709933, -23.562042775847846 ] } },
{ "type": "Feature", "properties": { "loja_id": "AG02", "peso": 40.05097 }, "geometry": { "type": "Point", "coordinates": [ -46.658185494253722, -23.559731558799331 ] } },
{ "type": "Feature", "properties": { "loja_id": "AG03", "peso": 55.504335 }, "geometry": { "type": "Point", "coordinates": [ -46.690060392419838, -23.568851857824217 ] } },
{ "type": "Feature", "properties": { "loja_id": "AG05", "peso": 21.78645 }, "geometry": { "type": "Point", "coordinates": [ -46.600004693369058, -23.555500959701163 ] } },
{ "type": "Feature", "properties": { "loja_id": "AG01", "peso": 33.914879 }, "geometry": { "type": "Point", "coordinates": [ -46.682387465519668, -23.587889336266532 ] } },
{ "type": "Feature", "properties": { "loja_id": "AG09", "peso": 40.05097 }, "geometry": { "type": "Point", "coordinates": [ -46.645220582914092, -23.54045422983727 ] } },
{ "type": "Feature", "properties": { "loja_id": "AG02", "peso": 40.05097 }, "geometry": { "type": "Point", "coordinates": [ -46.658185494253722, -23.559731558799331 ] } },
{ "type": "Feature", "properties": { "loja_id": "AG08", "peso": 26.783311 }, "geometry": { "type": "Point", "coordinates": [ -46.693642578193604, -23.607515766654203 ] } },
{ "type": "Feature", "properties": { "loja_id": "AG01", "peso": 51.35619 }, "geometry": { "type": "Point", "coordinates": [ -46.684846622377897, -23.585578062389999 ] } },
{ "type": "Feature", "properties": { "loja_id": "AG01", "peso": 19.419162 }, "geometry": { "type": "Point", "coordinates": [ -46.690200980032508, -23.590540619343091 ] } },
{ "type": "Feature", "properties": { "loja_id": "AG02", "peso": 26.783311 }, "geometry": { "type": "Point", "coordinates": [ -46.658400269878562, -23.562013912475475 ] } },
{ "type": "Feature", "properties": { "loja_id": "AG03", "peso": 55.504335 }, "geometry": { "type": "Point", "coordinates": [ -46.702346201549965, -23.565132828454026 ] } },
{ "type": "Feature", "properties": { "loja_id": "AG08", "peso": 33.914879 }, "geometry": { "type": "Point", "coordinates": [ -46.696436660037904, -23.614465477106098 ] } },
{ "type": "Feature", "properties": { "loja_id": "AG02", "peso": 33.46552 }, "geometry": { "type": "Point", "coordinates": [ -46.659884163161891, -23.564725197431738 ] } },
{ "type": "Feature", "properties": { "loja_id": "AG09", "peso": 33.993175 }, "geometry": { "type": "Point", "coordinates": [ -46.634743527896582, -23.545459113796092 ] } },
{ "type": "Feature", "properties": { "loja_id": "AG09", "peso": 26.783311 }, "geometry": { "type": "Point", "coordinates": [ -46.648930989300432, -23.542672509463692 ] } },
{ "type": "Feature", "properties": { "loja_id": "AG08", "peso": 97.847291 }, "geometry": { "type": "Point", "coordinates": [ -46.694170691143412, -23.608196287327978 ] } },
{ "type": "Feature", "properties": { "loja_id": "AG01", "peso": 33.694736 }, "geometry": { "type": "Point", "coordinates": [ -46.681280029977813, -23.591712036022887 ] } },
{ "type": "Feature", "properties": { "loja_id": "AG03", "peso": 24.89683 }, "geometry": { "type": "Point", "coordinates": [ -46.702369282574651, -23.565403477826173 ] } },
{ "type": "Feature", "properties": { "loja_id": "AG04", "peso": 93.906975 }, "geometry": { "type": "Point", "coordinates": [ -46.640649550211492, -23.589591039078101 ] } },
{ "type": "Feature", "properties": { "loja_id": "AG03", "peso": 24.89683 }, "geometry": { "type": "Point", "coordinates": [ -46.694991856813438, -23.567624238831886 ] } },
{ "type": "Feature", "properties": { "loja_id": "AG03", "peso": 60.524878 }, "geometry": { "type": "Point", "coordinates": [ -46.687912488802084, -23.568658478244092 ] } },
{ "type": "Feature", "properties": { "loja_id": "AG03", "peso": 27.468848 }, "geometry": { "type": "Point", "coordinates": [ -46.693469577263791, -23.567324780087475 ] } },
{ "type": "Feature", "properties": { "loja_id": "AG03", "peso": 33.694736 }, "geometry": { "type": "Point", "coordinates": [ -46.701258324186753, -23.56737516820613 ] } },
{ "type": "Feature", "properties": { "loja_id": "AG03", "peso": 66.609446 }, "geometry": { "type": "Point", "coordinates": [ -46.68462111363116, -23.565605887260062 ] } },
{ "type": "Feature", "properties": { "loja_id": "AG03", "peso": 107.081257 }, "geometry": { "type": "Point", "coordinates": [ -46.685003817147518, -23.563353236776859 ] } },
{ "type": "Feature", "properties": { "loja_id": "AG03", "peso": 97.847291 }, "geometry": { "type": "Point", "coordinates": [ -46.685003817147518, -23.563353236776859 ] } },
{ "type": "Feature", "properties": { "loja_id": "AG03", "peso": 42.256247 }, "geometry": { "type": "Point", "coordinates": [ -46.685003817147518, -23.563353236776859 ] } },
{ "type": "Feature", "properties": { "loja_id": "AG03", "peso": 42.256247 }, "geometry": { "type": "Point", "coordinates": [ -46.685003817147518, -23.563353236776859 ] } },
{ "type": "Feature", "properties": { "loja_id": "AG03", "peso": 24.89683 }, "geometry": { "type": "Point", "coordinates": [ -46.688384269516312, -23.563415886156189 ] } },
{ "type": "Feature", "properties": { "loja_id": "AG15", "peso": 27.468848 }, "geometry": { "type": "Point", "coordinates": [ -46.713843956797277, -23.568681696808682 ] } },
{ "type": "Feature", "properties": { "loja_id": "AG01", "peso": 45.378971 }, "geometry": { "type": "Point", "coordinates": [ -46.68103717956307, -23.591877207012356 ] } },
{ "type": "Feature", "properties": { "loja_id": "AG15", "peso": 82.538732 }, "geometry": { "type": "Point", "coordinates": [ -46.716470367066712, -23.569510563089818 ] } },
{ "type": "Feature", "properties": { "loja_id": "AG09", "peso": 91.862454 }, "geometry": { "type": "Point", "coordinates": [ -46.647364627222885, -23.540377357172261 ] } },
{ "type": "Feature", "properties": { "loja_id": "AG03", "peso": 33.694736 }, "geometry": { "type": "Point", "coordinates": [ -46.688984865302103, -23.563653174423354 ] } },
{ "type": "Feature", "properties": { "loja_id": "AG09", "peso": 84.530378 }, "geometry": { "type": "Point", "coordinates": [ -46.643039947917217, -23.54625665874282 ] } },
{ "type": "Feature", "properties": { "loja_id": "AG09", "peso": 27.468848 }, "geometry": { "type": "Point", "coordinates": [ -46.643039947917217, -23.54625665874282 ] } },
{ "type": "Feature", "properties": { "loja_id": "AG09", "peso": 24.89683 }, "geometry": { "type": "Point", "coordinates": [ -46.645206520963036, -23.544834062793633 ] } },
{ "type": "Feature", "properties": { "loja_id": "AG02", "peso": 33.694736 }, "geometry": { "type": "Point", "coordinates": [ -46.658335473637635, -23.559973774855486 ] } },
{ "type": "Feature", "properties": { "loja_id": "AG09", "peso": 97.847291 }, "geometry": { "type": "Point", "coordinates": [ -46.649017814081276, -23.548062655438628 ] } },
{ "type": "Feature", "properties": { "loja_id": "AG03", "peso": 54.074061 }, "geometry": { "type": "Point", "coordinates": [ -46.693909298747805, -23.563418985261546 ] } },
{ "type": "Feature", "properties": { "loja_id": "AG01", "peso": 77.136993 }, "geometry": { "type": "Point", "coordinates": [ -46.681017585804973, -23.591877419108599 ] } },
{ "type": "Feature", "properties": { "loja_id": "AG02", "peso": 107.081257 }, "geometry": { "type": "Point", "coordinates": [ -46.652131369988687, -23.558929114047004 ] } },
{ "type": "Feature", "properties": { "loja_id": "AG02", "peso": 33.694736 }, "geometry": { "type": "Point", "coordinates": [ -46.654543957742, -23.558370672678471 ] } },
{ "type": "Feature", "properties": { "loja_id": "AG09", "peso": 27.468848 }, "geometry": { "type": "Point", "coordinates": [ -46.637689405700598, -23.545265577294234 ] } },
{ "type": "Feature", "properties": { "loja_id": "AG03", "peso": 60.524878 }, "geometry": { "type": "Point", "coordinates": [ -46.686617423506235, -23.564672194749939 ] } },
{ "type": "Feature", "properties": { "loja_id": "AG03", "peso": 107.081257 }, "geometry": { "type": "Point", "coordinates": [ -46.69093892803302, -23.562485105073229 ] } },
{ "type": "Feature", "properties": { "loja_id": "AG01", "peso": 66.609446 }, "geometry": { "type": "Point", "coordinates": [ -46.675503504996783, -23.588975126055981 ] } },
{ "type": "Feature", "properties": { "loja_id": "AG01", "peso": 66.609446 }, "geometry": { "type": "Point", "coordinates": [ -46.68103717956307, -23.591877207012356 ] } },
{ "type": "Feature", "properties": { "loja_id": "AG03", "peso": 82.17522 }, "geometry": { "type": "Point", "coordinates": [ -46.688484110360491, -23.575054616663863 ] } },
{ "type": "Feature", "properties": { "loja_id": "AG03", "peso": 44.417473 }, "geometry": { "type": "Point", "coordinates": [ -46.688523143747446, -23.564317389436617 ] } },
{ "type": "Feature", "properties": { "loja_id": "AG03", "peso": 33.694736 }, "geometry": { "type": "Point", "coordinates": [ -46.695798894118006, -23.572491682785479 ] } },
{ "type": "Feature", "properties": { "loja_id": "AG01", "peso": 13.522059 }, "geometry": { "type": "Point", "coordinates": [ -46.68105700346262, -23.591895052646425 ] } },
{ "type": "Feature", "properties": { "loja_id": "AG01", "peso": 13.522059 }, "geometry": { "type": "Point", "coordinates": [ -46.68285679427872, -23.586276891930584 ] } },
{ "type": "Feature", "properties": { "loja_id": "AG03", "peso": 66.609446 }, "geometry": { "type": "Point", "coordinates": [ -46.685153160646884, -23.562773689477073 ] } },
{ "type": "Feature", "properties": { "loja_id": "AG03", "peso": 33.694736 }, "geometry": { "type": "Point", "coordinates": [ -46.693988372386912, -23.572637851792177 ] } },
{ "type": "Feature", "properties": { "loja_id": "AG09", "peso": 37.114296 }, "geometry": { "type": "Point", "coordinates": [ -46.642963311055929, -23.540089784945053 ] } },
{ "type": "Feature", "properties": { "loja_id": "AG01", "peso": 44.417473 }, "geometry": { "type": "Point", "coordinates": [ -46.681027382684043, -23.591877313060788 ] } },
{ "type": "Feature", "properties": { "loja_id": "AG03", "peso": 57.181663 }, "geometry": { "type": "Point", "coordinates": [ -46.684797072242333, -23.566344450478351 ] } },
{ "type": "Feature", "properties": { "loja_id": "AG04", "peso": 66.609446 }, "geometry": { "type": "Point", "coordinates": [ -46.640799110469615, -23.585859969006989 ] } },
{ "type": "Feature", "properties": { "loja_id": "AG10", "peso": 107.081257 }, "geometry": { "type": "Point", "coordinates": [ -46.674082945317686, -23.534881690726632 ] } },
{ "type": "Feature", "properties": { "loja_id": "AG01", "peso": 33.694736 }, "geometry": { "type": "Point", "coordinates": [ -46.680988310233523, -23.591886766115032 ] } },
{ "type": "Feature", "properties": { "loja_id": "AG03", "peso": 33.694736 }, "geometry": { "type": "Point", "coordinates": [ -46.685080562434514, -23.563225982999857 ] } },
{ "type": "Feature", "properties": { "loja_id": "AG01", "peso": 82.17522 }, "geometry": { "type": "Point", "coordinates": [ -46.68103717956307, -23.591877207012356 ] } },
{ "type": "Feature", "properties": { "loja_id": "AG03", "peso": 36.634731 }, "geometry": { "type": "Point", "coordinates": [ -46.691344985052439, -23.562065302270785 ] } },
{ "type": "Feature", "properties": { "loja_id": "AG01", "peso": 45.378971 }, "geometry": { "type": "Point", "coordinates": [ -46.676285058824455, -23.584939253599376 ] } },
{ "type": "Feature", "properties": { "loja_id": "AG09", "peso": 33.694736 }, "geometry": { "type": "Point", "coordinates": [ -46.642963311055929, -23.540089784945053 ] } },
{ "type": "Feature", "properties": { "loja_id": "AG03", "peso": 97.847291 }, "geometry": { "type": "Point", "coordinates": [ -46.690481936152914, -23.571935568932062 ] } },
{ "type": "Feature", "properties": { "loja_id": "AG01", "peso": 37.114296 }, "geometry": { "type": "Point", "coordinates": [ -46.68105700346262, -23.591895052646425 ] } },
{ "type": "Feature", "properties": { "loja_id": "AG01", "peso": 42.256247 }, "geometry": { "type": "Point", "coordinates": [ -46.682387465519668, -23.587889336266532 ] } },
{ "type": "Feature", "properties": { "loja_id": "AG09", "peso": 50.033381 }, "geometry": { "type": "Point", "coordinates": [ -46.637867708426469, -23.538310368427471 ] } },
{ "type": "Feature", "properties": { "loja_id": "AG08", "peso": 97.847291 }, "geometry": { "type": "Point", "coordinates": [ -46.696162105520564, -23.613691894795053 ] } },
{ "type": "Feature", "properties": { "loja_id": "AG03", "peso": 97.847291 }, "geometry": { "type": "Point", "coordinates": [ -46.70115812451165, -23.564920084513179 ] } },
{ "type": "Feature", "properties": { "loja_id": "AG03", "peso": 97.847291 }, "geometry": { "type": "Point", "coordinates": [ -46.688293663915587, -23.561692117338119 ] } },
{ "type": "Feature", "properties": { "loja_id": "AG03", "peso": 29.053915 }, "geometry": { "type": "Point", "coordinates": [ -46.691344985052439, -23.562065302270785 ] } },
{ "type": "Feature", "properties": { "loja_id": "AG03", "peso": 57.181663 }, "geometry": { "type": "Point", "coordinates": [ -46.686218029298416, -23.565615661030808 ] } },
{ "type": "Feature", "properties": { "loja_id": "AG03", "peso": 57.181663 }, "geometry": { "type": "Point", "coordinates": [ -46.686218029298416, -23.565615661030808 ] } },
{ "type": "Feature", "properties": { "loja_id": "AG03", "peso": 77.136993 }, "geometry": { "type": "Point", "coordinates": [ -46.688380393192134, -23.565411584328814 ] } },
{ "type": "Feature", "properties": { "loja_id": "AG03", "peso": 97.847291 }, "geometry": { "type": "Point", "coordinates": [ -46.688380393192134, -23.565411584328814 ] } },
{ "type": "Feature", "properties": { "loja_id": "AG03", "peso": 33.694736 }, "geometry": { "type": "Point", "coordinates": [ -46.68489814817287, -23.563516924567082 ] } },
{ "type": "Feature", "properties": { "loja_id": "AG03", "peso": 33.694736 }, "geometry": { "type": "Point", "coordinates": [ -46.69274699849273, -23.55986475501992 ] } },
{ "type": "Feature", "properties": { "loja_id": "AG03", "peso": 107.081257 }, "geometry": { "type": "Point", "coordinates": [ -46.688878661840441, -23.565306839681305 ] } },
{ "type": "Feature", "properties": { "loja_id": "AG01", "peso": 66.609446 }, "geometry": { "type": "Point", "coordinates": [ -46.681665586209661, -23.590443645882107 ] } },
{ "type": "Feature", "properties": { "loja_id": "AG01", "peso": 51.047619 }, "geometry": { "type": "Point", "coordinates": [ -46.681017585804973, -23.591877419108599 ] } },
{ "type": "Feature", "properties": { "loja_id": "AG01", "peso": 39.0 }, "geometry": { "type": "Point", "coordinates": [ -46.681562195479238, -23.590787909639978 ] } },
{ "type": "Feature", "properties": { "loja_id": "AG03", "peso": 34.157895 }, "geometry": { "type": "Point", "coordinates": [ -46.692665945070168, -23.561184033414182 ] } },
{ "type": "Feature", "properties": { "loja_id": "AG02", "peso": 34.625 }, "geometry": { "type": "Point", "coordinates": [ -46.650067160641115, -23.557578439852726 ] } },
{ "type": "Feature", "properties": { "loja_id": "AG09", "peso": 35.666667 }, "geometry": { "type": "Point", "coordinates": [ -46.642620040378205, -23.543994493409357 ] } },
{ "type": "Feature", "properties": { "loja_id": "AG03", "peso": 39.0 }, "geometry": { "type": "Point", "coordinates": [ -46.691741999183165, -23.565528543414253 ] } },
{ "type": "Feature", "properties": { "loja_id": "AG01", "peso": 60.35 }, "geometry": { "type": "Point", "coordinates": [ -46.687945659618428, -23.582745085447648 ] } },
{ "type": "Feature", "properties": { "loja_id": "AG03", "peso": 45.222222 }, "geometry": { "type": "Point", "coordinates": [ -46.697679466330335, -23.564840727868255 ] } },
{ "type": "Feature", "properties": { "loja_id": "AG08", "peso": 34.157895 }, "geometry": { "type": "Point", "coordinates": [ -46.697104525691806, -23.616101641192074 ] } },
{ "type": "Feature", "properties": { "loja_id": "AG01", "peso": 34.157895 }, "geometry": { "type": "Point", "coordinates": [ -46.686942857695207, -23.581708486695181 ] } },
{ "type": "Feature", "properties": { "loja_id": "AG03", "peso": 49.222222 }, "geometry": { "type": "Point", "coordinates": [ -46.689892013488887, -23.564880440182993 ] } },
{ "type": "Feature", "properties": { "loja_id": "AG03", "peso": 42.833333 }, "geometry": { "type": "Point", "coordinates": [ -46.688272879804245, -23.575391025878488 ] } },
{ "type": "Feature", "properties": { "loja_id": "AG01", "peso": 35.666667 }, "geometry": { "type": "Point", "coordinates": [ -46.681280029977813, -23.591712036022887 ] } },
{ "type": "Feature", "properties": { "loja_id": "AG01", "peso": 42.133333 }, "geometry": { "type": "Point", "coordinates": [ -46.689428552998066, -23.585311571994531 ] } },
{ "type": "Feature", "properties": { "loja_id": "AG01", "peso": 51.047619 }, "geometry": { "type": "Point", "coordinates": [ -46.684530596863361, -23.579242352051256 ] } },
{ "type": "Feature", "properties": { "loja_id": "AG01", "peso": 49.222222 }, "geometry": { "type": "Point", "coordinates": [ -46.681027382684043, -23.591877313060788 ] } },
{ "type": "Feature", "properties": { "loja_id": "AG02", "peso": 49.222222 }, "geometry": { "type": "Point", "coordinates": [ -46.660057236389257, -23.568362521703527 ] } },
{ "type": "Feature", "properties": { "loja_id": "AG02", "peso": 34.625 }, "geometry": { "type": "Point", "coordinates": [ -46.654625140999876, -23.55859556442693 ] } },
{ "type": "Feature", "properties": { "loja_id": "AG02", "peso": 49.222222 }, "geometry": { "type": "Point", "coordinates": [ -46.654625140999876, -23.55859556442693 ] } },
{ "type": "Feature", "properties": { "loja_id": "AG01", "peso": 35.666667 }, "geometry": { "type": "Point", "coordinates": [ -46.686397853139241, -23.58199433734919 ] } },
{ "type": "Feature", "properties": { "loja_id": "AG02", "peso": 51.047619 }, "geometry": { "type": "Point", "coordinates": [ -46.655711253496982, -23.559279328455407 ] } },
{ "type": "Feature", "properties": { "loja_id": "AG05", "peso": 34.625 }, "geometry": { "type": "Point", "coordinates": [ -46.599315653096511, -23.560890167500251 ] } },
{ "type": "Feature", "properties": { "loja_id": "AG03", "peso": 60.35 }, "geometry": { "type": "Point", "coordinates": [ -46.693373226704615, -23.565158605888335 ] } },
{ "type": "Feature", "properties": { "loja_id": "AG01", "peso": 34.157895 }, "geometry": { "type": "Point", "coordinates": [ -46.686995964262273, -23.580497875968078 ] } },
{ "type": "Feature", "properties": { "loja_id": "AG08", "peso": 39.0 }, "geometry": { "type": "Point", "coordinates": [ -46.694661499621695, -23.610547772431971 ] } },
{ "type": "Feature", "properties": { "loja_id": "AG02", "peso": 35.666667 }, "geometry": { "type": "Point", "coordinates": [ -46.658634956223864, -23.569000791523678 ] } },
{ "type": "Feature", "properties": { "loja_id": "AG03", "peso": 51.047619 }, "geometry": { "type": "Point", "coordinates": [ -46.688244185780611, -23.575445518293403 ] } },
{ "type": "Feature", "properties": { "loja_id": "AG01", "peso": 34.157895 }, "geometry": { "type": "Point", "coordinates": [ -46.6863730800317, -23.582355810498782 ] } },
{ "type": "Feature", "properties": { "loja_id": "AG02", "peso": 49.222222 }, "geometry": { "type": "Point", "coordinates": [ -46.6565774781036, -23.561175477421635 ] } },
{ "type": "Feature", "properties": { "loja_id": "AG01", "peso": 51.047619 }, "geometry": { "type": "Point", "coordinates": [ -46.687945659618428, -23.582745085447648 ] } },
{ "type": "Feature", "properties": { "loja_id": "AG01", "peso": 49.222222 }, "geometry": { "type": "Point", "coordinates": [ -46.687945659618428, -23.582745085447648 ] } },
{ "type": "Feature", "properties": { "loja_id": "AG01", "peso": 60.35 }, "geometry": { "type": "Point", "coordinates": [ -46.685916535606047, -23.578062434089041 ] } },
{ "type": "Feature", "properties": { "loja_id": "AG01", "peso": 34.157895 }, "geometry": { "type": "Point", "coordinates": [ -46.686535806531005, -23.582056050426022 ] } },
{ "type": "Feature", "properties": { "loja_id": "AG03", "peso": 42.833333 }, "geometry": { "type": "Point", "coordinates": [ -46.695303864709828, -23.560640571376972 ] } },
{ "type": "Feature", "properties": { "loja_id": "AG15", "peso": 34.625 }, "geometry": { "type": "Point", "coordinates": [ -46.710038549246349, -23.570610894740593 ] } },
{ "type": "Feature", "properties": { "loja_id": "AG15", "peso": 34.625 }, "geometry": { "type": "Point", "coordinates": [ -46.710038549246349, -23.570610894740593 ] } },
{ "type": "Feature", "properties": { "loja_id": "AG01", "peso": 42.833333 }, "geometry": { "type": "Point", "coordinates": [ -46.681066915414391, -23.59190397546238 ] } },
{ "type": "Feature", "properties": { "loja_id": "AG03", "peso": 39.0 }, "geometry": { "type": "Point", "coordinates": [ -46.690616599682862, -23.564854500341252 ] } },
{ "type": "Feature", "properties": { "loja_id": "AG01", "peso": 60.35 }, "geometry": { "type": "Point", "coordinates": [ -46.675156410524316, -23.584788887061357 ] } },
{ "type": "Feature", "properties": { "loja_id": "AG08", "peso": 39.0 }, "geometry": { "type": "Point", "coordinates": [ -46.693470034064688, -23.606289561564765 ] } },
{ "type": "Feature", "properties": { "loja_id": "AG03", "peso": 60.35 }, "geometry": { "type": "Point", "coordinates": [ -46.686835544023886, -23.573311650668195 ] } },
{ "type": "Feature", "properties": { "loja_id": "AG03", "peso": 39.0 }, "geometry": { "type": "Point", "coordinates": [ -46.688272879804245, -23.575391025878488 ] } },
{ "type": "Feature", "properties": { "loja_id": "AG03", "peso": 52.0 }, "geometry": { "type": "Point", "coordinates": [ -46.688279081717802, -23.564383251394638 ] } },
{ "type": "Feature", "properties": { "loja_id": "AG03", "peso": 49.222222 }, "geometry": { "type": "Point", "coordinates": [ -46.688840791115055, -23.566941701933693 ] } },
{ "type": "Feature", "properties": { "loja_id": "AG01", "peso": 39.0 }, "geometry": { "type": "Point", "coordinates": [ -46.681199732196468, -23.584642324888897 ] } },
{ "type": "Feature", "properties": { "loja_id": "AG01", "peso": 36.846154 }, "geometry": { "type": "Point", "coordinates": [ -46.681199732196468, -23.584642324888897 ] } },
{ "type": "Feature", "properties": { "loja_id": "AG01", "peso": 34.625 }, "geometry": { "type": "Point", "coordinates": [ -46.68105700346262, -23.591895052646425 ] } },
{ "type": "Feature", "properties": { "loja_id": "AG03", "peso": 34.625 }, "geometry": { "type": "Point", "coordinates": [ -46.686366139871474, -23.570309716827254 ] } },
{ "type": "Feature", "properties": { "loja_id": "AG02", "peso": 36.846154 }, "geometry": { "type": "Point", "coordinates": [ -46.658185494253722, -23.559731558799331 ] } },
{ "type": "Feature", "properties": { "loja_id": "AG01", "peso": 34.157895 }, "geometry": { "type": "Point", "coordinates": [ -46.683830109493968, -23.583467009171489 ] } },
{ "type": "Feature", "properties": { "loja_id": "AG01", "peso": 42.833333 }, "geometry": { "type": "Point", "coordinates": [ -46.689099494242321, -23.584863645970749 ] } },
{ "type": "Feature", "properties": { "loja_id": "AG03", "peso": 39.0 }, "geometry": { "type": "Point", "coordinates": [ -46.692328333725591, -23.574588380165903 ] } },
{ "type": "Feature", "properties": { "loja_id": "AG01", "peso": 45.222222 }, "geometry": { "type": "Point", "coordinates": [ -46.68103717956307, -23.591877207012356 ] } },
{ "type": "Feature", "properties": { "loja_id": "AG01", "peso": 35.666667 }, "geometry": { "type": "Point", "coordinates": [ -46.681047091512177, -23.591886129829742 ] } },
{ "type": "Feature", "properties": { "loja_id": "AG03", "peso": 34.157895 }, "geometry": { "type": "Point", "coordinates": [ -46.691278526747496, -23.570644626699615 ] } },
{ "type": "Feature", "properties": { "loja_id": "AG01", "peso": 45.222222 }, "geometry": { "type": "Point", "coordinates": [ -46.681017585804973, -23.591877419108599 ] } },
{ "type": "Feature", "properties": { "loja_id": "AG01", "peso": 34.157895 }, "geometry": { "type": "Point", "coordinates": [ -46.681017585804973, -23.591877419108599 ] } },
{ "type": "Feature", "properties": { "loja_id": "AG01", "peso": 42.833333 }, "geometry": { "type": "Point", "coordinates": [ -46.681017585804973, -23.591877419108599 ] } },
{ "type": "Feature", "properties": { "loja_id": "AG03", "peso": 36.846154 }, "geometry": { "type": "Point", "coordinates": [ -46.68435062560134, -23.569744617048389 ] } },
{ "type": "Feature", "properties": { "loja_id": "AG03", "peso": 39.0 }, "geometry": { "type": "Point", "coordinates": [ -46.684835545288635, -23.57012765586726 ] } },
{ "type": "Feature", "properties": { "loja_id": "AG02", "peso": 34.625 }, "geometry": { "type": "Point", "coordinates": [ -46.654543957742, -23.558370672678471 ] } },
{ "type": "Feature", "properties": { "loja_id": "AG10", "peso": 49.222222 }, "geometry": { "type": "Point", "coordinates": [ -46.67575683190794, -23.533265326867816 ] } },
{ "type": "Feature", "properties": { "loja_id": "AG04", "peso": 45.222222 }, "geometry": { "type": "Point", "coordinates": [ -46.63007840411737, -23.592853915058882 ] } },
{ "type": "Feature", "properties": { "loja_id": "AG03", "peso": 34.625 }, "geometry": { "type": "Point", "coordinates": [ -46.688656735093936, -23.574763777295004 ] } },
{ "type": "Feature", "properties": { "loja_id": "AG01", "peso": 51.047619 }, "geometry": { "type": "Point", "coordinates": [ -46.681007788925839, -23.591877525155802 ] } },
{ "type": "Feature", "properties": { "loja_id": "AG04", "peso": 62.684901 }, "geometry": { "type": "Point", "coordinates": [ -46.625798022081717, -23.592980058736597 ] } },
{ "type": "Feature", "properties": { "loja_id": "AG03", "peso": 33.438602 }, "geometry": { "type": "Point", "coordinates": [ -46.698167275370643, -23.563923360276437 ] } },
{ "type": "Feature", "properties": { "loja_id": "AG03", "peso": 76.895696 }, "geometry": { "type": "Point", "coordinates": [ -46.695482939772262, -23.565433599725782 ] } },
{ "type": "Feature", "properties": { "loja_id": "AG03", "peso": 45.003984 }, "geometry": { "type": "Point", "coordinates": [ -46.695455468285388, -23.564819852960735 ] } },
{ "type": "Feature", "properties": { "loja_id": "AG03", "peso": 61.472108 }, "geometry": { "type": "Point", "coordinates": [ -46.691169123994435, -23.564396984123928 ] } },
{ "type": "Feature", "properties": { "loja_id": "AG03", "peso": 16.868934 }, "geometry": { "type": "Point", "coordinates": [ -46.689912668170855, -23.565729046157614 ] } },
{ "type": "Feature", "properties": { "loja_id": "AG03", "peso": 67.605984 }, "geometry": { "type": "Point", "coordinates": [ -46.691081202103945, -23.564416000940511 ] } },
{ "type": "Feature", "properties": { "loja_id": "AG04", "peso": 20.420855 }, "geometry": { "type": "Point", "coordinates": [ -46.637985012160613, -23.581744782955997 ] } },
{ "type": "Feature", "properties": { "loja_id": "AG03", "peso": 61.472108 }, "geometry": { "type": "Point", "coordinates": [ -46.698904241065286, -23.563337381539647 ] } },
{ "type": "Feature", "properties": { "loja_id": "AG03", "peso": 17.304758 }, "geometry": { "type": "Point", "coordinates": [ -46.685131024984656, -23.565645510312294 ] } },
{ "type": "Feature", "properties": { "loja_id": "AG03", "peso": 17.304758 }, "geometry": { "type": "Point", "coordinates": [ -46.685131024984656, -23.565645510312294 ] } },
{ "type": "Feature", "properties": { "loja_id": "AG03", "peso": 44.270585 }, "geometry": { "type": "Point", "coordinates": [ -46.696602132428197, -23.574008998867114 ] } },
{ "type": "Feature", "properties": { "loja_id": "AG03", "peso": 45.003984 }, "geometry": { "type": "Point", "coordinates": [ -46.696612774635661, -23.566450701078818 ] } },
{ "type": "Feature", "properties": { "loja_id": "AG03", "peso": 83.740746 }, "geometry": { "type": "Point", "coordinates": [ -46.694576265091456, -23.563483956248341 ] } },
{ "type": "Feature", "properties": { "loja_id": "AG03", "peso": 44.270585 }, "geometry": { "type": "Point", "coordinates": [ -46.694145396955122, -23.565023769924743 ] } },
{ "type": "Feature", "properties": { "loja_id": "AG03", "peso": 99.297679 }, "geometry": { "type": "Point", "coordinates": [ -46.697408762367502, -23.565882144516184 ] } },
{ "type": "Feature", "properties": { "loja_id": "AG03", "peso": 83.740746 }, "geometry": { "type": "Point", "coordinates": [ -46.691626195481724, -23.565665255426822 ] } },
{ "type": "Feature", "properties": { "loja_id": "AG02", "peso": 13.313981 }, "geometry": { "type": "Point", "coordinates": [ -46.654834787605168, -23.562819479493506 ] } },
{ "type": "Feature", "properties": { "loja_id": "AG03", "peso": 12.997796 }, "geometry": { "type": "Point", "coordinates": [ -46.691029780214812, -23.5665205756492 ] } },
{ "type": "Feature", "properties": { "loja_id": "AG03", "peso": 45.003984 }, "geometry": { "type": "Point", "coordinates": [ -46.700380207606536, -23.569172732874033 ] } },
{ "type": "Feature", "properties": { "loja_id": "AG15", "peso": 45.003984 }, "geometry": { "type": "Point", "coordinates": [ -46.700380207606536, -23.569172732874033 ] } },
{ "type": "Feature", "properties": { "loja_id": "AG03", "peso": 20.420855 }, "geometry": { "type": "Point", "coordinates": [ -46.693793854307366, -23.567402517236541 ] } },
{ "type": "Feature", "properties": { "loja_id": "AG15", "peso": 99.297679 }, "geometry": { "type": "Point", "coordinates": [ -46.708084446821523, -23.577070807512662 ] } },
{ "type": "Feature", "properties": { "loja_id": "AG03", "peso": 20.420855 }, "geometry": { "type": "Point", "coordinates": [ -46.688792586208834, -23.56547031703148 ] } },
{ "type": "Feature", "properties": { "loja_id": "AG09", "peso": 76.895696 }, "geometry": { "type": "Point", "coordinates": [ -46.635295247753874, -23.546509859405035 ] } },
{ "type": "Feature", "properties": { "loja_id": "AG03", "peso": 52.840477 }, "geometry": { "type": "Point", "coordinates": [ -46.696500423507473, -23.562280024925244 ] } },
{ "type": "Feature", "properties": { "loja_id": "AG03", "peso": 83.740746 }, "geometry": { "type": "Point", "coordinates": [ -46.693629304481334, -23.563738089867119 ] } },
{ "type": "Feature", "properties": { "loja_id": "AG03", "peso": 71.95122 }, "geometry": { "type": "Point", "coordinates": [ -46.696708313793515, -23.562449327661142 ] } },
{ "type": "Feature", "properties": { "loja_id": "AG03", "peso": 20.420855 }, "geometry": { "type": "Point", "coordinates": [ -46.695495343656845, -23.567925770048369 ] } },
{ "type": "Feature", "properties": { "loja_id": "AG03", "peso": 71.95122 }, "geometry": { "type": "Point", "coordinates": [ -46.688702910912546, -23.569182668154223 ] } },
{ "type": "Feature", "properties": { "loja_id": "AG03", "peso": 74.563091 }, "geometry": { "type": "Point", "coordinates": [ -46.692381686504973, -23.570343653636741 ] } },
{ "type": "Feature", "properties": { "loja_id": "AG03", "peso": 33.438602 }, "geometry": { "type": "Point", "coordinates": [ -46.684439616665898, -23.565969059495313 ] } },
{ "type": "Feature", "properties": { "loja_id": "AG03", "peso": 52.840477 }, "geometry": { "type": "Point", "coordinates": [ -46.695614388627035, -23.561937518738837 ] } },
{ "type": "Feature", "properties": { "loja_id": "AG03", "peso": 52.840477 }, "geometry": { "type": "Point", "coordinates": [ -46.695614388627035, -23.561937518738837 ] } },
{ "type": "Feature", "properties": { "loja_id": "AG03", "peso": 52.840477 }, "geometry": { "type": "Point", "coordinates": [ -46.695602160131806, -23.56174802007752 ] } },
{ "type": "Feature", "properties": { "loja_id": "AG01", "peso": 62.684901 }, "geometry": { "type": "Point", "coordinates": [ -46.681054241777559, -23.591678359850302 ] } },
{ "type": "Feature", "properties": { "loja_id": "AG03", "peso": 62.684901 }, "geometry": { "type": "Point", "coordinates": [ -46.698625544627212, -23.561471199294445 ] } },
{ "type": "Feature", "properties": { "loja_id": "AG03", "peso": 138.046525 }, "geometry": { "type": "Point", "coordinates": [ -46.695701497466139, -23.564907469993393 ] } },
{ "type": "Feature", "properties": { "loja_id": "AG01", "peso": 33.438602 }, "geometry": { "type": "Point", "coordinates": [ -46.680968716473508, -23.591886978205196 ] } },
{ "type": "Feature", "properties": { "loja_id": "AG03", "peso": 76.019507 }, "geometry": { "type": "Point", "coordinates": [ -46.695620820670683, -23.564727748245495 ] } },
{ "type": "Feature", "properties": { "loja_id": "AG08", "peso": 69.009651 }, "geometry": { "type": "Point", "coordinates": [ -46.696063620449749, -23.61441537445593 ] } },
{ "type": "Feature", "properties": { "loja_id": "AG03", "peso": 71.95122 }, "geometry": { "type": "Point", "coordinates": [ -46.694618687506981, -23.563736336523952 ] } },
{ "type": "Feature", "properties": { "loja_id": "AG03", "peso": 76.019507 }, "geometry": { "type": "Point", "coordinates": [ -46.69857659385989, -23.567567041767671 ] } },
{ "type": "Feature", "properties": { "loja_id": "AG03", "peso": 62.684901 }, "geometry": { "type": "Point", "coordinates": [ -46.690128639634466, -23.56959158443205 ] } },
{ "type": "Feature", "properties": { "loja_id": "AG09", "peso": 49.259552 }, "geometry": { "type": "Point", "coordinates": [ -46.635295247753874, -23.546509859405035 ] } },
{ "type": "Feature", "properties": { "loja_id": "AG03", "peso": 33.688143 }, "geometry": { "type": "Point", "coordinates": [ -46.695602160131806, -23.56174802007752 ] } },
{ "type": "Feature", "properties": { "loja_id": "AG03", "peso": 49.259552 }, "geometry": { "type": "Point", "coordinates": [ -46.694546593386228, -23.572622735297699 ] } },
{ "type": "Feature", "properties": { "loja_id": "AG03", "peso": 33.438602 }, "geometry": { "type": "Point", "coordinates": [ -46.69015640718316, -23.569464860947445 ] } },
{ "type": "Feature", "properties": { "loja_id": "AG03", "peso": 49.259552 }, "geometry": { "type": "Point", "coordinates": [ -46.690101856527704, -23.568264449879941 ] } },
{ "type": "Feature", "properties": { "loja_id": "AG03", "peso": 71.95122 }, "geometry": { "type": "Point", "coordinates": [ -46.690101856527704, -23.568264449879941 ] } },
{ "type": "Feature", "properties": { "loja_id": "AG03", "peso": 33.438602 }, "geometry": { "type": "Point", "coordinates": [ -46.696663347573519, -23.563524399548985 ] } },
{ "type": "Feature", "properties": { "loja_id": "AG03", "peso": 62.684901 }, "geometry": { "type": "Point", "coordinates": [ -46.695766292537414, -23.563850242033848 ] } },
{ "type": "Feature", "properties": { "loja_id": "AG03", "peso": 76.019507 }, "geometry": { "type": "Point", "coordinates": [ -46.698837964830737, -23.561992623032584 ] } },
{ "type": "Feature", "properties": { "loja_id": "AG03", "peso": 33.688143 }, "geometry": { "type": "Point", "coordinates": [ -46.693594712115505, -23.567151844672935 ] } },
{ "type": "Feature", "properties": { "loja_id": "AG01", "peso": 69.009651 }, "geometry": { "type": "Point", "coordinates": [ -46.683455047941173, -23.591697503599246 ] } },
{ "type": "Feature", "properties": { "loja_id": "AG06", "peso": 56.695898 }, "geometry": { "type": "Point", "coordinates": [ -46.575011892900669, -23.533821086793271 ] } },
{ "type": "Feature", "properties": { "loja_id": "AG03", "peso": 76.019507 }, "geometry": { "type": "Point", "coordinates": [ -46.695614388627035, -23.561937518738837 ] } },
{ "type": "Feature", "properties": { "loja_id": "AG02", "peso": 33.688143 }, "geometry": { "type": "Point", "coordinates": [ -46.658423489364893, -23.566203683467844 ] } },
{ "type": "Feature", "properties": { "loja_id": "AG03", "peso": 76.019507 }, "geometry": { "type": "Point", "coordinates": [ -46.696730148496066, -23.56033604720756 ] } },
{ "type": "Feature", "properties": { "loja_id": "AG03", "peso": 33.688143 }, "geometry": { "type": "Point", "coordinates": [ -46.68859713282837, -23.564741001158414 ] } },
{ "type": "Feature", "properties": { "loja_id": "AG03", "peso": 71.95122 }, "geometry": { "type": "Point", "coordinates": [ -46.695602160131806, -23.56174802007752 ] } },
{ "type": "Feature", "properties": { "loja_id": "AG03", "peso": 52.840477 }, "geometry": { "type": "Point", "coordinates": [ -46.691804231359249, -23.572679706880205 ] } },
{ "type": "Feature", "properties": { "loja_id": "AG03", "peso": 52.840477 }, "geometry": { "type": "Point", "coordinates": [ -46.694764966184984, -23.564448119412202 ] } },
{ "type": "Feature", "properties": { "loja_id": "AG01", "peso": 33.438602 }, "geometry": { "type": "Point", "coordinates": [ -46.682387465519668, -23.587889336266532 ] } },
{ "type": "Feature", "properties": { "loja_id": "AG03", "peso": 97.196532 }, "geometry": { "type": "Point", "coordinates": [ -46.698568510422263, -23.56389188590607 ] } },
{ "type": "Feature", "properties": { "loja_id": "AG03", "peso": 138.046525 }, "geometry": { "type": "Point", "coordinates": [ -46.692139705122308, -23.572865686129845 ] } },
{ "type": "Feature", "properties": { "loja_id": "AG03", "peso": 71.95122 }, "geometry": { "type": "Point", "coordinates": [ -46.692139705122308, -23.572865686129845 ] } },
{ "type": "Feature", "properties": { "loja_id": "AG03", "peso": 62.684901 }, "geometry": { "type": "Point", "coordinates": [ -46.691684411250073, -23.573267967752702 ] } },
{ "type": "Feature", "properties": { "loja_id": "AG03", "peso": 74.563091 }, "geometry": { "type": "Point", "coordinates": [ -46.696520762129403, -23.561575455568434 ] } },
{ "type": "Feature", "properties": { "loja_id": "AG03", "peso": 74.563091 }, "geometry": { "type": "Point", "coordinates": [ -46.688333073132483, -23.561709749555106 ] } },
{ "type": "Feature", "properties": { "loja_id": "AG03", "peso": 33.438602 }, "geometry": { "type": "Point", "coordinates": [ -46.696730148496066, -23.56033604720756 ] } },
{ "type": "Feature", "properties": { "loja_id": "AG03", "peso": 52.840477 }, "geometry": { "type": "Point", "coordinates": [ -46.696653817783599, -23.55973186387244 ] } },
{ "type": "Feature", "properties": { "loja_id": "AG03", "peso": 33.688143 }, "geometry": { "type": "Point", "coordinates": [ -46.696653817783599, -23.55973186387244 ] } },
{ "type": "Feature", "properties": { "loja_id": "AG03", "peso": 56.695898 }, "geometry": { "type": "Point", "coordinates": [ -46.692068012822638, -23.572622654184624 ] } },
{ "type": "Feature", "properties": { "loja_id": "AG01", "peso": 76.019507 }, "geometry": { "type": "Point", "coordinates": [ -46.675230905122298, -23.587569365702571 ] } },
{ "type": "Feature", "properties": { "loja_id": "AG15", "peso": 62.684901 }, "geometry": { "type": "Point", "coordinates": [ -46.703317069188735, -23.571289727129791 ] } },
{ "type": "Feature", "properties": { "loja_id": "AG03", "peso": 62.684901 }, "geometry": { "type": "Point", "coordinates": [ -46.684345121902226, -23.566240987432476 ] } },
{ "type": "Feature", "properties": { "loja_id": "AG02", "peso": 69.009651 }, "geometry": { "type": "Point", "coordinates": [ -46.656470981594147, -23.561275944715117 ] } },
{ "type": "Feature", "properties": { "loja_id": "AG03", "peso": 76.019507 }, "geometry": { "type": "Point", "coordinates": [ -46.698247057140669, -23.565556934208363 ] } },
{ "type": "Feature", "properties": { "loja_id": "AG03", "peso": 33.438602 }, "geometry": { "type": "Point", "coordinates": [ -46.698409082677081, -23.564444463281649 ] } },
{ "type": "Feature", "properties": { "loja_id": "AG01", "peso": 75.103673 }, "geometry": { "type": "Point", "coordinates": [ -46.683697932901083, -23.580786498020252 ] } },
{ "type": "Feature", "properties": { "loja_id": "AG01", "peso": 59.560228 }, "geometry": { "type": "Point", "coordinates": [ -46.675458900764212, -23.585462884860696 ] } },
{ "type": "Feature", "properties": { "loja_id": "AG04", "peso": 11.6909 }, "geometry": { "type": "Point", "coordinates": [ -46.636498659020667, -23.595405162649818 ] } },
{ "type": "Feature", "properties": { "loja_id": "AG01", "peso": 47.978409 }, "geometry": { "type": "Point", "coordinates": [ -46.686232735086286, -23.591306164058231 ] } },
{ "type": "Feature", "properties": { "loja_id": "AG02", "peso": 44.649598 }, "geometry": { "type": "Point", "coordinates": [ -46.656433793198183, -23.557528798039627 ] } },
{ "type": "Feature", "properties": { "loja_id": "AG03", "peso": 44.649598 }, "geometry": { "type": "Point", "coordinates": [ -46.689060048486148, -23.561105864199344 ] } },
{ "type": "Feature", "properties": { "loja_id": "AG02", "peso": 47.978409 }, "geometry": { "type": "Point", "coordinates": [ -46.657637178601085, -23.567557573195778 ] } },
{ "type": "Feature", "properties": { "loja_id": "AG09", "peso": 44.649598 }, "geometry": { "type": "Point", "coordinates": [ -46.64552301045299, -23.53720916048491 ] } },
{ "type": "Feature", "properties": { "loja_id": "AG03", "peso": 97.285364 }, "geometry": { "type": "Point", "coordinates": [ -46.689060048486148, -23.561105864199344 ] } },
{ "type": "Feature", "properties": { "loja_id": "AG03", "peso": 131.191828 }, "geometry": { "type": "Point", "coordinates": [ -46.689060048486148, -23.561105864199344 ] } },
{ "type": "Feature", "properties": { "loja_id": "AG01", "peso": 116.670384 }, "geometry": { "type": "Point", "coordinates": [ -46.676881965186183, -23.582566915739346 ] } },
{ "type": "Feature", "properties": { "loja_id": "AG02", "peso": 131.191828 }, "geometry": { "type": "Point", "coordinates": [ -46.654813048654454, -23.56264813663925 ] } },
{ "type": "Feature", "properties": { "loja_id": "AG09", "peso": 96.329276 }, "geometry": { "type": "Point", "coordinates": [ -46.643902079564121, -23.547845907365925 ] } },
{ "type": "Feature", "properties": { "loja_id": "AG03", "peso": 75.284267 }, "geometry": { "type": "Point", "coordinates": [ -46.697352823785394, -23.569151646561348 ] } },
{ "type": "Feature", "properties": { "loja_id": "AG06", "peso": 76.933172 }, "geometry": { "type": "Point", "coordinates": [ -46.578012895409842, -23.534973673951942 ] } },
{ "type": "Feature", "properties": { "loja_id": "AG02", "peso": 47.978409 }, "geometry": { "type": "Point", "coordinates": [ -46.650017737144026, -23.557542843414751 ] } },
{ "type": "Feature", "properties": { "loja_id": "AG03", "peso": 59.109299 }, "geometry": { "type": "Point", "coordinates": [ -46.684345121902226, -23.566240987432476 ] } },
{ "type": "Feature", "properties": { "loja_id": "AG03", "peso": 75.103673 }, "geometry": { "type": "Point", "coordinates": [ -46.702269239750251, -23.565242032238601 ] } },
{ "type": "Feature", "properties": { "loja_id": "AG03", "peso": 76.933172 }, "geometry": { "type": "Point", "coordinates": [ -46.689060048486148, -23.561105864199344 ] } },
{ "type": "Feature", "properties": { "loja_id": "AG09", "peso": 55.979614 }, "geometry": { "type": "Point", "coordinates": [ -46.64552301045299, -23.53720916048491 ] } },
{ "type": "Feature", "properties": { "loja_id": "AG03", "peso": 44.649598 }, "geometry": { "type": "Point", "coordinates": [ -46.691761039114759, -23.570838036847999 ] } },
{ "type": "Feature", "properties": { "loja_id": "AG03", "peso": 55.979614 }, "geometry": { "type": "Point", "coordinates": [ -46.689204311261932, -23.560896603889489 ] } },
{ "type": "Feature", "properties": { "loja_id": "AG09", "peso": 96.329276 }, "geometry": { "type": "Point", "coordinates": [ -46.640046422420085, -23.54497886259902 ] } },
{ "type": "Feature", "properties": { "loja_id": "AG05", "peso": 96.329276 }, "geometry": { "type": "Point", "coordinates": [ -46.599909893665959, -23.553334638549995 ] } },
{ "type": "Feature", "properties": { "loja_id": "AG09", "peso": 131.191828 }, "geometry": { "type": "Point", "coordinates": [ -46.634210511516073, -23.544335926715338 ] } },
{ "type": "Feature", "properties": { "loja_id": "AG09", "peso": 116.670384 }, "geometry": { "type": "Point", "coordinates": [ -46.647310989341143, -23.548649650905908 ] } },
{ "type": "Feature", "properties": { "loja_id": "AG01", "peso": 55.979614 }, "geometry": { "type": "Point", "coordinates": [ -46.681027382684043, -23.591877313060788 ] } },
{ "type": "Feature", "properties": { "loja_id": "AG01", "peso": 47.978409 }, "geometry": { "type": "Point", "coordinates": [ -46.675571756886868, -23.585091431897638 ] } },
{ "type": "Feature", "properties": { "loja_id": "AG01", "peso": 75.103673 }, "geometry": { "type": "Point", "coordinates": [ -46.68105700346262, -23.591895052646425 ] } },
{ "type": "Feature", "properties": { "loja_id": "AG01", "peso": 75.103673 }, "geometry": { "type": "Point", "coordinates": [ -46.688526777950273, -23.590640102005096 ] } },
{ "type": "Feature", "properties": { "loja_id": "AG09", "peso": 75.103673 }, "geometry": { "type": "Point", "coordinates": [ -46.643701454037526, -23.54510282362169 ] } },
{ "type": "Feature", "properties": { "loja_id": "AG01", "peso": 96.329276 }, "geometry": { "type": "Point", "coordinates": [ -46.685145329123408, -23.581348731457133 ] } },
{ "type": "Feature", "properties": { "loja_id": "AG09", "peso": 131.191828 }, "geometry": { "type": "Point", "coordinates": [ -46.634768969143607, -23.544348118671699 ] } },
{ "type": "Feature", "properties": { "loja_id": "AG03", "peso": 75.284267 }, "geometry": { "type": "Point", "coordinates": [ -46.69006236462382, -23.565944141139582 ] } },
{ "type": "Feature", "properties": { "loja_id": "AG03", "peso": 96.329276 }, "geometry": { "type": "Point", "coordinates": [ -46.695588664075409, -23.558407030451413 ] } },
{ "type": "Feature", "properties": { "loja_id": "AG03", "peso": 76.933172 }, "geometry": { "type": "Point", "coordinates": [ -46.695588664075409, -23.558407030451413 ] } },
{ "type": "Feature", "properties": { "loja_id": "AG11", "peso": 72.972596 }, "geometry": { "type": "Point", "coordinates": [ -46.707900496104493, -23.525700765601474 ] } },
{ "type": "Feature", "properties": { "loja_id": "AG11", "peso": 58.657005 }, "geometry": { "type": "Point", "coordinates": [ -46.707900496104493, -23.525700765601474 ] } },
{ "type": "Feature", "properties": { "loja_id": "AG03", "peso": 39.905515 }, "geometry": { "type": "Point", "coordinates": [ -46.689175067020599, -23.573927373634461 ] } },
{ "type": "Feature", "properties": { "loja_id": "AG10", "peso": 45.926884 }, "geometry": { "type": "Point", "coordinates": [ -46.671739181572633, -23.534645016344644 ] } },
{ "type": "Feature", "properties": { "loja_id": "AG10", "peso": 72.849539 }, "geometry": { "type": "Point", "coordinates": [ -46.674266450404801, -23.538545974078719 ] } },
{ "type": "Feature", "properties": { "loja_id": "AG10", "peso": 14.672918 }, "geometry": { "type": "Point", "coordinates": [ -46.674671923173236, -23.538081069980922 ] } },
{ "type": "Feature", "properties": { "loja_id": "AG10", "peso": 15.384001 }, "geometry": { "type": "Point", "coordinates": [ -46.67457578357493, -23.537449991593871 ] } },
{ "type": "Feature", "properties": { "loja_id": "AG10", "peso": 32.34289 }, "geometry": { "type": "Point", "coordinates": [ -46.671427567873245, -23.536337012145438 ] } },
{ "type": "Feature", "properties": { "loja_id": "AG10", "peso": 69.15784 }, "geometry": { "type": "Point", "coordinates": [ -46.671427567873245, -23.536337012145438 ] } },
{ "type": "Feature", "properties": { "loja_id": "AG03", "peso": 78.707036 }, "geometry": { "type": "Point", "coordinates": [ -46.692420288750419, -23.570298082749041 ] } },
{ "type": "Feature", "properties": { "loja_id": "AG10", "peso": 78.707036 }, "geometry": { "type": "Point", "coordinates": [ -46.671407485420389, -23.534747912283919 ] } },
{ "type": "Feature", "properties": { "loja_id": "AG09", "peso": 78.707036 }, "geometry": { "type": "Point", "coordinates": [ -46.643784778546227, -23.547865207796356 ] } },
{ "type": "Feature", "properties": { "loja_id": "AG10", "peso": 32.34289 }, "geometry": { "type": "Point", "coordinates": [ -46.674153240232371, -23.540434502076 ] } },
{ "type": "Feature", "properties": { "loja_id": "AG10", "peso": 78.707036 }, "geometry": { "type": "Point", "coordinates": [ -46.674153240232371, -23.540434502076 ] } },
{ "type": "Feature", "properties": { "loja_id": "AG10", "peso": 78.707036 }, "geometry": { "type": "Point", "coordinates": [ -46.671427567873245, -23.536337012145438 ] } },
{ "type": "Feature", "properties": { "loja_id": "AG11", "peso": 58.657005 }, "geometry": { "type": "Point", "coordinates": [ -46.695382730869774, -23.522487454912262 ] } },
{ "type": "Feature", "properties": { "loja_id": "AG10", "peso": 72.849539 }, "geometry": { "type": "Point", "coordinates": [ -46.674864601152343, -23.531640468657791 ] } },
{ "type": "Feature", "properties": { "loja_id": "AG10", "peso": 53.226105 }, "geometry": { "type": "Point", "coordinates": [ -46.674864601152343, -23.531640468657791 ] } },
{ "type": "Feature", "properties": { "loja_id": "AG10", "peso": 72.972596 }, "geometry": { "type": "Point", "coordinates": [ -46.673924378640116, -23.530864959058956 ] } },
{ "type": "Feature", "properties": { "loja_id": "AG10", "peso": 58.615986 }, "geometry": { "type": "Point", "coordinates": [ -46.673924378640116, -23.530864959058956 ] } },
{ "type": "Feature", "properties": { "loja_id": "AG10", "peso": 53.226105 }, "geometry": { "type": "Point", "coordinates": [ -46.671427567873245, -23.536337012145438 ] } },
{ "type": "Feature", "properties": { "loja_id": "AG10", "peso": 58.615986 }, "geometry": { "type": "Point", "coordinates": [ -46.671427567873245, -23.536337012145438 ] } },
{ "type": "Feature", "properties": { "loja_id": "AG10", "peso": 53.226105 }, "geometry": { "type": "Point", "coordinates": [ -46.671427567873245, -23.536337012145438 ] } },
{ "type": "Feature", "properties": { "loja_id": "AG01", "peso": 30.764164 }, "geometry": { "type": "Point", "coordinates": [ -46.680047346978327, -23.588013998239685 ] } },
{ "type": "Feature", "properties": { "loja_id": "AG01", "peso": 72.972596 }, "geometry": { "type": "Point", "coordinates": [ -46.683608391846519, -23.579911547171033 ] } },
{ "type": "Feature", "properties": { "loja_id": "AG02", "peso": 78.707036 }, "geometry": { "type": "Point", "coordinates": [ -46.654415531381986, -23.56297745615262 ] } },
{ "type": "Feature", "properties": { "loja_id": "AG10", "peso": 58.615986 }, "geometry": { "type": "Point", "coordinates": [ -46.674171073481034, -23.539522261062395 ] } },
{ "type": "Feature", "properties": { "loja_id": "AG04", "peso": 58.615986 }, "geometry": { "type": "Point", "coordinates": [ -46.63490744968022, -23.596677129205293 ] } },
{ "type": "Feature", "properties": { "loja_id": "AG10", "peso": 39.905515 }, "geometry": { "type": "Point", "coordinates": [ -46.671427567873245, -23.536337012145438 ] } },
{ "type": "Feature", "properties": { "loja_id": "AG10", "peso": 72.972596 }, "geometry": { "type": "Point", "coordinates": [ -46.674021605219544, -23.533130492764737 ] } },
{ "type": "Feature", "properties": { "loja_id": "AG09", "peso": 58.657005 }, "geometry": { "type": "Point", "coordinates": [ -46.642682294003457, -23.546639708495405 ] } },
{ "type": "Feature", "properties": { "loja_id": "AG10", "peso": 78.707036 }, "geometry": { "type": "Point", "coordinates": [ -46.672575950627483, -23.539629721993823 ] } },
{ "type": "Feature", "properties": { "loja_id": "AG10", "peso": 39.905515 }, "geometry": { "type": "Point", "coordinates": [ -46.673208747174392, -23.537004160654135 ] } },
{ "type": "Feature", "properties": { "loja_id": "AG03", "peso": 30.764164 }, "geometry": { "type": "Point", "coordinates": [ -46.697947980765477, -23.561343150427408 ] } },
{ "type": "Feature", "properties": { "loja_id": "AG03", "peso": 53.226105 }, "geometry": { "type": "Point", "coordinates": [ -46.687587055384554, -23.57462188685437 ] } },
{ "type": "Feature", "properties": { "loja_id": "AG03", "peso": 30.764164 }, "geometry": { "type": "Point", "coordinates": [ -46.691130557179584, -23.570564966098484 ] } },
{ "type": "Feature", "properties": { "loja_id": "AG03", "peso": 72.849539 }, "geometry": { "type": "Point", "coordinates": [ -46.700324285686939, -23.567873013858932 ] } },
{ "type": "Feature", "properties": { "loja_id": "AG15", "peso": 72.849539 }, "geometry": { "type": "Point", "coordinates": [ -46.711706847858586, -23.570077815635731 ] } },
{ "type": "Feature", "properties": { "loja_id": "AG10", "peso": 72.849539 }, "geometry": { "type": "Point", "coordinates": [ -46.671427567873245, -23.536337012145438 ] } },
{ "type": "Feature", "properties": { "loja_id": "AG10", "peso": 58.657005 }, "geometry": { "type": "Point", "coordinates": [ -46.67317734370701, -23.53761855165563 ] } },
{ "type": "Feature", "properties": { "loja_id": "AG10", "peso": 78.707036 }, "geometry": { "type": "Point", "coordinates": [ -46.672110451286237, -23.53999593419946 ] } },
{ "type": "Feature", "properties": { "loja_id": "AG03", "peso": 58.615986 }, "geometry": { "type": "Point", "coordinates": [ -46.688080545760826, -23.564945275073644 ] } },
{ "type": "Feature", "properties": { "loja_id": "AG10", "peso": 69.15784 }, "geometry": { "type": "Point", "coordinates": [ -46.673332773317718, -23.537517547761254 ] } },
{ "type": "Feature", "properties": { "loja_id": "AG10", "peso": 58.657005 }, "geometry": { "type": "Point", "coordinates": [ -46.671407485420389, -23.534747912283919 ] } },
{ "type": "Feature", "properties": { "loja_id": "AG10", "peso": 45.926884 }, "geometry": { "type": "Point", "coordinates": [ -46.67355651210746, -23.539718507949022 ] } },
{ "type": "Feature", "properties": { "loja_id": "AG10", "peso": 58.615986 }, "geometry": { "type": "Point", "coordinates": [ -46.67355651210746, -23.539718507949022 ] } },
{ "type": "Feature", "properties": { "loja_id": "AG09", "peso": 72.972596 }, "geometry": { "type": "Point", "coordinates": [ -46.648930989300432, -23.542672509463692 ] } },
{ "type": "Feature", "properties": { "loja_id": "AG10", "peso": 58.615986 }, "geometry": { "type": "Point", "coordinates": [ -46.672829968727712, -23.538805242916112 ] } },
{ "type": "Feature", "properties": { "loja_id": "AG09", "peso": 39.905515 }, "geometry": { "type": "Point", "coordinates": [ -46.637533463832845, -23.548491034893456 ] } },
{ "type": "Feature", "properties": { "loja_id": "AG10", "peso": 72.849539 }, "geometry": { "type": "Point", "coordinates": [ -46.674266450404801, -23.538545974078719 ] } },
{ "type": "Feature", "properties": { "loja_id": "AG09", "peso": 58.657005 }, "geometry": { "type": "Point", "coordinates": [ -46.641097015254019, -23.547550442606305 ] } },
{ "type": "Feature", "properties": { "loja_id": "AG10", "peso": 58.657005 }, "geometry": { "type": "Point", "coordinates": [ -46.673637792876804, -23.539175822005753 ] } },
{ "type": "Feature", "properties": { "loja_id": "AG08", "peso": 78.707036 }, "geometry": { "type": "Point", "coordinates": [ -46.694052020688517, -23.60887483656224 ] } },
{ "type": "Feature", "properties": { "loja_id": "AG01", "peso": 39.905515 }, "geometry": { "type": "Point", "coordinates": [ -46.680312890070986, -23.588092396693373 ] } },
{ "type": "Feature", "properties": { "loja_id": "AG10", "peso": 69.15784 }, "geometry": { "type": "Point", "coordinates": [ -46.674207159065865, -23.53927805758012 ] } },
{ "type": "Feature", "properties": { "loja_id": "AG02", "peso": 45.926884 }, "geometry": { "type": "Point", "coordinates": [ -46.655729462699234, -23.562295229568068 ] } },
{ "type": "Feature", "properties": { "loja_id": "AG04", "peso": 39.905515 }, "geometry": { "type": "Point", "coordinates": [ -46.638706474784158, -23.587769382549283 ] } },
{ "type": "Feature", "properties": { "loja_id": "AG10", "peso": 39.905515 }, "geometry": { "type": "Point", "coordinates": [ -46.673832781904558, -23.537557319731288 ] } },
{ "type": "Feature", "properties": { "loja_id": "AG10", "peso": 72.849539 }, "geometry": { "type": "Point", "coordinates": [ -46.673605899833127, -23.538977500914346 ] } },
{ "type": "Feature", "properties": { "loja_id": "AG10", "peso": 53.226105 }, "geometry": { "type": "Point", "coordinates": [ -46.673605899833127, -23.538977500914346 ] } },
{ "type": "Feature", "properties": { "loja_id": "AG11", "peso": 72.972596 }, "geometry": { "type": "Point", "coordinates": [ -46.702352148608412, -23.530610726046348 ] } },
{ "type": "Feature", "properties": { "loja_id": "AG10", "peso": 58.615986 }, "geometry": { "type": "Point", "coordinates": [ -46.673294412740496, -23.532163053454521 ] } },
{ "type": "Feature", "properties": { "loja_id": "AG10", "peso": 58.615986 }, "geometry": { "type": "Point", "coordinates": [ -46.673887610805167, -23.538793866063358 ] } },
{ "type": "Feature", "properties": { "loja_id": "AG10", "peso": 58.615986 }, "geometry": { "type": "Point", "coordinates": [ -46.673887610805167, -23.538793866063358 ] } },
{ "type": "Feature", "properties": { "loja_id": "AG10", "peso": 39.905515 }, "geometry": { "type": "Point", "coordinates": [ -46.675846452084684, -23.533381754084875 ] } },
{ "type": "Feature", "properties": { "loja_id": "AG09", "peso": 78.707036 }, "geometry": { "type": "Point", "coordinates": [ -46.643707035619634, -23.543188345312821 ] } },
{ "type": "Feature", "properties": { "loja_id": "AG10", "peso": 19.3 }, "geometry": { "type": "Point", "coordinates": [ -46.67288478249688, -23.53384707538709 ] } },
{ "type": "Feature", "properties": { "loja_id": "AG03", "peso": 26.0 }, "geometry": { "type": "Point", "coordinates": [ -46.693594712115505, -23.567151844672935 ] } },
{ "type": "Feature", "properties": { "loja_id": "AG01", "peso": 29.428571 }, "geometry": { "type": "Point", "coordinates": [ -46.681747989246539, -23.590758807467491 ] } },
{ "type": "Feature", "properties": { "loja_id": "AG08", "peso": 20.388889 }, "geometry": { "type": "Point", "coordinates": [ -46.69323127791332, -23.614401154451699 ] } },
{ "type": "Feature", "properties": { "loja_id": "AG10", "peso": 20.388889 }, "geometry": { "type": "Point", "coordinates": [ -46.683011680366654, -23.537693073536829 ] } },
{ "type": "Feature", "properties": { "loja_id": "AG10", "peso": 26.6 }, "geometry": { "type": "Point", "coordinates": [ -46.675846452084684, -23.533381754084875 ] } },
{ "type": "Feature", "properties": { "loja_id": "AG09", "peso": 30.666667 }, "geometry": { "type": "Point", "coordinates": [ -46.637205185511775, -23.547293461855524 ] } },
{ "type": "Feature", "properties": { "loja_id": "AG03", "peso": 13.272727 }, "geometry": { "type": "Point", "coordinates": [ -46.693754095290011, -23.567357800049745 ] } },
{ "type": "Feature", "properties": { "loja_id": "AG01", "peso": 20.388889 }, "geometry": { "type": "Point", "coordinates": [ -46.689548877643091, -23.59088182820739 ] } },
{ "type": "Feature", "properties": { "loja_id": "AG09", "peso": 20.388889 }, "geometry": { "type": "Point", "coordinates": [ -46.644251963935197, -23.543688281395429 ] } },
{ "type": "Feature", "properties": { "loja_id": "AG09", "peso": 29.428571 }, "geometry": { "type": "Point", "coordinates": [ -46.644251963935197, -23.543688281395429 ] } },
{ "type": "Feature", "properties": { "loja_id": "AG01", "peso": 13.136364 }, "geometry": { "type": "Point", "coordinates": [ -46.683830109493968, -23.583467009171489 ] } },
{ "type": "Feature", "properties": { "loja_id": "AG04", "peso": 20.388889 }, "geometry": { "type": "Point", "coordinates": [ -46.634504862686775, -23.589493283808423 ] } },
{ "type": "Feature", "properties": { "loja_id": "AG02", "peso": 11.956522 }, "geometry": { "type": "Point", "coordinates": [ -46.657953143235233, -23.559950762233008 ] } },
{ "type": "Feature", "properties": { "loja_id": "AG09", "peso": 11.956522 }, "geometry": { "type": "Point", "coordinates": [ -46.640453944389463, -23.544667535054302 ] } },
{ "type": "Feature", "properties": { "loja_id": "AG04", "peso": 19.3 }, "geometry": { "type": "Point", "coordinates": [ -46.641162009453865, -23.586677887211199 ] } },
{ "type": "Feature", "properties": { "loja_id": "AG01", "peso": 20.388889 }, "geometry": { "type": "Point", "coordinates": [ -46.680424509794214, -23.582239670557055 ] } },
{ "type": "Feature", "properties": { "loja_id": "AG01", "peso": 13.272727 }, "geometry": { "type": "Point", "coordinates": [ -46.676510598796852, -23.591122458851974 ] } },
{ "type": "Feature", "properties": { "loja_id": "AG09", "peso": 9.625 }, "geometry": { "type": "Point", "coordinates": [ -46.636165325971163, -23.546374284226186 ] } },
{ "type": "Feature", "properties": { "loja_id": "AG07", "peso": 9.625 }, "geometry": { "type": "Point", "coordinates": [ -46.62363439987665, -23.505417463912881 ] } },
{ "type": "Feature", "properties": { "loja_id": "AG15", "peso": 20.388889 }, "geometry": { "type": "Point", "coordinates": [ -46.706059271882971, -23.571982049917416 ] } },
{ "type": "Feature", "properties": { "loja_id": "AG02", "peso": 13.136364 }, "geometry": { "type": "Point", "coordinates": [ -46.653411594923163, -23.560251978091362 ] } },
{ "type": "Feature", "properties": { "loja_id": "AG03", "peso": 26.0 }, "geometry": { "type": "Point", "coordinates": [ -46.68859713282837, -23.564741001158414 ] } },
{ "type": "Feature", "properties": { "loja_id": "AG01", "peso": 26.0 }, "geometry": { "type": "Point", "coordinates": [ -46.673416317883294, -23.585096607745317 ] } },
{ "type": "Feature", "properties": { "loja_id": "AG10", "peso": 15.09545 }, "geometry": { "type": "Point", "coordinates": [ -46.678939766070187, -23.540202310038858 ] } },
{ "type": "Feature", "properties": { "loja_id": "AG10", "peso": 8.702083 }, "geometry": { "type": "Point", "coordinates": [ -46.678939766070187, -23.540202310038858 ] } },
{ "type": "Feature", "properties": { "loja_id": "AG09", "peso": 7.965021 }, "geometry": { "type": "Point", "coordinates": [ -46.645117881877724, -23.537710110635231 ] } },
{ "type": "Feature", "properties": { "loja_id": "AG07", "peso": 10.525207 }, "geometry": { "type": "Point", "coordinates": [ -46.624741732759141, -23.507880238907141 ] } },
{ "type": "Feature", "properties": { "loja_id": "AG02", "peso": 15.909421 }, "geometry": { "type": "Point", "coordinates": [ -46.65575167664678, -23.559378230417227 ] } },
{ "type": "Feature", "properties": { "loja_id": "AG10", "peso": 12.776868 }, "geometry": { "type": "Point", "coordinates": [ -46.676365999790299, -23.543462872353683 ] } },
{ "type": "Feature", "properties": { "loja_id": "AG10", "peso": 19.876815 }, "geometry": { "type": "Point", "coordinates": [ -46.67769284341896, -23.541507078612284 ] } },
{ "type": "Feature", "properties": { "loja_id": "AG03", "peso": 12.776868 }, "geometry": { "type": "Point", "coordinates": [ -46.697694563892171, -23.569825169964016 ] } },
{ "type": "Feature", "properties": { "loja_id": "AG15", "peso": 8.702083 }, "geometry": { "type": "Point", "coordinates": [ -46.70237428134417, -23.571110426792838 ] } },
{ "type": "Feature", "properties": { "loja_id": "AG09", "peso": 10.186558 }, "geometry": { "type": "Point", "coordinates": [ -46.645638616466115, -23.537054422868859 ] } },
{ "type": "Feature", "properties": { "loja_id": "AG09", "peso": 10.186558 }, "geometry": { "type": "Point", "coordinates": [ -46.645638616466115, -23.537054422868859 ] } },
{ "type": "Feature", "properties": { "loja_id": "AG10", "peso": 8.702083 }, "geometry": { "type": "Point", "coordinates": [ -46.671171947232502, -23.537035083749213 ] } },
{ "type": "Feature", "properties": { "loja_id": "AG10", "peso": 6.339507 }, "geometry": { "type": "Point", "coordinates": [ -46.681722469256016, -23.530275184482402 ] } },
{ "type": "Feature", "properties": { "loja_id": "AG10", "peso": 15.909421 }, "geometry": { "type": "Point", "coordinates": [ -46.681422323452409, -23.535940346698986 ] } },
{ "type": "Feature", "properties": { "loja_id": "AG10", "peso": 16.427402 }, "geometry": { "type": "Point", "coordinates": [ -46.674003866433594, -23.541014041712824 ] } },
{ "type": "Feature", "properties": { "loja_id": "AG10", "peso": 16.427402 }, "geometry": { "type": "Point", "coordinates": [ -46.674003866433594, -23.541014041712824 ] } },
{ "type": "Feature", "properties": { "loja_id": "AG10", "peso": 16.427402 }, "geometry": { "type": "Point", "coordinates": [ -46.674003866433594, -23.541014041712824 ] } },
{ "type": "Feature", "properties": { "loja_id": "AG03", "peso": 19.876815 }, "geometry": { "type": "Point", "coordinates": [ -46.690194086136884, -23.572408265474618 ] } },
{ "type": "Feature", "properties": { "loja_id": "AG02", "peso": 8.702083 }, "geometry": { "type": "Point", "coordinates": [ -46.654537141433842, -23.563301249907028 ] } },
{ "type": "Feature", "properties": { "loja_id": "AG10", "peso": 8.233882 }, "geometry": { "type": "Point", "coordinates": [ -46.674003866433594, -23.541014041712824 ] } },
{ "type": "Feature", "properties": { "loja_id": "AG01", "peso": 19.876815 }, "geometry": { "type": "Point", "coordinates": [ -46.682479412811368, -23.581269265765762 ] } },
{ "type": "Feature", "properties": { "loja_id": "AG08", "peso": 13.911493 }, "geometry": { "type": "Point", "coordinates": [ -46.697104525691806, -23.616101641192074 ] } },
{ "type": "Feature", "properties": { "loja_id": "AG03", "peso": 8.233882 }, "geometry": { "type": "Point", "coordinates": [ -46.698052016510367, -23.564863748525841 ] } },
{ "type": "Feature", "properties": { "loja_id": "AG04", "peso": 8.702083 }, "geometry": { "type": "Point", "coordinates": [ -46.633559395491808, -23.588311236387433 ] } },
{ "type": "Feature", "properties": { "loja_id": "AG10", "peso": 15.909421 }, "geometry": { "type": "Point", "coordinates": [ -46.674611384243285, -23.541034593143994 ] } },
{ "type": "Feature", "properties": { "loja_id": "AG10", "peso": 8.233882 }, "geometry": { "type": "Point", "coordinates": [ -46.674611384243285, -23.541034593143994 ] } },
{ "type": "Feature", "properties": { "loja_id": "AG10", "peso": 8.233882 }, "geometry": { "type": "Point", "coordinates": [ -46.674611384243285, -23.541034593143994 ] } },
{ "type": "Feature", "properties": { "loja_id": "AG10", "peso": 13.911493 }, "geometry": { "type": "Point", "coordinates": [ -46.675477117040849, -23.542108892538788 ] } },
{ "type": "Feature", "properties": { "loja_id": "AG10", "peso": 15.09545 }, "geometry": { "type": "Point", "coordinates": [ -46.684300942705363, -23.535105524513 ] } },
{ "type": "Feature", "properties": { "loja_id": "AG10", "peso": 16.427402 }, "geometry": { "type": "Point", "coordinates": [ -46.674611384243285, -23.541034593143994 ] } },
{ "type": "Feature", "properties": { "loja_id": "AG10", "peso": 12.776868 }, "geometry": { "type": "Point", "coordinates": [ -46.675477117040849, -23.542108892538788 ] } },
{ "type": "Feature", "properties": { "loja_id": "AG10", "peso": 19.876815 }, "geometry": { "type": "Point", "coordinates": [ -46.675477117040849, -23.542108892538788 ] } },
{ "type": "Feature", "properties": { "loja_id": "AG09", "peso": 13.911493 }, "geometry": { "type": "Point", "coordinates": [ -46.643190810674788, -23.545785490372786 ] } },
{ "type": "Feature", "properties": { "loja_id": "AG10", "peso": 12.744948 }, "geometry": { "type": "Point", "coordinates": [ -46.674611384243285, -23.541034593143994 ] } },
{ "type": "Feature", "properties": { "loja_id": "AG01", "peso": 25.538245 }, "geometry": { "type": "Point", "coordinates": [ -46.680196446932847, -23.593565906628996 ] } },
{ "type": "Feature", "properties": { "loja_id": "AG01", "peso": 36.845774 }, "geometry": { "type": "Point", "coordinates": [ -46.683830109493968, -23.583467009171489 ] } },
{ "type": "Feature", "properties": { "loja_id": "AG03", "peso": 37.226376 }, "geometry": { "type": "Point", "coordinates": [ -46.69851011931609, -23.567730309744942 ] } },
{ "type": "Feature", "properties": { "loja_id": "AG03", "peso": 84.583951 }, "geometry": { "type": "Point", "coordinates": [ -46.685299844354532, -23.565056721652635 ] } },
{ "type": "Feature", "properties": { "loja_id": "AG02", "peso": 84.583951 }, "geometry": { "type": "Point", "coordinates": [ -46.655588940301939, -23.562025819570227 ] } },
{ "type": "Feature", "properties": { "loja_id": "AG02", "peso": 65.787517 }, "geometry": { "type": "Point", "coordinates": [ -46.648957781811809, -23.556596882756875 ] } },
{ "type": "Feature", "properties": { "loja_id": "AG10", "peso": 84.583951 }, "geometry": { "type": "Point", "coordinates": [ -46.677202589777799, -23.531425651034272 ] } },
{ "type": "Feature", "properties": { "loja_id": "AG02", "peso": 32.999628 }, "geometry": { "type": "Point", "coordinates": [ -46.654614215638986, -23.558505378401009 ] } },
{ "type": "Feature", "properties": { "loja_id": "AG03", "peso": 37.226376 }, "geometry": { "type": "Point", "coordinates": [ -46.688333073132483, -23.561709749555106 ] } },
{ "type": "Feature", "properties": { "loja_id": "AG10", "peso": 195.060528 }, "geometry": { "type": "Point", "coordinates": [ -46.676756592795506, -23.541824199932314 ] } },
{ "type": "Feature", "properties": { "loja_id": "AG10", "peso": 29.35882 }, "geometry": { "type": "Point", "coordinates": [ -46.680191670824733, -23.540062370572869 ] } },
{ "type": "Feature", "properties": { "loja_id": "AG03", "peso": 36.845774 }, "geometry": { "type": "Point", "coordinates": [ -46.68859713282837, -23.564741001158414 ] } },
{ "type": "Feature", "properties": { "loja_id": "AG09", "peso": 72.739811 }, "geometry": { "type": "Point", "coordinates": [ -46.648184777798626, -23.547240702127155 ] } },
{ "type": "Feature", "properties": { "loja_id": "AG03", "peso": 44.788991 }, "geometry": { "type": "Point", "coordinates": [ -46.695640700572902, -23.565513149554278 ] } },
{ "type": "Feature", "properties": { "loja_id": "AG01", "peso": 44.788991 }, "geometry": { "type": "Point", "coordinates": [ -46.680968716473508, -23.591886978205196 ] } },
{ "type": "Feature", "properties": { "loja_id": "AG06", "peso": 32.999628 }, "geometry": { "type": "Point", "coordinates": [ -46.573210885091058, -23.540503817177278 ] } },
{ "type": "Feature", "properties": { "loja_id": "AG04", "peso": 65.787517 }, "geometry": { "type": "Point", "coordinates": [ -46.638612023703558, -23.587264685076651 ] } },
{ "type": "Feature", "properties": { "loja_id": "AG09", "peso": 60.24475 }, "geometry": { "type": "Point", "coordinates": [ -46.638017802435336, -23.544891876910597 ] } },
{ "type": "Feature", "properties": { "loja_id": "AG09", "peso": 60.24475 }, "geometry": { "type": "Point", "coordinates": [ -46.650419297843612, -23.545772164073846 ] } },
{ "type": "Feature", "properties": { "loja_id": "AG03", "peso": 129.979924 }, "geometry": { "type": "Point", "coordinates": [ -46.697776438200258, -23.571621261699466 ] } },
{ "type": "Feature", "properties": { "loja_id": "AG15", "peso": 129.979924 }, "geometry": { "type": "Point", "coordinates": [ -46.697776438200258, -23.571621261699466 ] } },
{ "type": "Feature", "properties": { "loja_id": "AG02", "peso": 44.788991 }, "geometry": { "type": "Point", "coordinates": [ -46.660294349996207, -23.566183709752753 ] } },
{ "type": "Feature", "properties": { "loja_id": "AG03", "peso": 44.757533 }, "geometry": { "type": "Point", "coordinates": [ -46.69045105302915, -23.559573684388827 ] } },
{ "type": "Feature", "properties": { "loja_id": "AG10", "peso": 37.226376 }, "geometry": { "type": "Point", "coordinates": [ -46.682555756609361, -23.532650141656859 ] } },
{ "type": "Feature", "properties": { "loja_id": "AG03", "peso": 84.583951 }, "geometry": { "type": "Point", "coordinates": [ -46.691225927269585, -23.564242854220026 ] } },
{ "type": "Feature", "properties": { "loja_id": "AG08", "peso": 60.24475 }, "geometry": { "type": "Point", "coordinates": [ -46.697065396682298, -23.611541900032055 ] } },
{ "type": "Feature", "properties": { "loja_id": "AG04", "peso": 60.24475 }, "geometry": { "type": "Point", "coordinates": [ -46.636691371782049, -23.596721547462707 ] } },
{ "type": "Feature", "properties": { "loja_id": "AG01", "peso": 44.757533 }, "geometry": { "type": "Point", "coordinates": [ -46.678319180846508, -23.583869793698096 ] } },
{ "type": "Feature", "properties": { "loja_id": "AG01", "peso": 65.787517 }, "geometry": { "type": "Point", "coordinates": [ -46.681046976442033, -23.59187710096332 ] } },
{ "type": "Feature", "properties": { "loja_id": "AG09", "peso": 49.363576 }, "geometry": { "type": "Point", "coordinates": [ -46.638868838374066, -23.543221337572103 ] } },
{ "type": "Feature", "properties": { "loja_id": "AG09", "peso": 32.999628 }, "geometry": { "type": "Point", "coordinates": [ -46.640337290881313, -23.547106943241836 ] } },
{ "type": "Feature", "properties": { "loja_id": "AG03", "peso": 32.999628 }, "geometry": { "type": "Point", "coordinates": [ -46.693373226704615, -23.565158605888335 ] } },
{ "type": "Feature", "properties": { "loja_id": "AG10", "peso": 37.226376 }, "geometry": { "type": "Point", "coordinates": [ -46.676513823821892, -23.54198935995467 ] } },
{ "type": "Feature", "properties": { "loja_id": "AG03", "peso": 32.999628 }, "geometry": { "type": "Point", "coordinates": [ -46.690908710483754, -23.564715871142454 ] } },
{ "type": "Feature", "properties": { "loja_id": "AG10", "peso": 37.226376 }, "geometry": { "type": "Point", "coordinates": [ -46.679662475256656, -23.53464095083412 ] } },
{ "type": "Feature", "properties": { "loja_id": "AG10", "peso": 41.426868 }, "geometry": { "type": "Point", "coordinates": [ -46.679662475256656, -23.53464095083412 ] } },
{ "type": "Feature", "properties": { "loja_id": "AG08", "peso": 60.24475 }, "geometry": { "type": "Point", "coordinates": [ -46.696162105520564, -23.613691894795053 ] } },
{ "type": "Feature", "properties": { "loja_id": "AG08", "peso": 60.24475 }, "geometry": { "type": "Point", "coordinates": [ -46.696162105520564, -23.613691894795053 ] } },
{ "type": "Feature", "properties": { "loja_id": "AG09", "peso": 49.092903 }, "geometry": { "type": "Point", "coordinates": [ -46.645404448824948, -23.548931712349439 ] } },
{ "type": "Feature", "properties": { "loja_id": "AG02", "peso": 65.787517 }, "geometry": { "type": "Point", "coordinates": [ -46.659976935414377, -23.565871042921614 ] } },
{ "type": "Feature", "properties": { "loja_id": "AG02", "peso": 32.999628 }, "geometry": { "type": "Point", "coordinates": [ -46.658346648451477, -23.561644245700148 ] } },
{ "type": "Feature", "properties": { "loja_id": "AG04", "peso": 41.426868 }, "geometry": { "type": "Point", "coordinates": [ -46.63575294336129, -23.59690301101308 ] } },
{ "type": "Feature", "properties": { "loja_id": "AG02", "peso": 84.583951 }, "geometry": { "type": "Point", "coordinates": [ -46.660256371994116, -23.564721222133699 ] } },
{ "type": "Feature", "properties": { "loja_id": "AG02", "peso": 102.836015 }, "geometry": { "type": "Point", "coordinates": [ -46.655861680621591, -23.559557663278333 ] } },
{ "type": "Feature", "properties": { "loja_id": "AG10", "peso": 105.510519 }, "geometry": { "type": "Point", "coordinates": [ -46.679511754945267, -23.535112147150258 ] } },
{ "type": "Feature", "properties": { "loja_id": "AG02", "peso": 113.891235 }, "geometry": { "type": "Point", "coordinates": [ -46.654789319973681, -23.56309990051691 ] } },
{ "type": "Feature", "properties": { "loja_id": "AG10", "peso": 110.025034 }, "geometry": { "type": "Point", "coordinates": [ -46.6786765749534, -23.535672001708495 ] } },
{ "type": "Feature", "properties": { "loja_id": "AG10", "peso": 87.999516 }, "geometry": { "type": "Point", "coordinates": [ -46.675426929852939, -23.532736098312629 ] } },
{ "type": "Feature", "properties": { "loja_id": "AG10", "peso": 144.862038 }, "geometry": { "type": "Point", "coordinates": [ -46.682796273081344, -23.540007125456224 ] } },
{ "type": "Feature", "properties": { "loja_id": "AG10", "peso": 227.659044 }, "geometry": { "type": "Point", "coordinates": [ -46.678490949455487, -23.53107764169885 ] } },
{ "type": "Feature", "properties": { "loja_id": "AG10", "peso": 63.695588 }, "geometry": { "type": "Point", "coordinates": [ -46.678500856404227, -23.531086565015766 ] } },
{ "type": "Feature", "properties": { "loja_id": "AG10", "peso": 110.228952 }, "geometry": { "type": "Point", "coordinates": [ -46.679813493142568, -23.534964406743878 ] } },
{ "type": "Feature", "properties": { "loja_id": "AG10", "peso": 144.862038 }, "geometry": { "type": "Point", "coordinates": [ -46.67343620686573, -23.541047240245653 ] } },
{ "type": "Feature", "properties": { "loja_id": "AG09", "peso": 110.228952 }, "geometry": { "type": "Point", "coordinates": [ -46.636204583671891, -23.547963203988019 ] } },
{ "type": "Feature", "properties": { "loja_id": "AG08", "peso": 144.862038 }, "geometry": { "type": "Point", "coordinates": [ -46.697107454502671, -23.607197989723225 ] } },
{ "type": "Feature", "properties": { "loja_id": "AG10", "peso": 140.783317 }, "geometry": { "type": "Point", "coordinates": [ -46.680730831095175, -23.533934089888504 ] } },
{ "type": "Feature", "properties": { "loja_id": "AG10", "peso": 102.836015 }, "geometry": { "type": "Point", "coordinates": [ -46.67834929022721, -23.53535044624326 ] } },
{ "type": "Feature", "properties": { "loja_id": "AG10", "peso": 105.510519 }, "geometry": { "type": "Point", "coordinates": [ -46.676642448611744, -23.542863900873034 ] } },
{ "type": "Feature", "properties": { "loja_id": "AG02", "peso": 113.891235 }, "geometry": { "type": "Point", "coordinates": [ -46.655753867256713, -23.561897639798858 ] } },
{ "type": "Feature", "properties": { "loja_id": "AG12", "peso": 110.025034 }, "geometry": { "type": "Point", "coordinates": [ -46.641411765063083, -23.636630396768918 ] } },
{ "type": "Feature", "properties": { "loja_id": "AG10", "peso": 102.836015 }, "geometry": { "type": "Point", "coordinates": [ -46.680948409229046, -23.53487087737815 ] } },
{ "type": "Feature", "properties": { "loja_id": "AG10", "peso": 133.924212 }, "geometry": { "type": "Point", "coordinates": [ -46.679302755150232, -23.537164253311687 ] } },
{ "type": "Feature", "properties": { "loja_id": "AG10", "peso": 63.695588 }, "geometry": { "type": "Point", "coordinates": [ -46.679261223840243, -23.530807455459499 ] } },
{ "type": "Feature", "properties": { "loja_id": "AG10", "peso": 133.924212 }, "geometry": { "type": "Point", "coordinates": [ -46.680250208627236, -23.537731954203647 ] } },
{ "type": "Feature", "properties": { "loja_id": "AG03", "peso": 87.999516 }, "geometry": { "type": "Point", "coordinates": [ -46.688713649915634, -23.565426024110678 ] } },
{ "type": "Feature", "properties": { "loja_id": "AG10", "peso": 91.038012 }, "geometry": { "type": "Point", "coordinates": [ -46.676999446745015, -23.534714828759512 ] } },
{ "type": "Feature", "properties": { "loja_id": "AG11", "peso": 144.862038 }, "geometry": { "type": "Point", "coordinates": [ -46.705269899621044, -23.524474427719987 ] } },
{ "type": "Feature", "properties": { "loja_id": "AG10", "peso": 144.862038 }, "geometry": { "type": "Point", "coordinates": [ -46.678191636003746, -23.536047470809141 ] } },
{ "type": "Feature", "properties": { "loja_id": "AG10", "peso": 144.862038 }, "geometry": { "type": "Point", "coordinates": [ -46.680165401780641, -23.531827135388667 ] } },
{ "type": "Feature", "properties": { "loja_id": "AG10", "peso": 187.718946 }, "geometry": { "type": "Point", "coordinates": [ -46.682618964595576, -23.539927772006664 ] } },
{ "type": "Feature", "properties": { "loja_id": "AG10", "peso": 140.783317 }, "geometry": { "type": "Point", "coordinates": [ -46.68035988054433, -23.537884282543136 ] } },
{ "type": "Feature", "properties": { "loja_id": "AG01", "peso": 113.891235 }, "geometry": { "type": "Point", "coordinates": [ -46.683301192388278, -23.588854687774109 ] } },
{ "type": "Feature", "properties": { "loja_id": "AG10", "peso": 144.862038 }, "geometry": { "type": "Point", "coordinates": [ -46.676689045669086, -23.536497120767514 ] } },
{ "type": "Feature", "properties": { "loja_id": "AG10", "peso": 113.891235 }, "geometry": { "type": "Point", "coordinates": [ -46.676689045669086, -23.536497120767514 ] } },
{ "type": "Feature", "properties": { "loja_id": "AG10", "peso": 87.999516 }, "geometry": { "type": "Point", "coordinates": [ -46.676689045669086, -23.536497120767514 ] } },
{ "type": "Feature", "properties": { "loja_id": "AG04", "peso": 110.228952 }, "geometry": { "type": "Point", "coordinates": [ -46.633170164783962, -23.58773739269558 ] } },
{ "type": "Feature", "properties": { "loja_id": "AG04", "peso": 144.862038 }, "geometry": { "type": "Point", "coordinates": [ -46.633170164783962, -23.58773739269558 ] } },
{ "type": "Feature", "properties": { "loja_id": "AG08", "peso": 102.836015 }, "geometry": { "type": "Point", "coordinates": [ -46.693642862812084, -23.606775298970515 ] } },
{ "type": "Feature", "properties": { "loja_id": "AG04", "peso": 87.999516 }, "geometry": { "type": "Point", "coordinates": [ -46.638194255036005, -23.581236882182054 ] } },
{ "type": "Feature", "properties": { "loja_id": "AG11", "peso": 139.082463 }, "geometry": { "type": "Point", "coordinates": [ -46.703237163540429, -23.524803710916334 ] } },
{ "type": "Feature", "properties": { "loja_id": "AG10", "peso": 105.510519 }, "geometry": { "type": "Point", "coordinates": [ -46.683859404546084, -23.537349784164356 ] } },
{ "type": "Feature", "properties": { "loja_id": "AG03", "peso": 110.025034 }, "geometry": { "type": "Point", "coordinates": [ -46.693435561010183, -23.566963946774024 ] } },
{ "type": "Feature", "properties": { "loja_id": "AG10", "peso": 139.082463 }, "geometry": { "type": "Point", "coordinates": [ -46.679511754945267, -23.535112147150258 ] } },
{ "type": "Feature", "properties": { "loja_id": "AG03", "peso": 102.836015 }, "geometry": { "type": "Point", "coordinates": [ -46.693435561010183, -23.566963946774024 ] } },
{ "type": "Feature", "properties": { "loja_id": "AG10", "peso": 140.783317 }, "geometry": { "type": "Point", "coordinates": [ -46.684138093171583, -23.533084530771166 ] } },
{ "type": "Feature", "properties": { "loja_id": "AG10", "peso": 110.228952 }, "geometry": { "type": "Point", "coordinates": [ -46.679591632702966, -23.538316997057432 ] } },
{ "type": "Feature", "properties": { "loja_id": "AG01", "peso": 110.228952 }, "geometry": { "type": "Point", "coordinates": [ -46.68103717956307, -23.591877207012356 ] } },
{ "type": "Feature", "properties": { "loja_id": "AG02", "peso": 144.862038 }, "geometry": { "type": "Point", "coordinates": [ -46.656771220948563, -23.561001838462811 ] } },
{ "type": "Feature", "properties": { "loja_id": "AG10", "peso": 105.510519 }, "geometry": { "type": "Point", "coordinates": [ -46.684387121802651, -23.534951078772348 ] } },
{ "type": "Feature", "properties": { "loja_id": "AG10", "peso": 105.510519 }, "geometry": { "type": "Point", "coordinates": [ -46.684387121802651, -23.534951078772348 ] } },
{ "type": "Feature", "properties": { "loja_id": "AG03", "peso": 87.999516 }, "geometry": { "type": "Point", "coordinates": [ -46.684747867047534, -23.566326923601576 ] } },
{ "type": "Feature", "properties": { "loja_id": "AG10", "peso": 187.718946 }, "geometry": { "type": "Point", "coordinates": [ -46.679697265856433, -23.536609153619153 ] } },
{ "type": "Feature", "properties": { "loja_id": "AG10", "peso": 187.718946 }, "geometry": { "type": "Point", "coordinates": [ -46.679697265856433, -23.536609153619153 ] } },
{ "type": "Feature", "properties": { "loja_id": "AG10", "peso": 105.510519 }, "geometry": { "type": "Point", "coordinates": [ -46.680060588227391, -23.537454066774664 ] } },
{ "type": "Feature", "properties": { "loja_id": "AG10", "peso": 102.836015 }, "geometry": { "type": "Point", "coordinates": [ -46.674593425689423, -23.537296288453962 ] } },
{ "type": "Feature", "properties": { "loja_id": "AG10", "peso": 107.342381 }, "geometry": { "type": "Point", "coordinates": [ -46.674661518398167, -23.537259434712798 ] } },
{ "type": "Feature", "properties": { "loja_id": "AG08", "peso": 110.025034 }, "geometry": { "type": "Point", "coordinates": [ -46.69357195717896, -23.606595471489424 ] } },
{ "type": "Feature", "properties": { "loja_id": "AG04", "peso": 113.891235 }, "geometry": { "type": "Point", "coordinates": [ -46.631802199358177, -23.591210363453815 ] } },
{ "type": "Feature", "properties": { "loja_id": "AG10", "peso": 110.228952 }, "geometry": { "type": "Point", "coordinates": [ -46.68135089718421, -23.531091915694947 ] } },
{ "type": "Feature", "properties": { "loja_id": "AG03", "peso": 144.862038 }, "geometry": { "type": "Point", "coordinates": [ -46.691908353368817, -23.569337436333623 ] } },
{ "type": "Feature", "properties": { "loja_id": "AG11", "peso": 187.718946 }, "geometry": { "type": "Point", "coordinates": [ -46.710661950178398, -23.527955047856135 ] } },
{ "type": "Feature", "properties": { "loja_id": "AG10", "peso": 140.783317 }, "geometry": { "type": "Point", "coordinates": [ -46.678874277604088, -23.537358511624628 ] } },
{ "type": "Feature", "properties": { "loja_id": "AG10", "peso": 102.836015 }, "geometry": { "type": "Point", "coordinates": [ -46.682618964595576, -23.539927772006664 ] } },
{ "type": "Feature", "properties": { "loja_id": "AG03", "peso": 87.999516 }, "geometry": { "type": "Point", "coordinates": [ -46.694857899738032, -23.560239079712822 ] } },
{ "type": "Feature", "properties": { "loja_id": "AG10", "peso": 133.924212 }, "geometry": { "type": "Point", "coordinates": [ -46.682019553762551, -23.539004147580442 ] } },
{ "type": "Feature", "properties": { "loja_id": "AG10", "peso": 113.891235 }, "geometry": { "type": "Point", "coordinates": [ -46.675467919910083, -23.536745061464334 ] } },
{ "type": "Feature", "properties": { "loja_id": "AG10", "peso": 133.924212 }, "geometry": { "type": "Point", "coordinates": [ -46.67952477959431, -23.536909011613975 ] } },
{ "type": "Feature", "properties": { "loja_id": "AG10", "peso": 105.510519 }, "geometry": { "type": "Point", "coordinates": [ -46.684138093171583, -23.533084530771166 ] } },
{ "type": "Feature", "properties": { "loja_id": "AG10", "peso": 105.510519 }, "geometry": { "type": "Point", "coordinates": [ -46.677618788273222, -23.536441946849653 ] } },
{ "type": "Feature", "properties": { "loja_id": "AG10", "peso": 165.051108 }, "geometry": { "type": "Point", "coordinates": [ -46.682815796654651, -23.53846275648748 ] } },
{ "type": "Feature", "properties": { "loja_id": "AG11", "peso": 113.891235 }, "geometry": { "type": "Point", "coordinates": [ -46.69800254791965, -23.522883312136823 ] } },
{ "type": "Feature", "properties": { "loja_id": "AG10", "peso": 110.228952 }, "geometry": { "type": "Point", "coordinates": [ -46.675937309150896, -23.535141662382241 ] } },
{ "type": "Feature", "properties": { "loja_id": "AG10", "peso": 110.025034 }, "geometry": { "type": "Point", "coordinates": [ -46.680290559795473, -23.539365979343007 ] } },
{ "type": "Feature", "properties": { "loja_id": "AG01", "peso": 110.025034 }, "geometry": { "type": "Point", "coordinates": [ -46.68103717956307, -23.591877207012356 ] } },
{ "type": "Feature", "properties": { "loja_id": "AG10", "peso": 110.025034 }, "geometry": { "type": "Point", "coordinates": [ -46.678135130882275, -23.540084570075177 ] } },
{ "type": "Feature", "properties": { "loja_id": "AG03", "peso": 139.082463 }, "geometry": { "type": "Point", "coordinates": [ -46.685880396449143, -23.566793239737446 ] } },
{ "type": "Feature", "properties": { "loja_id": "AG10", "peso": 144.862038 }, "geometry": { "type": "Point", "coordinates": [ -46.678613550845384, -23.539194450980773 ] } },
{ "type": "Feature", "properties": { "loja_id": "AG03", "peso": 144.862038 }, "geometry": { "type": "Point", "coordinates": [ -46.702339083492319, -23.56534059808217 ] } },
{ "type": "Feature", "properties": { "loja_id": "AG11", "peso": 187.718946 }, "geometry": { "type": "Point", "coordinates": [ -46.705957772437664, -23.518579259342147 ] } },
{ "type": "Feature", "properties": { "loja_id": "AG10", "peso": 113.891235 }, "geometry": { "type": "Point", "coordinates": [ -46.678613550845384, -23.539194450980773 ] } },
{ "type": "Feature", "properties": { "loja_id": "AG10", "peso": 187.718946 }, "geometry": { "type": "Point", "coordinates": [ -46.684138093171583, -23.533084530771166 ] } },
{ "type": "Feature", "properties": { "loja_id": "AG01", "peso": 110.025034 }, "geometry": { "type": "Point", "coordinates": [ -46.688263074599519, -23.590706179547308 ] } },
{ "type": "Feature", "properties": { "loja_id": "AG01", "peso": 110.025034 }, "geometry": { "type": "Point", "coordinates": [ -46.681562195479238, -23.590787909639978 ] } },
{ "type": "Feature", "properties": { "loja_id": "AG10", "peso": 102.836015 }, "geometry": { "type": "Point", "coordinates": [ -46.684088210998503, -23.533012829375636 ] } },
{ "type": "Feature", "properties": { "loja_id": "AG02", "peso": 110.228952 }, "geometry": { "type": "Point", "coordinates": [ -46.658185494253722, -23.559731558799331 ] } },
{ "type": "Feature", "properties": { "loja_id": "AG11", "peso": 113.891235 }, "geometry": { "type": "Point", "coordinates": [ -46.697334744899493, -23.522737083960376 ] } },
{ "type": "Feature", "properties": { "loja_id": "AG10", "peso": 139.082463 }, "geometry": { "type": "Point", "coordinates": [ -46.68436320579422, -23.533073063794419 ] } },
{ "type": "Feature", "properties": { "loja_id": "AG10", "peso": 110.228952 }, "geometry": { "type": "Point", "coordinates": [ -46.674989485872196, -23.537635171851605 ] } },
{ "type": "Feature", "properties": { "loja_id": "AG10", "peso": 110.025034 }, "geometry": { "type": "Point", "coordinates": [ -46.674989485872196, -23.537635171851605 ] } },
{ "type": "Feature", "properties": { "loja_id": "AG03", "peso": 144.862038 }, "geometry": { "type": "Point", "coordinates": [ -46.69080739726553, -23.569809953738346 ] } },
{ "type": "Feature", "properties": { "loja_id": "AG10", "peso": 105.510519 }, "geometry": { "type": "Point", "coordinates": [ -46.677742442017625, -23.542328289630657 ] } },
{ "type": "Feature", "properties": { "loja_id": "AG01", "peso": 102.836015 }, "geometry": { "type": "Point", "coordinates": [ -46.681280029977813, -23.591712036022887 ] } },
{ "type": "Feature", "properties": { "loja_id": "AG01", "peso": 102.836015 }, "geometry": { "type": "Point", "coordinates": [ -46.681017585804973, -23.591877419108599 ] } },
{ "type": "Feature", "properties": { "loja_id": "AG10", "peso": 113.891235 }, "geometry": { "type": "Point", "coordinates": [ -46.682433308718444, -23.532263168394117 ] } },
{ "type": "Feature", "properties": { "loja_id": "AG10", "peso": 110.228952 }, "geometry": { "type": "Point", "coordinates": [ -46.682433308718444, -23.532263168394117 ] } },
{ "type": "Feature", "properties": { "loja_id": "AG04", "peso": 144.862038 }, "geometry": { "type": "Point", "coordinates": [ -46.63357452543309, -23.598235331532184 ] } },
{ "type": "Feature", "properties": { "loja_id": "AG11", "peso": 140.783317 }, "geometry": { "type": "Point", "coordinates": [ -46.702906345761129, -23.521926724358362 ] } },
{ "type": "Feature", "properties": { "loja_id": "AG01", "peso": 87.999516 }, "geometry": { "type": "Point", "coordinates": [ -46.68455575007286, -23.591188912220929 ] } },
{ "type": "Feature", "properties": { "loja_id": "AG10", "peso": 139.082463 }, "geometry": { "type": "Point", "coordinates": [ -46.676723764190776, -23.534600407617361 ] } },
{ "type": "Feature", "properties": { "loja_id": "AG03", "peso": 139.082463 }, "geometry": { "type": "Point", "coordinates": [ -46.701095905878752, -23.566934472365055 ] } },
{ "type": "Feature", "properties": { "loja_id": "AG01", "peso": 85.929356 }, "geometry": { "type": "Point", "coordinates": [ -46.675775875922341, -23.584962807992653 ] } },
{ "type": "Feature", "properties": { "loja_id": "AG02", "peso": 57.148759 }, "geometry": { "type": "Point", "coordinates": [ -46.654104036002792, -23.55922419573297 ] } },
{ "type": "Feature", "properties": { "loja_id": "AG15", "peso": 57.148759 }, "geometry": { "type": "Point", "coordinates": [ -46.7170032745654, -23.56830368333285 ] } },
{ "type": "Feature", "properties": { "loja_id": "AG10", "peso": 81.819016 }, "geometry": { "type": "Point", "coordinates": [ -46.673666759880462, -23.537595226716348 ] } },
{ "type": "Feature", "properties": { "loja_id": "AG09", "peso": 85.929356 }, "geometry": { "type": "Point", "coordinates": [ -46.639241001573133, -23.54637801836807 ] } },
{ "type": "Feature", "properties": { "loja_id": "AG04", "peso": 154.486712 }, "geometry": { "type": "Point", "coordinates": [ -46.637211173705097, -23.584127898305159 ] } },
{ "type": "Feature", "properties": { "loja_id": "AG01", "peso": 30.699111 }, "geometry": { "type": "Point", "coordinates": [ -46.688871774286525, -23.591566449695101 ] } },
{ "type": "Feature", "properties": { "loja_id": "AG08", "peso": 30.699111 }, "geometry": { "type": "Point", "coordinates": [ -46.694170691143412, -23.608196287327978 ] } },
{ "type": "Feature", "properties": { "loja_id": "AG02", "peso": 57.148759 }, "geometry": { "type": "Point", "coordinates": [ -46.656393416267164, -23.561339982781128 ] } },
{ "type": "Feature", "properties": { "loja_id": "AG11", "peso": 257.169417 }, "geometry": { "type": "Point", "coordinates": [ -46.697927913007788, -23.526225274358566 ] } },
{ "type": "Feature", "properties": { "loja_id": "AG02", "peso": 52.647795 }, "geometry": { "type": "Point", "coordinates": [ -46.658221470264493, -23.56181715516945 ] } },
{ "type": "Feature", "properties": { "loja_id": "AG01", "peso": 92.147005 }, "geometry": { "type": "Point", "coordinates": [ -46.690200980032508, -23.590540619343091 ] } },
{ "type": "Feature", "properties": { "loja_id": "AG09", "peso": 72.413317 }, "geometry": { "type": "Point", "coordinates": [ -46.637543619572988, -23.545357415270633 ] } },
{ "type": "Feature", "properties": { "loja_id": "AG09", "peso": 47.84556 }, "geometry": { "type": "Point", "coordinates": [ -46.641739630039126, -23.54645099599179 ] } },
{ "type": "Feature", "properties": { "loja_id": "AG02", "peso": 82.932304 }, "geometry": { "type": "Point", "coordinates": [ -46.654719624712875, -23.563010340204336 ] } },
{ "type": "Feature", "properties": { "loja_id": "AG02", "peso": 92.147005 }, "geometry": { "type": "Point", "coordinates": [ -46.654719624712875, -23.563010340204336 ] } },
{ "type": "Feature", "properties": { "loja_id": "AG01", "peso": 162.796121 }, "geometry": { "type": "Point", "coordinates": [ -46.681280029977813, -23.591712036022887 ] } },
{ "type": "Feature", "properties": { "loja_id": "AG08", "peso": 34.652443 }, "geometry": { "type": "Point", "coordinates": [ -46.694170691143412, -23.608196287327978 ] } },
{ "type": "Feature", "properties": { "loja_id": "AG10", "peso": 57.413997 }, "geometry": { "type": "Point", "coordinates": [ -46.676082274597036, -23.533442425210133 ] } },
{ "type": "Feature", "properties": { "loja_id": "AG10", "peso": 59.890713 }, "geometry": { "type": "Point", "coordinates": [ -46.683388232170969, -23.532650167365421 ] } },
{ "type": "Feature", "properties": { "loja_id": "AG10", "peso": 72.413317 }, "geometry": { "type": "Point", "coordinates": [ -46.675285578731213, -23.540133345252592 ] } },
{ "type": "Feature", "properties": { "loja_id": "AG03", "peso": 57.413997 }, "geometry": { "type": "Point", "coordinates": [ -46.701493147710657, -23.568113063511522 ] } },
{ "type": "Feature", "properties": { "loja_id": "AG03", "peso": 100.108235 }, "geometry": { "type": "Point", "coordinates": [ -46.693793854307366, -23.567402517236541 ] } },
{ "type": "Feature", "properties": { "loja_id": "AG08", "peso": 76.478626 }, "geometry": { "type": "Point", "coordinates": [ -46.694170691143412, -23.608196287327978 ] } },
{ "type": "Feature", "properties": { "loja_id": "AG11", "peso": 76.478626 }, "geometry": { "type": "Point", "coordinates": [ -46.698984950272084, -23.520073251156013 ] } },
{ "type": "Feature", "properties": { "loja_id": "AG11", "peso": 62.068558 }, "geometry": { "type": "Point", "coordinates": [ -46.697860477166728, -23.524022658538684 ] } },
{ "type": "Feature", "properties": { "loja_id": "AG11", "peso": 82.932304 }, "geometry": { "type": "Point", "coordinates": [ -46.706059713052142, -23.521169783263982 ] } },
{ "type": "Feature", "properties": { "loja_id": "AG10", "peso": 109.763344 }, "geometry": { "type": "Point", "coordinates": [ -46.676944667602626, -23.531166555460338 ] } },
{ "type": "Feature", "properties": { "loja_id": "AG03", "peso": 62.068558 }, "geometry": { "type": "Point", "coordinates": [ -46.693793854307366, -23.567402517236541 ] } },
{ "type": "Feature", "properties": { "loja_id": "AG10", "peso": 88.744838 }, "geometry": { "type": "Point", "coordinates": [ -46.683495145017375, -23.532585799450668 ] } },
{ "type": "Feature", "properties": { "loja_id": "AG11", "peso": 62.927734 }, "geometry": { "type": "Point", "coordinates": [ -46.702400078326775, -23.519873395360229 ] } },
{ "type": "Feature", "properties": { "loja_id": "AG07", "peso": 76.38949 }, "geometry": { "type": "Point", "coordinates": [ -46.624764722606152, -23.502570135749732 ] } },
{ "type": "Feature", "properties": { "loja_id": "AG09", "peso": 52.831417 }, "geometry": { "type": "Point", "coordinates": [ -46.644722767962989, -23.538229014526266 ] } },
{ "type": "Feature", "properties": { "loja_id": "AG03", "peso": 113.964613 }, "geometry": { "type": "Point", "coordinates": [ -46.690139449125574, -23.575027589465904 ] } },
{ "type": "Feature", "properties": { "loja_id": "AG11", "peso": 88.744838 }, "geometry": { "type": "Point", "coordinates": [ -46.703655328325972, -23.520771703458536 ] } },
{ "type": "Feature", "properties": { "loja_id": "AG01", "peso": 226.752257 }, "geometry": { "type": "Point", "coordinates": [ -46.681047091512177, -23.591886129829742 ] } },
{ "type": "Feature", "properties": { "loja_id": "AG09", "peso": 52.831417 }, "geometry": { "type": "Point", "coordinates": [ -46.639426685875748, -23.545554304660872 ] } },
{ "type": "Feature", "properties": { "loja_id": "AG11", "peso": 97.24754 }, "geometry": { "type": "Point", "coordinates": [ -46.706211284462256, -23.519253739000618 ] } },
{ "type": "Feature", "properties": { "loja_id": "AG11", "peso": 43.509133 }, "geometry": { "type": "Point", "coordinates": [ -46.706211284462256, -23.519253739000618 ] } },
{ "type": "Feature", "properties": { "loja_id": "AG09", "peso": 24.75 }, "geometry": { "type": "Point", "coordinates": [ -46.64266113575561, -23.546513508044647 ] } },
{ "type": "Feature", "properties": { "loja_id": "AG10", "peso": 23.0 }, "geometry": { "type": "Point", "coordinates": [ -46.680682836252842, -23.530927559624647 ] } },
{ "type": "Feature", "properties": { "loja_id": "AG03", "peso": 39.6 }, "geometry": { "type": "Point", "coordinates": [ -46.697787959162262, -23.567945892353414 ] } },
{ "type": "Feature", "properties": { "loja_id": "AG09", "peso": 23.0 }, "geometry": { "type": "Point", "coordinates": [ -46.649288031517223, -23.539101768987713 ] } },
{ "type": "Feature", "properties": { "loja_id": "AG03", "peso": 19.235294 }, "geometry": { "type": "Point", "coordinates": [ -46.70128882471078, -23.568982187280191 ] } },
{ "type": "Feature", "properties": { "loja_id": "AG03", "peso": 23.0 }, "geometry": { "type": "Point", "coordinates": [ -46.693923919555921, -23.566850263746698 ] } },
{ "type": "Feature", "properties": { "loja_id": "AG03", "peso": 32.0 }, "geometry": { "type": "Point", "coordinates": [ -46.695303864709828, -23.560640571376972 ] } },
{ "type": "Feature", "properties": { "loja_id": "AG09", "peso": 26.666667 }, "geometry": { "type": "Point", "coordinates": [ -46.64756247789785, -23.548394139403534 ] } },
{ "type": "Feature", "properties": { "loja_id": "AG02", "peso": 26.666667 }, "geometry": { "type": "Point", "coordinates": [ -46.657023051906378, -23.560773398788491 ] } },
{ "type": "Feature", "properties": { "loja_id": "AG09", "peso": 24.75 }, "geometry": { "type": "Point", "coordinates": [ -46.6430589225224, -23.544631007807567 ] } },
{ "type": "Feature", "properties": { "loja_id": "AG01", "peso": 23.0 }, "geometry": { "type": "Point", "coordinates": [ -46.685462016459304, -23.579295460811785 ] } },
{ "type": "Feature", "properties": { "loja_id": "AG04", "peso": 45.16251 }, "geometry": { "type": "Point", "coordinates": [ -46.634498533804461, -23.589773288465491 ] } },
{ "type": "Feature", "properties": { "loja_id": "AG02", "peso": 34.210158 }, "geometry": { "type": "Point", "coordinates": [ -46.658185494253722, -23.559731558799331 ] } },
{ "type": "Feature", "properties": { "loja_id": "AG06", "peso": 40.972348 }, "geometry": { "type": "Point", "coordinates": [ -46.578901675437265, -23.543787437907838 ] } },
{ "type": "Feature", "properties": { "loja_id": "AG02", "peso": 38.319706 }, "geometry": { "type": "Point", "coordinates": [ -46.654614215638986, -23.558505378401009 ] } },
{ "type": "Feature", "properties": { "loja_id": "AG02", "peso": 44.630292 }, "geometry": { "type": "Point", "coordinates": [ -46.654614215638986, -23.558505378401009 ] } },
{ "type": "Feature", "properties": { "loja_id": "AG09", "peso": 15.605973 }, "geometry": { "type": "Point", "coordinates": [ -46.640672070432245, -23.543301660590672 ] } },
{ "type": "Feature", "properties": { "loja_id": "AG09", "peso": 37.973342 }, "geometry": { "type": "Point", "coordinates": [ -46.637545647640664, -23.543939637077521 ] } },
{ "type": "Feature", "properties": { "loja_id": "AG09", "peso": 38.319706 }, "geometry": { "type": "Point", "coordinates": [ -46.643190810674788, -23.545785490372786 ] } },
{ "type": "Feature", "properties": { "loja_id": "AG02", "peso": 40.972348 }, "geometry": { "type": "Point", "coordinates": [ -46.654543957742, -23.558370672678471 ] } },
{ "type": "Feature", "properties": { "loja_id": "AG01", "peso": 37.973342 }, "geometry": { "type": "Point", "coordinates": [ -46.683119692227955, -23.585380062256842 ] } },
{ "type": "Feature", "properties": { "loja_id": "AG09", "peso": 38.319706 }, "geometry": { "type": "Point", "coordinates": [ -46.64170655807591, -23.541421475662823 ] } },
{ "type": "Feature", "properties": { "loja_id": "AG04", "peso": 39.615163 }, "geometry": { "type": "Point", "coordinates": [ -46.636688854411766, -23.590201734305079 ] } },
{ "type": "Feature", "properties": { "loja_id": "AG03", "peso": 45.16251 }, "geometry": { "type": "Point", "coordinates": [ -46.696602132428197, -23.574008998867114 ] } },
{ "type": "Feature", "properties": { "loja_id": "AG02", "peso": 37.973342 }, "geometry": { "type": "Point", "coordinates": [ -46.65575167664678, -23.559378230417227 ] } },
{ "type": "Feature", "properties": { "loja_id": "AG01", "peso": 46.210051 }, "geometry": { "type": "Point", "coordinates": [ -46.681815427696463, -23.589900216595975 ] } },
{ "type": "Feature", "properties": { "loja_id": "AG15", "peso": 40.972348 }, "geometry": { "type": "Point", "coordinates": [ -46.712208387649568, -23.567959261968316 ] } },
{ "type": "Feature", "properties": { "loja_id": "AG10", "peso": 40.972348 }, "geometry": { "type": "Point", "coordinates": [ -46.675453791401047, -23.532537144826328 ] } },
{ "type": "Feature", "properties": { "loja_id": "AG01", "peso": 37.973342 }, "geometry": { "type": "Point", "coordinates": [ -46.673445884590237, -23.584337757143643 ] } },
{ "type": "Feature", "properties": { "loja_id": "AG10", "peso": 49.143778 }, "geometry": { "type": "Point", "coordinates": [ -46.675846452084684, -23.533381754084875 ] } },
{ "type": "Feature", "properties": { "loja_id": "AG10", "peso": 38.319706 }, "geometry": { "type": "Point", "coordinates": [ -46.674672257939186, -23.531145878115012 ] } },
{ "type": "Feature", "properties": { "loja_id": "AG10", "peso": 46.210051 }, "geometry": { "type": "Point", "coordinates": [ -46.674672257939186, -23.531145878115012 ] } },
{ "type": "Feature", "properties": { "loja_id": "AG10", "peso": 40.972348 }, "geometry": { "type": "Point", "coordinates": [ -46.674672257939186, -23.531145878115012 ] } },
{ "type": "Feature", "properties": { "loja_id": "AG03", "peso": 88.95646 }, "geometry": { "type": "Point", "coordinates": [ -46.688723918071084, -23.574654685875693 ] } },
{ "type": "Feature", "properties": { "loja_id": "AG09", "peso": 74.305512 }, "geometry": { "type": "Point", "coordinates": [ -46.63758896301335, -23.538737727234714 ] } },
{ "type": "Feature", "properties": { "loja_id": "AG03", "peso": 32.970329 }, "geometry": { "type": "Point", "coordinates": [ -46.700324285686939, -23.567873013858932 ] } },
{ "type": "Feature", "properties": { "loja_id": "AG11", "peso": 94.520266 }, "geometry": { "type": "Point", "coordinates": [ -46.700461974950997, -23.521465821999239 ] } },
{ "type": "Feature", "properties": { "loja_id": "AG11", "peso": 91.007689 }, "geometry": { "type": "Point", "coordinates": [ -46.700461974950997, -23.521465821999239 ] } },
{ "type": "Feature", "properties": { "loja_id": "AG10", "peso": 79.954469 }, "geometry": { "type": "Point", "coordinates": [ -46.67962150873808, -23.528329296783017 ] } },
{ "type": "Feature", "properties": { "loja_id": "AG10", "peso": 55.722252 }, "geometry": { "type": "Point", "coordinates": [ -46.679012570367895, -23.529735546836648 ] } },
{ "type": "Feature", "properties": { "loja_id": "AG10", "peso": 25.482153 }, "geometry": { "type": "Point", "coordinates": [ -46.675923379059867, -23.528631044012908 ] } },
{ "type": "Feature", "properties": { "loja_id": "AG06", "peso": 32.970329 }, "geometry": { "type": "Point", "coordinates": [ -46.576294684601237, -23.542016812761275 ] } },
{ "type": "Feature", "properties": { "loja_id": "AG09", "peso": 20.195539 }, "geometry": { "type": "Point", "coordinates": [ -46.634757593456811, -23.537882535761771 ] } },
{ "type": "Feature", "properties": { "loja_id": "AG10", "peso": 133.797269 }, "geometry": { "type": "Point", "coordinates": [ -46.675985220604993, -23.528874193250569 ] } },
{ "type": "Feature", "properties": { "loja_id": "AG03", "peso": 79.954469 }, "geometry": { "type": "Point", "coordinates": [ -46.688341775637205, -23.574649808510621 ] } },
{ "type": "Feature", "properties": { "loja_id": "AG02", "peso": 34.680044 }, "geometry": { "type": "Point", "coordinates": [ -46.656480549877728, -23.561257782312161 ] } },
{ "type": "Feature", "properties": { "loja_id": "AG03", "peso": 65.552732 }, "geometry": { "type": "Point", "coordinates": [ -46.690270715329142, -23.572271980414143 ] } },
{ "type": "Feature", "properties": { "loja_id": "AG04", "peso": 31.499365 }, "geometry": { "type": "Point", "coordinates": [ -46.627302803696409, -23.595023200746539 ] } },
{ "type": "Feature", "properties": { "loja_id": "AG10", "peso": 55.123888 }, "geometry": { "type": "Point", "coordinates": [ -46.676083885830735, -23.537433750822107 ] } },
{ "type": "Feature", "properties": { "loja_id": "AG02", "peso": 65.552732 }, "geometry": { "type": "Point", "coordinates": [ -46.658185494253722, -23.559731558799331 ] } },
{ "type": "Feature", "properties": { "loja_id": "AG02", "peso": 146.100109 }, "geometry": { "type": "Point", "coordinates": [ -46.658559435729607, -23.562987477431978 ] } },
{ "type": "Feature", "properties": { "loja_id": "AG01", "peso": 21.105393 }, "geometry": { "type": "Point", "coordinates": [ -46.679314961313693, -23.589746671800327 ] } },
{ "type": "Feature", "properties": { "loja_id": "AG09", "peso": 70.274076 }, "geometry": { "type": "Point", "coordinates": [ -46.634610851284691, -23.545027053539574 ] } },
{ "type": "Feature", "properties": { "loja_id": "AG03", "peso": 76.423771 }, "geometry": { "type": "Point", "coordinates": [ -46.690416455389901, -23.565290122493739 ] } },
{ "type": "Feature", "properties": { "loja_id": "AG09", "peso": 70.274076 }, "geometry": { "type": "Point", "coordinates": [ -46.641425326496154, -23.551113938959858 ] } },
{ "type": "Feature", "properties": { "loja_id": "AG03", "peso": 110.456619 }, "geometry": { "type": "Point", "coordinates": [ -46.696411700558166, -23.563761928603011 ] } },
{ "type": "Feature", "properties": { "loja_id": "AG03", "peso": 76.423771 }, "geometry": { "type": "Point", "coordinates": [ -46.689153537817184, -23.566884122550196 ] } },
{ "type": "Feature", "properties": { "loja_id": "AG03", "peso": 93.187304 }, "geometry": { "type": "Point", "coordinates": [ -46.697956404829405, -23.558950084052132 ] } },
{ "type": "Feature", "properties": { "loja_id": "AG03", "peso": 82.498326 }, "geometry": { "type": "Point", "coordinates": [ -46.688514223476837, -23.562087046993184 ] } },
{ "type": "Feature", "properties": { "loja_id": "AG01", "peso": 92.120644 }, "geometry": { "type": "Point", "coordinates": [ -46.678562939723001, -23.583776858543242 ] } },
{ "type": "Feature", "properties": { "loja_id": "AG01", "peso": 36.052474 }, "geometry": { "type": "Point", "coordinates": [ -46.680070000143125, -23.585945855638286 ] } },
{ "type": "Feature", "properties": { "loja_id": "AG01", "peso": 33.242147 }, "geometry": { "type": "Point", "coordinates": [ -46.687564842861093, -23.581313436764248 ] } },
{ "type": "Feature", "properties": { "loja_id": "AG06", "peso": 18.162738 }, "geometry": { "type": "Point", "coordinates": [ -46.577759457945028, -23.535075579578166 ] } },
{ "type": "Feature", "properties": { "loja_id": "AG03", "peso": 38.016052 }, "geometry": { "type": "Point", "coordinates": [ -46.698039551807923, -23.564656192704636 ] } },
{ "type": "Feature", "properties": { "loja_id": "AG03", "peso": 18.162738 }, "geometry": { "type": "Point", "coordinates": [ -46.695595204281425, -23.56273237655228 ] } },
{ "type": "Feature", "properties": { "loja_id": "AG03", "peso": 18.162738 }, "geometry": { "type": "Point", "coordinates": [ -46.695595204281425, -23.56273237655228 ] } },
{ "type": "Feature", "properties": { "loja_id": "AG03", "peso": 99.003786 }, "geometry": { "type": "Point", "coordinates": [ -46.693346041736071, -23.565330473985245 ] } },
{ "type": "Feature", "properties": { "loja_id": "AG09", "peso": 34.136863 }, "geometry": { "type": "Point", "coordinates": [ -46.642620040378205, -23.543994493409357 ] } },
{ "type": "Feature", "properties": { "loja_id": "AG03", "peso": 41.845187 }, "geometry": { "type": "Point", "coordinates": [ -46.693435561010183, -23.566963946774024 ] } },
{ "type": "Feature", "properties": { "loja_id": "AG01", "peso": 32.209782 }, "geometry": { "type": "Point", "coordinates": [ -46.689979161202579, -23.591581493036511 ] } },
{ "type": "Feature", "properties": { "loja_id": "AG03", "peso": 17.564574 }, "geometry": { "type": "Point", "coordinates": [ -46.702499623566993, -23.566395358008855 ] } },
{ "type": "Feature", "properties": { "loja_id": "AG03", "peso": 67.723132 }, "geometry": { "type": "Point", "coordinates": [ -46.686914752509821, -23.567242552577909 ] } },
{ "type": "Feature", "properties": { "loja_id": "AG09", "peso": 18.162738 }, "geometry": { "type": "Point", "coordinates": [ -46.643406186948567, -23.544988550149199 ] } },
{ "type": "Feature", "properties": { "loja_id": "AG03", "peso": 34.136863 }, "geometry": { "type": "Point", "coordinates": [ -46.694430865048908, -23.562076845666606 ] } },
{ "type": "Feature", "properties": { "loja_id": "AG01", "peso": 40.381106 }, "geometry": { "type": "Point", "coordinates": [ -46.68103717956307, -23.591877207012356 ] } },
{ "type": "Feature", "properties": { "loja_id": "AG09", "peso": 40.381106 }, "geometry": { "type": "Point", "coordinates": [ -46.643975938074199, -23.547483915622063 ] } },
{ "type": "Feature", "properties": { "loja_id": "AG03", "peso": 40.381106 }, "geometry": { "type": "Point", "coordinates": [ -46.691499349871449, -23.568763961963697 ] } },
{ "type": "Feature", "properties": { "loja_id": "AG08", "peso": 14.631583 }, "geometry": { "type": "Point", "coordinates": [ -46.697265732909514, -23.607313649649704 ] } },
{ "type": "Feature", "properties": { "loja_id": "AG03", "peso": 14.631583 }, "geometry": { "type": "Point", "coordinates": [ -46.689175067020599, -23.573927373634461 ] } },
{ "type": "Feature", "properties": { "loja_id": "AG03", "peso": 22.566293 }, "geometry": { "type": "Point", "coordinates": [ -46.689175067020599, -23.573927373634461 ] } },
{ "type": "Feature", "properties": { "loja_id": "AG09", "peso": 53.683147 }, "geometry": { "type": "Point", "coordinates": [ -46.641224782959782, -23.547585215447032 ] } },
{ "type": "Feature", "properties": { "loja_id": "AG08", "peso": 37.611929 }, "geometry": { "type": "Point", "coordinates": [ -46.693791772232863, -23.602348945648519 ] } },
{ "type": "Feature", "properties": { "loja_id": "AG03", "peso": 26.928822 }, "geometry": { "type": "Point", "coordinates": [ -46.693793854307366, -23.567402517236541 ] } },
{ "type": "Feature", "properties": { "loja_id": "AG03", "peso": 50.757775 }, "geometry": { "type": "Point", "coordinates": [ -46.684555313249454, -23.565823323522359 ] } },
{ "type": "Feature", "properties": { "loja_id": "AG08", "peso": 36.798104 }, "geometry": { "type": "Point", "coordinates": [ -46.696162105520564, -23.613691894795053 ] } },
{ "type": "Feature", "properties": { "loja_id": "AG01", "peso": 50.757775 }, "geometry": { "type": "Point", "coordinates": [ -46.680047346978327, -23.588013998239685 ] } },
{ "type": "Feature", "properties": { "loja_id": "AG01", "peso": 30.779395 }, "geometry": { "type": "Point", "coordinates": [ -46.680988195167401, -23.591877737248332 ] } },
{ "type": "Feature", "properties": { "loja_id": "AG03", "peso": 26.928822 }, "geometry": { "type": "Point", "coordinates": [ -46.693793854307366, -23.567402517236541 ] } },
{ "type": "Feature", "properties": { "loja_id": "AG02", "peso": 37.611929 }, "geometry": { "type": "Point", "coordinates": [ -46.655729462699234, -23.562295229568068 ] } },
{ "type": "Feature", "properties": { "loja_id": "AG02", "peso": 10.360416 }, "geometry": { "type": "Point", "coordinates": [ -46.652687758440074, -23.556421824416844 ] } },
{ "type": "Feature", "properties": { "loja_id": "AG11", "peso": 24.810676 }, "geometry": { "type": "Point", "coordinates": [ -46.704722439946117, -23.522268048518431 ] } },
{ "type": "Feature", "properties": { "loja_id": "AG09", "peso": 50.757775 }, "geometry": { "type": "Point", "coordinates": [ -46.637798589927051, -23.545381821449634 ] } },
{ "type": "Feature", "properties": { "loja_id": "AG03", "peso": 24.810676 }, "geometry": { "type": "Point", "coordinates": [ -46.689175067020599, -23.573927373634461 ] } },
{ "type": "Feature", "properties": { "loja_id": "AG11", "peso": 24.810676 }, "geometry": { "type": "Point", "coordinates": [ -46.695382730869774, -23.522487454912262 ] } },
{ "type": "Feature", "properties": { "loja_id": "AG11", "peso": 50.023866 }, "geometry": { "type": "Point", "coordinates": [ -46.697927913007788, -23.526225274358566 ] } },
{ "type": "Feature", "properties": { "loja_id": "AG01", "peso": 36.798104 }, "geometry": { "type": "Point", "coordinates": [ -46.686037891655168, -23.578359110819974 ] } },
{ "type": "Feature", "properties": { "loja_id": "AG11", "peso": 51.363379 }, "geometry": { "type": "Point", "coordinates": [ -46.701911087225994, -23.522208513765744 ] } },
{ "type": "Feature", "properties": { "loja_id": "AG01", "peso": 30.779395 }, "geometry": { "type": "Point", "coordinates": [ -46.68391585603861, -23.583276447320301 ] } },
{ "type": "Feature", "properties": { "loja_id": "AG07", "peso": 36.798104 }, "geometry": { "type": "Point", "coordinates": [ -46.620979069336165, -23.504478873057295 ] } },
{ "type": "Feature", "properties": { "loja_id": "AG01", "peso": 51.363379 }, "geometry": { "type": "Point", "coordinates": [ -46.681747989246539, -23.590758807467491 ] } },
{ "type": "Feature", "properties": { "loja_id": "AG10", "peso": 26.928822 }, "geometry": { "type": "Point", "coordinates": [ -46.671196365120366, -23.538967284337332 ] } },
{ "type": "Feature", "properties": { "loja_id": "AG09", "peso": 26.928822 }, "geometry": { "type": "Point", "coordinates": [ -46.641115992767148, -23.550656659548601 ] } },
{ "type": "Feature", "properties": { "loja_id": "AG11", "peso": 30.779395 }, "geometry": { "type": "Point", "coordinates": [ -46.709698652383132, -23.520858951876001 ] } },
{ "type": "Feature", "properties": { "loja_id": "AG10", "peso": 50.023866 }, "geometry": { "type": "Point", "coordinates": [ -46.676637614827243, -23.537075606860945 ] } },
{ "type": "Feature", "properties": { "loja_id": "AG01", "peso": 51.363379 }, "geometry": { "type": "Point", "coordinates": [ -46.680436618307724, -23.594728192201011 ] } },
{ "type": "Feature", "properties": { "loja_id": "AG01", "peso": 30.779395 }, "geometry": { "type": "Point", "coordinates": [ -46.683119692227955, -23.585380062256842 ] } },
{ "type": "Feature", "properties": { "loja_id": "AG03", "peso": 53.683147 }, "geometry": { "type": "Point", "coordinates": [ -46.699246316893728, -23.56175337742685 ] } },
{ "type": "Feature", "properties": { "loja_id": "AG08", "peso": 51.363379 }, "geometry": { "type": "Point", "coordinates": [ -46.691940078053683, -23.603136693321172 ] } },
{ "type": "Feature", "properties": { "loja_id": "AG11", "peso": 51.363379 }, "geometry": { "type": "Point", "coordinates": [ -46.706236023885495, -23.524210996028199 ] } },
{ "type": "Feature", "properties": { "loja_id": "AG11", "peso": 30.300698 }, "geometry": { "type": "Point", "coordinates": [ -46.706236023885495, -23.524210996028199 ] } },
{ "type": "Feature", "properties": { "loja_id": "AG09", "peso": 36.798104 }, "geometry": { "type": "Point", "coordinates": [ -46.650118738899245, -23.546019170179203 ] } },
{ "type": "Feature", "properties": { "loja_id": "AG03", "peso": 24.810676 }, "geometry": { "type": "Point", "coordinates": [ -46.696016532426668, -23.5718933219067 ] } },
{ "type": "Feature", "properties": { "loja_id": "AG03", "peso": 24.810676 }, "geometry": { "type": "Point", "coordinates": [ -46.686621689720056, -23.565006263010982 ] } },
{ "type": "Feature", "properties": { "loja_id": "AG02", "peso": 32.535906 }, "geometry": { "type": "Point", "coordinates": [ -46.658062357346068, -23.560066990261571 ] } },
{ "type": "Feature", "properties": { "loja_id": "AG08", "peso": 74.463343 }, "geometry": { "type": "Point", "coordinates": [ -46.692697687463102, -23.602613720711361 ] } },
{ "type": "Feature", "properties": { "loja_id": "AG08", "peso": 131.856038 }, "geometry": { "type": "Point", "coordinates": [ -46.6958269431085, -23.612015969757191 ] } },
{ "type": "Feature", "properties": { "loja_id": "AG03", "peso": 50.270115 }, "geometry": { "type": "Point", "coordinates": [ -46.68813141227465, -23.567391884295738 ] } },
{ "type": "Feature", "properties": { "loja_id": "AG01", "peso": 136.270861 }, "geometry": { "type": "Point", "coordinates": [ -46.680436618307724, -23.594728192201011 ] } },
{ "type": "Feature", "properties": { "loja_id": "AG09", "peso": 32.535906 }, "geometry": { "type": "Point", "coordinates": [ -46.642252950799637, -23.54913660007459 ] } },
{ "type": "Feature", "properties": { "loja_id": "AG11", "peso": 111.695015 }, "geometry": { "type": "Point", "coordinates": [ -46.707592908745227, -23.520078388300728 ] } },
{ "type": "Feature", "properties": { "loja_id": "AG11", "peso": 122.045321 }, "geometry": { "type": "Point", "coordinates": [ -46.711817929518837, -23.521169772246608 ] } },
{ "type": "Feature", "properties": { "loja_id": "AG09", "peso": 23.92716 }, "geometry": { "type": "Point", "coordinates": [ -46.645295035457828, -23.538566113895051 ] } },
{ "type": "Feature", "properties": { "loja_id": "AG11", "peso": 55.066859 }, "geometry": { "type": "Point", "coordinates": [ -46.70331069200941, -23.516820283301715 ] } },
{ "type": "Feature", "properties": { "loja_id": "AG11", "peso": 37.848879 }, "geometry": { "type": "Point", "coordinates": [ -46.70331069200941, -23.516820283301715 ] } },
{ "type": "Feature", "properties": { "loja_id": "AG11", "peso": 45.105626 }, "geometry": { "type": "Point", "coordinates": [ -46.710405048488575, -23.521718080035154 ] } },
{ "type": "Feature", "properties": { "loja_id": "AG11", "peso": 66.141587 }, "geometry": { "type": "Point", "coordinates": [ -46.704499082646585, -23.51557014969881 ] } },
{ "type": "Feature", "properties": { "loja_id": "AG11", "peso": 55.066859 }, "geometry": { "type": "Point", "coordinates": [ -46.704499082646585, -23.51557014969881 ] } },
{ "type": "Feature", "properties": { "loja_id": "AG15", "peso": 55.066859 }, "geometry": { "type": "Point", "coordinates": [ -46.712208387649568, -23.567959261968316 ] } },
{ "type": "Feature", "properties": { "loja_id": "AG09", "peso": 68.396413 }, "geometry": { "type": "Point", "coordinates": [ -46.640813641909546, -23.546027314259472 ] } },
{ "type": "Feature", "properties": { "loja_id": "AG11", "peso": 23.92716 }, "geometry": { "type": "Point", "coordinates": [ -46.697889820176378, -23.518676499553354 ] } },
{ "type": "Feature", "properties": { "loja_id": "AG11", "peso": 66.02274 }, "geometry": { "type": "Point", "coordinates": [ -46.697836773403886, -23.525991485363335 ] } },
{ "type": "Feature", "properties": { "loja_id": "AG11", "peso": 23.92716 }, "geometry": { "type": "Point", "coordinates": [ -46.699463394131733, -23.519201135719374 ] } },
{ "type": "Feature", "properties": { "loja_id": "AG11", "peso": 66.02274 }, "geometry": { "type": "Point", "coordinates": [ -46.699463394131733, -23.519201135719374 ] } },
{ "type": "Feature", "properties": { "loja_id": "AG11", "peso": 68.396413 }, "geometry": { "type": "Point", "coordinates": [ -46.699275441635784, -23.518291144343792 ] } },
{ "type": "Feature", "properties": { "loja_id": "AG11", "peso": 68.396413 }, "geometry": { "type": "Point", "coordinates": [ -46.699275441635784, -23.518291144343792 ] } },
{ "type": "Feature", "properties": { "loja_id": "AG11", "peso": 66.141587 }, "geometry": { "type": "Point", "coordinates": [ -46.704957078720348, -23.514635032423698 ] } },
{ "type": "Feature", "properties": { "loja_id": "AG09", "peso": 95.024844 }, "geometry": { "type": "Point", "coordinates": [ -46.64917966422307, -23.54454816784369 ] } },
{ "type": "Feature", "properties": { "loja_id": "AG11", "peso": 57.597787 }, "geometry": { "type": "Point", "coordinates": [ -46.705573661119743, -23.515368748169863 ] } },
{ "type": "Feature", "properties": { "loja_id": "AG09", "peso": 57.597787 }, "geometry": { "type": "Point", "coordinates": [ -46.648664985783867, -23.538620738744793 ] } },
{ "type": "Feature", "properties": { "loja_id": "AG11", "peso": 37.848879 }, "geometry": { "type": "Point", "coordinates": [ -46.699379839179336, -23.517269599736629 ] } },
{ "type": "Feature", "properties": { "loja_id": "AG11", "peso": 23.92716 }, "geometry": { "type": "Point", "coordinates": [ -46.698619711322976, -23.519083922711097 ] } },
{ "type": "Feature", "properties": { "loja_id": "AG11", "peso": 55.066859 }, "geometry": { "type": "Point", "coordinates": [ -46.70358708421702, -23.516230301061892 ] } },
{ "type": "Feature", "properties": { "loja_id": "AG13", "peso": 66.141587 }, "geometry": { "type": "Point", "coordinates": [ -46.471116132246514, -23.54207176396481 ] } },
{ "type": "Feature", "properties": { "loja_id": "AG11", "peso": 57.597787 }, "geometry": { "type": "Point", "coordinates": [ -46.70173729211421, -23.515546182899012 ] } },
{ "type": "Feature", "properties": { "loja_id": "AG09", "peso": 372.245328 }, "geometry": { "type": "Point", "coordinates": [ -46.642682294003457, -23.546639708495405 ] } },
{ "type": "Feature", "properties": { "loja_id": "AG11", "peso": 45.105626 }, "geometry": { "type": "Point", "coordinates": [ -46.699625285779504, -23.521131815727159 ] } },
{ "type": "Feature", "properties": { "loja_id": "AG11", "peso": 45.105626 }, "geometry": { "type": "Point", "coordinates": [ -46.706022584549011, -23.524366847605595 ] } },
{ "type": "Feature", "properties": { "loja_id": "AG11", "peso": 101.776796 }, "geometry": { "type": "Point", "coordinates": [ -46.697092108046192, -23.516797899359673 ] } },
{ "type": "Feature", "properties": { "loja_id": "AG11", "peso": 37.848879 }, "geometry": { "type": "Point", "coordinates": [ -46.696972808537247, -23.517422279585418 ] } },
{ "type": "Feature", "properties": { "loja_id": "AG11", "peso": 88.972086 }, "geometry": { "type": "Point", "coordinates": [ -46.695319209325831, -23.525937659702521 ] } },
{ "type": "Feature", "properties": { "loja_id": "AG11", "peso": 88.972086 }, "geometry": { "type": "Point", "coordinates": [ -46.695319209325831, -23.525937659702521 ] } },
{ "type": "Feature", "properties": { "loja_id": "AG11", "peso": 113.507564 }, "geometry": { "type": "Point", "coordinates": [ -46.700936307532849, -23.521036223384836 ] } },
{ "type": "Feature", "properties": { "loja_id": "AG09", "peso": 23.92716 }, "geometry": { "type": "Point", "coordinates": [ -46.645113643571349, -23.540518572788475 ] } },
{ "type": "Feature", "properties": { "loja_id": "AG11", "peso": 55.066859 }, "geometry": { "type": "Point", "coordinates": [ -46.696972808537247, -23.517422279585418 ] } },
{ "type": "Feature", "properties": { "loja_id": "AG11", "peso": 68.396413 }, "geometry": { "type": "Point", "coordinates": [ -46.697753858920038, -23.516474628898653 ] } },
{ "type": "Feature", "properties": { "loja_id": "AG11", "peso": 74.721682 }, "geometry": { "type": "Point", "coordinates": [ -46.697092108046192, -23.516797899359673 ] } },
{ "type": "Feature", "properties": { "loja_id": "AG11", "peso": 66.02274 }, "geometry": { "type": "Point", "coordinates": [ -46.697228753678829, -23.51905394437593 ] } },
{ "type": "Feature", "properties": { "loja_id": "AG11", "peso": 45.105626 }, "geometry": { "type": "Point", "coordinates": [ -46.70547235668537, -23.515866514319214 ] } },
{ "type": "Feature", "properties": { "loja_id": "AG11", "peso": 73.160334 }, "geometry": { "type": "Point", "coordinates": [ -46.697092108046192, -23.516797899359673 ] } },
{ "type": "Feature", "properties": { "loja_id": "AG11", "peso": 74.721682 }, "geometry": { "type": "Point", "coordinates": [ -46.697092108046192, -23.516797899359673 ] } },
{ "type": "Feature", "properties": { "loja_id": "AG02", "peso": 23.92716 }, "geometry": { "type": "Point", "coordinates": [ -46.650067160641115, -23.557578439852726 ] } },
{ "type": "Feature", "properties": { "loja_id": "AG11", "peso": 88.972086 }, "geometry": { "type": "Point", "coordinates": [ -46.705099953164435, -23.519645181237411 ] } },
{ "type": "Feature", "properties": { "loja_id": "AG11", "peso": 34.944468 }, "geometry": { "type": "Point", "coordinates": [ -46.701676092411816, -23.519926462447959 ] } },
{ "type": "Feature", "properties": { "loja_id": "AG11", "peso": 202.766344 }, "geometry": { "type": "Point", "coordinates": [ -46.695920780892756, -23.523971565855806 ] } },
{ "type": "Feature", "properties": { "loja_id": "AG01", "peso": 219.443971 }, "geometry": { "type": "Point", "coordinates": [ -46.682776242914031, -23.585338632889727 ] } },
{ "type": "Feature", "properties": { "loja_id": "AG11", "peso": 160.921728 }, "geometry": { "type": "Point", "coordinates": [ -46.703372885607372, -23.520892186128211 ] } },
{ "type": "Feature", "properties": { "loja_id": "AG11", "peso": 189.563147 }, "geometry": { "type": "Point", "coordinates": [ -46.703372885607372, -23.520892186128211 ] } },
{ "type": "Feature", "properties": { "loja_id": "AG11", "peso": 153.614542 }, "geometry": { "type": "Point", "coordinates": [ -46.708766368670439, -23.523740760368113 ] } },
{ "type": "Feature", "properties": { "loja_id": "AG11", "peso": 895.996287 }, "geometry": { "type": "Point", "coordinates": [ -46.713204857974397, -23.525425741499216 ] } },
{ "type": "Feature", "properties": { "loja_id": "AG03", "peso": 160.921728 }, "geometry": { "type": "Point", "coordinates": [ -46.684555313249454, -23.565823323522359 ] } },
{ "type": "Feature", "properties": { "loja_id": "AG11", "peso": 287.14537 }, "geometry": { "type": "Point", "coordinates": [ -46.709828405155726, -23.522564214448661 ] } },
{ "type": "Feature", "properties": { "loja_id": "AG01", "peso": 181.781952 }, "geometry": { "type": "Point", "coordinates": [ -46.683830109493968, -23.583467009171489 ] } },
{ "type": "Feature", "properties": { "loja_id": "AG01", "peso": 202.145504 }, "geometry": { "type": "Point", "coordinates": [ -46.685597002062082, -23.592929452990532 ] } },
{ "type": "Feature", "properties": { "loja_id": "AG02", "peso": 202.145504 }, "geometry": { "type": "Point", "coordinates": [ -46.654444576703533, -23.562950056333037 ] } },
{ "type": "Feature", "properties": { "loja_id": "AG11", "peso": 202.145504 }, "geometry": { "type": "Point", "coordinates": [ -46.696410855257021, -23.522476252456215 ] } },
{ "type": "Feature", "properties": { "loja_id": "AG10", "peso": 202.145504 }, "geometry": { "type": "Point", "coordinates": [ -46.679534181490723, -23.528393450609062 ] } },
{ "type": "Feature", "properties": { "loja_id": "AG11", "peso": 314.378322 }, "geometry": { "type": "Point", "coordinates": [ -46.708307792059394, -23.523113687666907 ] } },
{ "type": "Feature", "properties": { "loja_id": "AG01", "peso": 309.863014 }, "geometry": { "type": "Point", "coordinates": [ -46.681888691028682, -23.592572335785437 ] } },
{ "type": "Feature", "properties": { "loja_id": "AG11", "peso": 314.378322 }, "geometry": { "type": "Point", "coordinates": [ -46.707441829952046, -23.521272019243312 ] } },
{ "type": "Feature", "properties": { "loja_id": "AG11", "peso": 325.102179 }, "geometry": { "type": "Point", "coordinates": [ -46.70125193674437, -23.52806723664969 ] } },
{ "type": "Feature", "properties": { "loja_id": "AG09", "peso": 122.607031 }, "geometry": { "type": "Point", "coordinates": [ -46.639889018099325, -23.547292276410086 ] } },
{ "type": "Feature", "properties": { "loja_id": "AG11", "peso": 509.100981 }, "geometry": { "type": "Point", "coordinates": [ -46.71097304729436, -23.520203811963601 ] } },
{ "type": "Feature", "properties": { "loja_id": "AG11", "peso": 314.378322 }, "geometry": { "type": "Point", "coordinates": [ -46.699183684847846, -23.52182292696391 ] } },
{ "type": "Feature", "properties": { "loja_id": "AG11", "peso": 323.126731 }, "geometry": { "type": "Point", "coordinates": [ -46.699183684847846, -23.52182292696391 ] } },
{ "type": "Feature", "properties": { "loja_id": "AG07", "peso": 162.955466 }, "geometry": { "type": "Point", "coordinates": [ -46.625350995066427, -23.505661438692872 ] } },
{ "type": "Feature", "properties": { "loja_id": "AG11", "peso": 72.377783 }, "geometry": { "type": "Point", "coordinates": [ -46.706699971808717, -23.523736343719403 ] } },
{ "type": "Feature", "properties": { "loja_id": "AG09", "peso": 513.755848 }, "geometry": { "type": "Point", "coordinates": [ -46.634575299794029, -23.543736093156568 ] } },
{ "type": "Feature", "properties": { "loja_id": "AG11", "peso": 82.063836 }, "geometry": { "type": "Point", "coordinates": [ -46.701727492678224, -23.529254011887435 ] } },
{ "type": "Feature", "properties": { "loja_id": "AG11", "peso": 82.063836 }, "geometry": { "type": "Point", "coordinates": [ -46.701727492678224, -23.529254011887435 ] } },
{ "type": "Feature", "properties": { "loja_id": "AG08", "peso": 239.45308 }, "geometry": { "type": "Point", "coordinates": [ -46.694143453066523, -23.609126680052501 ] } },
{ "type": "Feature", "properties": { "loja_id": "AG11", "peso": 299.727311 }, "geometry": { "type": "Point", "coordinates": [ -46.695382730869774, -23.522487454912262 ] } },
{ "type": "Feature", "properties": { "loja_id": "AG02", "peso": 123.389671 }, "geometry": { "type": "Point", "coordinates": [ -46.65872456201231, -23.561315125883151 ] } },
{ "type": "Feature", "properties": { "loja_id": "AG03", "peso": 77.525023 }, "geometry": { "type": "Point", "coordinates": [ -46.702745343215113, -23.564938824810046 ] } },
{ "type": "Feature", "properties": { "loja_id": "AG11", "peso": 162.955466 }, "geometry": { "type": "Point", "coordinates": [ -46.703067077756366, -23.522241019780605 ] } },
{ "type": "Feature", "properties": { "loja_id": "AG08", "peso": 338.083639 }, "geometry": { "type": "Point", "coordinates": [ -46.695195246453189, -23.604807861526439 ] } },
{ "type": "Feature", "properties": { "loja_id": "AG11", "peso": 123.389671 }, "geometry": { "type": "Point", "coordinates": [ -46.704498770469243, -23.525431036414982 ] } },
{ "type": "Feature", "properties": { "loja_id": "AG15", "peso": 136.412848 }, "geometry": { "type": "Point", "coordinates": [ -46.70824361686266, -23.571958052825899 ] } },
{ "type": "Feature", "properties": { "loja_id": "AG01", "peso": 126.758534 }, "geometry": { "type": "Point", "coordinates": [ -46.683145431254061, -23.581253021020785 ] } },
{ "type": "Feature", "properties": { "loja_id": "AG11", "peso": 215.282505 }, "geometry": { "type": "Point", "coordinates": [ -46.703575272186036, -23.52976657006699 ] } },
{ "type": "Feature", "properties": { "loja_id": "AG09", "peso": 53.200829 }, "geometry": { "type": "Point", "coordinates": [ -46.648930989300432, -23.542672509463692 ] } },
{ "type": "Feature", "properties": { "loja_id": "AG11", "peso": 87.883662 }, "geometry": { "type": "Point", "coordinates": [ -46.711538342757237, -23.528324674756405 ] } },
{ "type": "Feature", "properties": { "loja_id": "AG11", "peso": 72.279102 }, "geometry": { "type": "Point", "coordinates": [ -46.701325489316829, -23.521600867661018 ] } },
{ "type": "Feature", "properties": { "loja_id": "AG11", "peso": 34.746586 }, "geometry": { "type": "Point", "coordinates": [ -46.707838587748057, -23.529250272239562 ] } },
{ "type": "Feature", "properties": { "loja_id": "AG11", "peso": 69.048272 }, "geometry": { "type": "Point", "coordinates": [ -46.704722439946117, -23.522268048518431 ] } },
{ "type": "Feature", "properties": { "loja_id": "AG04", "peso": 41.579068 }, "geometry": { "type": "Point", "coordinates": [ -46.636671601215262, -23.595918063973212 ] } },
{ "type": "Feature", "properties": { "loja_id": "AG04", "peso": 87.883662 }, "geometry": { "type": "Point", "coordinates": [ -46.638552009799, -23.58085383844454 ] } },
{ "type": "Feature", "properties": { "loja_id": "AG11", "peso": 41.579068 }, "geometry": { "type": "Point", "coordinates": [ -46.709785086597726, -23.526790773126645 ] } },
{ "type": "Feature", "properties": { "loja_id": "AG11", "peso": 34.746586 }, "geometry": { "type": "Point", "coordinates": [ -46.705741331869582, -23.523060565081881 ] } },
{ "type": "Feature", "properties": { "loja_id": "AG11", "peso": 34.746586 }, "geometry": { "type": "Point", "coordinates": [ -46.710831815329698, -23.528973579956482 ] } },
{ "type": "Feature", "properties": { "loja_id": "AG11", "peso": 84.959395 }, "geometry": { "type": "Point", "coordinates": [ -46.703200411109286, -23.52270912676676 ] } },
{ "type": "Feature", "properties": { "loja_id": "AG11", "peso": 49.182366 }, "geometry": { "type": "Point", "coordinates": [ -46.704639410512378, -23.52342481196758 ] } },
{ "type": "Feature", "properties": { "loja_id": "AG03", "peso": 50.263711 }, "geometry": { "type": "Point", "coordinates": [ -46.690155561642491, -23.561744125205038 ] } },
{ "type": "Feature", "properties": { "loja_id": "AG03", "peso": 50.263711 }, "geometry": { "type": "Point", "coordinates": [ -46.690155561642491, -23.561744125205038 ] } },
{ "type": "Feature", "properties": { "loja_id": "AG11", "peso": 50.263711 }, "geometry": { "type": "Point", "coordinates": [ -46.708981454460357, -23.527503947554493 ] } },
{ "type": "Feature", "properties": { "loja_id": "AG11", "peso": 50.263711 }, "geometry": { "type": "Point", "coordinates": [ -46.700700799481446, -23.517950493660855 ] } },
{ "type": "Feature", "properties": { "loja_id": "AG11", "peso": 41.579068 }, "geometry": { "type": "Point", "coordinates": [ -46.713156689859566, -23.524730955571108 ] } },
{ "type": "Feature", "properties": { "loja_id": "AG02", "peso": 77.654288 }, "geometry": { "type": "Point", "coordinates": [ -46.655729462699234, -23.562295229568068 ] } },
{ "type": "Feature", "properties": { "loja_id": "AG02", "peso": 61.176101 }, "geometry": { "type": "Point", "coordinates": [ -46.658295521059252, -23.561473217024194 ] } },
{ "type": "Feature", "properties": { "loja_id": "AG04", "peso": 87.883662 }, "geometry": { "type": "Point", "coordinates": [ -46.637015147189288, -23.592808037584888 ] } },
{ "type": "Feature", "properties": { "loja_id": "AG06", "peso": 11.663538 }, "geometry": { "type": "Point", "coordinates": [ -46.567327171923203, -23.540752850176421 ] } },
{ "type": "Feature", "properties": { "loja_id": "AG06", "peso": 10.98427 }, "geometry": { "type": "Point", "coordinates": [ -46.567327171923203, -23.540752850176421 ] } },
{ "type": "Feature", "properties": { "loja_id": "AG08", "peso": 11.261184 }, "geometry": { "type": "Point", "coordinates": [ -46.695278279621114, -23.611263440254167 ] } },
{ "type": "Feature", "properties": { "loja_id": "AG11", "peso": 17.748905 }, "geometry": { "type": "Point", "coordinates": [ -46.711418512833397, -23.523603258313408 ] } },
{ "type": "Feature", "properties": { "loja_id": "AG11", "peso": 8.534993 }, "geometry": { "type": "Point", "coordinates": [ -46.711418512833397, -23.523603258313408 ] } },
{ "type": "Feature", "properties": { "loja_id": "AG11", "peso": 17.748905 }, "geometry": { "type": "Point", "coordinates": [ -46.708627068793938, -23.521295133289716 ] } },
{ "type": "Feature", "properties": { "loja_id": "AG03", "peso": 4.631203 }, "geometry": { "type": "Point", "coordinates": [ -46.693813096877641, -23.567375217231096 ] } },
{ "type": "Feature", "properties": { "loja_id": "AG12", "peso": 4.631203 }, "geometry": { "type": "Point", "coordinates": [ -46.642752998696039, -23.643569433291809 ] } },
{ "type": "Feature", "properties": { "loja_id": "AG04", "peso": 19.623314 }, "geometry": { "type": "Point", "coordinates": [ -46.631367997483132, -23.58779245300568 ] } },
{ "type": "Feature", "properties": { "loja_id": "AG11", "peso": 16.91695 }, "geometry": { "type": "Point", "coordinates": [ -46.712054173872083, -23.524291583698773 ] } },
{ "type": "Feature", "properties": { "loja_id": "AG11", "peso": 11.121354 }, "geometry": { "type": "Point", "coordinates": [ -46.700091501646924, -23.520070199327627 ] } },
{ "type": "Feature", "properties": { "loja_id": "AG09", "peso": 8.534993 }, "geometry": { "type": "Point", "coordinates": [ -46.645680278280828, -23.547483950598178 ] } },
{ "type": "Feature", "properties": { "loja_id": "AG11", "peso": 4.631203 }, "geometry": { "type": "Point", "coordinates": [ -46.713401161421451, -23.525459700717658 ] } },
{ "type": "Feature", "properties": { "loja_id": "AG11", "peso": 19.623314 }, "geometry": { "type": "Point", "coordinates": [ -46.71082495650672, -23.523898746894982 ] } },
{ "type": "Feature", "properties": { "loja_id": "AG11", "peso": 8.23222 }, "geometry": { "type": "Point", "coordinates": [ -46.71353175732753, -23.523444555103222 ] } },
{ "type": "Feature", "properties": { "loja_id": "AG09", "peso": 10.98427 }, "geometry": { "type": "Point", "coordinates": [ -46.637675518476961, -23.540190694924725 ] } },
{ "type": "Feature", "properties": { "loja_id": "AG11", "peso": 8.534993 }, "geometry": { "type": "Point", "coordinates": [ -46.703649635428739, -23.51728614053015 ] } },
{ "type": "Feature", "properties": { "loja_id": "AG01", "peso": 27.424778 }, "geometry": { "type": "Point", "coordinates": [ -46.684966934182121, -23.58349080249333 ] } },
{ "type": "Feature", "properties": { "loja_id": "AG03", "peso": 14.107248 }, "geometry": { "type": "Point", "coordinates": [ -46.693732788227933, -23.565696494101214 ] } },
{ "type": "Feature", "properties": { "loja_id": "AG03", "peso": 16.91695 }, "geometry": { "type": "Point", "coordinates": [ -46.694857899738032, -23.560239079712822 ] } },
{ "type": "Feature", "properties": { "loja_id": "AG11", "peso": 11.261184 }, "geometry": { "type": "Point", "coordinates": [ -46.706432080137901, -23.524985435323792 ] } },
{ "type": "Feature", "properties": { "loja_id": "AG01", "peso": 10.338136 }, "geometry": { "type": "Point", "coordinates": [ -46.686837552641826, -23.583434379975547 ] } },
{ "type": "Feature", "properties": { "loja_id": "AG01", "peso": 10.98427 }, "geometry": { "type": "Point", "coordinates": [ -46.68105700346262, -23.591895052646425 ] } },
{ "type": "Feature", "properties": { "loja_id": "AG02", "peso": 27.424778 }, "geometry": { "type": "Point", "coordinates": [ -46.65368826397215, -23.563572159814054 ] } },
{ "type": "Feature", "properties": { "loja_id": "AG02", "peso": 10.98427 }, "geometry": { "type": "Point", "coordinates": [ -46.654415531381986, -23.56297745615262 ] } },
{ "type": "Feature", "properties": { "loja_id": "AG11", "peso": 6.235701 }, "geometry": { "type": "Point", "coordinates": [ -46.706163434163074, -23.522378680586225 ] } },
{ "type": "Feature", "properties": { "loja_id": "AG03", "peso": 15.509642 }, "geometry": { "type": "Point", "coordinates": [ -46.690056315690988, -23.570829495560037 ] } },
{ "type": "Feature", "properties": { "loja_id": "AG05", "peso": 17.844901 }, "geometry": { "type": "Point", "coordinates": [ -46.602369255111434, -23.548541263415789 ] } },
{ "type": "Feature", "properties": { "loja_id": "AG02", "peso": 8.16915 }, "geometry": { "type": "Point", "coordinates": [ -46.658563063015819, -23.559375352558757 ] } },
{ "type": "Feature", "properties": { "loja_id": "AG08", "peso": 17.844901 }, "geometry": { "type": "Point", "coordinates": [ -46.696823188002668, -23.615562915685196 ] } },
{ "type": "Feature", "properties": { "loja_id": "AG11", "peso": 15.509642 }, "geometry": { "type": "Point", "coordinates": [ -46.706889789155561, -23.520230581869377 ] } },
{ "type": "Feature", "properties": { "loja_id": "AG11", "peso": 17.844901 }, "geometry": { "type": "Point", "coordinates": [ -46.709369498579314, -23.524944169801341 ] } },
{ "type": "Feature", "properties": { "loja_id": "AG02", "peso": 24.538032 }, "geometry": { "type": "Point", "coordinates": [ -46.654789319973681, -23.56309990051691 ] } },
{ "type": "Feature", "properties": { "loja_id": "AG02", "peso": 15.509642 }, "geometry": { "type": "Point", "coordinates": [ -46.654789319973681, -23.56309990051691 ] } },
{ "type": "Feature", "properties": { "loja_id": "AG11", "peso": 24.538032 }, "geometry": { "type": "Point", "coordinates": [ -46.703707026666066, -23.525548067185721 ] } },
{ "type": "Feature", "properties": { "loja_id": "AG11", "peso": 25.407001 }, "geometry": { "type": "Point", "coordinates": [ -46.702511176530521, -23.524703293065787 ] } },
{ "type": "Feature", "properties": { "loja_id": "AG11", "peso": 15.509642 }, "geometry": { "type": "Point", "coordinates": [ -46.712561988556196, -23.525694689456955 ] } },
{ "type": "Feature", "properties": { "loja_id": "AG11", "peso": 12.470919 }, "geometry": { "type": "Point", "coordinates": [ -46.708301611667672, -23.526427800788738 ] } },
{ "type": "Feature", "properties": { "loja_id": "AG03", "peso": 15.509642 }, "geometry": { "type": "Point", "coordinates": [ -46.691203100566135, -23.563990259528605 ] } },
{ "type": "Feature", "properties": { "loja_id": "AG01", "peso": 31.089783 }, "geometry": { "type": "Point", "coordinates": [ -46.681280029977813, -23.591712036022887 ] } },
{ "type": "Feature", "properties": { "loja_id": "AG09", "peso": 25.407001 }, "geometry": { "type": "Point", "coordinates": [ -46.640770484183115, -23.54886327917912 ] } },
{ "type": "Feature", "properties": { "loja_id": "AG01", "peso": 31.089783 }, "geometry": { "type": "Point", "coordinates": [ -46.675805887723378, -23.584240073301178 ] } },
{ "type": "Feature", "properties": { "loja_id": "AG01", "peso": 26.965628 }, "geometry": { "type": "Point", "coordinates": [ -46.675805887723378, -23.584240073301178 ] } },
{ "type": "Feature", "properties": { "loja_id": "AG03", "peso": 27.029077 }, "geometry": { "type": "Point", "coordinates": [ -46.696913851921728, -23.570059448851289 ] } },
{ "type": "Feature", "properties": { "loja_id": "AG09", "peso": 24.538032 }, "geometry": { "type": "Point", "coordinates": [ -46.639681167634905, -23.537641083574247 ] } },
{ "type": "Feature", "properties": { "loja_id": "AG04", "peso": 25.407001 }, "geometry": { "type": "Point", "coordinates": [ -46.632451190288265, -23.596937758858665 ] } },
{ "type": "Feature", "properties": { "loja_id": "AG15", "peso": 17.844901 }, "geometry": { "type": "Point", "coordinates": [ -46.714725559500224, -23.569430494511373 ] } },
{ "type": "Feature", "properties": { "loja_id": "AG11", "peso": 12.729363 }, "geometry": { "type": "Point", "coordinates": [ -46.704014036884445, -23.51972931368369 ] } },
{ "type": "Feature", "properties": { "loja_id": "AG10", "peso": 25.407001 }, "geometry": { "type": "Point", "coordinates": [ -46.67876015628849, -23.53145400521381 ] } },
{ "type": "Feature", "properties": { "loja_id": "AG03", "peso": 54.311379 }, "geometry": { "type": "Point", "coordinates": [ -46.69868654542649, -23.567737411599833 ] } },
{ "type": "Feature", "properties": { "loja_id": "AG03", "peso": 54.311379 }, "geometry": { "type": "Point", "coordinates": [ -46.69868654542649, -23.567737411599833 ] } },
{ "type": "Feature", "properties": { "loja_id": "AG03", "peso": 94.504344 }, "geometry": { "type": "Point", "coordinates": [ -46.701289732044351, -23.56981294392012 ] } },
{ "type": "Feature", "properties": { "loja_id": "AG15", "peso": 94.504344 }, "geometry": { "type": "Point", "coordinates": [ -46.701289732044351, -23.56981294392012 ] } },
{ "type": "Feature", "properties": { "loja_id": "AG11", "peso": 52.876926 }, "geometry": { "type": "Point", "coordinates": [ -46.701676092411816, -23.519926462447959 ] } },
{ "type": "Feature", "properties": { "loja_id": "AG02", "peso": 94.504344 }, "geometry": { "type": "Point", "coordinates": [ -46.653044742908541, -23.561465930675968 ] } },
{ "type": "Feature", "properties": { "loja_id": "AG02", "peso": 70.094865 }, "geometry": { "type": "Point", "coordinates": [ -46.654813048654454, -23.56264813663925 ] } },
{ "type": "Feature", "properties": { "loja_id": "AG03", "peso": 88.923754 }, "geometry": { "type": "Point", "coordinates": [ -46.702499623566993, -23.566395358008855 ] } },
{ "type": "Feature", "properties": { "loja_id": "AG03", "peso": 54.311379 }, "geometry": { "type": "Point", "coordinates": [ -46.696602132428197, -23.574008998867114 ] } },
{ "type": "Feature", "properties": { "loja_id": "AG02", "peso": 59.702946 }, "geometry": { "type": "Point", "coordinates": [ -46.654813048654454, -23.56264813663925 ] } },
{ "type": "Feature", "properties": { "loja_id": "AG01", "peso": 94.504344 }, "geometry": { "type": "Point", "coordinates": [ -46.688263074599519, -23.590706179547308 ] } },
{ "type": "Feature", "properties": { "loja_id": "AG01", "peso": 54.311379 }, "geometry": { "type": "Point", "coordinates": [ -46.681280029977813, -23.591712036022887 ] } },
{ "type": "Feature", "properties": { "loja_id": "AG02", "peso": 88.923754 }, "geometry": { "type": "Point", "coordinates": [ -46.658615232874759, -23.56118986942333 ] } },
{ "type": "Feature", "properties": { "loja_id": "AG02", "peso": 199.21592 }, "geometry": { "type": "Point", "coordinates": [ -46.658522183680077, -23.563141388535922 ] } },
{ "type": "Feature", "properties": { "loja_id": "AG03", "peso": 59.702946 }, "geometry": { "type": "Point", "coordinates": [ -46.691927377643829, -23.562411138600762 ] } },
{ "type": "Feature", "properties": { "loja_id": "AG08", "peso": 105.209749 }, "geometry": { "type": "Point", "coordinates": [ -46.693513696369756, -23.607399782163377 ] } },
{ "type": "Feature", "properties": { "loja_id": "AG11", "peso": 44.072349 }, "geometry": { "type": "Point", "coordinates": [ -46.706648218676669, -23.523520188766565 ] } },
{ "type": "Feature", "properties": { "loja_id": "AG10", "peso": 59.702946 }, "geometry": { "type": "Point", "coordinates": [ -46.675710087239693, -23.534214000338196 ] } },
{ "type": "Feature", "properties": { "loja_id": "AG03", "peso": 37.711453 }, "geometry": { "type": "Point", "coordinates": [ -46.694538207455061, -23.561281026630347 ] } },
{ "type": "Feature", "properties": { "loja_id": "AG01", "peso": 32.710342 }, "geometry": { "type": "Point", "coordinates": [ -46.68553577683177, -23.57970101557304 ] } },
{ "type": "Feature", "properties": { "loja_id": "AG01", "peso": 45.528314 }, "geometry": { "type": "Point", "coordinates": [ -46.689548877643091, -23.59088182820739 ] } },
{ "type": "Feature", "properties": { "loja_id": "AG11", "peso": 61.046854 }, "geometry": { "type": "Point", "coordinates": [ -46.705417357841235, -23.524517962482374 ] } },
{ "type": "Feature", "properties": { "loja_id": "AG08", "peso": 70.928857 }, "geometry": { "type": "Point", "coordinates": [ -46.695831899719131, -23.610878130015934 ] } },
{ "type": "Feature", "properties": { "loja_id": "AG01", "peso": 106.076639 }, "geometry": { "type": "Point", "coordinates": [ -46.686697093837672, -23.590840586501272 ] } },
{ "type": "Feature", "properties": { "loja_id": "AG01", "peso": 106.96325 }, "geometry": { "type": "Point", "coordinates": [ -46.684312892867709, -23.58137581933012 ] } },
{ "type": "Feature", "properties": { "loja_id": "AG09", "peso": 106.96325 }, "geometry": { "type": "Point", "coordinates": [ -46.639454723109914, -23.545445645623175 ] } },
{ "type": "Feature", "properties": { "loja_id": "AG08", "peso": 88.914389 }, "geometry": { "type": "Point", "coordinates": [ -46.697104525691806, -23.616101641192074 ] } },
{ "type": "Feature", "properties": { "loja_id": "AG08", "peso": 85.483149 }, "geometry": { "type": "Point", "coordinates": [ -46.693214837836052, -23.6093083843963 ] } },
{ "type": "Feature", "properties": { "loja_id": "AG03", "peso": 91.784791 }, "geometry": { "type": "Point", "coordinates": [ -46.690089634715463, -23.568074950510869 ] } },
{ "type": "Feature", "properties": { "loja_id": "AG01", "peso": 110.996841 }, "geometry": { "type": "Point", "coordinates": [ -46.689548877643091, -23.59088182820739 ] } },
{ "type": "Feature", "properties": { "loja_id": "AG03", "peso": 93.33161 }, "geometry": { "type": "Point", "coordinates": [ -46.693739948114342, -23.56778236880951 ] } },
{ "type": "Feature", "properties": { "loja_id": "AG11", "peso": 70.928857 }, "geometry": { "type": "Point", "coordinates": [ -46.703655328325972, -23.520771703458536 ] } },
{ "type": "Feature", "properties": { "loja_id": "AG01", "peso": 93.33161 }, "geometry": { "type": "Point", "coordinates": [ -46.686607867324369, -23.583861288844336 ] } },
{ "type": "Feature", "properties": { "loja_id": "AG01", "peso": 93.33161 }, "geometry": { "type": "Point", "coordinates": [ -46.690607969081135, -23.59095157323129 ] } },
{ "type": "Feature", "properties": { "loja_id": "AG09", "peso": 132.313078 }, "geometry": { "type": "Point", "coordinates": [ -46.648930989300432, -23.542672509463692 ] } },
{ "type": "Feature", "properties": { "loja_id": "AG11", "peso": 93.33161 }, "geometry": { "type": "Point", "coordinates": [ -46.701585955266125, -23.520532466036165 ] } },
{ "type": "Feature", "properties": { "loja_id": "AG01", "peso": 106.076639 }, "geometry": { "type": "Point", "coordinates": [ -46.681747989246539, -23.590758807467491 ] } },
{ "type": "Feature", "properties": { "loja_id": "AG03", "peso": 70.928857 }, "geometry": { "type": "Point", "coordinates": [ -46.691422795269716, -23.570435364178572 ] } },
{ "type": "Feature", "properties": { "loja_id": "AG03", "peso": 33.757445 }, "geometry": { "type": "Point", "coordinates": [ -46.690296371260892, -23.568153973144035 ] } },
{ "type": "Feature", "properties": { "loja_id": "AG03", "peso": 59.544382 }, "geometry": { "type": "Point", "coordinates": [ -46.688229346406565, -23.566623260684491 ] } },
{ "type": "Feature", "properties": { "loja_id": "AG03", "peso": 71.109433 }, "geometry": { "type": "Point", "coordinates": [ -46.700383346850181, -23.569416510536719 ] } },
{ "type": "Feature", "properties": { "loja_id": "AG15", "peso": 71.109433 }, "geometry": { "type": "Point", "coordinates": [ -46.700383346850181, -23.569416510536719 ] } },
{ "type": "Feature", "properties": { "loja_id": "AG04", "peso": 71.793177 }, "geometry": { "type": "Point", "coordinates": [ -46.633772664453801, -23.589708683860067 ] } },
{ "type": "Feature", "properties": { "loja_id": "AG03", "peso": 794.338428 }, "geometry": { "type": "Point", "coordinates": [ -46.701289732044351, -23.56981294392012 ] } },
{ "type": "Feature", "properties": { "loja_id": "AG15", "peso": 794.338428 }, "geometry": { "type": "Point", "coordinates": [ -46.701289732044351, -23.56981294392012 ] } },
{ "type": "Feature", "properties": { "loja_id": "AG09", "peso": 595.814962 }, "geometry": { "type": "Point", "coordinates": [ -46.637500664349176, -23.549006107022603 ] } },
{ "type": "Feature", "properties": { "loja_id": "AG11", "peso": 1242.269046 }, "geometry": { "type": "Point", "coordinates": [ -46.70364379349941, -23.520636377978377 ] } },
{ "type": "Feature", "properties": { "loja_id": "AG06", "peso": 715.400076 }, "geometry": { "type": "Point", "coordinates": [ -46.573298363271732, -23.547031979488754 ] } },
{ "type": "Feature", "properties": { "loja_id": "AG11", "peso": 325.3752 }, "geometry": { "type": "Point", "coordinates": [ -46.707051256079637, -23.518323458794853 ] } },
{ "type": "Feature", "properties": { "loja_id": "AG11", "peso": 244.017134 }, "geometry": { "type": "Point", "coordinates": [ -46.695468665477605, -23.524608601412815 ] } },
{ "type": "Feature", "properties": { "loja_id": "AG02", "peso": 750.195566 }, "geometry": { "type": "Point", "coordinates": [ -46.653945645287365, -23.563786146822117 ] } },
{ "type": "Feature", "properties": { "loja_id": "AG07", "peso": 346.76412 }, "geometry": { "type": "Point", "coordinates": [ -46.630139253206345, -23.504067198743677 ] } },
{ "type": "Feature", "properties": { "loja_id": "AG11", "peso": 506.582547 }, "geometry": { "type": "Point", "coordinates": [ -46.700319393520033, -23.521801494266398 ] } },
{ "type": "Feature", "properties": { "loja_id": "AG09", "peso": 480.28357 }, "geometry": { "type": "Point", "coordinates": [ -46.63736730345321, -23.548519875305775 ] } },
{ "type": "Feature", "properties": { "loja_id": "AG08", "peso": 480.28357 }, "geometry": { "type": "Point", "coordinates": [ -46.69227081850422, -23.603711012350576 ] } },
{ "type": "Feature", "properties": { "loja_id": "AG11", "peso": 841.924246 }, "geometry": { "type": "Point", "coordinates": [ -46.703041560032588, -23.524823911709234 ] } },
{ "type": "Feature", "properties": { "loja_id": "AG03", "peso": 574.293486 }, "geometry": { "type": "Point", "coordinates": [ -46.690655330099638, -23.570940371194268 ] } },
{ "type": "Feature", "properties": { "loja_id": "AG11", "peso": 390.91465 }, "geometry": { "type": "Point", "coordinates": [ -46.694299242217625, -23.523528689566302 ] } },
{ "type": "Feature", "properties": { "loja_id": "AG09", "peso": 841.924246 }, "geometry": { "type": "Point", "coordinates": [ -46.636900483721774, -23.541670791983957 ] } },
{ "type": "Feature", "properties": { "loja_id": "AG03", "peso": 574.293486 }, "geometry": { "type": "Point", "coordinates": [ -46.690806306065184, -23.571254782208474 ] } },
{ "type": "Feature", "properties": { "loja_id": "AG09", "peso": 270.307575 }, "geometry": { "type": "Point", "coordinates": [ -46.646270847260247, -23.53906148597218 ] } },
{ "type": "Feature", "properties": { "loja_id": "AG09", "peso": 506.582547 }, "geometry": { "type": "Point", "coordinates": [ -46.63740639669367, -23.545349829688458 ] } },
{ "type": "Feature", "properties": { "loja_id": "AG11", "peso": 280.678606 }, "geometry": { "type": "Point", "coordinates": [ -46.705844416149702, -23.521181173066726 ] } },
{ "type": "Feature", "properties": { "loja_id": "AG08", "peso": 210.508954 }, "geometry": { "type": "Point", "coordinates": [ -46.694094316278409, -23.611402789257337 ] } },
{ "type": "Feature", "properties": { "loja_id": "AG09", "peso": 440.418606 }, "geometry": { "type": "Point", "coordinates": [ -46.642255957538318, -23.542282583793636 ] } },
{ "type": "Feature", "properties": { "loja_id": "AG11", "peso": 292.579448 }, "geometry": { "type": "Point", "coordinates": [ -46.703655328325972, -23.520771703458536 ] } },
{ "type": "Feature", "properties": { "loja_id": "AG11", "peso": 319.269721 }, "geometry": { "type": "Point", "coordinates": [ -46.705279397633426, -23.522171646259864 ] } },
{ "type": "Feature", "properties": { "loja_id": "AG11", "peso": 291.903745 }, "geometry": { "type": "Point", "coordinates": [ -46.697675315191745, -23.521803265856946 ] } },
{ "type": "Feature", "properties": { "loja_id": "AG11", "peso": 291.903745 }, "geometry": { "type": "Point", "coordinates": [ -46.697675315191745, -23.521803265856946 ] } },
{ "type": "Feature", "properties": { "loja_id": "AG01", "peso": 1058.151075 }, "geometry": { "type": "Point", "coordinates": [ -46.676992047504569, -23.584290482957293 ] } },
{ "type": "Feature", "properties": { "loja_id": "AG03", "peso": 182.448828 }, "geometry": { "type": "Point", "coordinates": [ -46.696602132428197, -23.574008998867114 ] } },
{ "type": "Feature", "properties": { "loja_id": "AG09", "peso": 443.737829 }, "geometry": { "type": "Point", "coordinates": [ -46.636513624832851, -23.541277529115401 ] } },
{ "type": "Feature", "properties": { "loja_id": "AG08", "peso": 592.927907 }, "geometry": { "type": "Point", "coordinates": [ -46.694170691143412, -23.608196287327978 ] } },
{ "type": "Feature", "properties": { "loja_id": "AG05", "peso": 306.729326 }, "geometry": { "type": "Point", "coordinates": [ -46.595805928140607, -23.558235173629669 ] } },
{ "type": "Feature", "properties": { "loja_id": "AG08", "peso": 306.729326 }, "geometry": { "type": "Point", "coordinates": [ -46.693931954781533, -23.602582197665004 ] } },
{ "type": "Feature", "properties": { "loja_id": "AG11", "peso": 525.21855 }, "geometry": { "type": "Point", "coordinates": [ -46.702724043287738, -23.519174532638903 ] } },
{ "type": "Feature", "properties": { "loja_id": "AG01", "peso": 225.922527 }, "geometry": { "type": "Point", "coordinates": [ -46.678615080924899, -23.590955244106315 ] } },
{ "type": "Feature", "properties": { "loja_id": "AG09", "peso": 139.683568 }, "geometry": { "type": "Point", "coordinates": [ -46.641784787827319, -23.543777555014017 ] } },
{ "type": "Feature", "properties": { "loja_id": "AG02", "peso": 262.602074 }, "geometry": { "type": "Point", "coordinates": [ -46.653749972773582, -23.563806289215744 ] } },
{ "type": "Feature", "properties": { "loja_id": "AG02", "peso": 112.336291 }, "geometry": { "type": "Point", "coordinates": [ -46.656480549877728, -23.561257782312161 ] } },
{ "type": "Feature", "properties": { "loja_id": "AG11", "peso": 112.336291 }, "geometry": { "type": "Point", "coordinates": [ -46.709488070117359, -23.527299721148328 ] } },
{ "type": "Feature", "properties": { "loja_id": "AG09", "peso": 240.748893 }, "geometry": { "type": "Point", "coordinates": [ -46.641000114928765, -23.538954629822403 ] } },
{ "type": "Feature", "properties": { "loja_id": "AG05", "peso": 175.082441 }, "geometry": { "type": "Point", "coordinates": [ -46.597779311353094, -23.551306642635911 ] } },
{ "type": "Feature", "properties": { "loja_id": "AG03", "peso": 162.840422 }, "geometry": { "type": "Point", "coordinates": [ -46.698905711634211, -23.564213283715318 ] } },
{ "type": "Feature", "properties": { "loja_id": "AG01", "peso": 387.710221 }, "geometry": { "type": "Point", "coordinates": [ -46.68344859493164, -23.591191887676676 ] } },
{ "type": "Feature", "properties": { "loja_id": "AG09", "peso": 467.889569 }, "geometry": { "type": "Point", "coordinates": [ -46.637444005542598, -23.545223009573807 ] } },
{ "type": "Feature", "properties": { "loja_id": "AG11", "peso": 467.889569 }, "geometry": { "type": "Point", "coordinates": [ -46.706298138580003, -23.525230716646519 ] } },
{ "type": "Feature", "properties": { "loja_id": "AG03", "peso": 139.064766 }, "geometry": { "type": "Point", "coordinates": [ -46.702339316252804, -23.56535865567756 ] } },
{ "type": "Feature", "properties": { "loja_id": "AG11", "peso": 184.958037 }, "geometry": { "type": "Point", "coordinates": [ -46.705205913770136, -23.519508568816683 ] } },
{ "type": "Feature", "properties": { "loja_id": "AG09", "peso": 312.774346 }, "geometry": { "type": "Point", "coordinates": [ -46.642620040378205, -23.543994493409357 ] } },
{ "type": "Feature", "properties": { "loja_id": "AG02", "peso": 770.754274 }, "geometry": { "type": "Point", "coordinates": [ -46.655861680621591, -23.559557663278333 ] } },
{ "type": "Feature", "properties": { "loja_id": "AG01", "peso": 319.343746 }, "geometry": { "type": "Point", "coordinates": [ -46.688798428262714, -23.59042945618609 ] } },
{ "type": "Feature", "properties": { "loja_id": "AG09", "peso": 319.343746 }, "geometry": { "type": "Point", "coordinates": [ -46.634871680194927, -23.538396064743381 ] } },
{ "type": "Feature", "properties": { "loja_id": "AG11", "peso": 264.43663 }, "geometry": { "type": "Point", "coordinates": [ -46.706246979814033, -23.524301176950033 ] } },
{ "type": "Feature", "properties": { "loja_id": "AG02", "peso": 319.343746 }, "geometry": { "type": "Point", "coordinates": [ -46.654834787605168, -23.562819479493506 ] } },
{ "type": "Feature", "properties": { "loja_id": "AG03", "peso": 271.43134 }, "geometry": { "type": "Point", "coordinates": [ -46.69154886094794, -23.570334660895803 ] } },
{ "type": "Feature", "properties": { "loja_id": "AG11", "peso": 263.295126 }, "geometry": { "type": "Point", "coordinates": [ -46.701762125788314, -23.519762979681662 ] } },
{ "type": "Feature", "properties": { "loja_id": "AG09", "peso": 263.295126 }, "geometry": { "type": "Point", "coordinates": [ -46.642620040378205, -23.543994493409357 ] } },
{ "type": "Feature", "properties": { "loja_id": "AG09", "peso": 262.027105 }, "geometry": { "type": "Point", "coordinates": [ -46.648930989300432, -23.542672509463692 ] } },
{ "type": "Feature", "properties": { "loja_id": "AG13", "peso": 262.027105 }, "geometry": { "type": "Point", "coordinates": [ -46.471193681906428, -23.541998784238462 ] } },
{ "type": "Feature", "properties": { "loja_id": "AG06", "peso": 516.372014 }, "geometry": { "type": "Point", "coordinates": [ -46.566252712718267, -23.540176688482941 ] } },
{ "type": "Feature", "properties": { "loja_id": "AG09", "peso": 352.546346 }, "geometry": { "type": "Point", "coordinates": [ -46.648989524418532, -23.542653828390748 ] } },
{ "type": "Feature", "properties": { "loja_id": "AG09", "peso": 352.546346 }, "geometry": { "type": "Point", "coordinates": [ -46.637976760798253, -23.53999788688321 ] } },
{ "type": "Feature", "properties": { "loja_id": "AG01", "peso": 294.441414 }, "geometry": { "type": "Point", "coordinates": [ -46.689548877643091, -23.59088182820739 ] } },
{ "type": "Feature", "properties": { "loja_id": "AG11", "peso": 267.599967 }, "geometry": { "type": "Point", "coordinates": [ -46.696759845061656, -23.52525372964632 ] } },
{ "type": "Feature", "properties": { "loja_id": "AG09", "peso": 663.002243 }, "geometry": { "type": "Point", "coordinates": [ -46.639184814448754, -23.546586307267994 ] } },
{ "type": "Feature", "properties": { "loja_id": "AG11", "peso": 473.483118 }, "geometry": { "type": "Point", "coordinates": [ -46.702762628046095, -23.519128959966253 ] } },
{ "type": "Feature", "properties": { "loja_id": "AG11", "peso": 2631.86863 }, "geometry": { "type": "Point", "coordinates": [ -46.707680877077081, -23.526136620270133 ] } },
{ "type": "Feature", "properties": { "loja_id": "AG10", "peso": 61.370596 }, "geometry": { "type": "Point", "coordinates": [ -46.67407654554993, -23.534376068673389 ] } },
{ "type": "Feature", "properties": { "loja_id": "AG11", "peso": 141.969476 }, "geometry": { "type": "Point", "coordinates": [ -46.703888027042169, -23.519830024362086 ] } },
{ "type": "Feature", "properties": { "loja_id": "AG11", "peso": 89.436515 }, "geometry": { "type": "Point", "coordinates": [ -46.704742023146061, -23.522267834028785 ] } },
{ "type": "Feature", "properties": { "loja_id": "AG11", "peso": 93.966272 }, "geometry": { "type": "Point", "coordinates": [ -46.704996921588268, -23.519248984882189 ] } },
{ "type": "Feature", "properties": { "loja_id": "AG11", "peso": 61.370596 }, "geometry": { "type": "Point", "coordinates": [ -46.702780598787022, -23.521286961764122 ] } },
{ "type": "Feature", "properties": { "loja_id": "AG11", "peso": 98.286561 }, "geometry": { "type": "Point", "coordinates": [ -46.70446246239753, -23.523372569240546 ] } },
{ "type": "Feature", "properties": { "loja_id": "AG10", "peso": 73.68149 }, "geometry": { "type": "Point", "coordinates": [ -46.674171073481034, -23.539522261062395 ] } },
{ "type": "Feature", "properties": { "loja_id": "AG11", "peso": 124.070827 }, "geometry": { "type": "Point", "coordinates": [ -46.709698652383132, -23.520858951876001 ] } },
{ "type": "Feature", "properties": { "loja_id": "AG11", "peso": 61.370596 }, "geometry": { "type": "Point", "coordinates": [ -46.707701979238671, -23.525495251828044 ] } },
{ "type": "Feature", "properties": { "loja_id": "AG11", "peso": 98.286561 }, "geometry": { "type": "Point", "coordinates": [ -46.700091501646924, -23.520070199327627 ] } },
{ "type": "Feature", "properties": { "loja_id": "AG15", "peso": 118.50551 }, "geometry": { "type": "Point", "coordinates": [ -46.70824361686266, -23.571958052825899 ] } },
{ "type": "Feature", "properties": { "loja_id": "AG11", "peso": 73.68149 }, "geometry": { "type": "Point", "coordinates": [ -46.700091501646924, -23.520070199327627 ] } },
{ "type": "Feature", "properties": { "loja_id": "AG02", "peso": 119.989051 }, "geometry": { "type": "Point", "coordinates": [ -46.654614215638986, -23.558505378401009 ] } },
{ "type": "Feature", "properties": { "loja_id": "AG09", "peso": 503.422002 }, "geometry": { "type": "Point", "coordinates": [ -46.634975370842319, -23.545989464792992 ] } },
{ "type": "Feature", "properties": { "loja_id": "AG03", "peso": 185.79976 }, "geometry": { "type": "Point", "coordinates": [ -46.692927598237389, -23.564784195974013 ] } },
{ "type": "Feature", "properties": { "loja_id": "AG01", "peso": 345.274006 }, "geometry": { "type": "Point", "coordinates": [ -46.678119479818264, -23.593588365356339 ] } },
{ "type": "Feature", "properties": { "loja_id": "AG08", "peso": 345.274006 }, "geometry": { "type": "Point", "coordinates": [ -46.693092444129483, -23.608171932540259 ] } },
{ "type": "Feature", "properties": { "loja_id": "AG11", "peso": 421.083566 }, "geometry": { "type": "Point", "coordinates": [ -46.707083029126437, -23.522305386571706 ] } },
{ "type": "Feature", "properties": { "loja_id": "AG03", "peso": 345.274006 }, "geometry": { "type": "Point", "coordinates": [ -46.689349050194899, -23.572977321132509 ] } },
{ "type": "Feature", "properties": { "loja_id": "AG09", "peso": 549.79754 }, "geometry": { "type": "Point", "coordinates": [ -46.644591597512665, -23.547369043112795 ] } },
{ "type": "Feature", "properties": { "loja_id": "AG03", "peso": 410.707737 }, "geometry": { "type": "Point", "coordinates": [ -46.689588373695926, -23.564883741155043 ] } },
{ "type": "Feature", "properties": { "loja_id": "AG11", "peso": 1877.43281 }, "geometry": { "type": "Point", "coordinates": [ -46.704362780598665, -23.527798413767783 ] } },
{ "type": "Feature", "properties": { "loja_id": "AG01", "peso": 549.79754 }, "geometry": { "type": "Point", "coordinates": [ -46.68391585603861, -23.583276447320301 ] } },
{ "type": "Feature", "properties": { "loja_id": "AG04", "peso": 539.978691 }, "geometry": { "type": "Point", "coordinates": [ -46.62698212877568, -23.585707309929877 ] } },
{ "type": "Feature", "properties": { "loja_id": "AG02", "peso": 320.960666 }, "geometry": { "type": "Point", "coordinates": [ -46.654834787605168, -23.562819479493506 ] } },
{ "type": "Feature", "properties": { "loja_id": "AG07", "peso": 871.149892 }, "geometry": { "type": "Point", "coordinates": [ -46.627310372786908, -23.502552589097853 ] } },
{ "type": "Feature", "properties": { "loja_id": "AG11", "peso": 268.714799 }, "geometry": { "type": "Point", "coordinates": [ -46.706820365490984, -23.525477832957733 ] } },
{ "type": "Feature", "properties": { "loja_id": "AG02", "peso": 401.895787 }, "geometry": { "type": "Point", "coordinates": [ -46.656601483620591, -23.561527400236521 ] } },
{ "type": "Feature", "properties": { "loja_id": "AG07", "peso": 268.714799 }, "geometry": { "type": "Point", "coordinates": [ -46.622382651537073, -23.499154388066625 ] } },
{ "type": "Feature", "properties": { "loja_id": "AG09", "peso": 382.560938 }, "geometry": { "type": "Point", "coordinates": [ -46.644114671998587, -23.538948834862513 ] } },
{ "type": "Feature", "properties": { "loja_id": "AG11", "peso": 1241.928352 }, "geometry": { "type": "Point", "coordinates": [ -46.700792058687561, -23.52809935389968 ] } },
{ "type": "Feature", "properties": { "loja_id": "AG09", "peso": 469.543434 }, "geometry": { "type": "Point", "coordinates": [ -46.635175153995391, -23.546303425110956 ] } },
{ "type": "Feature", "properties": { "loja_id": "AG09", "peso": 401.895787 }, "geometry": { "type": "Point", "coordinates": [ -46.635175153995391, -23.546303425110956 ] } },
{ "type": "Feature", "properties": { "loja_id": "AG07", "peso": 447.278552 }, "geometry": { "type": "Point", "coordinates": [ -46.616531612080124, -23.501915312490162 ] } },
{ "type": "Feature", "properties": { "loja_id": "AG09", "peso": 387.334351 }, "geometry": { "type": "Point", "coordinates": [ -46.642070040234266, -23.536776069804027 ] } },
{ "type": "Feature", "properties": { "loja_id": "AG07", "peso": 1315.190794 }, "geometry": { "type": "Point", "coordinates": [ -46.625831747320234, -23.500951593223206 ] } },
{ "type": "Feature", "properties": { "loja_id": "AG09", "peso": 442.640962 }, "geometry": { "type": "Point", "coordinates": [ -46.64261841823614, -23.547805289258193 ] } },
{ "type": "Feature", "properties": { "loja_id": "AG15", "peso": 442.640962 }, "geometry": { "type": "Point", "coordinates": [ -46.713144736960579, -23.563867366588106 ] } },
{ "type": "Feature", "properties": { "loja_id": "AG11", "peso": 257.832704 }, "geometry": { "type": "Point", "coordinates": [ -46.704852311007372, -23.521706759196341 ] } },
{ "type": "Feature", "properties": { "loja_id": "AG06", "peso": 620.4476 }, "geometry": { "type": "Point", "coordinates": [ -46.573973842609547, -23.54617627896376 ] } },
{ "type": "Feature", "properties": { "loja_id": "AG11", "peso": 387.334351 }, "geometry": { "type": "Point", "coordinates": [ -46.706909594774977, -23.52100695371405 ] } },
{ "type": "Feature", "properties": { "loja_id": "AG11", "peso": 118.184909 }, "geometry": { "type": "Point", "coordinates": [ -46.703833026012099, -23.519361060385645 ] } },
{ "type": "Feature", "properties": { "loja_id": "AG09", "peso": 534.542778 }, "geometry": { "type": "Point", "coordinates": [ -46.644524003739996, -23.541147896916776 ] } },
{ "type": "Feature", "properties": { "loja_id": "AG07", "peso": 291.545049 }, "geometry": { "type": "Point", "coordinates": [ -46.619682691570965, -23.500961475174169 ] } },
{ "type": "Feature", "properties": { "loja_id": "AG09", "peso": 571.930058 }, "geometry": { "type": "Point", "coordinates": [ -46.645596972796547, -23.536856197170987 ] } },
{ "type": "Feature", "properties": { "loja_id": "AG05", "peso": 344.376034 }, "geometry": { "type": "Point", "coordinates": [ -46.607355853031557, -23.552634750646554 ] } },
{ "type": "Feature", "properties": { "loja_id": "AG15", "peso": 571.930058 }, "geometry": { "type": "Point", "coordinates": [ -46.711629496765163, -23.57166795405611 ] } },
{ "type": "Feature", "properties": { "loja_id": "AG11", "peso": 327.20048 }, "geometry": { "type": "Point", "coordinates": [ -46.700091501646924, -23.520070199327627 ] } },
{ "type": "Feature", "properties": { "loja_id": "AG07", "peso": 291.545049 }, "geometry": { "type": "Point", "coordinates": [ -46.627252733766746, -23.497062721570725 ] } },
{ "type": "Feature", "properties": { "loja_id": "AG10", "peso": 485.043467 }, "geometry": { "type": "Point", "coordinates": [ -46.673631045235176, -23.533224996325472 ] } },
{ "type": "Feature", "properties": { "loja_id": "AG09", "peso": 618.567071 }, "geometry": { "type": "Point", "coordinates": [ -46.641099227866391, -23.546150725081375 ] } },
{ "type": "Feature", "properties": { "loja_id": "AG10", "peso": 468.558996 }, "geometry": { "type": "Point", "coordinates": [ -46.675651788999716, -23.534250748980121 ] } },
{ "type": "Feature", "properties": { "loja_id": "AG03", "peso": 187.808984 }, "geometry": { "type": "Point", "coordinates": [ -46.687623481666151, -23.56904088171072 ] } },
{ "type": "Feature", "properties": { "loja_id": "AG07", "peso": 187.808984 }, "geometry": { "type": "Point", "coordinates": [ -46.624764722606152, -23.502570135749732 ] } },
{ "type": "Feature", "properties": { "loja_id": "AG04", "peso": 344.376034 }, "geometry": { "type": "Point", "coordinates": [ -46.637777655919514, -23.580825882794592 ] } },
{ "type": "Feature", "properties": { "loja_id": "AG09", "peso": 616.837159 }, "geometry": { "type": "Point", "coordinates": [ -46.639058226211894, -23.547436488781877 ] } },
{ "type": "Feature", "properties": { "loja_id": "AG10", "peso": 500.248155 }, "geometry": { "type": "Point", "coordinates": [ -46.675668242208914, -23.540960000515618 ] } },
{ "type": "Feature", "properties": { "loja_id": "AG09", "peso": 375.680107 }, "geometry": { "type": "Point", "coordinates": [ -46.639058607140726, -23.538776431559988 ] } },
{ "type": "Feature", "properties": { "loja_id": "AG11", "peso": 227.355586 }, "geometry": { "type": "Point", "coordinates": [ -46.703871145500543, -23.519279372082313 ] } },
{ "type": "Feature", "properties": { "loja_id": "AG07", "peso": 500.248155 }, "geometry": { "type": "Point", "coordinates": [ -46.624607077292794, -23.502490506778006 ] } },
{ "type": "Feature", "properties": { "loja_id": "AG09", "peso": 91.563793 }, "geometry": { "type": "Point", "coordinates": [ -46.634692199300915, -23.547644987126038 ] } },
{ "type": "Feature", "properties": { "loja_id": "AG02", "peso": 207.14989 }, "geometry": { "type": "Point", "coordinates": [ -46.650043270930979, -23.556449912599348 ] } },
{ "type": "Feature", "properties": { "loja_id": "AG07", "peso": 375.680107 }, "geometry": { "type": "Point", "coordinates": [ -46.626399673038982, -23.504142417668717 ] } },
{ "type": "Feature", "properties": { "loja_id": "AG11", "peso": 522.466838 }, "geometry": { "type": "Point", "coordinates": [ -46.705522606944861, -23.52508570575251 ] } },
{ "type": "Feature", "properties": { "loja_id": "AG07", "peso": 459.082855 }, "geometry": { "type": "Point", "coordinates": [ -46.625044310767422, -23.504608084857328 ] } },
{ "type": "Feature", "properties": { "loja_id": "AG03", "peso": 395.097505 }, "geometry": { "type": "Point", "coordinates": [ -46.690304345906689, -23.568776963830526 ] } },
{ "type": "Feature", "properties": { "loja_id": "AG02", "peso": 1786.297763 }, "geometry": { "type": "Point", "coordinates": [ -46.655167360043663, -23.562779817696928 ] } },
{ "type": "Feature", "properties": { "loja_id": "AG03", "peso": 264.408632 }, "geometry": { "type": "Point", "coordinates": [ -46.693722877562493, -23.565687572001142 ] } },
{ "type": "Feature", "properties": { "loja_id": "AG01", "peso": 409.169471 }, "geometry": { "type": "Point", "coordinates": [ -46.682776242914031, -23.585338632889727 ] } },
{ "type": "Feature", "properties": { "loja_id": "AG11", "peso": 316.078004 }, "geometry": { "type": "Point", "coordinates": [ -46.699184746666226, -23.524956369414291 ] } },
{ "type": "Feature", "properties": { "loja_id": "AG02", "peso": 174.164233 }, "geometry": { "type": "Point", "coordinates": [ -46.658082059941087, -23.560075810335299 ] } },
{ "type": "Feature", "properties": { "loja_id": "AG07", "peso": 273.897583 }, "geometry": { "type": "Point", "coordinates": [ -46.625804631568577, -23.500337810325878 ] } },
{ "type": "Feature", "properties": { "loja_id": "AG09", "peso": 147.783497 }, "geometry": { "type": "Point", "coordinates": [ -46.635559202276802, -23.540926355020979 ] } },
{ "type": "Feature", "properties": { "loja_id": "AG09", "peso": 90.541175 }, "geometry": { "type": "Point", "coordinates": [ -46.639526681009528, -23.543349859239605 ] } },
{ "type": "Feature", "properties": { "loja_id": "AG03", "peso": 203.314386 }, "geometry": { "type": "Point", "coordinates": [ -46.690741207589952, -23.571526393586232 ] } },
{ "type": "Feature", "properties": { "loja_id": "AG01", "peso": 149.986589 }, "geometry": { "type": "Point", "coordinates": [ -46.676209165740623, -23.589762163167038 ] } },
{ "type": "Feature", "properties": { "loja_id": "AG11", "peso": 149.986589 }, "geometry": { "type": "Point", "coordinates": [ -46.700235091309651, -23.516763603810144 ] } },
{ "type": "Feature", "properties": { "loja_id": "AG08", "peso": 610.427432 }, "geometry": { "type": "Point", "coordinates": [ -46.696823188002668, -23.615562915685196 ] } },
{ "type": "Feature", "properties": { "loja_id": "AG03", "peso": 90.541175 }, "geometry": { "type": "Point", "coordinates": [ -46.690684369086178, -23.570912964954751 ] } },
{ "type": "Feature", "properties": { "loja_id": "AG15", "peso": 238.870782 }, "geometry": { "type": "Point", "coordinates": [ -46.71732779940222, -23.56839942784995 ] } },
{ "type": "Feature", "properties": { "loja_id": "AG09", "peso": 76.094198 }, "geometry": { "type": "Point", "coordinates": [ -46.637977692895916, -23.542445088548952 ] } },
{ "type": "Feature", "properties": { "loja_id": "AG10", "peso": 395.490469 }, "geometry": { "type": "Point", "coordinates": [ -46.673931290337975, -23.535280651050829 ] } },
{ "type": "Feature", "properties": { "loja_id": "AG09", "peso": 67.905881 }, "geometry": { "type": "Point", "coordinates": [ -46.642620040378205, -23.543994493409357 ] } },
{ "type": "Feature", "properties": { "loja_id": "AG08", "peso": 397.572049 }, "geometry": { "type": "Point", "coordinates": [ -46.693470034064688, -23.606289561564765 ] } },
{ "type": "Feature", "properties": { "loja_id": "AG08", "peso": 523.328374 }, "geometry": { "type": "Point", "coordinates": [ -46.693709117313617, -23.605067895282055 ] } },
{ "type": "Feature", "properties": { "loja_id": "AG15", "peso": 1093.297565 }, "geometry": { "type": "Point", "coordinates": [ -46.7078642724546, -23.571411389563387 ] } },
{ "type": "Feature", "properties": { "loja_id": "AG09", "peso": 536.701074 }, "geometry": { "type": "Point", "coordinates": [ -46.639790483926056, -23.542507261061871 ] } },
{ "type": "Feature", "properties": { "loja_id": "AG01", "peso": 351.422924 }, "geometry": { "type": "Point", "coordinates": [ -46.683278173652802, -23.583978677429542 ] } },
{ "type": "Feature", "properties": { "loja_id": "AG10", "peso": 306.114299 }, "geometry": { "type": "Point", "coordinates": [ -46.67962150873808, -23.528329296783017 ] } },
{ "type": "Feature", "properties": { "loja_id": "AG04", "peso": 218.659513 }, "geometry": { "type": "Point", "coordinates": [ -46.637545010448257, -23.598392172175235 ] } },
{ "type": "Feature", "properties": { "loja_id": "AG01", "peso": 422.099391 }, "geometry": { "type": "Point", "coordinates": [ -46.673434651078708, -23.584997078658539 ] } },
{ "type": "Feature", "properties": { "loja_id": "AG07", "peso": 17.87782 }, "geometry": { "type": "Point", "coordinates": [ -46.62282431120223, -23.505633606412669 ] } },
{ "type": "Feature", "properties": { "loja_id": "AG07", "peso": 22.572268 }, "geometry": { "type": "Point", "coordinates": [ -46.62552958673637, -23.509840638148631 ] } },
{ "type": "Feature", "properties": { "loja_id": "AG09", "peso": 3.002223 }, "geometry": { "type": "Point", "coordinates": [ -46.637205185511775, -23.547293461855524 ] } },
{ "type": "Feature", "properties": { "loja_id": "AG07", "peso": 17.318378 }, "geometry": { "type": "Point", "coordinates": [ -46.628907410334655, -23.504224573505425 ] } },
{ "type": "Feature", "properties": { "loja_id": "AG01", "peso": 17.373975 }, "geometry": { "type": "Point", "coordinates": [ -46.685509848254874, -23.579972200203184 ] } },
{ "type": "Feature", "properties": { "loja_id": "AG07", "peso": 14.151892 }, "geometry": { "type": "Point", "coordinates": [ -46.62523047362474, -23.506213549536646 ] } },
{ "type": "Feature", "properties": { "loja_id": "AG15", "peso": 17.318378 }, "geometry": { "type": "Point", "coordinates": [ -46.717012599913815, -23.568267460217484 ] } },
{ "type": "Feature", "properties": { "loja_id": "AG07", "peso": 16.418406 }, "geometry": { "type": "Point", "coordinates": [ -46.626278491827676, -23.504640353800347 ] } },
{ "type": "Feature", "properties": { "loja_id": "AG07", "peso": 17.87782 }, "geometry": { "type": "Point", "coordinates": [ -46.627748263481045, -23.506313678131871 ] } },
{ "type": "Feature", "properties": { "loja_id": "AG07", "peso": 27.709405 }, "geometry": { "type": "Point", "coordinates": [ -46.627177150886446, -23.506852438484817 ] } },
{ "type": "Feature", "properties": { "loja_id": "AG07", "peso": 19.458852 }, "geometry": { "type": "Point", "coordinates": [ -46.626786484267249, -23.507732466069356 ] } },
{ "type": "Feature", "properties": { "loja_id": "AG07", "peso": 16.418406 }, "geometry": { "type": "Point", "coordinates": [ -46.624035045954841, -23.505350073708147 ] } },
{ "type": "Feature", "properties": { "loja_id": "AG07", "peso": 33.728676 }, "geometry": { "type": "Point", "coordinates": [ -46.624035045954841, -23.505350073708147 ] } },
{ "type": "Feature", "properties": { "loja_id": "AG07", "peso": 17.318378 }, "geometry": { "type": "Point", "coordinates": [ -46.625646457638091, -23.50420446397186 ] } },
{ "type": "Feature", "properties": { "loja_id": "AG07", "peso": 17.634584 }, "geometry": { "type": "Point", "coordinates": [ -46.622431963609394, -23.504779807647662 ] } },
{ "type": "Feature", "properties": { "loja_id": "AG07", "peso": 16.418406 }, "geometry": { "type": "Point", "coordinates": [ -46.622615885612838, -23.504606314132438 ] } },
{ "type": "Feature", "properties": { "loja_id": "AG07", "peso": 14.151892 }, "geometry": { "type": "Point", "coordinates": [ -46.623223789460994, -23.496680327798831 ] } },
{ "type": "Feature", "properties": { "loja_id": "AG07", "peso": 13.17895 }, "geometry": { "type": "Point", "coordinates": [ -46.623223789460994, -23.496680327798831 ] } },
{ "type": "Feature", "properties": { "loja_id": "AG07", "peso": 9.851044 }, "geometry": { "type": "Point", "coordinates": [ -46.62478487940831, -23.504213454930198 ] } },
{ "type": "Feature", "properties": { "loja_id": "AG07", "peso": 13.17895 }, "geometry": { "type": "Point", "coordinates": [ -46.62478487940831, -23.504213454930198 ] } },
{ "type": "Feature", "properties": { "loja_id": "AG07", "peso": 13.17895 }, "geometry": { "type": "Point", "coordinates": [ -46.625646457638091, -23.50420446397186 ] } },
{ "type": "Feature", "properties": { "loja_id": "AG07", "peso": 17.373975 }, "geometry": { "type": "Point", "coordinates": [ -46.625646457638091, -23.50420446397186 ] } },
{ "type": "Feature", "properties": { "loja_id": "AG09", "peso": 35.220522 }, "geometry": { "type": "Point", "coordinates": [ -46.63595083019522, -23.54566314676638 ] } },
{ "type": "Feature", "properties": { "loja_id": "AG07", "peso": 71.024809 }, "geometry": { "type": "Point", "coordinates": [ -46.625646457638091, -23.50420446397186 ] } },
{ "type": "Feature", "properties": { "loja_id": "AG07", "peso": 17.634584 }, "geometry": { "type": "Point", "coordinates": [ -46.622997447238255, -23.505378951363987 ] } },
{ "type": "Feature", "properties": { "loja_id": "AG07", "peso": 11.067222 }, "geometry": { "type": "Point", "coordinates": [ -46.618185083152568, -23.501004132532437 ] } },
{ "type": "Feature", "properties": { "loja_id": "AG07", "peso": 17.634584 }, "geometry": { "type": "Point", "coordinates": [ -46.63028255645078, -23.503776727064182 ] } },
{ "type": "Feature", "properties": { "loja_id": "AG07", "peso": 17.87782 }, "geometry": { "type": "Point", "coordinates": [ -46.625869203815299, -23.506396520173329 ] } },
{ "type": "Feature", "properties": { "loja_id": "AG07", "peso": 9.851044 }, "geometry": { "type": "Point", "coordinates": [ -46.62313092024656, -23.504284883699036 ] } },
{ "type": "Feature", "properties": { "loja_id": "AG07", "peso": 17.318378 }, "geometry": { "type": "Point", "coordinates": [ -46.617210465693077, -23.502179177452245 ] } },
{ "type": "Feature", "properties": { "loja_id": "AG07", "peso": 13.17895 }, "geometry": { "type": "Point", "coordinates": [ -46.626173127944845, -23.507224141172738 ] } },
{ "type": "Feature", "properties": { "loja_id": "AG09", "peso": 25.539743 }, "geometry": { "type": "Point", "coordinates": [ -46.64552301045299, -23.53720916048491 ] } },
{ "type": "Feature", "properties": { "loja_id": "AG07", "peso": 17.318378 }, "geometry": { "type": "Point", "coordinates": [ -46.625107776852552, -23.50579040222021 ] } },
{ "type": "Feature", "properties": { "loja_id": "AG07", "peso": 11.067222 }, "geometry": { "type": "Point", "coordinates": [ -46.622893510463626, -23.505687067611582 ] } },
{ "type": "Feature", "properties": { "loja_id": "AG07", "peso": 17.373975 }, "geometry": { "type": "Point", "coordinates": [ -46.622893510463626, -23.505687067611582 ] } },
{ "type": "Feature", "properties": { "loja_id": "AG07", "peso": 17.318378 }, "geometry": { "type": "Point", "coordinates": [ -46.622893510463626, -23.505687067611582 ] } },
{ "type": "Feature", "properties": { "loja_id": "AG07", "peso": 31.905649 }, "geometry": { "type": "Point", "coordinates": [ -46.618958911128829, -23.499424801053067 ] } },
{ "type": "Feature", "properties": { "loja_id": "AG02", "peso": 19.518039 }, "geometry": { "type": "Point", "coordinates": [ -46.655532384494684, -23.561421396879371 ] } },
{ "type": "Feature", "properties": { "loja_id": "AG07", "peso": 31.42223 }, "geometry": { "type": "Point", "coordinates": [ -46.617903144697955, -23.501169608686329 ] } },
{ "type": "Feature", "properties": { "loja_id": "AG09", "peso": 34.427689 }, "geometry": { "type": "Point", "coordinates": [ -46.6435782615143, -23.543072312434912 ] } },
{ "type": "Feature", "properties": { "loja_id": "AG07", "peso": 25.995769 }, "geometry": { "type": "Point", "coordinates": [ -46.621307021270532, -23.500872332449624 ] } },
{ "type": "Feature", "properties": { "loja_id": "AG07", "peso": 7.489737 }, "geometry": { "type": "Point", "coordinates": [ -46.621307021270532, -23.500872332449624 ] } },
{ "type": "Feature", "properties": { "loja_id": "AG01", "peso": 113.550975 }, "geometry": { "type": "Point", "coordinates": [ -46.674750515533859, -23.58291499464239 ] } },
{ "type": "Feature", "properties": { "loja_id": "AG08", "peso": 15.703858 }, "geometry": { "type": "Point", "coordinates": [ -46.697107454502671, -23.607197989723225 ] } },
{ "type": "Feature", "properties": { "loja_id": "AG07", "peso": 31.407716 }, "geometry": { "type": "Point", "coordinates": [ -46.627260260498289, -23.5008644324008 ] } },
{ "type": "Feature", "properties": { "loja_id": "AG04", "peso": 8.866774 }, "geometry": { "type": "Point", "coordinates": [ -46.634664329525144, -23.586547740413117 ] } },
{ "type": "Feature", "properties": { "loja_id": "AG09", "peso": 32.041297 }, "geometry": { "type": "Point", "coordinates": [ -46.636785505915753, -23.547415273197785 ] } },
{ "type": "Feature", "properties": { "loja_id": "AG03", "peso": 44.896928 }, "geometry": { "type": "Point", "coordinates": [ -46.690197552890886, -23.5596667419284 ] } },
{ "type": "Feature", "properties": { "loja_id": "AG07", "peso": 103.330795 }, "geometry": { "type": "Point", "coordinates": [ -46.617706408828333, -23.499491996522512 ] } },
{ "type": "Feature", "properties": { "loja_id": "AG07", "peso": 15.703858 }, "geometry": { "type": "Point", "coordinates": [ -46.619839338742388, -23.500959846151289 ] } },
{ "type": "Feature", "properties": { "loja_id": "AG07", "peso": 44.896928 }, "geometry": { "type": "Point", "coordinates": [ -46.621881865292259, -23.503837346565881 ] } },
{ "type": "Feature", "properties": { "loja_id": "AG07", "peso": 51.943531 }, "geometry": { "type": "Point", "coordinates": [ -46.619026952082081, -23.500986353507628 ] } },
{ "type": "Feature", "properties": { "loja_id": "AG07", "peso": 34.427689 }, "geometry": { "type": "Point", "coordinates": [ -46.619026952082081, -23.500986353507628 ] } },
{ "type": "Feature", "properties": { "loja_id": "AG07", "peso": 31.890912 }, "geometry": { "type": "Point", "coordinates": [ -46.617450888060901, -23.500217082683506 ] } },
{ "type": "Feature", "properties": { "loja_id": "AG07", "peso": 34.427689 }, "geometry": { "type": "Point", "coordinates": [ -46.622923103411807, -23.504106441715248 ] } },
{ "type": "Feature", "properties": { "loja_id": "AG07", "peso": 57.647707 }, "geometry": { "type": "Point", "coordinates": [ -46.617766298600067, -23.50118909091897 ] } },
{ "type": "Feature", "properties": { "loja_id": "AG07", "peso": 15.703858 }, "geometry": { "type": "Point", "coordinates": [ -46.62143377026608, -23.503227945702545 ] } },
{ "type": "Feature", "properties": { "loja_id": "AG07", "peso": 15.703858 }, "geometry": { "type": "Point", "coordinates": [ -46.627102948636399, -23.500811893566254 ] } },
{ "type": "Feature", "properties": { "loja_id": "AG04", "peso": 45.643681 }, "geometry": { "type": "Point", "coordinates": [ -46.634677067790513, -23.589157351802072 ] } },
{ "type": "Feature", "properties": { "loja_id": "AG07", "peso": 19.60414 }, "geometry": { "type": "Point", "coordinates": [ -46.623916336806005, -23.510841782194412 ] } },
{ "type": "Feature", "properties": { "loja_id": "AG09", "peso": 18.863558 }, "geometry": { "type": "Point", "coordinates": [ -46.636211165354368, -23.546120953560347 ] } },
{ "type": "Feature", "properties": { "loja_id": "AG09", "peso": 45.643681 }, "geometry": { "type": "Point", "coordinates": [ -46.645414513610298, -23.546592765755847 ] } },
{ "type": "Feature", "properties": { "loja_id": "AG09", "peso": 19.60414 }, "geometry": { "type": "Point", "coordinates": [ -46.645414513610298, -23.546592765755847 ] } },
{ "type": "Feature", "properties": { "loja_id": "AG07", "peso": 45.572177 }, "geometry": { "type": "Point", "coordinates": [ -46.615440458139396, -23.501565417154467 ] } },
{ "type": "Feature", "properties": { "loja_id": "AG07", "peso": 18.863558 }, "geometry": { "type": "Point", "coordinates": [ -46.625190595393384, -23.509347506080413 ] } },
{ "type": "Feature", "properties": { "loja_id": "AG07", "peso": 35.635485 }, "geometry": { "type": "Point", "coordinates": [ -46.623279247268819, -23.510794243050203 ] } },
{ "type": "Feature", "properties": { "loja_id": "AG07", "peso": 29.727333 }, "geometry": { "type": "Point", "coordinates": [ -46.623279247268819, -23.510794243050203 ] } },
{ "type": "Feature", "properties": { "loja_id": "AG07", "peso": 28.204537 }, "geometry": { "type": "Point", "coordinates": [ -46.623145815908103, -23.509495259405131 ] } },
{ "type": "Feature", "properties": { "loja_id": "AG07", "peso": 109.425193 }, "geometry": { "type": "Point", "coordinates": [ -46.630139253206345, -23.504067198743677 ] } },
{ "type": "Feature", "properties": { "loja_id": "AG07", "peso": 19.380293 }, "geometry": { "type": "Point", "coordinates": [ -46.621689490192061, -23.509718132093429 ] } },
{ "type": "Feature", "properties": { "loja_id": "AG09", "peso": 45.524507 }, "geometry": { "type": "Point", "coordinates": [ -46.640189264103498, -23.547018201571355 ] } },
{ "type": "Feature", "properties": { "loja_id": "AG07", "peso": 36.800963 }, "geometry": { "type": "Point", "coordinates": [ -46.631270628904041, -23.503703168399142 ] } },
{ "type": "Feature", "properties": { "loja_id": "AG09", "peso": 19.60414 }, "geometry": { "type": "Point", "coordinates": [ -46.639354924971208, -23.541346944047557 ] } },
{ "type": "Feature", "properties": { "loja_id": "AG09", "peso": 36.800963 }, "geometry": { "type": "Point", "coordinates": [ -46.642524236568747, -23.544167080539474 ] } },
{ "type": "Feature", "properties": { "loja_id": "AG09", "peso": 45.572177 }, "geometry": { "type": "Point", "coordinates": [ -46.639454723109914, -23.545445645623175 ] } },
{ "type": "Feature", "properties": { "loja_id": "AG07", "peso": 36.800963 }, "geometry": { "type": "Point", "coordinates": [ -46.623128557897054, -23.509685077282832 ] } },
{ "type": "Feature", "properties": { "loja_id": "AG09", "peso": 72.017263 }, "geometry": { "type": "Point", "coordinates": [ -46.637545647640664, -23.543939637077521 ] } },
{ "type": "Feature", "properties": { "loja_id": "AG07", "peso": 42.874526 }, "geometry": { "type": "Point", "coordinates": [ -46.625901293312133, -23.496246037556144 ] } },
{ "type": "Feature", "properties": { "loja_id": "AG07", "peso": 43.844706 }, "geometry": { "type": "Point", "coordinates": [ -46.630139253206345, -23.504067198743677 ] } },
{ "type": "Feature", "properties": { "loja_id": "AG07", "peso": 29.727333 }, "geometry": { "type": "Point", "coordinates": [ -46.622078921571585, -23.509533468145406 ] } },
{ "type": "Feature", "properties": { "loja_id": "AG06", "peso": 26.306824 }, "geometry": { "type": "Point", "coordinates": [ -46.576010237023795, -23.540340024105916 ] } },
{ "type": "Feature", "properties": { "loja_id": "AG08", "peso": 42.874526 }, "geometry": { "type": "Point", "coordinates": [ -46.695674546543657, -23.613119300257946 ] } },
{ "type": "Feature", "properties": { "loja_id": "AG03", "peso": 43.844706 }, "geometry": { "type": "Point", "coordinates": [ -46.692886970332765, -23.567728451615814 ] } },
{ "type": "Feature", "properties": { "loja_id": "AG07", "peso": 36.829553 }, "geometry": { "type": "Point", "coordinates": [ -46.625846017295139, -23.49812493454985 ] } },
{ "type": "Feature", "properties": { "loja_id": "AG07", "peso": 42.874526 }, "geometry": { "type": "Point", "coordinates": [ -46.622018579113146, -23.499808368041585 ] } },
{ "type": "Feature", "properties": { "loja_id": "AG04", "peso": 78.547325 }, "geometry": { "type": "Point", "coordinates": [ -46.635236834482477, -23.589259822271508 ] } },
{ "type": "Feature", "properties": { "loja_id": "AG07", "peso": 78.547325 }, "geometry": { "type": "Point", "coordinates": [ -46.621777609964099, -23.50971721433103 ] } },
{ "type": "Feature", "properties": { "loja_id": "AG08", "peso": 35.635485 }, "geometry": { "type": "Point", "coordinates": [ -46.691672660622167, -23.601387774606248 ] } },
{ "type": "Feature", "properties": { "loja_id": "AG07", "peso": 72.017263 }, "geometry": { "type": "Point", "coordinates": [ -46.622687738109541, -23.509671610955603 ] } },
{ "type": "Feature", "properties": { "loja_id": "AG07", "peso": 35.635485 }, "geometry": { "type": "Point", "coordinates": [ -46.622687738109541, -23.509671610955603 ] } },
{ "type": "Feature", "properties": { "loja_id": "AG13", "peso": 35.635485 }, "geometry": { "type": "Point", "coordinates": [ -46.471193681906428, -23.541998784238462 ] } },
{ "type": "Feature", "properties": { "loja_id": "AG04", "peso": 19.380293 }, "geometry": { "type": "Point", "coordinates": [ -46.636432007882121, -23.598719965288808 ] } },
{ "type": "Feature", "properties": { "loja_id": "AG07", "peso": 35.635485 }, "geometry": { "type": "Point", "coordinates": [ -46.623869421220824, -23.510210145108111 ] } },
{ "type": "Feature", "properties": { "loja_id": "AG09", "peso": 36.829553 }, "geometry": { "type": "Point", "coordinates": [ -46.638796877558136, -23.53899591618627 ] } },
{ "type": "Feature", "properties": { "loja_id": "AG07", "peso": 19.380293 }, "geometry": { "type": "Point", "coordinates": [ -46.63289564425942, -23.503668078505214 ] } },
{ "type": "Feature", "properties": { "loja_id": "AG07", "peso": 33.022859 }, "geometry": { "type": "Point", "coordinates": [ -46.6243365660618, -23.505184382229956 ] } },
{ "type": "Feature", "properties": { "loja_id": "AG01", "peso": 7.489721 }, "geometry": { "type": "Point", "coordinates": [ -46.682402568202619, -23.587536998297473 ] } },
{ "type": "Feature", "properties": { "loja_id": "AG06", "peso": 13.731154 }, "geometry": { "type": "Point", "coordinates": [ -46.576198579239716, -23.542993079170451 ] } },
{ "type": "Feature", "properties": { "loja_id": "AG01", "peso": 16.341209 }, "geometry": { "type": "Point", "coordinates": [ -46.682402568202619, -23.587536998297473 ] } },
{ "type": "Feature", "properties": { "loja_id": "AG06", "peso": 13.731154 }, "geometry": { "type": "Point", "coordinates": [ -46.576776508756893, -23.54135270395436 ] } },
{ "type": "Feature", "properties": { "loja_id": "AG09", "peso": 7.489721 }, "geometry": { "type": "Point", "coordinates": [ -46.635444427103288, -23.545108593713564 ] } },
{ "type": "Feature", "properties": { "loja_id": "AG07", "peso": 22.949129 }, "geometry": { "type": "Point", "coordinates": [ -46.624115658618891, -23.511923348289784 ] } },
{ "type": "Feature", "properties": { "loja_id": "AG07", "peso": 7.489721 }, "geometry": { "type": "Point", "coordinates": [ -46.630139253206345, -23.504067198743677 ] } },
{ "type": "Feature", "properties": { "loja_id": "AG03", "peso": 11.915465 }, "geometry": { "type": "Point", "coordinates": [ -46.699291387051723, -23.565256557365799 ] } },
{ "type": "Feature", "properties": { "loja_id": "AG07", "peso": 13.386992 }, "geometry": { "type": "Point", "coordinates": [ -46.629925581386232, -23.501026201518574 ] } },
{ "type": "Feature", "properties": { "loja_id": "AG01", "peso": 6.183515 }, "geometry": { "type": "Point", "coordinates": [ -46.68153061825231, -23.590616679423444 ] } },
{ "type": "Feature", "properties": { "loja_id": "AG07", "peso": 9.466516 }, "geometry": { "type": "Point", "coordinates": [ -46.624237140849786, -23.512247174527257 ] } },
{ "type": "Feature", "properties": { "loja_id": "AG07", "peso": 5.431294 }, "geometry": { "type": "Point", "coordinates": [ -46.624079021230465, -23.510533052632169 ] } },
{ "type": "Feature", "properties": { "loja_id": "AG09", "peso": 6.183515 }, "geometry": { "type": "Point", "coordinates": [ -46.648890700861649, -23.544939532842477 ] } },
{ "type": "Feature", "properties": { "loja_id": "AG07", "peso": 23.140372 }, "geometry": { "type": "Point", "coordinates": [ -46.624066129361744, -23.510280336559578 ] } },
{ "type": "Feature", "properties": { "loja_id": "AG03", "peso": 181.091167 }, "geometry": { "type": "Point", "coordinates": [ -46.700324285686939, -23.567873013858932 ] } },
{ "type": "Feature", "properties": { "loja_id": "AG01", "peso": 181.091167 }, "geometry": { "type": "Point", "coordinates": [ -46.690200980032508, -23.590540619343091 ] } },
{ "type": "Feature", "properties": { "loja_id": "AG07", "peso": 295.213463 }, "geometry": { "type": "Point", "coordinates": [ -46.627916659163013, -23.497705971961011 ] } },
{ "type": "Feature", "properties": { "loja_id": "AG07", "peso": 487.726774 }, "geometry": { "type": "Point", "coordinates": [ -46.622417490999588, -23.500400219390457 ] } },
{ "type": "Feature", "properties": { "loja_id": "AG02", "peso": 300.167325 }, "geometry": { "type": "Point", "coordinates": [ -46.655729462699234, -23.562295229568068 ] } },
{ "type": "Feature", "properties": { "loja_id": "AG07", "peso": 181.091167 }, "geometry": { "type": "Point", "coordinates": [ -46.629805572834371, -23.499230413750876 ] } },
{ "type": "Feature", "properties": { "loja_id": "AG07", "peso": 181.091167 }, "geometry": { "type": "Point", "coordinates": [ -46.625086013995656, -23.500823919880222 ] } },
{ "type": "Feature", "properties": { "loja_id": "AG07", "peso": 446.764936 }, "geometry": { "type": "Point", "coordinates": [ -46.629664001494923, -23.502049370288933 ] } },
{ "type": "Feature", "properties": { "loja_id": "AG07", "peso": 590.18092 }, "geometry": { "type": "Point", "coordinates": [ -46.624270186301601, -23.498972169950807 ] } },
{ "type": "Feature", "properties": { "loja_id": "AG09", "peso": 197.552611 }, "geometry": { "type": "Point", "coordinates": [ -46.643097724277801, -23.54854070875685 ] } },
{ "type": "Feature", "properties": { "loja_id": "AG07", "peso": 442.061497 }, "geometry": { "type": "Point", "coordinates": [ -46.625996605840442, -23.496832017774512 ] } },
{ "type": "Feature", "properties": { "loja_id": "AG02", "peso": 257.677599 }, "geometry": { "type": "Point", "coordinates": [ -46.658185494253722, -23.559731558799331 ] } },
{ "type": "Feature", "properties": { "loja_id": "AG07", "peso": 280.93896 }, "geometry": { "type": "Point", "coordinates": [ -46.625985486136415, -23.496723769221227 ] } },
{ "type": "Feature", "properties": { "loja_id": "AG09", "peso": 64.518059 }, "geometry": { "type": "Point", "coordinates": [ -46.636351406786495, -23.546372326514202 ] } },
{ "type": "Feature", "properties": { "loja_id": "AG03", "peso": 64.518059 }, "geometry": { "type": "Point", "coordinates": [ -46.689541030280715, -23.572668210288896 ] } },
{ "type": "Feature", "properties": { "loja_id": "AG04", "peso": 210.791901 }, "geometry": { "type": "Point", "coordinates": [ -46.627937022014407, -23.590835535145668 ] } },
{ "type": "Feature", "properties": { "loja_id": "AG09", "peso": 114.50185 }, "geometry": { "type": "Point", "coordinates": [ -46.634210511516073, -23.544335926715338 ] } },
{ "type": "Feature", "properties": { "loja_id": "AG01", "peso": 257.677599 }, "geometry": { "type": "Point", "coordinates": [ -46.673857736009893, -23.583592847893566 ] } },
{ "type": "Feature", "properties": { "loja_id": "AG07", "peso": 114.50185 }, "geometry": { "type": "Point", "coordinates": [ -46.62584264585557, -23.501041783269983 ] } },
{ "type": "Feature", "properties": { "loja_id": "AG07", "peso": 587.223969 }, "geometry": { "type": "Point", "coordinates": [ -46.622310671634857, -23.502071954435785 ] } },
{ "type": "Feature", "properties": { "loja_id": "AG09", "peso": 163.472727 }, "geometry": { "type": "Point", "coordinates": [ -46.636785505915753, -23.547415273197785 ] } },
{ "type": "Feature", "properties": { "loja_id": "AG03", "peso": 193.102158 }, "geometry": { "type": "Point", "coordinates": [ -46.690251586943347, -23.572308308893728 ] } },
{ "type": "Feature", "properties": { "loja_id": "AG07", "peso": 194.123863 }, "geometry": { "type": "Point", "coordinates": [ -46.623735135793964, -23.506445877202296 ] } },
{ "type": "Feature", "properties": { "loja_id": "AG10", "peso": 123.512727 }, "geometry": { "type": "Point", "coordinates": [ -46.672434768686109, -23.530014077042015 ] } },
{ "type": "Feature", "properties": { "loja_id": "AG08", "peso": 203.98615 }, "geometry": { "type": "Point", "coordinates": [ -46.695495155075299, -23.612886479145342 ] } },
{ "type": "Feature", "properties": { "loja_id": "AG07", "peso": 123.512727 }, "geometry": { "type": "Point", "coordinates": [ -46.618330480105179, -23.500081520652646 ] } },
{ "type": "Feature", "properties": { "loja_id": "AG02", "peso": 163.472727 }, "geometry": { "type": "Point", "coordinates": [ -46.658082059941087, -23.560075810335299 ] } },
{ "type": "Feature", "properties": { "loja_id": "AG03", "peso": 223.639772 }, "geometry": { "type": "Point", "coordinates": [ -46.691422795269716, -23.570435364178572 ] } },
{ "type": "Feature", "properties": { "loja_id": "AG08", "peso": 430.306778 }, "geometry": { "type": "Point", "coordinates": [ -46.696223220648676, -23.613871827613032 ] } },
{ "type": "Feature", "properties": { "loja_id": "AG02", "peso": 178.009261 }, "geometry": { "type": "Point", "coordinates": [ -46.654808773552674, -23.556832714879388 ] } },
{ "type": "Feature", "properties": { "loja_id": "AG08", "peso": 634.643632 }, "geometry": { "type": "Point", "coordinates": [ -46.697104525691806, -23.616101641192074 ] } },
{ "type": "Feature", "properties": { "loja_id": "AG10", "peso": 250.792554 }, "geometry": { "type": "Point", "coordinates": [ -46.680931735447231, -23.53201752239006 ] } },
{ "type": "Feature", "properties": { "loja_id": "AG03", "peso": 282.048599 }, "geometry": { "type": "Point", "coordinates": [ -46.690197552890886, -23.5596667419284 ] } },
{ "type": "Feature", "properties": { "loja_id": "AG08", "peso": 184.267145 }, "geometry": { "type": "Point", "coordinates": [ -46.694170691143412, -23.608196287327978 ] } },
{ "type": "Feature", "properties": { "loja_id": "AG02", "peso": 325.158553 }, "geometry": { "type": "Point", "coordinates": [ -46.654543957742, -23.558370672678471 ] } },
{ "type": "Feature", "properties": { "loja_id": "AG09", "peso": 140.917987 }, "geometry": { "type": "Point", "coordinates": [ -46.639058226211894, -23.547436488781877 ] } },
{ "type": "Feature", "properties": { "loja_id": "AG09", "peso": 370.207016 }, "geometry": { "type": "Point", "coordinates": [ -46.639340842251897, -23.546530480964915 ] } },
{ "type": "Feature", "properties": { "loja_id": "AG10", "peso": 184.963965 }, "geometry": { "type": "Point", "coordinates": [ -46.674385121283464, -23.529351958664336 ] } },
{ "type": "Feature", "properties": { "loja_id": "AG10", "peso": 184.963965 }, "geometry": { "type": "Point", "coordinates": [ -46.674385121283464, -23.529351958664336 ] } },
{ "type": "Feature", "properties": { "loja_id": "AG01", "peso": 429.977844 }, "geometry": { "type": "Point", "coordinates": [ -46.681017585804973, -23.591877419108599 ] } },
{ "type": "Feature", "properties": { "loja_id": "AG04", "peso": 429.977844 }, "geometry": { "type": "Point", "coordinates": [ -46.636432007882121, -23.598719965288808 ] } },
{ "type": "Feature", "properties": { "loja_id": "AG10", "peso": 301.83105 }, "geometry": { "type": "Point", "coordinates": [ -46.678504889517029, -23.536035061270177 ] } },
{ "type": "Feature", "properties": { "loja_id": "AG09", "peso": 179.842745 }, "geometry": { "type": "Point", "coordinates": [ -46.641425326496154, -23.551113938959858 ] } },
{ "type": "Feature", "properties": { "loja_id": "AG09", "peso": 203.247447 }, "geometry": { "type": "Point", "coordinates": [ -46.635575505281267, -23.546994548671101 ] } },
{ "type": "Feature", "properties": { "loja_id": "AG09", "peso": 191.883931 }, "geometry": { "type": "Point", "coordinates": [ -46.635575505281267, -23.546994548671101 ] } },
{ "type": "Feature", "properties": { "loja_id": "AG09", "peso": 61.602218 }, "geometry": { "type": "Point", "coordinates": [ -46.64144428889022, -23.545542054577634 ] } },
{ "type": "Feature", "properties": { "loja_id": "AG10", "peso": 551.386857 }, "geometry": { "type": "Point", "coordinates": [ -46.681722469256016, -23.530275184482402 ] } },
{ "type": "Feature", "properties": { "loja_id": "AG03", "peso": 186.88977 }, "geometry": { "type": "Point", "coordinates": [ -46.694497651238507, -23.566518926146617 ] } },
{ "type": "Feature", "properties": { "loja_id": "AG03", "peso": 191.745544 }, "geometry": { "type": "Point", "coordinates": [ -46.691770834378175, -23.570837930212093 ] } },
{ "type": "Feature", "properties": { "loja_id": "AG09", "peso": 1003.005018 }, "geometry": { "type": "Point", "coordinates": [ -46.634805687126786, -23.544149065984332 ] } },
{ "type": "Feature", "properties": { "loja_id": "AG07", "peso": 301.091723 }, "geometry": { "type": "Point", "coordinates": [ -46.625901293312133, -23.496246037556144 ] } },
{ "type": "Feature", "properties": { "loja_id": "AG11", "peso": 139.285009 }, "geometry": { "type": "Point", "coordinates": [ -46.700091501646924, -23.520070199327627 ] } },
{ "type": "Feature", "properties": { "loja_id": "AG07", "peso": 247.796941 }, "geometry": { "type": "Point", "coordinates": [ -46.630717168949957, -23.500105848828746 ] } },
{ "type": "Feature", "properties": { "loja_id": "AG09", "peso": 136.665746 }, "geometry": { "type": "Point", "coordinates": [ -46.639787100021124, -23.537495482248268 ] } },
{ "type": "Feature", "properties": { "loja_id": "AG09", "peso": 38.491626 }, "geometry": { "type": "Point", "coordinates": [ -46.635295247753874, -23.546509859405035 ] } },
{ "type": "Feature", "properties": { "loja_id": "AG11", "peso": 73.707369 }, "geometry": { "type": "Point", "coordinates": [ -46.704104368345796, -23.519899896962372 ] } },
{ "type": "Feature", "properties": { "loja_id": "AG03", "peso": 147.414737 }, "geometry": { "type": "Point", "coordinates": [ -46.690481936152914, -23.571935568932062 ] } },
{ "type": "Feature", "properties": { "loja_id": "AG10", "peso": 62.354958 }, "geometry": { "type": "Point", "coordinates": [ -46.679051562247018, -23.528949500032461 ] } },
{ "type": "Feature", "properties": { "loja_id": "AG11", "peso": 117.164005 }, "geometry": { "type": "Point", "coordinates": [ -46.700335333298646, -23.522279916743152 ] } },
{ "type": "Feature", "properties": { "loja_id": "AG09", "peso": 150.946549 }, "geometry": { "type": "Point", "coordinates": [ -46.639329197237053, -23.545591453412349 ] } },
{ "type": "Feature", "properties": { "loja_id": "AG09", "peso": 231.23297 }, "geometry": { "type": "Point", "coordinates": [ -46.637205185511775, -23.547293461855524 ] } },
{ "type": "Feature", "properties": { "loja_id": "AG10", "peso": 109.994014 }, "geometry": { "type": "Point", "coordinates": [ -46.675022383773239, -23.530952475350624 ] } },
{ "type": "Feature", "properties": { "loja_id": "AG09", "peso": 494.82469 }, "geometry": { "type": "Point", "coordinates": [ -46.651584770520735, -23.542626293524268 ] } },
{ "type": "Feature", "properties": { "loja_id": "AG02", "peso": 384.949127 }, "geometry": { "type": "Point", "coordinates": [ -46.655753867256713, -23.561897639798858 ] } },
{ "type": "Feature", "properties": { "loja_id": "AG08", "peso": 618.799162 }, "geometry": { "type": "Point", "coordinates": [ -46.694356205418515, -23.607381557549925 ] } },
{ "type": "Feature", "properties": { "loja_id": "AG08", "peso": 430.529627 }, "geometry": { "type": "Point", "coordinates": [ -46.694170691143412, -23.608196287327978 ] } },
{ "type": "Feature", "properties": { "loja_id": "AG03", "peso": 254.583717 }, "geometry": { "type": "Point", "coordinates": [ -46.688293663915587, -23.561692117338119 ] } },
{ "type": "Feature", "properties": { "loja_id": "AG11", "peso": 947.102717 }, "geometry": { "type": "Point", "coordinates": [ -46.703775207463643, -23.519433934183628 ] } },
{ "type": "Feature", "properties": { "loja_id": "AG09", "peso": 156.342832 }, "geometry": { "type": "Point", "coordinates": [ -46.637667496533403, -23.549031441128335 ] } },
{ "type": "Feature", "properties": { "loja_id": "AG03", "peso": 109.994014 }, "geometry": { "type": "Point", "coordinates": [ -46.688810114518112, -23.574500237250358 ] } },
{ "type": "Feature", "properties": { "loja_id": "AG10", "peso": 273.653134 }, "geometry": { "type": "Point", "coordinates": [ -46.679012570367895, -23.529735546836648 ] } },
{ "type": "Feature", "properties": { "loja_id": "AG07", "peso": 476.702002 }, "geometry": { "type": "Point", "coordinates": [ -46.622503100160905, -23.504192091362551 ] } },
{ "type": "Feature", "properties": { "loja_id": "AG03", "peso": 265.300868 }, "geometry": { "type": "Point", "coordinates": [ -46.688558100359764, -23.570881902571163 ] } },
{ "type": "Feature", "properties": { "loja_id": "AG04", "peso": 397.228246 }, "geometry": { "type": "Point", "coordinates": [ -46.636697759323297, -23.59723620410405 ] } },
{ "type": "Feature", "properties": { "loja_id": "AG09", "peso": 380.170766 }, "geometry": { "type": "Point", "coordinates": [ -46.636561658192804, -23.546740356514601 ] } },
{ "type": "Feature", "properties": { "loja_id": "AG11", "peso": 547.728754 }, "geometry": { "type": "Point", "coordinates": [ -46.701762125788314, -23.519762979681662 ] } },
{ "type": "Feature", "properties": { "loja_id": "AG11", "peso": 161.083523 }, "geometry": { "type": "Point", "coordinates": [ -46.700346263765326, -23.520844007437333 ] } },
{ "type": "Feature", "properties": { "loja_id": "AG02", "peso": 363.732041 }, "geometry": { "type": "Point", "coordinates": [ -46.656470981594147, -23.561275944715117 ] } },
{ "type": "Feature", "properties": { "loja_id": "AG10", "peso": 520.548842 }, "geometry": { "type": "Point", "coordinates": [ -46.672176722218879, -23.532843304210257 ] } },
{ "type": "Feature", "properties": { "loja_id": "AG07", "peso": 520.548842 }, "geometry": { "type": "Point", "coordinates": [ -46.626147552884333, -23.501950668554809 ] } },
{ "type": "Feature", "properties": { "loja_id": "AG07", "peso": 520.548842 }, "geometry": { "type": "Point", "coordinates": [ -46.625846017295139, -23.49812493454985 ] } },
{ "type": "Feature", "properties": { "loja_id": "AG09", "peso": 482.275851 }, "geometry": { "type": "Point", "coordinates": [ -46.643624787375984, -23.542087520092121 ] } },
{ "type": "Feature", "properties": { "loja_id": "AG08", "peso": 348.309565 }, "geometry": { "type": "Point", "coordinates": [ -46.68764074741032, -23.612511558607057 ] } },
{ "type": "Feature", "properties": { "loja_id": "AG07", "peso": 835.566858 }, "geometry": { "type": "Point", "coordinates": [ -46.625861822473979, -23.500210788017913 ] } },
{ "type": "Feature", "properties": { "loja_id": "AG01", "peso": 556.051301 }, "geometry": { "type": "Point", "coordinates": [ -46.68103717956307, -23.591877207012356 ] } },
{ "type": "Feature", "properties": { "loja_id": "AG08", "peso": 706.64844 }, "geometry": { "type": "Point", "coordinates": [ -46.695868969186272, -23.60461990163471 ] } },
{ "type": "Feature", "properties": { "loja_id": "AG09", "peso": 438.544787 }, "geometry": { "type": "Point", "coordinates": [ -46.638431435349688, -23.542702188396341 ] } },
{ "type": "Feature", "properties": { "loja_id": "AG11", "peso": 504.878568 }, "geometry": { "type": "Point", "coordinates": [ -46.701762125788314, -23.519762979681662 ] } },
{ "type": "Feature", "properties": { "loja_id": "AG09", "peso": 535.569802 }, "geometry": { "type": "Point", "coordinates": [ -46.6487685455293, -23.539071154680066 ] } },
{ "type": "Feature", "properties": { "loja_id": "AG07", "peso": 438.803567 }, "geometry": { "type": "Point", "coordinates": [ -46.624972533358005, -23.509133052852338 ] } },
{ "type": "Feature", "properties": { "loja_id": "AG07", "peso": 354.42773 }, "geometry": { "type": "Point", "coordinates": [ -46.622382651537073, -23.499154388066625 ] } },
{ "type": "Feature", "properties": { "loja_id": "AG07", "peso": 365.714793 }, "geometry": { "type": "Point", "coordinates": [ -46.622382651537073, -23.499154388066625 ] } },
{ "type": "Feature", "properties": { "loja_id": "AG07", "peso": 354.42773 }, "geometry": { "type": "Point", "coordinates": [ -46.624764722606152, -23.502570135749732 ] } },
{ "type": "Feature", "properties": { "loja_id": "AG07", "peso": 365.714793 }, "geometry": { "type": "Point", "coordinates": [ -46.624764722606152, -23.502570135749732 ] } },
{ "type": "Feature", "properties": { "loja_id": "AG07", "peso": 1167.451063 }, "geometry": { "type": "Point", "coordinates": [ -46.624256626347822, -23.504255086662045 ] } },
{ "type": "Feature", "properties": { "loja_id": "AG09", "peso": 1167.451063 }, "geometry": { "type": "Point", "coordinates": [ -46.644069168843771, -23.543166457455438 ] } },
{ "type": "Feature", "properties": { "loja_id": "AG10", "peso": 642.082043 }, "geometry": { "type": "Point", "coordinates": [ -46.674944118996457, -23.527864990214425 ] } },
{ "type": "Feature", "properties": { "loja_id": "AG04", "peso": 1093.144765 }, "geometry": { "type": "Point", "coordinates": [ -46.633266420893968, -23.5955114355856 ] } },
{ "type": "Feature", "properties": { "loja_id": "AG09", "peso": 588.994677 }, "geometry": { "type": "Point", "coordinates": [ -46.634997348234123, -23.544598566706679 ] } },
{ "type": "Feature", "properties": { "loja_id": "AG07", "peso": 1097.078962 }, "geometry": { "type": "Point", "coordinates": [ -46.625068198466096, -23.507353070512824 ] } },
{ "type": "Feature", "properties": { "loja_id": "AG10", "peso": 596.275678 }, "geometry": { "type": "Point", "coordinates": [ -46.679145498603646, -23.531720752748456 ] } },
{ "type": "Feature", "properties": { "loja_id": "AG09", "peso": 489.456271 }, "geometry": { "type": "Point", "coordinates": [ -46.634210511516073, -23.544335926715338 ] } },
{ "type": "Feature", "properties": { "loja_id": "AG07", "peso": 350.284049 }, "geometry": { "type": "Point", "coordinates": [ -46.629168333054331, -23.503147230476117 ] } },
{ "type": "Feature", "properties": { "loja_id": "AG09", "peso": 713.559907 }, "geometry": { "type": "Point", "coordinates": [ -46.636186530349264, -23.538589938369007 ] } },
{ "type": "Feature", "properties": { "loja_id": "AG01", "peso": 271.474671 }, "geometry": { "type": "Point", "coordinates": [ -46.685503281303269, -23.591729467292875 ] } },
{ "type": "Feature", "properties": { "loja_id": "AG09", "peso": 466.994684 }, "geometry": { "type": "Point", "coordinates": [ -46.64552301045299, -23.53720916048491 ] } },
{ "type": "Feature", "properties": { "loja_id": "AG02", "peso": 271.474671 }, "geometry": { "type": "Point", "coordinates": [ -46.657924099303763, -23.559978162640416 ] } },
{ "type": "Feature", "properties": { "loja_id": "AG07", "peso": 39.872287 }, "geometry": { "type": "Point", "coordinates": [ -46.626259272864324, -23.51184679129431 ] } },
{ "type": "Feature", "properties": { "loja_id": "AG07", "peso": 30.447413 }, "geometry": { "type": "Point", "coordinates": [ -46.620988177805295, -23.502022511241968 ] } },
{ "type": "Feature", "properties": { "loja_id": "AG03", "peso": 155.124322 }, "geometry": { "type": "Point", "coordinates": [ -46.693461102765383, -23.568191761855921 ] } },
{ "type": "Feature", "properties": { "loja_id": "AG09", "peso": 63.947567 }, "geometry": { "type": "Point", "coordinates": [ -46.641549512317461, -23.537449804793887 ] } },
{ "type": "Feature", "properties": { "loja_id": "AG09", "peso": 39.691593 }, "geometry": { "type": "Point", "coordinates": [ -46.63771815826351, -23.540470185391893 ] } },
{ "type": "Feature", "properties": { "loja_id": "AG02", "peso": 26.035617 }, "geometry": { "type": "Point", "coordinates": [ -46.655696346182481, -23.554963037903061 ] } },
{ "type": "Feature", "properties": { "loja_id": "AG03", "peso": 55.382795 }, "geometry": { "type": "Point", "coordinates": [ -46.686281049138941, -23.562878849504415 ] } },
{ "type": "Feature", "properties": { "loja_id": "AG12", "peso": 57.535112 }, "geometry": { "type": "Point", "coordinates": [ -46.641042395865959, -23.636092494610182 ] } },
{ "type": "Feature", "properties": { "loja_id": "AG02", "peso": 27.059065 }, "geometry": { "type": "Point", "coordinates": [ -46.654813048654454, -23.56264813663925 ] } },
{ "type": "Feature", "properties": { "loja_id": "AG01", "peso": 37.226732 }, "geometry": { "type": "Point", "coordinates": [ -46.682776242914031, -23.585338632889727 ] } },
{ "type": "Feature", "properties": { "loja_id": "AG12", "peso": 55.382795 }, "geometry": { "type": "Point", "coordinates": [ -46.64089069446166, -23.646722627225195 ] } },
{ "type": "Feature", "properties": { "loja_id": "AG07", "peso": 214.119961 }, "geometry": { "type": "Point", "coordinates": [ -46.624741732759141, -23.507880238907141 ] } },
{ "type": "Feature", "properties": { "loja_id": "AG02", "peso": 165.883578 }, "geometry": { "type": "Point", "coordinates": [ -46.654614215638986, -23.558505378401009 ] } },
{ "type": "Feature", "properties": { "loja_id": "AG09", "peso": 48.374103 }, "geometry": { "type": "Point", "coordinates": [ -46.636785505915753, -23.547415273197785 ] } },
{ "type": "Feature", "properties": { "loja_id": "AG09", "peso": 428.239922 }, "geometry": { "type": "Point", "coordinates": [ -46.636785505915753, -23.547415273197785 ] } },
{ "type": "Feature", "properties": { "loja_id": "AG07", "peso": 160.650223 }, "geometry": { "type": "Point", "coordinates": [ -46.622175114184337, -23.499797707503237 ] } },
{ "type": "Feature", "properties": { "loja_id": "AG04", "peso": 127.600082 }, "geometry": { "type": "Point", "coordinates": [ -46.634389648646881, -23.5896841317557 ] } },
{ "type": "Feature", "properties": { "loja_id": "AG09", "peso": 214.470817 }, "geometry": { "type": "Point", "coordinates": [ -46.636916403381079, -23.547702865021158 ] } },
{ "type": "Feature", "properties": { "loja_id": "AG11", "peso": 68.373799 }, "geometry": { "type": "Point", "coordinates": [ -46.710661950178398, -23.527955047856135 ] } },
{ "type": "Feature", "properties": { "loja_id": "AG11", "peso": 191.423711 }, "geometry": { "type": "Point", "coordinates": [ -46.710661950178398, -23.527955047856135 ] } },
{ "type": "Feature", "properties": { "loja_id": "AG09", "peso": 214.470817 }, "geometry": { "type": "Point", "coordinates": [ -46.642120195705864, -23.542392380540779 ] } },
{ "type": "Feature", "properties": { "loja_id": "AG02", "peso": 159.290398 }, "geometry": { "type": "Point", "coordinates": [ -46.657852880939579, -23.560547825929635 ] } },
{ "type": "Feature", "properties": { "loja_id": "AG07", "peso": 177.712074 }, "geometry": { "type": "Point", "coordinates": [ -46.625418715217144, -23.506392192422755 ] } },
{ "type": "Feature", "properties": { "loja_id": "AG07", "peso": 74.928058 }, "geometry": { "type": "Point", "coordinates": [ -46.615281938298644, -23.501413544187209 ] } },
{ "type": "Feature", "properties": { "loja_id": "AG04", "peso": 227.536449 }, "geometry": { "type": "Point", "coordinates": [ -46.638616504976227, -23.581313701247471 ] } },
{ "type": "Feature", "properties": { "loja_id": "AG10", "peso": 188.082519 }, "geometry": { "type": "Point", "coordinates": [ -46.675426929852939, -23.532736098312629 ] } },
{ "type": "Feature", "properties": { "loja_id": "AG09", "peso": 292.704321 }, "geometry": { "type": "Point", "coordinates": [ -46.638796877558136, -23.53899591618627 ] } },
{ "type": "Feature", "properties": { "loja_id": "AG09", "peso": 147.101746 }, "geometry": { "type": "Point", "coordinates": [ -46.634892666195896, -23.54563815228725 ] } },
{ "type": "Feature", "properties": { "loja_id": "AG07", "peso": 347.431427 }, "geometry": { "type": "Point", "coordinates": [ -46.623519279101927, -23.503215250259885 ] } },
{ "type": "Feature", "properties": { "loja_id": "AG07", "peso": 1148.220319 }, "geometry": { "type": "Point", "coordinates": [ -46.624694083471809, -23.506390723699131 ] } },
{ "type": "Feature", "properties": { "loja_id": "AG07", "peso": 568.751697 }, "geometry": { "type": "Point", "coordinates": [ -46.622236864385584, -23.505639726835788 ] } },
{ "type": "Feature", "properties": { "loja_id": "AG01", "peso": 164.037951 }, "geometry": { "type": "Point", "coordinates": [ -46.682776242914031, -23.585338632889727 ] } },
{ "type": "Feature", "properties": { "loja_id": "AG01", "peso": 289.694549 }, "geometry": { "type": "Point", "coordinates": [ -46.691001649880064, -23.590324211446134 ] } },
{ "type": "Feature", "properties": { "loja_id": "AG07", "peso": 256.873441 }, "geometry": { "type": "Point", "coordinates": [ -46.62436842119476, -23.498998236728006 ] } },
{ "type": "Feature", "properties": { "loja_id": "AG03", "peso": 256.873441 }, "geometry": { "type": "Point", "coordinates": [ -46.684761361855834, -23.564313058667189 ] } },
{ "type": "Feature", "properties": { "loja_id": "AG03", "peso": 274.423081 }, "geometry": { "type": "Point", "coordinates": [ -46.684761361855834, -23.564313058667189 ] } },
{ "type": "Feature", "properties": { "loja_id": "AG02", "peso": 167.330416 }, "geometry": { "type": "Point", "coordinates": [ -46.655711253496982, -23.559279328455407 ] } },
{ "type": "Feature", "properties": { "loja_id": "AG01", "peso": 142.495352 }, "geometry": { "type": "Point", "coordinates": [ -46.674603573199391, -23.584460732906795 ] } },
{ "type": "Feature", "properties": { "loja_id": "AG07", "peso": 870.24204 }, "geometry": { "type": "Point", "coordinates": [ -46.625909008751968, -23.497672757865484 ] } },
{ "type": "Feature", "properties": { "loja_id": "AG15", "peso": 296.43253 }, "geometry": { "type": "Point", "coordinates": [ -46.702792071704927, -23.572361028305007 ] } },
{ "type": "Feature", "properties": { "loja_id": "AG07", "peso": 338.540081 }, "geometry": { "type": "Point", "coordinates": [ -46.621126025332764, -23.498083823688976 ] } },
{ "type": "Feature", "properties": { "loja_id": "AG09", "peso": 296.43253 }, "geometry": { "type": "Point", "coordinates": [ -46.638817971102107, -23.547809262618713 ] } },
{ "type": "Feature", "properties": { "loja_id": "AG02", "peso": 180.099144 }, "geometry": { "type": "Point", "coordinates": [ -46.656810172910014, -23.55629667682209 ] } },
{ "type": "Feature", "properties": { "loja_id": "AG09", "peso": 390.604636 }, "geometry": { "type": "Point", "coordinates": [ -46.641309419998947, -23.545724083617149 ] } },
{ "type": "Feature", "properties": { "loja_id": "AG03", "peso": 162.389951 }, "geometry": { "type": "Point", "coordinates": [ -46.691355385198712, -23.570526398884112 ] } },
{ "type": "Feature", "properties": { "loja_id": "AG04", "peso": 87.943595 }, "geometry": { "type": "Point", "coordinates": [ -46.634527046047644, -23.58812045074847 ] } },
{ "type": "Feature", "properties": { "loja_id": "AG01", "peso": 284.990705 }, "geometry": { "type": "Point", "coordinates": [ -46.682776242914031, -23.585338632889727 ] } },
{ "type": "Feature", "properties": { "loja_id": "AG06", "peso": 167.10768 }, "geometry": { "type": "Point", "coordinates": [ -46.572253167993182, -23.543981211301197 ] } },
{ "type": "Feature", "properties": { "loja_id": "AG12", "peso": 194.667015 }, "geometry": { "type": "Point", "coordinates": [ -46.644935490021957, -23.653488504112026 ] } },
{ "type": "Feature", "properties": { "loja_id": "AG07", "peso": 41.800781 }, "geometry": { "type": "Point", "coordinates": [ -46.617519951227742, -23.499457811256285 ] } },
{ "type": "Feature", "properties": { "loja_id": "AG03", "peso": 426.063655 }, "geometry": { "type": "Point", "coordinates": [ -46.702369282574651, -23.565403477826173 ] } },
{ "type": "Feature", "properties": { "loja_id": "AG09", "peso": 126.629756 }, "geometry": { "type": "Point", "coordinates": [ -46.635096747789667, -23.542339944991983 ] } },
{ "type": "Feature", "properties": { "loja_id": "AG01", "peso": 41.800781 }, "geometry": { "type": "Point", "coordinates": [ -46.682387465519668, -23.587889336266532 ] } },
{ "type": "Feature", "properties": { "loja_id": "AG09", "peso": 65.312394 }, "geometry": { "type": "Point", "coordinates": [ -46.638794239949981, -23.54589509075592 ] } },
{ "type": "Feature", "properties": { "loja_id": "AG04", "peso": 126.629756 }, "geometry": { "type": "Point", "coordinates": [ -46.632519996312986, -23.596955095972248 ] } },
{ "type": "Feature", "properties": { "loja_id": "AG01", "peso": 323.920315 }, "geometry": { "type": "Point", "coordinates": [ -46.682173253143482, -23.584920748873515 ] } },
{ "type": "Feature", "properties": { "loja_id": "AG01", "peso": 408.702025 }, "geometry": { "type": "Point", "coordinates": [ -46.682776242914031, -23.585338632889727 ] } },
{ "type": "Feature", "properties": { "loja_id": "AG07", "peso": 495.976302 }, "geometry": { "type": "Point", "coordinates": [ -46.624764722606152, -23.502570135749732 ] } },
{ "type": "Feature", "properties": { "loja_id": "AG12", "peso": 921.984089 }, "geometry": { "type": "Point", "coordinates": [ -46.643177848663591, -23.646192711733015 ] } },
{ "type": "Feature", "properties": { "loja_id": "AG12", "peso": 197.665902 }, "geometry": { "type": "Point", "coordinates": [ -46.64089069446166, -23.646722627225195 ] } },
{ "type": "Feature", "properties": { "loja_id": "AG07", "peso": 86.265291 }, "geometry": { "type": "Point", "coordinates": [ -46.624927685242227, -23.499091737825761 ] } },
{ "type": "Feature", "properties": { "loja_id": "AG09", "peso": 359.972168 }, "geometry": { "type": "Point", "coordinates": [ -46.640889146528522, -23.54658639541821 ] } },
{ "type": "Feature", "properties": { "loja_id": "AG01", "peso": 126.855784 }, "geometry": { "type": "Point", "coordinates": [ -46.681007788925839, -23.591877525155802 ] } },
{ "type": "Feature", "properties": { "loja_id": "AG09", "peso": 174.046776 }, "geometry": { "type": "Point", "coordinates": [ -46.650948749435905, -23.541892564278672 ] } },
{ "type": "Feature", "properties": { "loja_id": "AG10", "peso": 142.343737 }, "geometry": { "type": "Point", "coordinates": [ -46.676639878857955, -23.533391266502836 ] } },
{ "type": "Feature", "properties": { "loja_id": "AG07", "peso": 126.855784 }, "geometry": { "type": "Point", "coordinates": [ -46.625792594158945, -23.498558950569929 ] } },
{ "type": "Feature", "properties": { "loja_id": "AG09", "peso": 142.343737 }, "geometry": { "type": "Point", "coordinates": [ -46.634805687126786, -23.544149065984332 ] } },
{ "type": "Feature", "properties": { "loja_id": "AG07", "peso": 236.221574 }, "geometry": { "type": "Point", "coordinates": [ -46.629014996379681, -23.504214417839254 ] } },
{ "type": "Feature", "properties": { "loja_id": "AG07", "peso": 397.844055 }, "geometry": { "type": "Point", "coordinates": [ -46.62042705399459, -23.497775032363069 ] } },
{ "type": "Feature", "properties": { "loja_id": "AG07", "peso": 105.430293 }, "geometry": { "type": "Point", "coordinates": [ -46.625001467826699, -23.502712151951986 ] } },
{ "type": "Feature", "properties": { "loja_id": "AG15", "peso": 192.878937 }, "geometry": { "type": "Point", "coordinates": [ -46.712808756834669, -23.565153334898501 ] } },
{ "type": "Feature", "properties": { "loja_id": "AG02", "peso": 213.505213 }, "geometry": { "type": "Point", "coordinates": [ -46.657911422327452, -23.560529141163236 ] } },
{ "type": "Feature", "properties": { "loja_id": "AG12", "peso": 241.990167 }, "geometry": { "type": "Point", "coordinates": [ -46.64089069446166, -23.646722627225195 ] } },
{ "type": "Feature", "properties": { "loja_id": "AG08", "peso": 353.658318 }, "geometry": { "type": "Point", "coordinates": [ -46.694170691143412, -23.608196287327978 ] } },
{ "type": "Feature", "properties": { "loja_id": "AG11", "peso": 95.045895 }, "geometry": { "type": "Point", "coordinates": [ -46.706372514360716, -23.524922877713998 ] } },
{ "type": "Feature", "properties": { "loja_id": "AG09", "peso": 147.05724 }, "geometry": { "type": "Point", "coordinates": [ -46.6443514710095, -23.547750853711886 ] } },
{ "type": "Feature", "properties": { "loja_id": "AG02", "peso": 81.841991 }, "geometry": { "type": "Point", "coordinates": [ -46.654328282258582, -23.56305062655921 ] } },
{ "type": "Feature", "properties": { "loja_id": "AG11", "peso": 147.05724 }, "geometry": { "type": "Point", "coordinates": [ -46.69349010898982, -23.523817430267957 ] } },
{ "type": "Feature", "properties": { "loja_id": "AG04", "peso": 42.1196 }, "geometry": { "type": "Point", "coordinates": [ -46.634504862686775, -23.589493283808423 ] } },
{ "type": "Feature", "properties": { "loja_id": "AG08", "peso": 71.620373 }, "geometry": { "type": "Point", "coordinates": [ -46.698197431954092, -23.611935868795729 ] } },
{ "type": "Feature", "properties": { "loja_id": "AG03", "peso": 301.8108 }, "geometry": { "type": "Point", "coordinates": [ -46.694057276813851, -23.567318375278514 ] } },
{ "type": "Feature", "properties": { "loja_id": "AG09", "peso": 301.8108 }, "geometry": { "type": "Point", "coordinates": [ -46.640133545132194, -23.548842907131849 ] } },
{ "type": "Feature", "properties": { "loja_id": "AG08", "peso": 320.015529 }, "geometry": { "type": "Point", "coordinates": [ -46.694159685170391, -23.603527868741612 ] } },
{ "type": "Feature", "properties": { "loja_id": "AG10", "peso": 222.628849 }, "geometry": { "type": "Point", "coordinates": [ -46.676366228761907, -23.54348093024246 ] } },
{ "type": "Feature", "properties": { "loja_id": "AG01", "peso": 213.325259 }, "geometry": { "type": "Point", "coordinates": [ -46.674603573199391, -23.584460732906795 ] } },
{ "type": "Feature", "properties": { "loja_id": "AG07", "peso": 197.991563 }, "geometry": { "type": "Point", "coordinates": [ -46.624675764187728, -23.505695575626333 ] } },
{ "type": "Feature", "properties": { "loja_id": "AG07", "peso": 520.836503 }, "geometry": { "type": "Point", "coordinates": [ -46.631767618857523, -23.501918980970043 ] } },
{ "type": "Feature", "properties": { "loja_id": "AG09", "peso": 295.620277 }, "geometry": { "type": "Point", "coordinates": [ -46.638862632213261, -23.538769465964243 ] } },
{ "type": "Feature", "properties": { "loja_id": "AG02", "peso": 286.461523 }, "geometry": { "type": "Point", "coordinates": [ -46.657953143235233, -23.559950762233008 ] } },
{ "type": "Feature", "properties": { "loja_id": "AG07", "peso": 337.630019 }, "geometry": { "type": "Point", "coordinates": [ -46.615409875457274, -23.501466399812184 ] } },
{ "type": "Feature", "properties": { "loja_id": "AG06", "peso": 362.68259 }, "geometry": { "type": "Point", "coordinates": [ -46.570316517776853, -23.540090566896673 ] } },
{ "type": "Feature", "properties": { "loja_id": "AG09", "peso": 379.118037 }, "geometry": { "type": "Point", "coordinates": [ -46.643614354391794, -23.547550949363082 ] } },
{ "type": "Feature", "properties": { "loja_id": "AG09", "peso": 319.237223 }, "geometry": { "type": "Point", "coordinates": [ -46.642300438399282, -23.541920902706408 ] } },
{ "type": "Feature", "properties": { "loja_id": "AG09", "peso": 189.811044 }, "geometry": { "type": "Point", "coordinates": [ -46.644935455559086, -23.540366942394968 ] } },
{ "type": "Feature", "properties": { "loja_id": "AG06", "peso": 274.750455 }, "geometry": { "type": "Point", "coordinates": [ -46.576168981147269, -23.542153543842748 ] } },
{ "type": "Feature", "properties": { "loja_id": "AG05", "peso": 274.750455 }, "geometry": { "type": "Point", "coordinates": [ -46.597621293081133, -23.551199901214321 ] } },
{ "type": "Feature", "properties": { "loja_id": "AG09", "peso": 177.213559 }, "geometry": { "type": "Point", "coordinates": [ -46.636024254700942, -23.538140129555664 ] } },
{ "type": "Feature", "properties": { "loja_id": "AG11", "peso": 99.903038 }, "geometry": { "type": "Point", "coordinates": [ -46.708587906585976, -23.525846731817218 ] } },
{ "type": "Feature", "properties": { "loja_id": "AG08", "peso": 254.260065 }, "geometry": { "type": "Point", "coordinates": [ -46.694704242108344, -23.607775080272479 ] } },
{ "type": "Feature", "properties": { "loja_id": "AG07", "peso": 221.095708 }, "geometry": { "type": "Point", "coordinates": [ -46.628213172574462, -23.500321681910112 ] } },
{ "type": "Feature", "properties": { "loja_id": "AG09", "peso": 51.243827 }, "geometry": { "type": "Point", "coordinates": [ -46.648930989300432, -23.542672509463692 ] } },
{ "type": "Feature", "properties": { "loja_id": "AG02", "peso": 737.641398 }, "geometry": { "type": "Point", "coordinates": [ -46.656393416267164, -23.561339982781128 ] } },
{ "type": "Feature", "properties": { "loja_id": "AG01", "peso": 148.111564 }, "geometry": { "type": "Point", "coordinates": [ -46.686232735086286, -23.591306164058231 ] } },
{ "type": "Feature", "properties": { "loja_id": "AG09", "peso": 91.815774 }, "geometry": { "type": "Point", "coordinates": [ -46.63626331145521, -23.538462706469584 ] } },
{ "type": "Feature", "properties": { "loja_id": "AG09", "peso": 62.550377 }, "geometry": { "type": "Point", "coordinates": [ -46.634725899201051, -23.538487899842728 ] } },
{ "type": "Feature", "properties": { "loja_id": "AG06", "peso": 110.547854 }, "geometry": { "type": "Point", "coordinates": [ -46.572703128999393, -23.544753284906697 ] } },
{ "type": "Feature", "properties": { "loja_id": "AG09", "peso": 226.125878 }, "geometry": { "type": "Point", "coordinates": [ -46.64611736467355, -23.536173420777672 ] } },
{ "type": "Feature", "properties": { "loja_id": "AG07", "peso": 295.788908 }, "geometry": { "type": "Point", "coordinates": [ -46.618802155379804, -23.499417399833064 ] } },
{ "type": "Feature", "properties": { "loja_id": "AG02", "peso": 348.280497 }, "geometry": { "type": "Point", "coordinates": [ -46.655729462699234, -23.562295229568068 ] } },
{ "type": "Feature", "properties": { "loja_id": "AG02", "peso": 146.399967 }, "geometry": { "type": "Point", "coordinates": [ -46.654721321414904, -23.563145775523495 ] } },
{ "type": "Feature", "properties": { "loja_id": "AG02", "peso": 226.125878 }, "geometry": { "type": "Point", "coordinates": [ -46.655419310294384, -23.562560409343739 ] } },
{ "type": "Feature", "properties": { "loja_id": "AG09", "peso": 79.986817 }, "geometry": { "type": "Point", "coordinates": [ -46.644879099607884, -23.547645941045474 ] } },
{ "type": "Feature", "properties": { "loja_id": "AG09", "peso": 39.534896 }, "geometry": { "type": "Point", "coordinates": [ -46.637784139033293, -23.540261793772949 ] } },
{ "type": "Feature", "properties": { "loja_id": "AG06", "peso": 39.534896 }, "geometry": { "type": "Point", "coordinates": [ -46.575557050219579, -23.53847530297319 ] } },
{ "type": "Feature", "properties": { "loja_id": "AG01", "peso": 15.947764 }, "geometry": { "type": "Point", "coordinates": [ -46.678434764033341, -23.586794306079291 ] } },
{ "type": "Feature", "properties": { "loja_id": "AG07", "peso": 24.816277 }, "geometry": { "type": "Point", "coordinates": [ -46.616885944795939, -23.502065151431463 ] } },
{ "type": "Feature", "properties": { "loja_id": "AG02", "peso": 39.648994 }, "geometry": { "type": "Point", "coordinates": [ -46.648863080558797, -23.554502868741729 ] } },
{ "type": "Feature", "properties": { "loja_id": "AG02", "peso": 15.947764 }, "geometry": { "type": "Point", "coordinates": [ -46.648863080558797, -23.554502868741729 ] } },
{ "type": "Feature", "properties": { "loja_id": "AG07", "peso": 15.947764 }, "geometry": { "type": "Point", "coordinates": [ -46.624006844823846, -23.499056189247348 ] } },
{ "type": "Feature", "properties": { "loja_id": "AG07", "peso": 37.138841 }, "geometry": { "type": "Point", "coordinates": [ -46.627271966907692, -23.50022315332885 ] } },
{ "type": "Feature", "properties": { "loja_id": "AG07", "peso": 15.947764 }, "geometry": { "type": "Point", "coordinates": [ -46.627271966907692, -23.50022315332885 ] } },
{ "type": "Feature", "properties": { "loja_id": "AG07", "peso": 13.792413 }, "geometry": { "type": "Point", "coordinates": [ -46.623549145584093, -23.502456386496736 ] } },
{ "type": "Feature", "properties": { "loja_id": "AG09", "peso": 329.796862 }, "geometry": { "type": "Point", "coordinates": [ -46.63744795414744, -23.547913996389379 ] } },
{ "type": "Feature", "properties": { "loja_id": "AG05", "peso": 99.308387 }, "geometry": { "type": "Point", "coordinates": [ -46.600192821364516, -23.554857865163999 ] } },
{ "type": "Feature", "properties": { "loja_id": "AG01", "peso": 694.430313 }, "geometry": { "type": "Point", "coordinates": [ -46.680951473735206, -23.58053630604584 ] } },
{ "type": "Feature", "properties": { "loja_id": "AG06", "peso": 157.251959 }, "geometry": { "type": "Point", "coordinates": [ -46.570355406176049, -23.539241306680552 ] } },
{ "type": "Feature", "properties": { "loja_id": "AG09", "peso": 331.703351 }, "geometry": { "type": "Point", "coordinates": [ -46.640371497342741, -23.543548648632431 ] } },
{ "type": "Feature", "properties": { "loja_id": "AG02", "peso": 313.698576 }, "geometry": { "type": "Point", "coordinates": [ -46.657637178601085, -23.567557573195778 ] } },
{ "type": "Feature", "properties": { "loja_id": "AG09", "peso": 265.362681 }, "geometry": { "type": "Point", "coordinates": [ -46.63713689984759, -23.54810690736679 ] } },
{ "type": "Feature", "properties": { "loja_id": "AG06", "peso": 313.698576 }, "geometry": { "type": "Point", "coordinates": [ -46.576138740242783, -23.542903380661812 ] } },
{ "type": "Feature", "properties": { "loja_id": "AG09", "peso": 124.980837 }, "geometry": { "type": "Point", "coordinates": [ -46.639186647217137, -23.541204232680567 ] } },
{ "type": "Feature", "properties": { "loja_id": "AG06", "peso": 293.616327 }, "geometry": { "type": "Point", "coordinates": [ -46.575610229378036, -23.535539853767194 ] } },
{ "type": "Feature", "properties": { "loja_id": "AG02", "peso": 123.41618 }, "geometry": { "type": "Point", "coordinates": [ -46.658559435729607, -23.562987477431978 ] } },
{ "type": "Feature", "properties": { "loja_id": "AG06", "peso": 227.725787 }, "geometry": { "type": "Point", "coordinates": [ -46.572038730244735, -23.5457172340444 ] } },
{ "type": "Feature", "properties": { "loja_id": "AG03", "peso": 123.41618 }, "geometry": { "type": "Point", "coordinates": [ -46.69933784164698, -23.564298860717823 ] } },
{ "type": "Feature", "properties": { "loja_id": "AG06", "peso": 197.74761 }, "geometry": { "type": "Point", "coordinates": [ -46.569919193355574, -23.542099349666227 ] } },
{ "type": "Feature", "properties": { "loja_id": "AG02", "peso": 197.74761 }, "geometry": { "type": "Point", "coordinates": [ -46.658185494253722, -23.559731558799331 ] } },
{ "type": "Feature", "properties": { "loja_id": "AG08", "peso": 277.00177 }, "geometry": { "type": "Point", "coordinates": [ -46.698197431954092, -23.611935868795729 ] } },
{ "type": "Feature", "properties": { "loja_id": "AG06", "peso": 128.55494 }, "geometry": { "type": "Point", "coordinates": [ -46.573055924705862, -23.544767778244179 ] } },
{ "type": "Feature", "properties": { "loja_id": "AG06", "peso": 261.1352 }, "geometry": { "type": "Point", "coordinates": [ -46.573732617984469, -23.541546077362074 ] } },
{ "type": "Feature", "properties": { "loja_id": "AG09", "peso": 91.993272 }, "geometry": { "type": "Point", "coordinates": [ -46.634805687126786, -23.544149065984332 ] } },
{ "type": "Feature", "properties": { "loja_id": "AG06", "peso": 123.41618 }, "geometry": { "type": "Point", "coordinates": [ -46.5720261079747, -23.543008212539149 ] } },
{ "type": "Feature", "properties": { "loja_id": "AG09", "peso": 156.284035 }, "geometry": { "type": "Point", "coordinates": [ -46.63475319561892, -23.547824952047897 ] } },
{ "type": "Feature", "properties": { "loja_id": "AG09", "peso": 284.270795 }, "geometry": { "type": "Point", "coordinates": [ -46.63475319561892, -23.547824952047897 ] } },
{ "type": "Feature", "properties": { "loja_id": "AG08", "peso": 163.682864 }, "geometry": { "type": "Point", "coordinates": [ -46.694661499621695, -23.610547772431971 ] } },
{ "type": "Feature", "properties": { "loja_id": "AG02", "peso": 300.663344 }, "geometry": { "type": "Point", "coordinates": [ -46.655496876803781, -23.562496371706704 ] } },
{ "type": "Feature", "properties": { "loja_id": "AG06", "peso": 151.829229 }, "geometry": { "type": "Point", "coordinates": [ -46.576400360011952, -23.53280464060612 ] } },
{ "type": "Feature", "properties": { "loja_id": "AG06", "peso": 175.390454 }, "geometry": { "type": "Point", "coordinates": [ -46.576823517591649, -23.537080806514332 ] } },
{ "type": "Feature", "properties": { "loja_id": "AG06", "peso": 175.390454 }, "geometry": { "type": "Point", "coordinates": [ -46.575125879422558, -23.531878375384206 ] } },
{ "type": "Feature", "properties": { "loja_id": "AG06", "peso": 177.633286 }, "geometry": { "type": "Point", "coordinates": [ -46.57674429927993, -23.53290049114408 ] } },
{ "type": "Feature", "properties": { "loja_id": "AG09", "peso": 308.78471 }, "geometry": { "type": "Point", "coordinates": [ -46.636976508145047, -23.547810595941407 ] } },
{ "type": "Feature", "properties": { "loja_id": "AG01", "peso": 142.152707 }, "geometry": { "type": "Point", "coordinates": [ -46.680763637799195, -23.593478497632827 ] } },
{ "type": "Feature", "properties": { "loja_id": "AG06", "peso": 239.32111 }, "geometry": { "type": "Point", "coordinates": [ -46.570645347793928, -23.536438922109649 ] } },
{ "type": "Feature", "properties": { "loja_id": "AG06", "peso": 177.633286 }, "geometry": { "type": "Point", "coordinates": [ -46.572287352686423, -23.537794973318302 ] } },
{ "type": "Feature", "properties": { "loja_id": "AG06", "peso": 226.361483 }, "geometry": { "type": "Point", "coordinates": [ -46.572287352686423, -23.537794973318302 ] } },
{ "type": "Feature", "properties": { "loja_id": "AG06", "peso": 308.78471 }, "geometry": { "type": "Point", "coordinates": [ -46.571234157797967, -23.535710536055721 ] } },
{ "type": "Feature", "properties": { "loja_id": "AG06", "peso": 308.78471 }, "geometry": { "type": "Point", "coordinates": [ -46.571234157797967, -23.535710536055721 ] } },
{ "type": "Feature", "properties": { "loja_id": "AG06", "peso": 177.633286 }, "geometry": { "type": "Point", "coordinates": [ -46.571234157797967, -23.535710536055721 ] } },
{ "type": "Feature", "properties": { "loja_id": "AG06", "peso": 300.663344 }, "geometry": { "type": "Point", "coordinates": [ -46.57940365072929, -23.535790366842733 ] } },
{ "type": "Feature", "properties": { "loja_id": "AG02", "peso": 151.829229 }, "geometry": { "type": "Point", "coordinates": [ -46.653513764025483, -23.563718499844981 ] } },
{ "type": "Feature", "properties": { "loja_id": "AG06", "peso": 142.152707 }, "geometry": { "type": "Point", "coordinates": [ -46.578045646894672, -23.537718610023447 ] } },
{ "type": "Feature", "properties": { "loja_id": "AG06", "peso": 186.192459 }, "geometry": { "type": "Point", "coordinates": [ -46.576823517591649, -23.537080806514332 ] } },
{ "type": "Feature", "properties": { "loja_id": "AG09", "peso": 207.197879 }, "geometry": { "type": "Point", "coordinates": [ -46.639032374327428, -23.548511365770715 ] } },
{ "type": "Feature", "properties": { "loja_id": "AG06", "peso": 226.361483 }, "geometry": { "type": "Point", "coordinates": [ -46.574330064212077, -23.539074706895139 ] } },
{ "type": "Feature", "properties": { "loja_id": "AG03", "peso": 97.407556 }, "geometry": { "type": "Point", "coordinates": [ -46.689147735873753, -23.573322653661439 ] } },
{ "type": "Feature", "properties": { "loja_id": "AG06", "peso": 114.577418 }, "geometry": { "type": "Point", "coordinates": [ -46.579387661137901, -23.537732083054102 ] } },
{ "type": "Feature", "properties": { "loja_id": "AG06", "peso": 114.577418 }, "geometry": { "type": "Point", "coordinates": [ -46.579387661137901, -23.537732083054102 ] } },
{ "type": "Feature", "properties": { "loja_id": "AG06", "peso": 207.35403 }, "geometry": { "type": "Point", "coordinates": [ -46.583316285489232, -23.535362288086532 ] } },
{ "type": "Feature", "properties": { "loja_id": "AG06", "peso": 704.593958 }, "geometry": { "type": "Point", "coordinates": [ -46.576823517591649, -23.537080806514332 ] } },
{ "type": "Feature", "properties": { "loja_id": "AG08", "peso": 249.772683 }, "geometry": { "type": "Point", "coordinates": [ -46.695648637979275, -23.611105883498869 ] } },
{ "type": "Feature", "properties": { "loja_id": "AG06", "peso": 189.508864 }, "geometry": { "type": "Point", "coordinates": [ -46.577927126808987, -23.535173214587203 ] } },
{ "type": "Feature", "properties": { "loja_id": "AG06", "peso": 292.28149 }, "geometry": { "type": "Point", "coordinates": [ -46.571687866240794, -23.535976868620118 ] } },
{ "type": "Feature", "properties": { "loja_id": "AG06", "peso": 597.714947 }, "geometry": { "type": "Point", "coordinates": [ -46.570288393243906, -23.536072274363345 ] } },
{ "type": "Feature", "properties": { "loja_id": "AG08", "peso": 90.797447 }, "geometry": { "type": "Point", "coordinates": [ -46.695136110121346, -23.610876701136384 ] } },
{ "type": "Feature", "properties": { "loja_id": "AG04", "peso": 559.378361 }, "geometry": { "type": "Point", "coordinates": [ -46.640173441277291, -23.586760571299692 ] } },
{ "type": "Feature", "properties": { "loja_id": "AG15", "peso": 165.378995 }, "geometry": { "type": "Point", "coordinates": [ -46.71005813955297, -23.570610679166617 ] } },
{ "type": "Feature", "properties": { "loja_id": "AG06", "peso": 170.056139 }, "geometry": { "type": "Point", "coordinates": [ -46.569349801894816, -23.537038979143524 ] } },
{ "type": "Feature", "properties": { "loja_id": "AG08", "peso": 317.745937 }, "geometry": { "type": "Point", "coordinates": [ -46.698197431954092, -23.611935868795729 ] } },
{ "type": "Feature", "properties": { "loja_id": "AG06", "peso": 279.68918 }, "geometry": { "type": "Point", "coordinates": [ -46.573350417713421, -23.543175432721615 ] } },
{ "type": "Feature", "properties": { "loja_id": "AG06", "peso": 179.274721 }, "geometry": { "type": "Point", "coordinates": [ -46.576439104934941, -23.538520550251121 ] } },
{ "type": "Feature", "properties": { "loja_id": "AG09", "peso": 613.730827 }, "geometry": { "type": "Point", "coordinates": [ -46.636165325971163, -23.546374284226186 ] } },
{ "type": "Feature", "properties": { "loja_id": "AG10", "peso": 159.324186 }, "geometry": { "type": "Point", "coordinates": [ -46.676013569243608, -23.541931539734133 ] } },
{ "type": "Feature", "properties": { "loja_id": "AG06", "peso": 443.856527 }, "geometry": { "type": "Point", "coordinates": [ -46.576776508756893, -23.54135270395436 ] } },
{ "type": "Feature", "properties": { "loja_id": "AG01", "peso": 269.398741 }, "geometry": { "type": "Point", "coordinates": [ -46.67787406196063, -23.584308048579373 ] } },
{ "type": "Feature", "properties": { "loja_id": "AG02", "peso": 269.855156 }, "geometry": { "type": "Point", "coordinates": [ -46.648957781811809, -23.556596882756875 ] } },
{ "type": "Feature", "properties": { "loja_id": "AG10", "peso": 303.173424 }, "geometry": { "type": "Point", "coordinates": [ -46.682384736262129, -23.539993516563744 ] } },
{ "type": "Feature", "properties": { "loja_id": "AG01", "peso": 269.855156 }, "geometry": { "type": "Point", "coordinates": [ -46.683114351080121, -23.591105209472396 ] } },
{ "type": "Feature", "properties": { "loja_id": "AG05", "peso": 165.880766 }, "geometry": { "type": "Point", "coordinates": [ -46.602369255111434, -23.548541263415789 ] } },
{ "type": "Feature", "properties": { "loja_id": "AG11", "peso": 213.618352 }, "geometry": { "type": "Point", "coordinates": [ -46.698984950272084, -23.520073251156013 ] } },
{ "type": "Feature", "properties": { "loja_id": "AG04", "peso": 276.925788 }, "geometry": { "type": "Point", "coordinates": [ -46.631821121661623, -23.582441771539305 ] } },
{ "type": "Feature", "properties": { "loja_id": "AG04", "peso": 302.81164 }, "geometry": { "type": "Point", "coordinates": [ -46.638194255036005, -23.581236882182054 ] } },
{ "type": "Feature", "properties": { "loja_id": "AG09", "peso": 616.380527 }, "geometry": { "type": "Point", "coordinates": [ -46.642836235920853, -23.542475122418729 ] } },
{ "type": "Feature", "properties": { "loja_id": "AG02", "peso": 168.971636 }, "geometry": { "type": "Point", "coordinates": [ -46.66006033479097, -23.567829706608535 ] } },
{ "type": "Feature", "properties": { "loja_id": "AG09", "peso": 67.859363 }, "geometry": { "type": "Point", "coordinates": [ -46.650929275530657, -23.541901801228022 ] } },
{ "type": "Feature", "properties": { "loja_id": "AG09", "peso": 131.142424 }, "geometry": { "type": "Point", "coordinates": [ -46.63950324340513, -23.545409012996885 ] } },
{ "type": "Feature", "properties": { "loja_id": "AG02", "peso": 285.702681 }, "geometry": { "type": "Point", "coordinates": [ -46.658062357346068, -23.560066990261571 ] } },
{ "type": "Feature", "properties": { "loja_id": "AG11", "peso": 73.153093 }, "geometry": { "type": "Point", "coordinates": [ -46.705080947650842, -23.524250745273999 ] } },
{ "type": "Feature", "properties": { "loja_id": "AG01", "peso": 439.632672 }, "geometry": { "type": "Point", "coordinates": [ -46.680958919593408, -23.591887084249347 ] } },
{ "type": "Feature", "properties": { "loja_id": "AG01", "peso": 131.142424 }, "geometry": { "type": "Point", "coordinates": [ -46.685462252077173, -23.580081077913476 ] } },
{ "type": "Feature", "properties": { "loja_id": "AG01", "peso": 170.747053 }, "geometry": { "type": "Point", "coordinates": [ -46.681047091512177, -23.591886129829742 ] } },
{ "type": "Feature", "properties": { "loja_id": "AG12", "peso": 119.944534 }, "geometry": { "type": "Point", "coordinates": [ -46.63835678440276, -23.647905291170421 ] } },
{ "type": "Feature", "properties": { "loja_id": "AG09", "peso": 109.72964 }, "geometry": { "type": "Point", "coordinates": [ -46.634805687126786, -23.544149065984332 ] } },
{ "type": "Feature", "properties": { "loja_id": "AG09", "peso": 165.009179 }, "geometry": { "type": "Point", "coordinates": [ -46.634805687126786, -23.544149065984332 ] } },
{ "type": "Feature", "properties": { "loja_id": "AG01", "peso": 167.233739 }, "geometry": { "type": "Point", "coordinates": [ -46.684705312453715, -23.581416714709416 ] } },
{ "type": "Feature", "properties": { "loja_id": "AG03", "peso": 109.72964 }, "geometry": { "type": "Point", "coordinates": [ -46.701493147710657, -23.568113063511522 ] } },
{ "type": "Feature", "properties": { "loja_id": "AG02", "peso": 282.05339 }, "geometry": { "type": "Point", "coordinates": [ -46.654834787605168, -23.562819479493506 ] } },
{ "type": "Feature", "properties": { "loja_id": "AG03", "peso": 373.992597 }, "geometry": { "type": "Point", "coordinates": [ -46.692654657620444, -23.565654058490423 ] } },
{ "type": "Feature", "properties": { "loja_id": "AG09", "peso": 538.266454 }, "geometry": { "type": "Point", "coordinates": [ -46.640046422420085, -23.54497886259902 ] } },
{ "type": "Feature", "properties": { "loja_id": "AG05", "peso": 184.656301 }, "geometry": { "type": "Point", "coordinates": [ -46.60079108403734, -23.560576978385182 ] } },
{ "type": "Feature", "properties": { "loja_id": "AG06", "peso": 177.117666 }, "geometry": { "type": "Point", "coordinates": [ -46.57543609698326, -23.536544002146581 ] } },
{ "type": "Feature", "properties": { "loja_id": "AG02", "peso": 457.91335 }, "geometry": { "type": "Point", "coordinates": [ -46.654980335136564, -23.564271796015536 ] } },
{ "type": "Feature", "properties": { "loja_id": "AG06", "peso": 123.468219 }, "geometry": { "type": "Point", "coordinates": [ -46.575557498635639, -23.535224320401678 ] } },
{ "type": "Feature", "properties": { "loja_id": "AG13", "peso": 256.357716 }, "geometry": { "type": "Point", "coordinates": [ -46.471116132246514, -23.54207176396481 ] } },
{ "type": "Feature", "properties": { "loja_id": "AG09", "peso": 703.201936 }, "geometry": { "type": "Point", "coordinates": [ -46.634805687126786, -23.544149065984332 ] } },
{ "type": "Feature", "properties": { "loja_id": "AG12", "peso": 222.17389 }, "geometry": { "type": "Point", "coordinates": [ -46.644939193549263, -23.653000836191481 ] } },
{ "type": "Feature", "properties": { "loja_id": "AG06", "peso": 395.901352 }, "geometry": { "type": "Point", "coordinates": [ -46.573298363271732, -23.547031979488754 ] } },
{ "type": "Feature", "properties": { "loja_id": "AG09", "peso": 458.374954 }, "geometry": { "type": "Point", "coordinates": [ -46.64066411508, -23.546606830051356 ] } },
{ "type": "Feature", "properties": { "loja_id": "AG08", "peso": 661.68493 }, "geometry": { "type": "Point", "coordinates": [ -46.697048358197165, -23.611740747230357 ] } },
{ "type": "Feature", "properties": { "loja_id": "AG06", "peso": 282.803813 }, "geometry": { "type": "Point", "coordinates": [ -46.575564359020262, -23.540732851839682 ] } },
{ "type": "Feature", "properties": { "loja_id": "AG01", "peso": 581.891915 }, "geometry": { "type": "Point", "coordinates": [ -46.682112804869782, -23.588632780389158 ] } },
{ "type": "Feature", "properties": { "loja_id": "AG06", "peso": 419.483276 }, "geometry": { "type": "Point", "coordinates": [ -46.575668250293269, -23.533010727025975 ] } },
{ "type": "Feature", "properties": { "loja_id": "AG07", "peso": 355.540303 }, "geometry": { "type": "Point", "coordinates": [ -46.625794628805259, -23.497926802452024 ] } },
{ "type": "Feature", "properties": { "loja_id": "AG08", "peso": 81.375794 }, "geometry": { "type": "Point", "coordinates": [ -46.695278279621114, -23.611263440254167 ] } },
{ "type": "Feature", "properties": { "loja_id": "AG09", "peso": 362.842873 }, "geometry": { "type": "Point", "coordinates": [ -46.640472162453548, -23.546924914923178 ] } },
{ "type": "Feature", "properties": { "loja_id": "AG02", "peso": 37.727895 }, "geometry": { "type": "Point", "coordinates": [ -46.649446927353353, -23.55576091120076 ] } },
{ "type": "Feature", "properties": { "loja_id": "AG06", "peso": 44.210418 }, "geometry": { "type": "Point", "coordinates": [ -46.576776508756893, -23.54135270395436 ] } },
{ "type": "Feature", "properties": { "loja_id": "AG09", "peso": 43.412208 }, "geometry": { "type": "Point", "coordinates": [ -46.634805687126786, -23.544149065984332 ] } },
{ "type": "Feature", "properties": { "loja_id": "AG06", "peso": 49.825694 }, "geometry": { "type": "Point", "coordinates": [ -46.574891054128791, -23.543412695230622 ] } },
{ "type": "Feature", "properties": { "loja_id": "AG06", "peso": 47.424024 }, "geometry": { "type": "Point", "coordinates": [ -46.575621232921264, -23.531530201267287 ] } },
{ "type": "Feature", "properties": { "loja_id": "AG05", "peso": 47.424024 }, "geometry": { "type": "Point", "coordinates": [ -46.594316409810588, -23.554132585120623 ] } },
{ "type": "Feature", "properties": { "loja_id": "AG11", "peso": 93.509804 }, "geometry": { "type": "Point", "coordinates": [ -46.703797579678323, -23.519650412093508 ] } },
{ "type": "Feature", "properties": { "loja_id": "AG06", "peso": 70.082169 }, "geometry": { "type": "Point", "coordinates": [ -46.575518315675438, -23.536868267369552 ] } },
{ "type": "Feature", "properties": { "loja_id": "AG11", "peso": 377.065651 }, "geometry": { "type": "Point", "coordinates": [ -46.703255265339052, -23.526970739499294 ] } },
{ "type": "Feature", "properties": { "loja_id": "AG01", "peso": 400.232173 }, "geometry": { "type": "Point", "coordinates": [ -46.686232735086286, -23.591306164058231 ] } },
{ "type": "Feature", "properties": { "loja_id": "AG02", "peso": 459.393684 }, "geometry": { "type": "Point", "coordinates": [ -46.65575167664678, -23.559378230417227 ] } },
{ "type": "Feature", "properties": { "loja_id": "AG11", "peso": 882.06419 }, "geometry": { "type": "Point", "coordinates": [ -46.707828238501804, -23.522378482335295 ] } },
{ "type": "Feature", "properties": { "loja_id": "AG09", "peso": 355.148962 }, "geometry": { "type": "Point", "coordinates": [ -46.63969080379826, -23.548685030716779 ] } },
{ "type": "Feature", "properties": { "loja_id": "AG02", "peso": 739.320678 }, "geometry": { "type": "Point", "coordinates": [ -46.649456496282113, -23.555742749186127 ] } },
{ "type": "Feature", "properties": { "loja_id": "AG02", "peso": 279.786731 }, "geometry": { "type": "Point", "coordinates": [ -46.654834787605168, -23.562819479493506 ] } },
{ "type": "Feature", "properties": { "loja_id": "AG06", "peso": 480.713728 }, "geometry": { "type": "Point", "coordinates": [ -46.573973412575334, -23.546140161358753 ] } },
{ "type": "Feature", "properties": { "loja_id": "AG09", "peso": 226.225849 }, "geometry": { "type": "Point", "coordinates": [ -46.635740470624846, -23.545286086572624 ] } },
{ "type": "Feature", "properties": { "loja_id": "AG12", "peso": 222.789389 }, "geometry": { "type": "Point", "coordinates": [ -46.644003841058336, -23.639339082951231 ] } },
{ "type": "Feature", "properties": { "loja_id": "AG01", "peso": 486.872486 }, "geometry": { "type": "Point", "coordinates": [ -46.676900897121172, -23.584056683526775 ] } },
{ "type": "Feature", "properties": { "loja_id": "AG03", "peso": 330.025455 }, "geometry": { "type": "Point", "coordinates": [ -46.691278526747496, -23.570644626699615 ] } },
{ "type": "Feature", "properties": { "loja_id": "AG05", "peso": 260.565379 }, "geometry": { "type": "Point", "coordinates": [ -46.605526304411839, -23.549592349797184 ] } },
{ "type": "Feature", "properties": { "loja_id": "AG09", "peso": 144.449083 }, "geometry": { "type": "Point", "coordinates": [ -46.635258825178099, -23.548316302860609 ] } },
{ "type": "Feature", "properties": { "loja_id": "AG08", "peso": 321.829854 }, "geometry": { "type": "Point", "coordinates": [ -46.694440618044247, -23.602513436096743 ] } },
{ "type": "Feature", "properties": { "loja_id": "AG01", "peso": 292.019768 }, "geometry": { "type": "Point", "coordinates": [ -46.678717714109318, -23.586700946955624 ] } },
{ "type": "Feature", "properties": { "loja_id": "AG06", "peso": 249.408489 }, "geometry": { "type": "Point", "coordinates": [ -46.574208146217323, -23.546110694211553 ] } },
{ "type": "Feature", "properties": { "loja_id": "AG05", "peso": 410.792334 }, "geometry": { "type": "Point", "coordinates": [ -46.599969688741439, -23.554228033216759 ] } },
{ "type": "Feature", "properties": { "loja_id": "AG06", "peso": 723.153269 }, "geometry": { "type": "Point", "coordinates": [ -46.575518315675438, -23.536868267369552 ] } },
{ "type": "Feature", "properties": { "loja_id": "AG06", "peso": 257.722105 }, "geometry": { "type": "Point", "coordinates": [ -46.575617032436753, -23.531999829790571 ] } },
{ "type": "Feature", "properties": { "loja_id": "AG04", "peso": 403.692442 }, "geometry": { "type": "Point", "coordinates": [ -46.629204908637568, -23.593531321610914 ] } },
{ "type": "Feature", "properties": { "loja_id": "AG09", "peso": 356.903795 }, "geometry": { "type": "Point", "coordinates": [ -46.640626219858518, -23.541974691448718 ] } },
{ "type": "Feature", "properties": { "loja_id": "AG02", "peso": 435.706997 }, "geometry": { "type": "Point", "coordinates": [ -46.655458477443162, -23.564122220772095 ] } },
{ "type": "Feature", "properties": { "loja_id": "AG09", "peso": 155.26901 }, "geometry": { "type": "Point", "coordinates": [ -46.638664627476899, -23.54650148606402 ] } },
{ "type": "Feature", "properties": { "loja_id": "AG02", "peso": 174.002788 }, "geometry": { "type": "Point", "coordinates": [ -46.655312698652146, -23.562651846919678 ] } },
{ "type": "Feature", "properties": { "loja_id": "AG15", "peso": 435.908529 }, "geometry": { "type": "Point", "coordinates": [ -46.717327681980585, -23.568390399126628 ] } },
{ "type": "Feature", "properties": { "loja_id": "AG09", "peso": 435.908529 }, "geometry": { "type": "Point", "coordinates": [ -46.634805687126786, -23.544149065984332 ] } },
{ "type": "Feature", "properties": { "loja_id": "AG13", "peso": 91.330061 }, "geometry": { "type": "Point", "coordinates": [ -46.472004607212746, -23.537412502642397 ] } },
{ "type": "Feature", "properties": { "loja_id": "AG06", "peso": 632.700128 }, "geometry": { "type": "Point", "coordinates": [ -46.576653175110678, -23.541688082063608 ] } },
{ "type": "Feature", "properties": { "loja_id": "AG04", "peso": 112.069372 }, "geometry": { "type": "Point", "coordinates": [ -46.630038397882444, -23.587237505195215 ] } },
{ "type": "Feature", "properties": { "loja_id": "AG03", "peso": 167.547791 }, "geometry": { "type": "Point", "coordinates": [ -46.688341775637205, -23.574649808510621 ] } },
{ "type": "Feature", "properties": { "loja_id": "AG07", "peso": 112.069372 }, "geometry": { "type": "Point", "coordinates": [ -46.616413244271719, -23.501844297700575 ] } },
{ "type": "Feature", "properties": { "loja_id": "AG06", "peso": 177.497034 }, "geometry": { "type": "Point", "coordinates": [ -46.568912903222348, -23.542317204189224 ] } },
{ "type": "Feature", "properties": { "loja_id": "AG09", "peso": 167.547791 }, "geometry": { "type": "Point", "coordinates": [ -46.635035730665152, -23.546909921281291 ] } },
{ "type": "Feature", "properties": { "loja_id": "AG09", "peso": 184.235818 }, "geometry": { "type": "Point", "coordinates": [ -46.64406429080686, -23.544349475580972 ] } },
{ "type": "Feature", "properties": { "loja_id": "AG06", "peso": 785.716765 }, "geometry": { "type": "Point", "coordinates": [ -46.569012515537032, -23.539155521029475 ] } },
{ "type": "Feature", "properties": { "loja_id": "AG07", "peso": 242.775698 }, "geometry": { "type": "Point", "coordinates": [ -46.629524747122346, -23.500280874876243 ] } },
{ "type": "Feature", "properties": { "loja_id": "AG13", "peso": 96.88458 }, "geometry": { "type": "Point", "coordinates": [ -46.469536840098989, -23.539223929511351 ] } },
{ "type": "Feature", "properties": { "loja_id": "AG06", "peso": 87.087263 }, "geometry": { "type": "Point", "coordinates": [ -46.578012895409842, -23.534973673951942 ] } },
{ "type": "Feature", "properties": { "loja_id": "AG01", "peso": 86.82194 }, "geometry": { "type": "Point", "coordinates": [ -46.678319180846508, -23.583869793698096 ] } },
{ "type": "Feature", "properties": { "loja_id": "AG13", "peso": 50.296926 }, "geometry": { "type": "Point", "coordinates": [ -46.471193681906428, -23.541998784238462 ] } },
{ "type": "Feature", "properties": { "loja_id": "AG06", "peso": 130.677037 }, "geometry": { "type": "Point", "coordinates": [ -46.567438541184501, -23.541058765521058 ] } },
{ "type": "Feature", "properties": { "loja_id": "AG09", "peso": 528.210609 }, "geometry": { "type": "Point", "coordinates": [ -46.640991108625293, -23.542964174309553 ] } },
{ "type": "Feature", "properties": { "loja_id": "AG13", "peso": 337.508297 }, "geometry": { "type": "Point", "coordinates": [ -46.47026455029328, -23.540363964610645 ] } },
{ "type": "Feature", "properties": { "loja_id": "AG03", "peso": 636.293992 }, "geometry": { "type": "Point", "coordinates": [ -46.688272879804245, -23.575391025878488 ] } },
{ "type": "Feature", "properties": { "loja_id": "AG02", "peso": 326.252195 }, "geometry": { "type": "Point", "coordinates": [ -46.655189990916703, -23.559113304879652 ] } },
{ "type": "Feature", "properties": { "loja_id": "AG01", "peso": 219.397733 }, "geometry": { "type": "Point", "coordinates": [ -46.686232735086286, -23.591306164058231 ] } },
{ "type": "Feature", "properties": { "loja_id": "AG10", "peso": 445.71541 }, "geometry": { "type": "Point", "coordinates": [ -46.684220857261082, -23.535738502824518 ] } },
{ "type": "Feature", "properties": { "loja_id": "AG10", "peso": 159.536273 }, "geometry": { "type": "Point", "coordinates": [ -46.684220857261082, -23.535738502824518 ] } },
{ "type": "Feature", "properties": { "loja_id": "AG02", "peso": 293.342966 }, "geometry": { "type": "Point", "coordinates": [ -46.650067160641115, -23.557578439852726 ] } },
{ "type": "Feature", "properties": { "loja_id": "AG06", "peso": 294.959995 }, "geometry": { "type": "Point", "coordinates": [ -46.571152390709393, -23.53789674464922 ] } },
{ "type": "Feature", "properties": { "loja_id": "AG13", "peso": 798.539059 }, "geometry": { "type": "Point", "coordinates": [ -46.471193681906428, -23.541998784238462 ] } },
{ "type": "Feature", "properties": { "loja_id": "AG04", "peso": 484.03123 }, "geometry": { "type": "Point", "coordinates": [ -46.634920099051698, -23.597697414306609 ] } },
{ "type": "Feature", "properties": { "loja_id": "AG13", "peso": 495.661753 }, "geometry": { "type": "Point", "coordinates": [ -46.47026455029328, -23.540363964610645 ] } },
{ "type": "Feature", "properties": { "loja_id": "AG08", "peso": 156.847434 }, "geometry": { "type": "Point", "coordinates": [ -46.697013129576277, -23.609005029827006 ] } },
{ "type": "Feature", "properties": { "loja_id": "AG05", "peso": 130.144493 }, "geometry": { "type": "Point", "coordinates": [ -46.604654814006039, -23.557683543134281 ] } },
{ "type": "Feature", "properties": { "loja_id": "AG09", "peso": 274.104122 }, "geometry": { "type": "Point", "coordinates": [ -46.643493094509097, -23.544888298759908 ] } },
{ "type": "Feature", "properties": { "loja_id": "AG09", "peso": 346.490832 }, "geometry": { "type": "Point", "coordinates": [ -46.640821599168241, -23.546668380645457 ] } },
{ "type": "Feature", "properties": { "loja_id": "AG03", "peso": 74.999116 }, "geometry": { "type": "Point", "coordinates": [ -46.692628680645875, -23.568977418680831 ] } },
{ "type": "Feature", "properties": { "loja_id": "AG13", "peso": 310.036361 }, "geometry": { "type": "Point", "coordinates": [ -46.461945227920751, -23.545382224035183 ] } },
{ "type": "Feature", "properties": { "loja_id": "AG13", "peso": 313.201111 }, "geometry": { "type": "Point", "coordinates": [ -46.461945227920751, -23.545382224035183 ] } },
{ "type": "Feature", "properties": { "loja_id": "AG09", "peso": 50.592347 }, "geometry": { "type": "Point", "coordinates": [ -46.643546075114941, -23.542846895496893 ] } },
{ "type": "Feature", "properties": { "loja_id": "AG06", "peso": 295.718817 }, "geometry": { "type": "Point", "coordinates": [ -46.573196176008125, -23.534327103294469 ] } },
{ "type": "Feature", "properties": { "loja_id": "AG13", "peso": 262.18974 }, "geometry": { "type": "Point", "coordinates": [ -46.465333294814997, -23.544393077194556 ] } },
{ "type": "Feature", "properties": { "loja_id": "AG10", "peso": 249.075673 }, "geometry": { "type": "Point", "coordinates": [ -46.675982632804626, -23.533308045711767 ] } },
{ "type": "Feature", "properties": { "loja_id": "AG13", "peso": 262.18974 }, "geometry": { "type": "Point", "coordinates": [ -46.4629029120402, -23.538979405049627 ] } },
{ "type": "Feature", "properties": { "loja_id": "AG13", "peso": 657.157752 }, "geometry": { "type": "Point", "coordinates": [ -46.4629029120402, -23.538979405049627 ] } },
{ "type": "Feature", "properties": { "loja_id": "AG09", "peso": 373.586072 }, "geometry": { "type": "Point", "coordinates": [ -46.640453944389463, -23.544667535054302 ] } },
{ "type": "Feature", "properties": { "loja_id": "AG01", "peso": 188.763838 }, "geometry": { "type": "Point", "coordinates": [ -46.683830109493968, -23.583467009171489 ] } },
{ "type": "Feature", "properties": { "loja_id": "AG01", "peso": 394.320713 }, "geometry": { "type": "Point", "coordinates": [ -46.683830109493968, -23.583467009171489 ] } },
{ "type": "Feature", "properties": { "loja_id": "AG04", "peso": 188.749976 }, "geometry": { "type": "Point", "coordinates": [ -46.639051884341484, -23.5800809936155 ] } },
{ "type": "Feature", "properties": { "loja_id": "AG04", "peso": 373.586072 }, "geometry": { "type": "Point", "coordinates": [ -46.639051884341484, -23.5800809936155 ] } },
{ "type": "Feature", "properties": { "loja_id": "AG03", "peso": 373.586072 }, "geometry": { "type": "Point", "coordinates": [ -46.693793854307366, -23.567402517236541 ] } },
{ "type": "Feature", "properties": { "loja_id": "AG09", "peso": 218.353872 }, "geometry": { "type": "Point", "coordinates": [ -46.639139882972678, -23.548492172085062 ] } },
{ "type": "Feature", "properties": { "loja_id": "AG09", "peso": 82.181492 }, "geometry": { "type": "Point", "coordinates": [ -46.642836235920853, -23.542475122418729 ] } },
{ "type": "Feature", "properties": { "loja_id": "AG11", "peso": 226.799741 }, "geometry": { "type": "Point", "coordinates": [ -46.704019693078529, -23.524731934156303 ] } },
{ "type": "Feature", "properties": { "loja_id": "AG04", "peso": 206.173051 }, "geometry": { "type": "Point", "coordinates": [ -46.627302803696409, -23.595023200746539 ] } },
{ "type": "Feature", "properties": { "loja_id": "AG09", "peso": 207.174416 }, "geometry": { "type": "Point", "coordinates": [ -46.642358525671284, -23.541866107685287 ] } },
{ "type": "Feature", "properties": { "loja_id": "AG09", "peso": 82.181492 }, "geometry": { "type": "Point", "coordinates": [ -46.642358525671284, -23.541866107685287 ] } },
{ "type": "Feature", "properties": { "loja_id": "AG15", "peso": 394.70362 }, "geometry": { "type": "Point", "coordinates": [ -46.716963625194367, -23.568268001288345 ] } },
{ "type": "Feature", "properties": { "loja_id": "AG06", "peso": 391.84908 }, "geometry": { "type": "Point", "coordinates": [ -46.576010237023795, -23.540340024105916 ] } },
{ "type": "Feature", "properties": { "loja_id": "AG13", "peso": 100.484457 }, "geometry": { "type": "Point", "coordinates": [ -46.464379939670053, -23.544104038909488 ] } },
{ "type": "Feature", "properties": { "loja_id": "AG11", "peso": 212.495603 }, "geometry": { "type": "Point", "coordinates": [ -46.69933661003266, -23.525343006648765 ] } },
{ "type": "Feature", "properties": { "loja_id": "AG09", "peso": 277.214048 }, "geometry": { "type": "Point", "coordinates": [ -46.63569515156432, -23.54478989648905 ] } },
{ "type": "Feature", "properties": { "loja_id": "AG09", "peso": 212.495603 }, "geometry": { "type": "Point", "coordinates": [ -46.6435782615143, -23.543072312434912 ] } },
{ "type": "Feature", "properties": { "loja_id": "AG06", "peso": 212.495603 }, "geometry": { "type": "Point", "coordinates": [ -46.570722158295148, -23.537133495845339 ] } },
{ "type": "Feature", "properties": { "loja_id": "AG03", "peso": 331.562631 }, "geometry": { "type": "Point", "coordinates": [ -46.693793854307366, -23.567402517236541 ] } },
{ "type": "Feature", "properties": { "loja_id": "AG13", "peso": 177.503374 }, "geometry": { "type": "Point", "coordinates": [ -46.470647321804982, -23.540432592857364 ] } },
{ "type": "Feature", "properties": { "loja_id": "AG06", "peso": 249.768532 }, "geometry": { "type": "Point", "coordinates": [ -46.573315551926747, -23.537775548004145 ] } },
{ "type": "Feature", "properties": { "loja_id": "AG02", "peso": 140.467516 }, "geometry": { "type": "Point", "coordinates": [ -46.656751409759266, -23.554735073723258 ] } },
{ "type": "Feature", "properties": { "loja_id": "AG02", "peso": 163.653189 }, "geometry": { "type": "Point", "coordinates": [ -46.654527459643958, -23.563310383187222 ] } },
{ "type": "Feature", "properties": { "loja_id": "AG09", "peso": 231.09172 }, "geometry": { "type": "Point", "coordinates": [ -46.638615886463349, -23.543359457036768 ] } },
{ "type": "Feature", "properties": { "loja_id": "AG09", "peso": 226.27216 }, "geometry": { "type": "Point", "coordinates": [ -46.641897637093706, -23.54497739172928 ] } },
{ "type": "Feature", "properties": { "loja_id": "AG07", "peso": 226.27216 }, "geometry": { "type": "Point", "coordinates": [ -46.631241368313461, -23.503712505238525 ] } },
{ "type": "Feature", "properties": { "loja_id": "AG09", "peso": 148.70608 }, "geometry": { "type": "Point", "coordinates": [ -46.641425326496154, -23.551113938959858 ] } },
{ "type": "Feature", "properties": { "loja_id": "AG06", "peso": 121.226435 }, "geometry": { "type": "Point", "coordinates": [ -46.576439104934941, -23.538520550251121 ] } },
{ "type": "Feature", "properties": { "loja_id": "AG03", "peso": 367.131834 }, "geometry": { "type": "Point", "coordinates": [ -46.696016532426668, -23.5718933219067 ] } },
{ "type": "Feature", "properties": { "loja_id": "AG03", "peso": 84.054227 }, "geometry": { "type": "Point", "coordinates": [ -46.701258324186753, -23.56737516820613 ] } },
{ "type": "Feature", "properties": { "loja_id": "AG02", "peso": 161.679928 }, "geometry": { "type": "Point", "coordinates": [ -46.655574355416427, -23.553826527676918 ] } },
{ "type": "Feature", "properties": { "loja_id": "AG06", "peso": 118.868463 }, "geometry": { "type": "Point", "coordinates": [ -46.575708675650127, -23.542979981754979 ] } },
{ "type": "Feature", "properties": { "loja_id": "AG03", "peso": 213.975083 }, "geometry": { "type": "Point", "coordinates": [ -46.693410995251647, -23.570395651448749 ] } },
{ "type": "Feature", "properties": { "loja_id": "AG11", "peso": 395.624457 }, "geometry": { "type": "Point", "coordinates": [ -46.699082012813754, -23.523819695130666 ] } },
{ "type": "Feature", "properties": { "loja_id": "AG09", "peso": 665.000132 }, "geometry": { "type": "Point", "coordinates": [ -46.644591597512665, -23.547369043112795 ] } },
{ "type": "Feature", "properties": { "loja_id": "AG08", "peso": 834.690499 }, "geometry": { "type": "Point", "coordinates": [ -46.695278279621114, -23.611263440254167 ] } },
{ "type": "Feature", "properties": { "loja_id": "AG05", "peso": 421.00058 }, "geometry": { "type": "Point", "coordinates": [ -46.602114241784456, -23.554169829553889 ] } },
{ "type": "Feature", "properties": { "loja_id": "AG08", "peso": 1060.815403 }, "geometry": { "type": "Point", "coordinates": [ -46.696882949669273, -23.606505130699773 ] } },
{ "type": "Feature", "properties": { "loja_id": "AG09", "peso": 108.951959 }, "geometry": { "type": "Point", "coordinates": [ -46.637222460771852, -23.543943039322382 ] } },
{ "type": "Feature", "properties": { "loja_id": "AG13", "peso": 115.484942 }, "geometry": { "type": "Point", "coordinates": [ -46.47026455029328, -23.540363964610645 ] } },
{ "type": "Feature", "properties": { "loja_id": "AG02", "peso": 133.406712 }, "geometry": { "type": "Point", "coordinates": [ -46.655456901481145, -23.556961268491772 ] } },
{ "type": "Feature", "properties": { "loja_id": "AG06", "peso": 133.406712 }, "geometry": { "type": "Point", "coordinates": [ -46.583852322516606, -23.540865417913881 ] } },
{ "type": "Feature", "properties": { "loja_id": "AG06", "peso": 108.951959 }, "geometry": { "type": "Point", "coordinates": [ -46.576010237023795, -23.540340024105916 ] } },
{ "type": "Feature", "properties": { "loja_id": "AG02", "peso": 128.709408 }, "geometry": { "type": "Point", "coordinates": [ -46.654834787605168, -23.562819479493506 ] } },
{ "type": "Feature", "properties": { "loja_id": "AG10", "peso": 133.406712 }, "geometry": { "type": "Point", "coordinates": [ -46.675561482658026, -23.527894464975645 ] } },
{ "type": "Feature", "properties": { "loja_id": "AG06", "peso": 90.294228 }, "geometry": { "type": "Point", "coordinates": [ -46.576010237023795, -23.540340024105916 ] } },
{ "type": "Feature", "properties": { "loja_id": "AG06", "peso": 133.406712 }, "geometry": { "type": "Point", "coordinates": [ -46.575591370110509, -23.541355682061393 ] } },
{ "type": "Feature", "properties": { "loja_id": "AG08", "peso": 133.406712 }, "geometry": { "type": "Point", "coordinates": [ -46.696801033618677, -23.604709046753502 ] } },
{ "type": "Feature", "properties": { "loja_id": "AG11", "peso": 102.659002 }, "geometry": { "type": "Point", "coordinates": [ -46.70568098587399, -23.52141774691 ] } },
{ "type": "Feature", "properties": { "loja_id": "AG01", "peso": 442.808121 }, "geometry": { "type": "Point", "coordinates": [ -46.680577821584954, -23.581199547742592 ] } },
{ "type": "Feature", "properties": { "loja_id": "AG06", "peso": 723.276291 }, "geometry": { "type": "Point", "coordinates": [ -46.579046319106524, -23.533753103974302 ] } },
{ "type": "Feature", "properties": { "loja_id": "AG09", "peso": 419.032705 }, "geometry": { "type": "Point", "coordinates": [ -46.640821599168241, -23.546668380645457 ] } },
{ "type": "Feature", "properties": { "loja_id": "AG09", "peso": 442.002178 }, "geometry": { "type": "Point", "coordinates": [ -46.644591597512665, -23.547369043112795 ] } },
{ "type": "Feature", "properties": { "loja_id": "AG01", "peso": 744.857954 }, "geometry": { "type": "Point", "coordinates": [ -46.684898731179118, -23.588123986816079 ] } },
{ "type": "Feature", "properties": { "loja_id": "AG09", "peso": 330.533073 }, "geometry": { "type": "Point", "coordinates": [ -46.643787448627819, -23.548867540107132 ] } },
{ "type": "Feature", "properties": { "loja_id": "AG04", "peso": 401.298237 }, "geometry": { "type": "Point", "coordinates": [ -46.640799199160455, -23.589806183916814 ] } },
{ "type": "Feature", "properties": { "loja_id": "AG09", "peso": 330.533073 }, "geometry": { "type": "Point", "coordinates": [ -46.643352592942101, -23.542252941141712 ] } },
{ "type": "Feature", "properties": { "loja_id": "AG06", "peso": 520.500344 }, "geometry": { "type": "Point", "coordinates": [ -46.574451641483556, -23.541881960097008 ] } },
{ "type": "Feature", "properties": { "loja_id": "AG06", "peso": 1457.897637 }, "geometry": { "type": "Point", "coordinates": [ -46.576776508756893, -23.54135270395436 ] } },
{ "type": "Feature", "properties": { "loja_id": "AG15", "peso": 313.508608 }, "geometry": { "type": "Point", "coordinates": [ -46.710520251411232, -23.576032645929807 ] } },
{ "type": "Feature", "properties": { "loja_id": "AG09", "peso": 2931.011433 }, "geometry": { "type": "Point", "coordinates": [ -46.649133379981166, -23.54162285303298 ] } },
{ "type": "Feature", "properties": { "loja_id": "AG02", "peso": 281.941571 }, "geometry": { "type": "Point", "coordinates": [ -46.655729462699234, -23.562295229568068 ] } },
{ "type": "Feature", "properties": { "loja_id": "AG04", "peso": 248.522325 }, "geometry": { "type": "Point", "coordinates": [ -46.632811258725042, -23.588030134693113 ] } },
{ "type": "Feature", "properties": { "loja_id": "AG09", "peso": 258.989012 }, "geometry": { "type": "Point", "coordinates": [ -46.640770164948698, -23.546470256980019 ] } },
{ "type": "Feature", "properties": { "loja_id": "AG07", "peso": 166.880345 }, "geometry": { "type": "Point", "coordinates": [ -46.624569530306843, -23.503421027848912 ] } },
{ "type": "Feature", "properties": { "loja_id": "AG09", "peso": 258.989012 }, "geometry": { "type": "Point", "coordinates": [ -46.641251666977674, -23.545805965647379 ] } },
{ "type": "Feature", "properties": { "loja_id": "AG01", "peso": 413.938857 }, "geometry": { "type": "Point", "coordinates": [ -46.685119548724458, -23.587001858298077 ] } },
{ "type": "Feature", "properties": { "loja_id": "AG01", "peso": 609.636686 }, "geometry": { "type": "Point", "coordinates": [ -46.689548877643091, -23.59088182820739 ] } },
{ "type": "Feature", "properties": { "loja_id": "AG07", "peso": 248.522325 }, "geometry": { "type": "Point", "coordinates": [ -46.625729269696947, -23.49898403952206 ] } },
{ "type": "Feature", "properties": { "loja_id": "AG06", "peso": 259.581122 }, "geometry": { "type": "Point", "coordinates": [ -46.580838892520319, -23.540327150990574 ] } },
{ "type": "Feature", "properties": { "loja_id": "AG09", "peso": 329.052445 }, "geometry": { "type": "Point", "coordinates": [ -46.644935455559086, -23.540366942394968 ] } },
{ "type": "Feature", "properties": { "loja_id": "AG06", "peso": 247.163725 }, "geometry": { "type": "Point", "coordinates": [ -46.57390131837839, -23.545021110166189 ] } },
{ "type": "Feature", "properties": { "loja_id": "AG15", "peso": 275.077492 }, "geometry": { "type": "Point", "coordinates": [ -46.711740878158636, -23.569680119159216 ] } },
{ "type": "Feature", "properties": { "loja_id": "AG06", "peso": 166.880345 }, "geometry": { "type": "Point", "coordinates": [ -46.573606147071679, -23.536679918445298 ] } },
{ "type": "Feature", "properties": { "loja_id": "AG09", "peso": 247.163725 }, "geometry": { "type": "Point", "coordinates": [ -46.639290865897614, -23.546449735121058 ] } },
{ "type": "Feature", "properties": { "loja_id": "AG02", "peso": 562.126866 }, "geometry": { "type": "Point", "coordinates": [ -46.655588940301939, -23.562025819570227 ] } },
{ "type": "Feature", "properties": { "loja_id": "AG05", "peso": 706.823861 }, "geometry": { "type": "Point", "coordinates": [ -46.605610173687843, -23.549239298651848 ] } },
{ "type": "Feature", "properties": { "loja_id": "AG06", "peso": 451.171008 }, "geometry": { "type": "Point", "coordinates": [ -46.575166468451293, -23.542687467291532 ] } },
{ "type": "Feature", "properties": { "loja_id": "AG13", "peso": 323.651414 }, "geometry": { "type": "Point", "coordinates": [ -46.47066821547061, -23.54054979563108 ] } },
{ "type": "Feature", "properties": { "loja_id": "AG15", "peso": 451.171008 }, "geometry": { "type": "Point", "coordinates": [ -46.706649496082363, -23.576716344496205 ] } },
{ "type": "Feature", "properties": { "loja_id": "AG05", "peso": 660.594252 }, "geometry": { "type": "Point", "coordinates": [ -46.605524000134778, -23.555046727973377 ] } },
{ "type": "Feature", "properties": { "loja_id": "AG06", "peso": 660.594252 }, "geometry": { "type": "Point", "coordinates": [ -46.582330312702958, -23.538090491582555 ] } },
{ "type": "Feature", "properties": { "loja_id": "AG01", "peso": 701.844658 }, "geometry": { "type": "Point", "coordinates": [ -46.686232735086286, -23.591306164058231 ] } },
{ "type": "Feature", "properties": { "loja_id": "AG07", "peso": 399.207416 }, "geometry": { "type": "Point", "coordinates": [ -46.623791534165967, -23.503058895431678 ] } },
{ "type": "Feature", "properties": { "loja_id": "AG12", "peso": 342.805202 }, "geometry": { "type": "Point", "coordinates": [ -46.642752998696039, -23.643569433291809 ] } },
{ "type": "Feature", "properties": { "loja_id": "AG04", "peso": 660.594252 }, "geometry": { "type": "Point", "coordinates": [ -46.627487839677933, -23.594930958776956 ] } },
{ "type": "Feature", "properties": { "loja_id": "AG09", "peso": 566.951976 }, "geometry": { "type": "Point", "coordinates": [ -46.636915624874653, -23.539729117180482 ] } },
{ "type": "Feature", "properties": { "loja_id": "AG09", "peso": 266.33756 }, "geometry": { "type": "Point", "coordinates": [ -46.644851247538028, -23.540683892636778 ] } },
{ "type": "Feature", "properties": { "loja_id": "AG09", "peso": 250.674223 }, "geometry": { "type": "Point", "coordinates": [ -46.648989524418532, -23.542653828390748 ] } },
{ "type": "Feature", "properties": { "loja_id": "AG09", "peso": 81.721088 }, "geometry": { "type": "Point", "coordinates": [ -46.646464188718774, -23.542003309470417 ] } },
{ "type": "Feature", "properties": { "loja_id": "AG06", "peso": 330.239603 }, "geometry": { "type": "Point", "coordinates": [ -46.58257892897192, -23.538404029205005 ] } },
{ "type": "Feature", "properties": { "loja_id": "AG02", "peso": 361.126313 }, "geometry": { "type": "Point", "coordinates": [ -46.657667059700117, -23.559791269101957 ] } },
{ "type": "Feature", "properties": { "loja_id": "AG02", "peso": 488.533993 }, "geometry": { "type": "Point", "coordinates": [ -46.656665292593452, -23.558022993753614 ] } },
{ "type": "Feature", "properties": { "loja_id": "AG09", "peso": 330.239603 }, "geometry": { "type": "Point", "coordinates": [ -46.649323487708045, -23.538803394232914 ] } },
{ "type": "Feature", "properties": { "loja_id": "AG02", "peso": 410.321136 }, "geometry": { "type": "Point", "coordinates": [ -46.657953143235233, -23.559950762233008 ] } },
{ "type": "Feature", "properties": { "loja_id": "AG09", "peso": 311.365985 }, "geometry": { "type": "Point", "coordinates": [ -46.637205185511775, -23.547293461855524 ] } },
{ "type": "Feature", "properties": { "loja_id": "AG07", "peso": 270.350639 }, "geometry": { "type": "Point", "coordinates": [ -46.630574617055451, -23.502843542057477 ] } },
{ "type": "Feature", "properties": { "loja_id": "AG08", "peso": 543.76175 }, "geometry": { "type": "Point", "coordinates": [ -46.694163861695493, -23.609189667649897 ] } },
{ "type": "Feature", "properties": { "loja_id": "AG11", "peso": 829.502853 }, "geometry": { "type": "Point", "coordinates": [ -46.706905207005398, -23.527499644590041 ] } },
{ "type": "Feature", "properties": { "loja_id": "AG09", "peso": 835.653439 }, "geometry": { "type": "Point", "coordinates": [ -46.638615886463349, -23.543359457036768 ] } },
{ "type": "Feature", "properties": { "loja_id": "AG02", "peso": 1016.964659 }, "geometry": { "type": "Point", "coordinates": [ -46.656433793198183, -23.557528798039627 ] } },
{ "type": "Feature", "properties": { "loja_id": "AG03", "peso": 930.01074 }, "geometry": { "type": "Point", "coordinates": [ -46.694905418461431, -23.56088872891446 ] } },
{ "type": "Feature", "properties": { "loja_id": "AG02", "peso": 353.713886 }, "geometry": { "type": "Point", "coordinates": [ -46.654543957742, -23.558370672678471 ] } },
{ "type": "Feature", "properties": { "loja_id": "AG06", "peso": 530.439561 }, "geometry": { "type": "Point", "coordinates": [ -46.576010237023795, -23.540340024105916 ] } },
{ "type": "Feature", "properties": { "loja_id": "AG09", "peso": 237.202103 }, "geometry": { "type": "Point", "coordinates": [ -46.649133379981166, -23.54162285303298 ] } },
{ "type": "Feature", "properties": { "loja_id": "AG09", "peso": 436.898817 }, "geometry": { "type": "Point", "coordinates": [ -46.640871912757042, -23.546776213248119 ] } },
{ "type": "Feature", "properties": { "loja_id": "AG02", "peso": 309.49965 }, "geometry": { "type": "Point", "coordinates": [ -46.652475323282189, -23.562149252341026 ] } },
{ "type": "Feature", "properties": { "loja_id": "AG11", "peso": 156.166102 }, "geometry": { "type": "Point", "coordinates": [ -46.70661318400996, -23.520043982607202 ] } },
{ "type": "Feature", "properties": { "loja_id": "AG01", "peso": 381.359899 }, "geometry": { "type": "Point", "coordinates": [ -46.684319358422634, -23.59109214509586 ] } },
{ "type": "Feature", "properties": { "loja_id": "AG09", "peso": 329.762843 }, "geometry": { "type": "Point", "coordinates": [ -46.645587843686776, -23.542418945467919 ] } },
{ "type": "Feature", "properties": { "loja_id": "AG01", "peso": 381.359899 }, "geometry": { "type": "Point", "coordinates": [ -46.690200980032508, -23.590540619343091 ] } },
{ "type": "Feature", "properties": { "loja_id": "AG06", "peso": 667.509185 }, "geometry": { "type": "Point", "coordinates": [ -46.578493246033425, -23.544035406221433 ] } },
{ "type": "Feature", "properties": { "loja_id": "AG02", "peso": 2046.769442 }, "geometry": { "type": "Point", "coordinates": [ -46.656684087688106, -23.561084039077659 ] } },
{ "type": "Feature", "properties": { "loja_id": "AG03", "peso": 320.635309 }, "geometry": { "type": "Point", "coordinates": [ -46.689031746076154, -23.567318891593153 ] } },
{ "type": "Feature", "properties": { "loja_id": "AG09", "peso": 281.071615 }, "geometry": { "type": "Point", "coordinates": [ -46.640991108625293, -23.542964174309553 ] } },
{ "type": "Feature", "properties": { "loja_id": "AG09", "peso": 504.322784 }, "geometry": { "type": "Point", "coordinates": [ -46.640991108625293, -23.542964174309553 ] } },
{ "type": "Feature", "properties": { "loja_id": "AG03", "peso": 512.53186 }, "geometry": { "type": "Point", "coordinates": [ -46.693681129968397, -23.567015451484018 ] } },
{ "type": "Feature", "properties": { "loja_id": "AG12", "peso": 481.658596 }, "geometry": { "type": "Point", "coordinates": [ -46.643152269831681, -23.645714383689096 ] } },
{ "type": "Feature", "properties": { "loja_id": "AG09", "peso": 118.972112 }, "geometry": { "type": "Point", "coordinates": [ -46.634805687126786, -23.544149065984332 ] } },
{ "type": "Feature", "properties": { "loja_id": "AG06", "peso": 277.014488 }, "geometry": { "type": "Point", "coordinates": [ -46.576294684601237, -23.542016812761275 ] } },
{ "type": "Feature", "properties": { "loja_id": "AG06", "peso": 442.746255 }, "geometry": { "type": "Point", "coordinates": [ -46.57444083647853, -23.545909668126804 ] } },
{ "type": "Feature", "properties": { "loja_id": "AG06", "peso": 501.368403 }, "geometry": { "type": "Point", "coordinates": [ -46.575690403830905, -23.535692560238356 ] } },
{ "type": "Feature", "properties": { "loja_id": "AG06", "peso": 225.665663 }, "geometry": { "type": "Point", "coordinates": [ -46.576439104934941, -23.538520550251121 ] } },
{ "type": "Feature", "properties": { "loja_id": "AG06", "peso": 344.168435 }, "geometry": { "type": "Point", "coordinates": [ -46.576893721108569, -23.542967972580957 ] } },
{ "type": "Feature", "properties": { "loja_id": "AG06", "peso": 271.080064 }, "geometry": { "type": "Point", "coordinates": [ -46.576893721108569, -23.542967972580957 ] } },
{ "type": "Feature", "properties": { "loja_id": "AG06", "peso": 382.057216 }, "geometry": { "type": "Point", "coordinates": [ -46.574259804456631, -23.546335933552104 ] } },
{ "type": "Feature", "properties": { "loja_id": "AG05", "peso": 732.877789 }, "geometry": { "type": "Point", "coordinates": [ -46.597779311353094, -23.551306642635911 ] } },
{ "type": "Feature", "properties": { "loja_id": "AG10", "peso": 233.320636 }, "geometry": { "type": "Point", "coordinates": [ -46.681698565822622, -23.53147645606418 ] } },
{ "type": "Feature", "properties": { "loja_id": "AG09", "peso": 455.733613 }, "geometry": { "type": "Point", "coordinates": [ -46.64269345191466, -23.549113887084065 ] } },
{ "type": "Feature", "properties": { "loja_id": "AG02", "peso": 280.046856 }, "geometry": { "type": "Point", "coordinates": [ -46.660057236389257, -23.568362521703527 ] } },
{ "type": "Feature", "properties": { "loja_id": "AG08", "peso": 280.046856 }, "geometry": { "type": "Point", "coordinates": [ -46.69357195717896, -23.606595471489424 ] } },
{ "type": "Feature", "properties": { "loja_id": "AG09", "peso": 927.283496 }, "geometry": { "type": "Point", "coordinates": [ -46.641702774308605, -23.545060721254639 ] } },
{ "type": "Feature", "properties": { "loja_id": "AG06", "peso": 223.845686 }, "geometry": { "type": "Point", "coordinates": [ -46.575596662199544, -23.536867473942596 ] } },
{ "type": "Feature", "properties": { "loja_id": "AG09", "peso": 584.843791 }, "geometry": { "type": "Point", "coordinates": [ -46.636561658192804, -23.546740356514601 ] } },
{ "type": "Feature", "properties": { "loja_id": "AG09", "peso": 216.02759 }, "geometry": { "type": "Point", "coordinates": [ -46.640175083560933, -23.545085869336052 ] } },
{ "type": "Feature", "properties": { "loja_id": "AG02", "peso": 439.436388 }, "geometry": { "type": "Point", "coordinates": [ -46.654426865447746, -23.562318128965792 ] } },
{ "type": "Feature", "properties": { "loja_id": "AG02", "peso": 178.003683 }, "geometry": { "type": "Point", "coordinates": [ -46.65872456201231, -23.561315125883151 ] } },
{ "type": "Feature", "properties": { "loja_id": "AG06", "peso": 280.530802 }, "geometry": { "type": "Point", "coordinates": [ -46.57459098724248, -23.544535513849983 ] } },
{ "type": "Feature", "properties": { "loja_id": "AG01", "peso": 227.855413 }, "geometry": { "type": "Point", "coordinates": [ -46.688871774286525, -23.591566449695101 ] } },
{ "type": "Feature", "properties": { "loja_id": "AG09", "peso": 579.190852 }, "geometry": { "type": "Point", "coordinates": [ -46.644929341629528, -23.546173475132317 ] } },
{ "type": "Feature", "properties": { "loja_id": "AG11", "peso": 428.108046 }, "geometry": { "type": "Point", "coordinates": [ -46.69879451112309, -23.521258276853693 ] } },
{ "type": "Feature", "properties": { "loja_id": "AG06", "peso": 579.190852 }, "geometry": { "type": "Point", "coordinates": [ -46.576776508756893, -23.54135270395436 ] } },
{ "type": "Feature", "properties": { "loja_id": "AG09", "peso": 428.108046 }, "geometry": { "type": "Point", "coordinates": [ -46.639300883557631, -23.546467690113609 ] } },
{ "type": "Feature", "properties": { "loja_id": "AG06", "peso": 64.00279 }, "geometry": { "type": "Point", "coordinates": [ -46.572785740727802, -23.546757219056317 ] } },
{ "type": "Feature", "properties": { "loja_id": "AG06", "peso": 240.354232 }, "geometry": { "type": "Point", "coordinates": [ -46.576294684601237, -23.542016812761275 ] } },
{ "type": "Feature", "properties": { "loja_id": "AG09", "peso": 64.00279 }, "geometry": { "type": "Point", "coordinates": [ -46.6430589225224, -23.544631007807567 ] } },
{ "type": "Feature", "properties": { "loja_id": "AG09", "peso": 266.142238 }, "geometry": { "type": "Point", "coordinates": [ -46.63950324340513, -23.545409012996885 ] } },
{ "type": "Feature", "properties": { "loja_id": "AG09", "peso": 152.946544 }, "geometry": { "type": "Point", "coordinates": [ -46.636785505915753, -23.547415273197785 ] } },
{ "type": "Feature", "properties": { "loja_id": "AG02", "peso": 327.983379 }, "geometry": { "type": "Point", "coordinates": [ -46.656577704563958, -23.561193535451597 ] } },
{ "type": "Feature", "properties": { "loja_id": "AG02", "peso": 190.968355 }, "geometry": { "type": "Point", "coordinates": [ -46.655022312969535, -23.562149246341086 ] } },
{ "type": "Feature", "properties": { "loja_id": "AG13", "peso": 305.045074 }, "geometry": { "type": "Point", "coordinates": [ -46.471060180106129, -23.542325155193446 ] } },
{ "type": "Feature", "properties": { "loja_id": "AG13", "peso": 190.968355 }, "geometry": { "type": "Point", "coordinates": [ -46.469235688162073, -23.542974553967113 ] } },
{ "type": "Feature", "properties": { "loja_id": "AG03", "peso": 487.307714 }, "geometry": { "type": "Point", "coordinates": [ -46.685976742645508, -23.568968454006125 ] } },
{ "type": "Feature", "properties": { "loja_id": "AG09", "peso": 925.628677 }, "geometry": { "type": "Point", "coordinates": [ -46.648930989300432, -23.542672509463692 ] } },
{ "type": "Feature", "properties": { "loja_id": "AG01", "peso": 190.968355 }, "geometry": { "type": "Point", "coordinates": [ -46.676454242751554, -23.589000987026527 ] } },
{ "type": "Feature", "properties": { "loja_id": "AG02", "peso": 219.184437 }, "geometry": { "type": "Point", "coordinates": [ -46.657947768009365, -23.560302998080157 ] } },
{ "type": "Feature", "properties": { "loja_id": "AG01", "peso": 643.522788 }, "geometry": { "type": "Point", "coordinates": [ -46.68163720021731, -23.585910835964903 ] } },
{ "type": "Feature", "properties": { "loja_id": "AG04", "peso": 273.632521 }, "geometry": { "type": "Point", "coordinates": [ -46.639542377871585, -23.587227776467596 ] } },
{ "type": "Feature", "properties": { "loja_id": "AG02", "peso": 472.083041 }, "geometry": { "type": "Point", "coordinates": [ -46.655711253496982, -23.559279328455407 ] } },
{ "type": "Feature", "properties": { "loja_id": "AG05", "peso": 485.140085 }, "geometry": { "type": "Point", "coordinates": [ -46.604964396406622, -23.554944140757229 ] } },
{ "type": "Feature", "properties": { "loja_id": "AG01", "peso": 240.771517 }, "geometry": { "type": "Point", "coordinates": [ -46.690200980032508, -23.590540619343091 ] } },
{ "type": "Feature", "properties": { "loja_id": "AG06", "peso": 240.771517 }, "geometry": { "type": "Point", "coordinates": [ -46.573862277472422, -23.536803754589073 ] } },
{ "type": "Feature", "properties": { "loja_id": "AG11", "peso": 217.038031 }, "geometry": { "type": "Point", "coordinates": [ -46.700781148507971, -23.527250642118883 ] } },
{ "type": "Feature", "properties": { "loja_id": "AG02", "peso": 261.538317 }, "geometry": { "type": "Point", "coordinates": [ -46.652164704077371, -23.556111325137735 ] } },
{ "type": "Feature", "properties": { "loja_id": "AG04", "peso": 374.279914 }, "geometry": { "type": "Point", "coordinates": [ -46.640172385769901, -23.593768049889931 ] } },
{ "type": "Feature", "properties": { "loja_id": "AG12", "peso": 1049.69122 }, "geometry": { "type": "Point", "coordinates": [ -46.64133336183199, -23.6366312266228 ] } },
{ "type": "Feature", "properties": { "loja_id": "AG09", "peso": 383.368479 }, "geometry": { "type": "Point", "coordinates": [ -46.641425326496154, -23.551113938959858 ] } },
{ "type": "Feature", "properties": { "loja_id": "AG02", "peso": 330.751982 }, "geometry": { "type": "Point", "coordinates": [ -46.656461186862522, -23.561276049086811 ] } },
{ "type": "Feature", "properties": { "loja_id": "AG02", "peso": 908.396257 }, "geometry": { "type": "Point", "coordinates": [ -46.654347645830455, -23.563032360023112 ] } },
{ "type": "Feature", "properties": { "loja_id": "AG02", "peso": 669.705809 }, "geometry": { "type": "Point", "coordinates": [ -46.654543957742, -23.558370672678471 ] } },
{ "type": "Feature", "properties": { "loja_id": "AG09", "peso": 348.252237 }, "geometry": { "type": "Point", "coordinates": [ -46.641317165481048, -23.543981156590441 ] } },
{ "type": "Feature", "properties": { "loja_id": "AG12", "peso": 201.765404 }, "geometry": { "type": "Point", "coordinates": [ -46.646003110388513, -23.644799185234152 ] } },
{ "type": "Feature", "properties": { "loja_id": "AG10", "peso": 257.533172 }, "geometry": { "type": "Point", "coordinates": [ -46.671678687600689, -23.537607572229788 ] } },
{ "type": "Feature", "properties": { "loja_id": "AG06", "peso": 270.63198 }, "geometry": { "type": "Point", "coordinates": [ -46.580254167175028, -23.53975514148231 ] } },
{ "type": "Feature", "properties": { "loja_id": "AG06", "peso": 163.894873 }, "geometry": { "type": "Point", "coordinates": [ -46.580254167175028, -23.53975514148231 ] } },
{ "type": "Feature", "properties": { "loja_id": "AG03", "peso": 225.918437 }, "geometry": { "type": "Point", "coordinates": [ -46.697910777194529, -23.573687681974143 ] } },
{ "type": "Feature", "properties": { "loja_id": "AG12", "peso": 96.630889 }, "geometry": { "type": "Point", "coordinates": [ -46.64089069446166, -23.646722627225195 ] } },
{ "type": "Feature", "properties": { "loja_id": "AG06", "peso": 362.026881 }, "geometry": { "type": "Point", "coordinates": [ -46.57029800288673, -23.540181058860142 ] } },
{ "type": "Feature", "properties": { "loja_id": "AG13", "peso": 264.944481 }, "geometry": { "type": "Point", "coordinates": [ -46.47026455029328, -23.540363964610645 ] } },
{ "type": "Feature", "properties": { "loja_id": "AG09", "peso": 166.773294 }, "geometry": { "type": "Point", "coordinates": [ -46.644897118604028, -23.542796492798693 ] } },
{ "type": "Feature", "properties": { "loja_id": "AG06", "peso": 242.625536 }, "geometry": { "type": "Point", "coordinates": [ -46.571601980022869, -23.536167376865841 ] } },
{ "type": "Feature", "properties": { "loja_id": "AG06", "peso": 166.773294 }, "geometry": { "type": "Point", "coordinates": [ -46.568271840212425, -23.53781744293283 ] } },
{ "type": "Feature", "properties": { "loja_id": "AG09", "peso": 167.62458 }, "geometry": { "type": "Point", "coordinates": [ -46.6487685455293, -23.539071154680066 ] } },
{ "type": "Feature", "properties": { "loja_id": "AG06", "peso": 96.630889 }, "geometry": { "type": "Point", "coordinates": [ -46.577456084953162, -23.535096716685004 ] } },
{ "type": "Feature", "properties": { "loja_id": "AG09", "peso": 608.329697 }, "geometry": { "type": "Point", "coordinates": [ -46.634805687126786, -23.544149065984332 ] } },
{ "type": "Feature", "properties": { "loja_id": "AG01", "peso": 225.341522 }, "geometry": { "type": "Point", "coordinates": [ -46.681747989246539, -23.590758807467491 ] } },
{ "type": "Feature", "properties": { "loja_id": "AG06", "peso": 256.074178 }, "geometry": { "type": "Point", "coordinates": [ -46.578493246033425, -23.544035406221433 ] } },
{ "type": "Feature", "properties": { "loja_id": "AG07", "peso": 181.457395 }, "geometry": { "type": "Point", "coordinates": [ -46.621455212788049, -23.504979618336844 ] } },
{ "type": "Feature", "properties": { "loja_id": "AG07", "peso": 181.457395 }, "geometry": { "type": "Point", "coordinates": [ -46.621435520781596, -23.504970792969768 ] } },
{ "type": "Feature", "properties": { "loja_id": "AG02", "peso": 447.669056 }, "geometry": { "type": "Point", "coordinates": [ -46.653004998920018, -23.561421202143801 ] } },
{ "type": "Feature", "properties": { "loja_id": "AG09", "peso": 200.533875 }, "geometry": { "type": "Point", "coordinates": [ -46.636103801403664, -23.544568871079008 ] } },
{ "type": "Feature", "properties": { "loja_id": "AG01", "peso": 228.2443 }, "geometry": { "type": "Point", "coordinates": [ -46.681027382684043, -23.591877313060788 ] } },
{ "type": "Feature", "properties": { "loja_id": "AG09", "peso": 252.628914 }, "geometry": { "type": "Point", "coordinates": [ -46.647428567620913, -23.540006438848526 ] } },
{ "type": "Feature", "properties": { "loja_id": "AG13", "peso": 160.175803 }, "geometry": { "type": "Point", "coordinates": [ -46.47026455029328, -23.540363964610645 ] } },
{ "type": "Feature", "properties": { "loja_id": "AG03", "peso": 238.861841 }, "geometry": { "type": "Point", "coordinates": [ -46.698155318692457, -23.562993391864804 ] } },
{ "type": "Feature", "properties": { "loja_id": "AG09", "peso": 292.614762 }, "geometry": { "type": "Point", "coordinates": [ -46.642464914496173, -23.544122555569803 ] } },
{ "type": "Feature", "properties": { "loja_id": "AG13", "peso": 499.640008 }, "geometry": { "type": "Point", "coordinates": [ -46.468070733816873, -23.535977651949423 ] } },
{ "type": "Feature", "properties": { "loja_id": "AG09", "peso": 496.761423 }, "geometry": { "type": "Point", "coordinates": [ -46.64552301045299, -23.53720916048491 ] } },
{ "type": "Feature", "properties": { "loja_id": "AG09", "peso": 484.499401 }, "geometry": { "type": "Point", "coordinates": [ -46.639139081948805, -23.535786553918715 ] } },
{ "type": "Feature", "properties": { "loja_id": "AG15", "peso": 345.366863 }, "geometry": { "type": "Point", "coordinates": [ -46.711184615970453, -23.571356802326267 ] } },
{ "type": "Feature", "properties": { "loja_id": "AG07", "peso": 496.761423 }, "geometry": { "type": "Point", "coordinates": [ -46.626303857829477, -23.509895765906727 ] } },
{ "type": "Feature", "properties": { "loja_id": "AG05", "peso": 426.789679 }, "geometry": { "type": "Point", "coordinates": [ -46.591243687500253, -23.562526234172964 ] } },
{ "type": "Feature", "properties": { "loja_id": "AG09", "peso": 580.925748 }, "geometry": { "type": "Point", "coordinates": [ -46.641367285058415, -23.545651230670963 ] } },
{ "type": "Feature", "properties": { "loja_id": "AG03", "peso": 373.475021 }, "geometry": { "type": "Point", "coordinates": [ -46.693373226704615, -23.565158605888335 ] } },
{ "type": "Feature", "properties": { "loja_id": "AG09", "peso": 132.109616 }, "geometry": { "type": "Point", "coordinates": [ -46.639546999979203, -23.544198492611748 ] } },
{ "type": "Feature", "properties": { "loja_id": "AG01", "peso": 856.577916 }, "geometry": { "type": "Point", "coordinates": [ -46.675131678177898, -23.587471104427522 ] } },
{ "type": "Feature", "properties": { "loja_id": "AG08", "peso": 496.761423 }, "geometry": { "type": "Point", "coordinates": [ -46.689912695905534, -23.603980512929663 ] } },
{ "type": "Feature", "properties": { "loja_id": "AG01", "peso": 396.328849 }, "geometry": { "type": "Point", "coordinates": [ -46.676089609045349, -23.590377502300306 ] } },
{ "type": "Feature", "properties": { "loja_id": "AG06", "peso": 773.578876 }, "geometry": { "type": "Point", "coordinates": [ -46.575636473523303, -23.538564803504624 ] } },
{ "type": "Feature", "properties": { "loja_id": "AG09", "peso": 323.03122 }, "geometry": { "type": "Point", "coordinates": [ -46.64547383776641, -23.546637289468809 ] } },
{ "type": "Feature", "properties": { "loja_id": "AG11", "peso": 127.102758 }, "geometry": { "type": "Point", "coordinates": [ -46.70462231429871, -23.522097573025921 ] } },
{ "type": "Feature", "properties": { "loja_id": "AG07", "peso": 313.401195 }, "geometry": { "type": "Point", "coordinates": [ -46.622157868188999, -23.498389145602424 ] } },
{ "type": "Feature", "properties": { "loja_id": "AG09", "peso": 538.430853 }, "geometry": { "type": "Point", "coordinates": [ -46.635740470624846, -23.545286086572624 ] } },
{ "type": "Feature", "properties": { "loja_id": "AG01", "peso": 603.080877 }, "geometry": { "type": "Point", "coordinates": [ -46.682776242914031, -23.585338632889727 ] } },
{ "type": "Feature", "properties": { "loja_id": "AG15", "peso": 153.814616 }, "geometry": { "type": "Point", "coordinates": [ -46.716993597017201, -23.568312820272833 ] } },
{ "type": "Feature", "properties": { "loja_id": "AG09", "peso": 153.814616 }, "geometry": { "type": "Point", "coordinates": [ -46.641174185625836, -23.544298725386628 ] } },
{ "type": "Feature", "properties": { "loja_id": "AG03", "peso": 153.814616 }, "geometry": { "type": "Point", "coordinates": [ -46.694214671714064, -23.563551108614334 ] } },
{ "type": "Feature", "properties": { "loja_id": "AG02", "peso": 1229.792547 }, "geometry": { "type": "Point", "coordinates": [ -46.654073627426911, -23.556795386648972 ] } },
{ "type": "Feature", "properties": { "loja_id": "AG02", "peso": 796.570173 }, "geometry": { "type": "Point", "coordinates": [ -46.657362127809137, -23.560471786850055 ] } },
{ "type": "Feature", "properties": { "loja_id": "AG02", "peso": 313.907901 }, "geometry": { "type": "Point", "coordinates": [ -46.654834787605168, -23.562819479493506 ] } },
{ "type": "Feature", "properties": { "loja_id": "AG06", "peso": 305.066049 }, "geometry": { "type": "Point", "coordinates": [ -46.571797952592476, -23.542766694733871 ] } },
{ "type": "Feature", "properties": { "loja_id": "AG13", "peso": 473.677305 }, "geometry": { "type": "Point", "coordinates": [ -46.47026455029328, -23.540363964610645 ] } },
{ "type": "Feature", "properties": { "loja_id": "AG04", "peso": 439.076256 }, "geometry": { "type": "Point", "coordinates": [ -46.634021436146476, -23.590807758492709 ] } },
{ "type": "Feature", "properties": { "loja_id": "AG09", "peso": 473.677305 }, "geometry": { "type": "Point", "coordinates": [ -46.643546075114941, -23.542846895496893 ] } },
{ "type": "Feature", "properties": { "loja_id": "AG05", "peso": 711.626239 }, "geometry": { "type": "Point", "coordinates": [ -46.605455771439132, -23.549430530930021 ] } },
{ "type": "Feature", "properties": { "loja_id": "AG03", "peso": 473.677305 }, "geometry": { "type": "Point", "coordinates": [ -46.691547704248777, -23.570244372470047 ] } },
{ "type": "Feature", "properties": { "loja_id": "AG06", "peso": 512.190933 }, "geometry": { "type": "Point", "coordinates": [ -46.575526475657632, -23.540841601419942 ] } },
{ "type": "Feature", "properties": { "loja_id": "AG08", "peso": 288.265861 }, "geometry": { "type": "Point", "coordinates": [ -46.694236273232654, -23.613297549793177 ] } },
{ "type": "Feature", "properties": { "loja_id": "AG06", "peso": 473.677305 }, "geometry": { "type": "Point", "coordinates": [ -46.570868800393193, -23.543706222613025 ] } },
{ "type": "Feature", "properties": { "loja_id": "AG09", "peso": 439.076256 }, "geometry": { "type": "Point", "coordinates": [ -46.639378501422485, -23.545618024601023 ] } },
{ "type": "Feature", "properties": { "loja_id": "AG09", "peso": 473.677305 }, "geometry": { "type": "Point", "coordinates": [ -46.640626219858518, -23.541974691448718 ] } },
{ "type": "Feature", "properties": { "loja_id": "AG08", "peso": 456.599398 }, "geometry": { "type": "Point", "coordinates": [ -46.693679591037075, -23.602007027255702 ] } },
{ "type": "Feature", "properties": { "loja_id": "AG09", "peso": 393.26947 }, "geometry": { "type": "Point", "coordinates": [ -46.637422326605353, -23.547426630260965 ] } },
{ "type": "Feature", "properties": { "loja_id": "AG02", "peso": 460.137368 }, "geometry": { "type": "Point", "coordinates": [ -46.657520996249737, -23.567667174849259 ] } },
{ "type": "Feature", "properties": { "loja_id": "AG09", "peso": 245.023712 }, "geometry": { "type": "Point", "coordinates": [ -46.650602363233418, -23.540821639240487 ] } },
{ "type": "Feature", "properties": { "loja_id": "AG11", "peso": 668.281263 }, "geometry": { "type": "Point", "coordinates": [ -46.698099455817669, -23.515170519563529 ] } },
{ "type": "Feature", "properties": { "loja_id": "AG06", "peso": 315.742515 }, "geometry": { "type": "Point", "coordinates": [ -46.578937434016197, -23.540220035739267 ] } },
{ "type": "Feature", "properties": { "loja_id": "AG09", "peso": 464.123556 }, "geometry": { "type": "Point", "coordinates": [ -46.637419226243466, -23.544013210413322 ] } },
{ "type": "Feature", "properties": { "loja_id": "AG13", "peso": 626.637623 }, "geometry": { "type": "Point", "coordinates": [ -46.466556608403415, -23.536344132884917 ] } },
{ "type": "Feature", "properties": { "loja_id": "AG02", "peso": 668.281263 }, "geometry": { "type": "Point", "coordinates": [ -46.656999254706733, -23.569027270193057 ] } },
{ "type": "Feature", "properties": { "loja_id": "AG06", "peso": 384.267234 }, "geometry": { "type": "Point", "coordinates": [ -46.575483414453004, -23.544625812201662 ] } },
{ "type": "Feature", "properties": { "loja_id": "AG12", "peso": 384.267234 }, "geometry": { "type": "Point", "coordinates": [ -46.641797808086224, -23.637718962699331 ] } },
{ "type": "Feature", "properties": { "loja_id": "AG13", "peso": 231.733941 }, "geometry": { "type": "Point", "coordinates": [ -46.47026455029328, -23.540363964610645 ] } },
{ "type": "Feature", "properties": { "loja_id": "AG15", "peso": 217.430796 }, "geometry": { "type": "Point", "coordinates": [ -46.711742048630683, -23.569770406641716 ] } },
{ "type": "Feature", "properties": { "loja_id": "AG09", "peso": 599.19488 }, "geometry": { "type": "Point", "coordinates": [ -46.635015318524943, -23.548427226766822 ] } },
{ "type": "Feature", "properties": { "loja_id": "AG09", "peso": 312.067993 }, "geometry": { "type": "Point", "coordinates": [ -46.636305344084469, -23.546607598955109 ] } },
{ "type": "Feature", "properties": { "loja_id": "AG13", "peso": 292.215095 }, "geometry": { "type": "Point", "coordinates": [ -46.471116132246514, -23.54207176396481 ] } },
{ "type": "Feature", "properties": { "loja_id": "AG03", "peso": 242.784727 }, "geometry": { "type": "Point", "coordinates": [ -46.699182660161505, -23.571271778909917 ] } },
{ "type": "Feature", "properties": { "loja_id": "AG15", "peso": 242.784727 }, "geometry": { "type": "Point", "coordinates": [ -46.699182660161505, -23.571271778909917 ] } },
{ "type": "Feature", "properties": { "loja_id": "AG03", "peso": 491.4819 }, "geometry": { "type": "Point", "coordinates": [ -46.693754095290011, -23.567357800049745 ] } },
{ "type": "Feature", "properties": { "loja_id": "AG06", "peso": 182.299058 }, "geometry": { "type": "Point", "coordinates": [ -46.573606147071679, -23.536679918445298 ] } },
{ "type": "Feature", "properties": { "loja_id": "AG10", "peso": 353.38291 }, "geometry": { "type": "Point", "coordinates": [ -46.67978139337486, -23.528580416133174 ] } },
{ "type": "Feature", "properties": { "loja_id": "AG13", "peso": 653.510125 }, "geometry": { "type": "Point", "coordinates": [ -46.466543046965938, -23.542187191369273 ] } },
{ "type": "Feature", "properties": { "loja_id": "AG02", "peso": 392.580063 }, "geometry": { "type": "Point", "coordinates": [ -46.654543957742, -23.558370672678471 ] } },
{ "type": "Feature", "properties": { "loja_id": "AG13", "peso": 386.217693 }, "geometry": { "type": "Point", "coordinates": [ -46.471116132246514, -23.54207176396481 ] } },
{ "type": "Feature", "properties": { "loja_id": "AG02", "peso": 392.580063 }, "geometry": { "type": "Point", "coordinates": [ -46.656771220948563, -23.561001838462811 ] } },
{ "type": "Feature", "properties": { "loja_id": "AG09", "peso": 441.489637 }, "geometry": { "type": "Point", "coordinates": [ -46.643948227943277, -23.544468095979813 ] } },
{ "type": "Feature", "properties": { "loja_id": "AG05", "peso": 867.429757 }, "geometry": { "type": "Point", "coordinates": [ -46.598966313570997, -23.55226069552922 ] } },
{ "type": "Feature", "properties": { "loja_id": "AG12", "peso": 2436.783994 }, "geometry": { "type": "Point", "coordinates": [ -46.643069515502482, -23.639087110940398 ] } },
{ "type": "Feature", "properties": { "loja_id": "AG02", "peso": 271.709098 }, "geometry": { "type": "Point", "coordinates": [ -46.654480520959375, -23.563473426865947 ] } },
{ "type": "Feature", "properties": { "loja_id": "AG04", "peso": 133.772487 }, "geometry": { "type": "Point", "coordinates": [ -46.634361264576512, -23.589765702791997 ] } },
{ "type": "Feature", "properties": { "loja_id": "AG01", "peso": 77.437571 }, "geometry": { "type": "Point", "coordinates": [ -46.676900897121172, -23.584056683526775 ] } },
{ "type": "Feature", "properties": { "loja_id": "AG01", "peso": 97.047226 }, "geometry": { "type": "Point", "coordinates": [ -46.684319358422634, -23.59109214509586 ] } },
{ "type": "Feature", "properties": { "loja_id": "AG09", "peso": 139.302728 }, "geometry": { "type": "Point", "coordinates": [ -46.642493958555924, -23.544095158013238 ] } },
{ "type": "Feature", "properties": { "loja_id": "AG09", "peso": 62.411318 }, "geometry": { "type": "Point", "coordinates": [ -46.639631937633411, -23.541569781755687 ] } },
{ "type": "Feature", "properties": { "loja_id": "AG09", "peso": 122.470938 }, "geometry": { "type": "Point", "coordinates": [ -46.636561658192804, -23.546740356514601 ] } },
{ "type": "Feature", "properties": { "loja_id": "AG02", "peso": 75.037423 }, "geometry": { "type": "Point", "coordinates": [ -46.658578239947929, -23.566825116640601 ] } },
{ "type": "Feature", "properties": { "loja_id": "AG05", "peso": 62.411318 }, "geometry": { "type": "Point", "coordinates": [ -46.602114241784456, -23.554169829553889 ] } },
{ "type": "Feature", "properties": { "loja_id": "AG08", "peso": 61.532285 }, "geometry": { "type": "Point", "coordinates": [ -46.698479092970729, -23.61326020158458 ] } },
{ "type": "Feature", "properties": { "loja_id": "AG10", "peso": 62.411318 }, "geometry": { "type": "Point", "coordinates": [ -46.67516085779036, -23.533380106861998 ] } },
{ "type": "Feature", "properties": { "loja_id": "AG01", "peso": 75.037423 }, "geometry": { "type": "Point", "coordinates": [ -46.677597008636283, -23.586406031121637 ] } },
{ "type": "Feature", "properties": { "loja_id": "AG07", "peso": 47.57841 }, "geometry": { "type": "Point", "coordinates": [ -46.624594739869174, -23.502282936653007 ] } },
{ "type": "Feature", "properties": { "loja_id": "AG01", "peso": 64.101765 }, "geometry": { "type": "Point", "coordinates": [ -46.68576925851, -23.578804501306138 ] } },
{ "type": "Feature", "properties": { "loja_id": "AG06", "peso": 140.568967 }, "geometry": { "type": "Point", "coordinates": [ -46.576294684601237, -23.542016812761275 ] } },
{ "type": "Feature", "properties": { "loja_id": "AG09", "peso": 689.679984 }, "geometry": { "type": "Point", "coordinates": [ -46.646906784714709, -23.543723405806723 ] } },
{ "type": "Feature", "properties": { "loja_id": "AG03", "peso": 111.250309 }, "geometry": { "type": "Point", "coordinates": [ -46.688538549866422, -23.567820906963433 ] } },
{ "type": "Feature", "properties": { "loja_id": "AG04", "peso": 165.570083 }, "geometry": { "type": "Point", "coordinates": [ -46.638007627651504, -23.598558866929856 ] } },
{ "type": "Feature", "properties": { "loja_id": "AG04", "peso": 206.889343 }, "geometry": { "type": "Point", "coordinates": [ -46.627937022014407, -23.590835535145668 ] } },
{ "type": "Feature", "properties": { "loja_id": "AG08", "peso": 111.250309 }, "geometry": { "type": "Point", "coordinates": [ -46.698479092970729, -23.61326020158458 ] } },
{ "type": "Feature", "properties": { "loja_id": "AG03", "peso": 111.250309 }, "geometry": { "type": "Point", "coordinates": [ -46.69702355777703, -23.558012109789178 ] } },
{ "type": "Feature", "properties": { "loja_id": "AG04", "peso": 202.828585 }, "geometry": { "type": "Point", "coordinates": [ -46.63652628601649, -23.59842097354888 ] } },
{ "type": "Feature", "properties": { "loja_id": "AG04", "peso": 131.608157 }, "geometry": { "type": "Point", "coordinates": [ -46.633487308767599, -23.597522859056415 ] } },
{ "type": "Feature", "properties": { "loja_id": "AG02", "peso": 67.79711 }, "geometry": { "type": "Point", "coordinates": [ -46.656470981594147, -23.561275944715117 ] } },
{ "type": "Feature", "properties": { "loja_id": "AG02", "peso": 170.470264 }, "geometry": { "type": "Point", "coordinates": [ -46.6565774781036, -23.561175477421635 ] } },
{ "type": "Feature", "properties": { "loja_id": "AG02", "peso": 62.705441 }, "geometry": { "type": "Point", "coordinates": [ -46.658214538076869, -23.559704158348332 ] } },
{ "type": "Feature", "properties": { "loja_id": "AG02", "peso": 457.926783 }, "geometry": { "type": "Point", "coordinates": [ -46.654614215638986, -23.558505378401009 ] } },
{ "type": "Feature", "properties": { "loja_id": "AG03", "peso": 95.340356 }, "geometry": { "type": "Point", "coordinates": [ -46.693410995251647, -23.570395651448749 ] } },
{ "type": "Feature", "properties": { "loja_id": "AG01", "peso": 211.928515 }, "geometry": { "type": "Point", "coordinates": [ -46.675505704462545, -23.585290807409127 ] } },
{ "type": "Feature", "properties": { "loja_id": "AG04", "peso": 56.303316 }, "geometry": { "type": "Point", "coordinates": [ -46.633802162985333, -23.583387187939085 ] } },
{ "type": "Feature", "properties": { "loja_id": "AG02", "peso": 182.184579 }, "geometry": { "type": "Point", "coordinates": [ -46.65544709036493, -23.55852360254509 ] } },
{ "type": "Feature", "properties": { "loja_id": "AG09", "peso": 215.35035 }, "geometry": { "type": "Point", "coordinates": [ -46.644183249253558, -23.545251245874894 ] } },
{ "type": "Feature", "properties": { "loja_id": "AG15", "peso": 50.767612 }, "geometry": { "type": "Point", "coordinates": [ -46.7078642724546, -23.571411389563387 ] } },
{ "type": "Feature", "properties": { "loja_id": "AG04", "peso": 182.184579 }, "geometry": { "type": "Point", "coordinates": [ -46.636237527231032, -23.591732602681581 ] } },
{ "type": "Feature", "properties": { "loja_id": "AG03", "peso": 67.580938 }, "geometry": { "type": "Point", "coordinates": [ -46.697934379216619, -23.558760692656797 ] } },
{ "type": "Feature", "properties": { "loja_id": "AG06", "peso": 187.409324 }, "geometry": { "type": "Point", "coordinates": [ -46.576776508756893, -23.54135270395436 ] } },
{ "type": "Feature", "properties": { "loja_id": "AG09", "peso": 163.897972 }, "geometry": { "type": "Point", "coordinates": [ -46.64917966422307, -23.54454816784369 ] } },
{ "type": "Feature", "properties": { "loja_id": "AG09", "peso": 82.622362 }, "geometry": { "type": "Point", "coordinates": [ -46.635295247753874, -23.546509859405035 ] } },
{ "type": "Feature", "properties": { "loja_id": "AG08", "peso": 75.36222 }, "geometry": { "type": "Point", "coordinates": [ -46.695068654173348, -23.609441660248738 ] } },
{ "type": "Feature", "properties": { "loja_id": "AG09", "peso": 89.51951 }, "geometry": { "type": "Point", "coordinates": [ -46.634987442965596, -23.544589640524702 ] } },
{ "type": "Feature", "properties": { "loja_id": "AG04", "peso": 89.51951 }, "geometry": { "type": "Point", "coordinates": [ -46.633124678284787, -23.584062551928806 ] } },
{ "type": "Feature", "properties": { "loja_id": "AG04", "peso": 242.272215 }, "geometry": { "type": "Point", "coordinates": [ -46.636707638661747, -23.599611054012996 ] } },
{ "type": "Feature", "properties": { "loja_id": "AG09", "peso": 52.116368 }, "geometry": { "type": "Point", "coordinates": [ -46.642170595482334, -23.548026745325878 ] } },
{ "type": "Feature", "properties": { "loja_id": "AG01", "peso": 113.322485 }, "geometry": { "type": "Point", "coordinates": [ -46.680139254780642, -23.594460506585534 ] } },
{ "type": "Feature", "properties": { "loja_id": "AG11", "peso": 375.56443 }, "geometry": { "type": "Point", "coordinates": [ -46.700487590705194, -23.521935108620596 ] } },
{ "type": "Feature", "properties": { "loja_id": "AG10", "peso": 113.322485 }, "geometry": { "type": "Point", "coordinates": [ -46.674894586669858, -23.527820372334808 ] } },
{ "type": "Feature", "properties": { "loja_id": "AG01", "peso": 238.401769 }, "geometry": { "type": "Point", "coordinates": [ -46.678300286764951, -23.591626875321161 ] } },
{ "type": "Feature", "properties": { "loja_id": "AG03", "peso": 113.322485 }, "geometry": { "type": "Point", "coordinates": [ -46.688034552134937, -23.57514077225418 ] } },
{ "type": "Feature", "properties": { "loja_id": "AG12", "peso": 219.408066 }, "geometry": { "type": "Point", "coordinates": [ -46.641323106202982, -23.637380840778302 ] } },
{ "type": "Feature", "properties": { "loja_id": "AG02", "peso": 219.408066 }, "geometry": { "type": "Point", "coordinates": [ -46.655406780877342, -23.55843372948959 ] } },
{ "type": "Feature", "properties": { "loja_id": "AG04", "peso": 431.636155 }, "geometry": { "type": "Point", "coordinates": [ -46.636117951620513, -23.593151612012399 ] } },
{ "type": "Feature", "properties": { "loja_id": "AG12", "peso": 261.365199 }, "geometry": { "type": "Point", "coordinates": [ -46.647289278672467, -23.652009650475971 ] } },
{ "type": "Feature", "properties": { "loja_id": "AG01", "peso": 405.97567 }, "geometry": { "type": "Point", "coordinates": [ -46.680831445091634, -23.591879433899699 ] } },
{ "type": "Feature", "properties": { "loja_id": "AG02", "peso": 492.458513 }, "geometry": { "type": "Point", "coordinates": [ -46.65368826397215, -23.563572159814054 ] } },
{ "type": "Feature", "properties": { "loja_id": "AG05", "peso": 868.109713 }, "geometry": { "type": "Point", "coordinates": [ -46.603784289946908, -23.551335130328411 ] } },
{ "type": "Feature", "properties": { "loja_id": "AG04", "peso": 649.549015 }, "geometry": { "type": "Point", "coordinates": [ -46.630032185724453, -23.583562247256868 ] } },
{ "type": "Feature", "properties": { "loja_id": "AG04", "peso": 348.999685 }, "geometry": { "type": "Point", "coordinates": [ -46.640875777608819, -23.589660891023531 ] } },
{ "type": "Feature", "properties": { "loja_id": "AG04", "peso": 520.928748 }, "geometry": { "type": "Point", "coordinates": [ -46.640495468197443, -23.587443468990273 ] } },
{ "type": "Feature", "properties": { "loja_id": "AG11", "peso": 916.041601 }, "geometry": { "type": "Point", "coordinates": [ -46.69919113504487, -23.526979047480456 ] } },
{ "type": "Feature", "properties": { "loja_id": "AG12", "peso": 1538.496004 }, "geometry": { "type": "Point", "coordinates": [ -46.643458483062034, -23.646686396365368 ] } },
{ "type": "Feature", "properties": { "loja_id": "AG08", "peso": 1082.025963 }, "geometry": { "type": "Point", "coordinates": [ -46.690979477493968, -23.614570188938082 ] } },
{ "type": "Feature", "properties": { "loja_id": "AG01", "peso": 411.903507 }, "geometry": { "type": "Point", "coordinates": [ -46.681046976442033, -23.59187710096332 ] } },
{ "type": "Feature", "properties": { "loja_id": "AG09", "peso": 467.390904 }, "geometry": { "type": "Point", "coordinates": [ -46.643701454037526, -23.54510282362169 ] } },
{ "type": "Feature", "properties": { "loja_id": "AG09", "peso": 164.04319 }, "geometry": { "type": "Point", "coordinates": [ -46.643623552706572, -23.541988200032925 ] } },
{ "type": "Feature", "properties": { "loja_id": "AG04", "peso": 259.110032 }, "geometry": { "type": "Point", "coordinates": [ -46.636699776479226, -23.597398727246532 ] } },
{ "type": "Feature", "properties": { "loja_id": "AG09", "peso": 384.298898 }, "geometry": { "type": "Point", "coordinates": [ -46.643125622005201, -23.54605708747965 ] } },
{ "type": "Feature", "properties": { "loja_id": "AG02", "peso": 199.151039 }, "geometry": { "type": "Point", "coordinates": [ -46.654813048654454, -23.56264813663925 ] } },
{ "type": "Feature", "properties": { "loja_id": "AG03", "peso": 164.04319 }, "geometry": { "type": "Point", "coordinates": [ -46.688735077690311, -23.57399536682971 ] } },
{ "type": "Feature", "properties": { "loja_id": "AG04", "peso": 199.151039 }, "geometry": { "type": "Point", "coordinates": [ -46.636540678067121, -23.598791061850751 ] } },
{ "type": "Feature", "properties": { "loja_id": "AG07", "peso": 437.464804 }, "geometry": { "type": "Point", "coordinates": [ -46.626451466700445, -23.50277828993389 ] } },
{ "type": "Feature", "properties": { "loja_id": "AG04", "peso": 123.141231 }, "geometry": { "type": "Point", "coordinates": [ -46.63040974786351, -23.593500616002942 ] } },
{ "type": "Feature", "properties": { "loja_id": "AG04", "peso": 219.357005 }, "geometry": { "type": "Point", "coordinates": [ -46.634607322528403, -23.588273120348834 ] } },
{ "type": "Feature", "properties": { "loja_id": "AG04", "peso": 2369.908173 }, "geometry": { "type": "Point", "coordinates": [ -46.627487839677933, -23.594930958776956 ] } },
{ "type": "Feature", "properties": { "loja_id": "AG09", "peso": 750.508896 }, "geometry": { "type": "Point", "coordinates": [ -46.642810030012846, -23.547460114706922 ] } },
{ "type": "Feature", "properties": { "loja_id": "AG12", "peso": 240.189297 }, "geometry": { "type": "Point", "coordinates": [ -46.642129123406889, -23.644632573258026 ] } },
{ "type": "Feature", "properties": { "loja_id": "AG12", "peso": 870.153418 }, "geometry": { "type": "Point", "coordinates": [ -46.646093465570232, -23.644969799030946 ] } },
{ "type": "Feature", "properties": { "loja_id": "AG09", "peso": 602.401414 }, "geometry": { "type": "Point", "coordinates": [ -46.643701454037526, -23.54510282362169 ] } },
{ "type": "Feature", "properties": { "loja_id": "AG08", "peso": 518.300067 }, "geometry": { "type": "Point", "coordinates": [ -46.692190760909085, -23.602817908667465 ] } },
{ "type": "Feature", "properties": { "loja_id": "AG09", "peso": 140.451322 }, "geometry": { "type": "Point", "coordinates": [ -46.641251666977674, -23.545805965647379 ] } },
{ "type": "Feature", "properties": { "loja_id": "AG12", "peso": 872.875048 }, "geometry": { "type": "Point", "coordinates": [ -46.641154697047838, -23.637238140179864 ] } },
{ "type": "Feature", "properties": { "loja_id": "AG09", "peso": 282.66637 }, "geometry": { "type": "Point", "coordinates": [ -46.638865482235353, -23.546111067093605 ] } },
{ "type": "Feature", "properties": { "loja_id": "AG09", "peso": 777.4501 }, "geometry": { "type": "Point", "coordinates": [ -46.645108716115935, -23.544058493660241 ] } },
{ "type": "Feature", "properties": { "loja_id": "AG12", "peso": 170.89661 }, "geometry": { "type": "Point", "coordinates": [ -46.64089069446166, -23.646722627225195 ] } },
{ "type": "Feature", "properties": { "loja_id": "AG03", "peso": 93.843723 }, "geometry": { "type": "Point", "coordinates": [ -46.684555313249454, -23.565823323522359 ] } },
{ "type": "Feature", "properties": { "loja_id": "AG04", "peso": 93.843723 }, "geometry": { "type": "Point", "coordinates": [ -46.636864111377371, -23.598796682637101 ] } },
{ "type": "Feature", "properties": { "loja_id": "AG04", "peso": 218.67715 }, "geometry": { "type": "Point", "coordinates": [ -46.635231001044438, -23.591950900104351 ] } },
{ "type": "Feature", "properties": { "loja_id": "AG01", "peso": 93.843723 }, "geometry": { "type": "Point", "coordinates": [ -46.6821032973954, -23.584813145059151 ] } },
{ "type": "Feature", "properties": { "loja_id": "AG04", "peso": 292.522942 }, "geometry": { "type": "Point", "coordinates": [ -46.639051884341484, -23.5800809936155 ] } },
{ "type": "Feature", "properties": { "loja_id": "AG08", "peso": 198.32063 }, "geometry": { "type": "Point", "coordinates": [ -46.691793783409231, -23.606244629838617 ] } },
{ "type": "Feature", "properties": { "loja_id": "AG04", "peso": 216.716984 }, "geometry": { "type": "Point", "coordinates": [ -46.636620633603421, -23.593390131788702 ] } },
{ "type": "Feature", "properties": { "loja_id": "AG04", "peso": 216.716984 }, "geometry": { "type": "Point", "coordinates": [ -46.636620633603421, -23.593390131788702 ] } },
{ "type": "Feature", "properties": { "loja_id": "AG07", "peso": 198.32063 }, "geometry": { "type": "Point", "coordinates": [ -46.623503011918281, -23.501887953021601 ] } },
{ "type": "Feature", "properties": { "loja_id": "AG02", "peso": 251.943592 }, "geometry": { "type": "Point", "coordinates": [ -46.65368826397215, -23.563572159814054 ] } },
{ "type": "Feature", "properties": { "loja_id": "AG08", "peso": 378.049321 }, "geometry": { "type": "Point", "coordinates": [ -46.695278279621114, -23.611263440254167 ] } },
{ "type": "Feature", "properties": { "loja_id": "AG08", "peso": 252.038003 }, "geometry": { "type": "Point", "coordinates": [ -46.690979477493968, -23.614570188938082 ] } },
{ "type": "Feature", "properties": { "loja_id": "AG08", "peso": 227.574563 }, "geometry": { "type": "Point", "coordinates": [ -46.691672660622167, -23.601387774606248 ] } },
{ "type": "Feature", "properties": { "loja_id": "AG04", "peso": 67.245034 }, "geometry": { "type": "Point", "coordinates": [ -46.636432007882121, -23.598719965288808 ] } },
{ "type": "Feature", "properties": { "loja_id": "AG02", "peso": 47.391976 }, "geometry": { "type": "Point", "coordinates": [ -46.66006033479097, -23.567829706608535 ] } },
{ "type": "Feature", "properties": { "loja_id": "AG15", "peso": 80.11316 }, "geometry": { "type": "Point", "coordinates": [ -46.713885661360308, -23.564346820585179 ] } },
{ "type": "Feature", "properties": { "loja_id": "AG12", "peso": 64.624411 }, "geometry": { "type": "Point", "coordinates": [ -46.640491999423233, -23.646979691845601 ] } },
{ "type": "Feature", "properties": { "loja_id": "AG10", "peso": 14.492919 }, "geometry": { "type": "Point", "coordinates": [ -46.67466284699892, -23.534270426906282 ] } },
{ "type": "Feature", "properties": { "loja_id": "AG09", "peso": 24.915891 }, "geometry": { "type": "Point", "coordinates": [ -46.643406186948567, -23.544988550149199 ] } },
{ "type": "Feature", "properties": { "loja_id": "AG05", "peso": 48.320384 }, "geometry": { "type": "Point", "coordinates": [ -46.602369255111434, -23.548541263415789 ] } },
{ "type": "Feature", "properties": { "loja_id": "AG09", "peso": 17.381112 }, "geometry": { "type": "Point", "coordinates": [ -46.636562751716745, -23.548410950185218 ] } },
{ "type": "Feature", "properties": { "loja_id": "AG05", "peso": 28.23801 }, "geometry": { "type": "Point", "coordinates": [ -46.590151765073585, -23.561336361426111 ] } },
{ "type": "Feature", "properties": { "loja_id": "AG05", "peso": 24.915891 }, "geometry": { "type": "Point", "coordinates": [ -46.595703085736126, -23.553775204828316 ] } },
{ "type": "Feature", "properties": { "loja_id": "AG03", "peso": 18.824505 }, "geometry": { "type": "Point", "coordinates": [ -46.690060392419838, -23.568851857824217 ] } },
{ "type": "Feature", "properties": { "loja_id": "AG05", "peso": 31.588283 }, "geometry": { "type": "Point", "coordinates": [ -46.596025660174718, -23.549663054229001 ] } },
{ "type": "Feature", "properties": { "loja_id": "AG04", "peso": 12.87761 }, "geometry": { "type": "Point", "coordinates": [ -46.636620633603421, -23.593390131788702 ] } },
{ "type": "Feature", "properties": { "loja_id": "AG11", "peso": 315.975839 }, "geometry": { "type": "Point", "coordinates": [ -46.702860866960194, -23.514585733921134 ] } },
{ "type": "Feature", "properties": { "loja_id": "AG08", "peso": 262.791605 }, "geometry": { "type": "Point", "coordinates": [ -46.697085690858195, -23.611595858355891 ] } },
{ "type": "Feature", "properties": { "loja_id": "AG09", "peso": 325.019998 }, "geometry": { "type": "Point", "coordinates": [ -46.639809547777993, -23.547202811473479 ] } },
{ "type": "Feature", "properties": { "loja_id": "AG01", "peso": 493.51196 }, "geometry": { "type": "Point", "coordinates": [ -46.690200980032508, -23.590540619343091 ] } },
{ "type": "Feature", "properties": { "loja_id": "AG01", "peso": 315.975839 }, "geometry": { "type": "Point", "coordinates": [ -46.681027382684043, -23.591877313060788 ] } },
{ "type": "Feature", "properties": { "loja_id": "AG09", "peso": 325.019998 }, "geometry": { "type": "Point", "coordinates": [ -46.646350987229717, -23.547070489800241 ] } },
{ "type": "Feature", "properties": { "loja_id": "AG02", "peso": 82.611995 }, "geometry": { "type": "Point", "coordinates": [ -46.6565774781036, -23.561175477421635 ] } },
{ "type": "Feature", "properties": { "loja_id": "AG03", "peso": 364.443552 }, "geometry": { "type": "Point", "coordinates": [ -46.690127021021389, -23.572526386271271 ] } },
{ "type": "Feature", "properties": { "loja_id": "AG09", "peso": 249.620335 }, "geometry": { "type": "Point", "coordinates": [ -46.640287379550912, -23.536767784449431 ] } },
{ "type": "Feature", "properties": { "loja_id": "AG02", "peso": 144.196599 }, "geometry": { "type": "Point", "coordinates": [ -46.655753867256713, -23.561897639798858 ] } },
{ "type": "Feature", "properties": { "loja_id": "AG12", "peso": 80.96372 }, "geometry": { "type": "Point", "coordinates": [ -46.643034822075769, -23.639448685769796 ] } },
{ "type": "Feature", "properties": { "loja_id": "AG01", "peso": 191.606889 }, "geometry": { "type": "Point", "coordinates": [ -46.680831445091634, -23.591879433899699 ] } },
{ "type": "Feature", "properties": { "loja_id": "AG15", "peso": 291.592968 }, "geometry": { "type": "Point", "coordinates": [ -46.714085988705222, -23.578268915090828 ] } },
{ "type": "Feature", "properties": { "loja_id": "AG02", "peso": 197.170802 }, "geometry": { "type": "Point", "coordinates": [ -46.654834787605168, -23.562819479493506 ] } },
{ "type": "Feature", "properties": { "loja_id": "AG03", "peso": 511.134219 }, "geometry": { "type": "Point", "coordinates": [ -46.686356447465002, -23.56878373190353 ] } },
{ "type": "Feature", "properties": { "loja_id": "AG09", "peso": 69.213356 }, "geometry": { "type": "Point", "coordinates": [ -46.642533079004131, -23.548031947587909 ] } },
{ "type": "Feature", "properties": { "loja_id": "AG03", "peso": 175.864545 }, "geometry": { "type": "Point", "coordinates": [ -46.694767916023018, -23.565441397921699 ] } },
{ "type": "Feature", "properties": { "loja_id": "AG06", "peso": 1144.3697 }, "geometry": { "type": "Point", "coordinates": [ -46.571535163214541, -23.538786898480641 ] } },
{ "type": "Feature", "properties": { "loja_id": "AG02", "peso": 1144.3697 }, "geometry": { "type": "Point", "coordinates": [ -46.654543957742, -23.558370672678471 ] } },
{ "type": "Feature", "properties": { "loja_id": "AG05", "peso": 282.838377 }, "geometry": { "type": "Point", "coordinates": [ -46.599566323907119, -23.55327496040789 ] } },
{ "type": "Feature", "properties": { "loja_id": "AG09", "peso": 515.581996 }, "geometry": { "type": "Point", "coordinates": [ -46.635436232108702, -23.548404740335783 ] } },
{ "type": "Feature", "properties": { "loja_id": "AG01", "peso": 280.225087 }, "geometry": { "type": "Point", "coordinates": [ -46.683499890565521, -23.589069256678229 ] } },
{ "type": "Feature", "properties": { "loja_id": "AG09", "peso": 270.701655 }, "geometry": { "type": "Point", "coordinates": [ -46.636355542285699, -23.546706404103141 ] } },
{ "type": "Feature", "properties": { "loja_id": "AG06", "peso": 270.701655 }, "geometry": { "type": "Point", "coordinates": [ -46.576143903312939, -23.537584370240548 ] } },
{ "type": "Feature", "properties": { "loja_id": "AG02", "peso": 262.786402 }, "geometry": { "type": "Point", "coordinates": [ -46.654133883324917, -23.56160785889265 ] } },
{ "type": "Feature", "properties": { "loja_id": "AG01", "peso": 424.257565 }, "geometry": { "type": "Point", "coordinates": [ -46.682667390206461, -23.590631457205294 ] } },
{ "type": "Feature", "properties": { "loja_id": "AG10", "peso": 901.957324 }, "geometry": { "type": "Point", "coordinates": [ -46.670988602588046, -23.536477180604251 ] } },
{ "type": "Feature", "properties": { "loja_id": "AG09", "peso": 901.957324 }, "geometry": { "type": "Point", "coordinates": [ -46.635936015134824, -23.547631908255994 ] } },
{ "type": "Feature", "properties": { "loja_id": "AG06", "peso": 357.479074 }, "geometry": { "type": "Point", "coordinates": [ -46.573851669353004, -23.547432753268779 ] } },
{ "type": "Feature", "properties": { "loja_id": "AG03", "peso": 265.383093 }, "geometry": { "type": "Point", "coordinates": [ -46.693486272613555, -23.56709884570262 ] } },
{ "type": "Feature", "properties": { "loja_id": "AG09", "peso": 217.714766 }, "geometry": { "type": "Point", "coordinates": [ -46.643641008559378, -23.54496800822443 ] } },
{ "type": "Feature", "properties": { "loja_id": "AG08", "peso": 400.153398 }, "geometry": { "type": "Point", "coordinates": [ -46.698197431954092, -23.611935868795729 ] } },
{ "type": "Feature", "properties": { "loja_id": "AG03", "peso": 112.323761 }, "geometry": { "type": "Point", "coordinates": [ -46.70223857526706, -23.565143037275451 ] } },
{ "type": "Feature", "properties": { "loja_id": "AG05", "peso": 128.303361 }, "geometry": { "type": "Point", "coordinates": [ -46.597936027420879, -23.55697612918631 ] } },
{ "type": "Feature", "properties": { "loja_id": "AG06", "peso": 286.658423 }, "geometry": { "type": "Point", "coordinates": [ -46.574204167853985, -23.545776606393467 ] } },
{ "type": "Feature", "properties": { "loja_id": "AG03", "peso": 988.996398 }, "geometry": { "type": "Point", "coordinates": [ -46.69548896728012, -23.565903098860389 ] } },
{ "type": "Feature", "properties": { "loja_id": "AG06", "peso": 215.732839 }, "geometry": { "type": "Point", "coordinates": [ -46.573973412575334, -23.546140161358753 ] } },
{ "type": "Feature", "properties": { "loja_id": "AG03", "peso": 829.191754 }, "geometry": { "type": "Point", "coordinates": [ -46.691278526747496, -23.570644626699615 ] } },
{ "type": "Feature", "properties": { "loja_id": "AG09", "peso": 2557.105549 }, "geometry": { "type": "Point", "coordinates": [ -46.637035690536685, -23.541515853950436 ] } },
{ "type": "Feature", "properties": { "loja_id": "AG11", "peso": 236.785266 }, "geometry": { "type": "Point", "coordinates": [ -46.703467552436415, -23.517595157203473 ] } },
{ "type": "Feature", "properties": { "loja_id": "AG02", "peso": 118.694157 }, "geometry": { "type": "Point", "coordinates": [ -46.655729462699234, -23.562295229568068 ] } },
{ "type": "Feature", "properties": { "loja_id": "AG09", "peso": 549.790083 }, "geometry": { "type": "Point", "coordinates": [ -46.639390818669433, -23.546611226788496 ] } },
{ "type": "Feature", "properties": { "loja_id": "AG05", "peso": 258.338789 }, "geometry": { "type": "Point", "coordinates": [ -46.606639367315687, -23.554935872560257 ] } },
{ "type": "Feature", "properties": { "loja_id": "AG05", "peso": 687.23438 }, "geometry": { "type": "Point", "coordinates": [ -46.598704198772566, -23.555694945199804 ] } },
{ "type": "Feature", "properties": { "loja_id": "AG05", "peso": 652.886202 }, "geometry": { "type": "Point", "coordinates": [ -46.604964396406622, -23.554944140757229 ] } },
{ "type": "Feature", "properties": { "loja_id": "AG05", "peso": 217.747657 }, "geometry": { "type": "Point", "coordinates": [ -46.604964396406622, -23.554944140757229 ] } },
{ "type": "Feature", "properties": { "loja_id": "AG09", "peso": 217.747657 }, "geometry": { "type": "Point", "coordinates": [ -46.645196626040288, -23.549547969419148 ] } },
{ "type": "Feature", "properties": { "loja_id": "AG09", "peso": 392.683103 }, "geometry": { "type": "Point", "coordinates": [ -46.644542983128794, -23.542673813516387 ] } },
{ "type": "Feature", "properties": { "loja_id": "AG09", "peso": 464.353914 }, "geometry": { "type": "Point", "coordinates": [ -46.644935455559086, -23.540366942394968 ] } },
{ "type": "Feature", "properties": { "loja_id": "AG05", "peso": 464.353914 }, "geometry": { "type": "Point", "coordinates": [ -46.604964396406622, -23.554944140757229 ] } },
{ "type": "Feature", "properties": { "loja_id": "AG01", "peso": 1406.043641 }, "geometry": { "type": "Point", "coordinates": [ -46.675230905122298, -23.587569365702571 ] } },
{ "type": "Feature", "properties": { "loja_id": "AG09", "peso": 329.823163 }, "geometry": { "type": "Point", "coordinates": [ -46.634998543565452, -23.543903220530837 ] } },
{ "type": "Feature", "properties": { "loja_id": "AG09", "peso": 332.318976 }, "geometry": { "type": "Point", "coordinates": [ -46.643580226448407, -23.544806105514748 ] } },
{ "type": "Feature", "properties": { "loja_id": "AG09", "peso": 329.32002 }, "geometry": { "type": "Point", "coordinates": [ -46.644977682261349, -23.539824679050152 ] } },
{ "type": "Feature", "properties": { "loja_id": "AG09", "peso": 659.010565 }, "geometry": { "type": "Point", "coordinates": [ -46.640393387268531, -23.538997150030259 ] } },
{ "type": "Feature", "properties": { "loja_id": "AG06", "peso": 233.403651 }, "geometry": { "type": "Point", "coordinates": [ -46.574018061627989, -23.547422038862184 ] } },
{ "type": "Feature", "properties": { "loja_id": "AG06", "peso": 233.403651 }, "geometry": { "type": "Point", "coordinates": [ -46.578937434016197, -23.540220035739267 ] } },
{ "type": "Feature", "properties": { "loja_id": "AG09", "peso": 267.912616 }, "geometry": { "type": "Point", "coordinates": [ -46.636476730816725, -23.548583431048218 ] } },
{ "type": "Feature", "properties": { "loja_id": "AG01", "peso": 331.668664 }, "geometry": { "type": "Point", "coordinates": [ -46.684319358422634, -23.59109214509586 ] } },
{ "type": "Feature", "properties": { "loja_id": "AG09", "peso": 267.912616 }, "geometry": { "type": "Point", "coordinates": [ -46.639184190790758, -23.544166195449371 ] } },
{ "type": "Feature", "properties": { "loja_id": "AG06", "peso": 200.024092 }, "geometry": { "type": "Point", "coordinates": [ -46.576776508756893, -23.54135270395436 ] } },
{ "type": "Feature", "properties": { "loja_id": "AG05", "peso": 558.19721 }, "geometry": { "type": "Point", "coordinates": [ -46.596000624343354, -23.558133840540414 ] } },
{ "type": "Feature", "properties": { "loja_id": "AG13", "peso": 267.912616 }, "geometry": { "type": "Point", "coordinates": [ -46.470395178776364, -23.542421750487751 ] } },
{ "type": "Feature", "properties": { "loja_id": "AG03", "peso": 662.813583 }, "geometry": { "type": "Point", "coordinates": [ -46.695798894118006, -23.572491682785479 ] } },
{ "type": "Feature", "properties": { "loja_id": "AG09", "peso": 446.07026 }, "geometry": { "type": "Point", "coordinates": [ -46.642042746626558, -23.544831375256781 ] } },
{ "type": "Feature", "properties": { "loja_id": "AG05", "peso": 90.668032 }, "geometry": { "type": "Point", "coordinates": [ -46.594895898696002, -23.559129492431691 ] } },
{ "type": "Feature", "properties": { "loja_id": "AG09", "peso": 227.09612 }, "geometry": { "type": "Point", "coordinates": [ -46.644591597512665, -23.547369043112795 ] } },
{ "type": "Feature", "properties": { "loja_id": "AG02", "peso": 185.778559 }, "geometry": { "type": "Point", "coordinates": [ -46.654813048654454, -23.56264813663925 ] } },
{ "type": "Feature", "properties": { "loja_id": "AG02", "peso": 77.48201 }, "geometry": { "type": "Point", "coordinates": [ -46.656480549877728, -23.561257782312161 ] } },
{ "type": "Feature", "properties": { "loja_id": "AG06", "peso": 199.785167 }, "geometry": { "type": "Point", "coordinates": [ -46.570357448624399, -23.54436158219405 ] } },
{ "type": "Feature", "properties": { "loja_id": "AG13", "peso": 228.244366 }, "geometry": { "type": "Point", "coordinates": [ -46.47026455029328, -23.540363964610645 ] } },
{ "type": "Feature", "properties": { "loja_id": "AG08", "peso": 373.923291 }, "geometry": { "type": "Point", "coordinates": [ -46.698197431954092, -23.611935868795729 ] } },
{ "type": "Feature", "properties": { "loja_id": "AG08", "peso": 36.850711 }, "geometry": { "type": "Point", "coordinates": [ -46.698479092970729, -23.61326020158458 ] } },
{ "type": "Feature", "properties": { "loja_id": "AG01", "peso": 30.796692 }, "geometry": { "type": "Point", "coordinates": [ -46.676446688808234, -23.586093366320426 ] } },
{ "type": "Feature", "properties": { "loja_id": "AG10", "peso": 21.085293 }, "geometry": { "type": "Point", "coordinates": [ -46.673920608405354, -23.530567003032331 ] } },
{ "type": "Feature", "properties": { "loja_id": "AG11", "peso": 20.458738 }, "geometry": { "type": "Point", "coordinates": [ -46.712836743691838, -23.525736816130333 ] } },
{ "type": "Feature", "properties": { "loja_id": "AG01", "peso": 36.013681 }, "geometry": { "type": "Point", "coordinates": [ -46.680988195167401, -23.591877737248332 ] } },
{ "type": "Feature", "properties": { "loja_id": "AG12", "peso": 36.013681 }, "geometry": { "type": "Point", "coordinates": [ -46.64089069446166, -23.646722627225195 ] } },
{ "type": "Feature", "properties": { "loja_id": "AG04", "peso": 36.013681 }, "geometry": { "type": "Point", "coordinates": [ -46.635106168686207, -23.589784952928543 ] } },
{ "type": "Feature", "properties": { "loja_id": "AG04", "peso": 36.013681 }, "geometry": { "type": "Point", "coordinates": [ -46.635106168686207, -23.589784952928543 ] } },
{ "type": "Feature", "properties": { "loja_id": "AG15", "peso": 30.796692 }, "geometry": { "type": "Point", "coordinates": [ -46.712042574019257, -23.570281808211476 ] } },
{ "type": "Feature", "properties": { "loja_id": "AG01", "peso": 39.408413 }, "geometry": { "type": "Point", "coordinates": [ -46.677071085207949, -23.591278949466979 ] } },
{ "type": "Feature", "properties": { "loja_id": "AG08", "peso": 28.239839 }, "geometry": { "type": "Point", "coordinates": [ -46.698197431954092, -23.611935868795729 ] } },
{ "type": "Feature", "properties": { "loja_id": "AG08", "peso": 36.850711 }, "geometry": { "type": "Point", "coordinates": [ -46.696801033618677, -23.604709046753502 ] } },
{ "type": "Feature", "properties": { "loja_id": "AG08", "peso": 19.113873 }, "geometry": { "type": "Point", "coordinates": [ -46.694356205418515, -23.607381557549925 ] } },
{ "type": "Feature", "properties": { "loja_id": "AG01", "peso": 39.408413 }, "geometry": { "type": "Point", "coordinates": [ -46.67495093072344, -23.587897470094422 ] } },
{ "type": "Feature", "properties": { "loja_id": "AG07", "peso": 39.408413 }, "geometry": { "type": "Point", "coordinates": [ -46.630120672029321, -23.504148666512627 ] } },
{ "type": "Feature", "properties": { "loja_id": "AG03", "peso": 41.265676 }, "geometry": { "type": "Point", "coordinates": [ -46.693416070769899, -23.572319006278668 ] } },
{ "type": "Feature", "properties": { "loja_id": "AG08", "peso": 41.265676 }, "geometry": { "type": "Point", "coordinates": [ -46.697104525691806, -23.616101641192074 ] } },
{ "type": "Feature", "properties": { "loja_id": "AG08", "peso": 36.850711 }, "geometry": { "type": "Point", "coordinates": [ -46.697104525691806, -23.616101641192074 ] } },
{ "type": "Feature", "properties": { "loja_id": "AG03", "peso": 36.013681 }, "geometry": { "type": "Point", "coordinates": [ -46.691927377643829, -23.562411138600762 ] } },
{ "type": "Feature", "properties": { "loja_id": "AG09", "peso": 21.085293 }, "geometry": { "type": "Point", "coordinates": [ -46.640188989968564, -23.542259241534449 ] } },
{ "type": "Feature", "properties": { "loja_id": "AG02", "peso": 26.307808 }, "geometry": { "type": "Point", "coordinates": [ -46.658443462344984, -23.561552910693035 ] } },
{ "type": "Feature", "properties": { "loja_id": "AG12", "peso": 30.796692 }, "geometry": { "type": "Point", "coordinates": [ -46.64089069446166, -23.646722627225195 ] } },
{ "type": "Feature", "properties": { "loja_id": "AG09", "peso": 30.796692 }, "geometry": { "type": "Point", "coordinates": [ -46.643641008559378, -23.54496800822443 ] } },
{ "type": "Feature", "properties": { "loja_id": "AG09", "peso": 27.773284 }, "geometry": { "type": "Point", "coordinates": [ -46.643641008559378, -23.54496800822443 ] } },
{ "type": "Feature", "properties": { "loja_id": "AG01", "peso": 34.799822 }, "geometry": { "type": "Point", "coordinates": [ -46.689548877643091, -23.59088182820739 ] } },
{ "type": "Feature", "properties": { "loja_id": "AG15", "peso": 34.799822 }, "geometry": { "type": "Point", "coordinates": [ -46.71465734594134, -23.569458337236942 ] } },
{ "type": "Feature", "properties": { "loja_id": "AG09", "peso": 21.085293 }, "geometry": { "type": "Point", "coordinates": [ -46.634610851284691, -23.545027053539574 ] } },
{ "type": "Feature", "properties": { "loja_id": "AG03", "peso": 36.850711 }, "geometry": { "type": "Point", "coordinates": [ -46.688397682238268, -23.575191007437191 ] } },
{ "type": "Feature", "properties": { "loja_id": "AG01", "peso": 36.013681 }, "geometry": { "type": "Point", "coordinates": [ -46.684230718995451, -23.582613835660148 ] } },
{ "type": "Feature", "properties": { "loja_id": "AG02", "peso": 39.408413 }, "geometry": { "type": "Point", "coordinates": [ -46.655317401694333, -23.562245436747634 ] } },
{ "type": "Feature", "properties": { "loja_id": "AG08", "peso": 27.773284 }, "geometry": { "type": "Point", "coordinates": [ -46.695226212811669, -23.601881785593324 ] } },
{ "type": "Feature", "properties": { "loja_id": "AG02", "peso": 28.239839 }, "geometry": { "type": "Point", "coordinates": [ -46.654415531381986, -23.56297745615262 ] } },
{ "type": "Feature", "properties": { "loja_id": "AG08", "peso": 34.799822 }, "geometry": { "type": "Point", "coordinates": [ -46.696659260931085, -23.605875472597745 ] } },
{ "type": "Feature", "properties": { "loja_id": "AG05", "peso": 41.265676 }, "geometry": { "type": "Point", "coordinates": [ -46.60047126099807, -23.557627331865763 ] } },
{ "type": "Feature", "properties": { "loja_id": "AG08", "peso": 27.773284 }, "geometry": { "type": "Point", "coordinates": [ -46.687242310367182, -23.611242650876267 ] } },
{ "type": "Feature", "properties": { "loja_id": "AG03", "peso": 36.013681 }, "geometry": { "type": "Point", "coordinates": [ -46.701005076699033, -23.566727774752721 ] } },
{ "type": "Feature", "properties": { "loja_id": "AG03", "peso": 163.913327 }, "geometry": { "type": "Point", "coordinates": [ -46.690168259799414, -23.565798507850243 ] } },
{ "type": "Feature", "properties": { "loja_id": "AG03", "peso": 163.913327 }, "geometry": { "type": "Point", "coordinates": [ -46.690168259799414, -23.565798507850243 ] } },
{ "type": "Feature", "properties": { "loja_id": "AG02", "peso": 179.187888 }, "geometry": { "type": "Point", "coordinates": [ -46.654347645830455, -23.563032360023112 ] } },
{ "type": "Feature", "properties": { "loja_id": "AG08", "peso": 179.187888 }, "geometry": { "type": "Point", "coordinates": [ -46.697411013048914, -23.608702687585538 ] } },
{ "type": "Feature", "properties": { "loja_id": "AG03", "peso": 101.587298 }, "geometry": { "type": "Point", "coordinates": [ -46.683900779786526, -23.565965868129442 ] } },
{ "type": "Feature", "properties": { "loja_id": "AG08", "peso": 30.467825 }, "geometry": { "type": "Point", "coordinates": [ -46.696800165591732, -23.613775219950213 ] } },
{ "type": "Feature", "properties": { "loja_id": "AG15", "peso": 161.665373 }, "geometry": { "type": "Point", "coordinates": [ -46.706663611074305, -23.577050301162512 ] } },
{ "type": "Feature", "properties": { "loja_id": "AG08", "peso": 179.187888 }, "geometry": { "type": "Point", "coordinates": [ -46.693032721455793, -23.605048183806101 ] } },
{ "type": "Feature", "properties": { "loja_id": "AG01", "peso": 179.187888 }, "geometry": { "type": "Point", "coordinates": [ -46.678575771018458, -23.585555655012101 ] } },
{ "type": "Feature", "properties": { "loja_id": "AG01", "peso": 179.187888 }, "geometry": { "type": "Point", "coordinates": [ -46.682667390206461, -23.590631457205294 ] } },
{ "type": "Feature", "properties": { "loja_id": "AG08", "peso": 161.665373 }, "geometry": { "type": "Point", "coordinates": [ -46.695762848183392, -23.613127365444484 ] } },
{ "type": "Feature", "properties": { "loja_id": "AG02", "peso": 230.935665 }, "geometry": { "type": "Point", "coordinates": [ -46.654813048654454, -23.56264813663925 ] } },
{ "type": "Feature", "properties": { "loja_id": "AG08", "peso": 230.935665 }, "geometry": { "type": "Point", "coordinates": [ -46.696960984030383, -23.606477187470858 ] } },
{ "type": "Feature", "properties": { "loja_id": "AG08", "peso": 161.665373 }, "geometry": { "type": "Point", "coordinates": [ -46.697104525691806, -23.616101641192074 ] } },
{ "type": "Feature", "properties": { "loja_id": "AG09", "peso": 41.880636 }, "geometry": { "type": "Point", "coordinates": [ -46.635157130166938, -23.546430038862656 ] } },
{ "type": "Feature", "properties": { "loja_id": "AG09", "peso": 26.292204 }, "geometry": { "type": "Point", "coordinates": [ -46.642696512857533, -23.548572038074489 ] } },
{ "type": "Feature", "properties": { "loja_id": "AG08", "peso": 38.548056 }, "geometry": { "type": "Point", "coordinates": [ -46.695278279621114, -23.611263440254167 ] } },
{ "type": "Feature", "properties": { "loja_id": "AG08", "peso": 64.24676 }, "geometry": { "type": "Point", "coordinates": [ -46.688126204999826, -23.610628024441617 ] } },
{ "type": "Feature", "properties": { "loja_id": "AG01", "peso": 44.383462 }, "geometry": { "type": "Point", "coordinates": [ -46.690200980032508, -23.590540619343091 ] } },
{ "type": "Feature", "properties": { "loja_id": "AG09", "peso": 65.991838 }, "geometry": { "type": "Point", "coordinates": [ -46.636219081515812, -23.542012082386325 ] } },
{ "type": "Feature", "properties": { "loja_id": "AG08", "peso": 109.503796 }, "geometry": { "type": "Point", "coordinates": [ -46.691832886443699, -23.611580968938686 ] } },
{ "type": "Feature", "properties": { "loja_id": "AG10", "peso": 77.813586 }, "geometry": { "type": "Point", "coordinates": [ -46.67390879261076, -23.531181183702301 ] } },
{ "type": "Feature", "properties": { "loja_id": "AG01", "peso": 43.205366 }, "geometry": { "type": "Point", "coordinates": [ -46.686232735086286, -23.591306164058231 ] } },
{ "type": "Feature", "properties": { "loja_id": "AG12", "peso": 70.047916 }, "geometry": { "type": "Point", "coordinates": [ -46.641042395865959, -23.636092494610182 ] } },
{ "type": "Feature", "properties": { "loja_id": "AG11", "peso": 55.571172 }, "geometry": { "type": "Point", "coordinates": [ -46.706778761696128, -23.524530128648816 ] } },
{ "type": "Feature", "properties": { "loja_id": "AG01", "peso": 78.870044 }, "geometry": { "type": "Point", "coordinates": [ -46.677719808387302, -23.582964225139463 ] } },
{ "type": "Feature", "properties": { "loja_id": "AG12", "peso": 114.524028 }, "geometry": { "type": "Point", "coordinates": [ -46.645174811201606, -23.646758493179444 ] } },
{ "type": "Feature", "properties": { "loja_id": "AG08", "peso": 78.870044 }, "geometry": { "type": "Point", "coordinates": [ -46.696659260931085, -23.605875472597745 ] } },
{ "type": "Feature", "properties": { "loja_id": "AG01", "peso": 45.632164 }, "geometry": { "type": "Point", "coordinates": [ -46.681066915414391, -23.59190397546238 ] } },
{ "type": "Feature", "properties": { "loja_id": "AG01", "peso": 65.991838 }, "geometry": { "type": "Point", "coordinates": [ -46.681066915414391, -23.59190397546238 ] } },
{ "type": "Feature", "properties": { "loja_id": "AG08", "peso": 128.340462 }, "geometry": { "type": "Point", "coordinates": [ -46.69668717088669, -23.615654703317219 ] } },
{ "type": "Feature", "properties": { "loja_id": "AG08", "peso": 45.632164 }, "geometry": { "type": "Point", "coordinates": [ -46.697104525691806, -23.616101641192074 ] } },
{ "type": "Feature", "properties": { "loja_id": "AG08", "peso": 231.178432 }, "geometry": { "type": "Point", "coordinates": [ -46.692153719326136, -23.602222328111086 ] } },
{ "type": "Feature", "properties": { "loja_id": "AG01", "peso": 94.061139 }, "geometry": { "type": "Point", "coordinates": [ -46.681254121845164, -23.590448100794646 ] } },
{ "type": "Feature", "properties": { "loja_id": "AG12", "peso": 43.62332 }, "geometry": { "type": "Point", "coordinates": [ -46.639063628555157, -23.646416868858303 ] } },
{ "type": "Feature", "properties": { "loja_id": "AG12", "peso": 77.833417 }, "geometry": { "type": "Point", "coordinates": [ -46.641042395865959, -23.636092494610182 ] } },
{ "type": "Feature", "properties": { "loja_id": "AG03", "peso": 1624.362175 }, "geometry": { "type": "Point", "coordinates": [ -46.697314924774744, -23.573062086143878 ] } },
{ "type": "Feature", "properties": { "loja_id": "AG12", "peso": 228.421931 }, "geometry": { "type": "Point", "coordinates": [ -46.642752998696039, -23.643569433291809 ] } },
{ "type": "Feature", "properties": { "loja_id": "AG09", "peso": 653.504624 }, "geometry": { "type": "Point", "coordinates": [ -46.636733325705691, -23.54161836912229 ] } },
{ "type": "Feature", "properties": { "loja_id": "AG12", "peso": 1102.769742 }, "geometry": { "type": "Point", "coordinates": [ -46.642752998696039, -23.643569433291809 ] } },
{ "type": "Feature", "properties": { "loja_id": "AG04", "peso": 550.967471 }, "geometry": { "type": "Point", "coordinates": [ -46.64041409156173, -23.595869541755441 ] } },
{ "type": "Feature", "properties": { "loja_id": "AG12", "peso": 222.477882 }, "geometry": { "type": "Point", "coordinates": [ -46.643403983927023, -23.639968524014279 ] } },
{ "type": "Feature", "properties": { "loja_id": "AG12", "peso": 222.477882 }, "geometry": { "type": "Point", "coordinates": [ -46.642309382075169, -23.646508940423427 ] } },
{ "type": "Feature", "properties": { "loja_id": "AG01", "peso": 228.421931 }, "geometry": { "type": "Point", "coordinates": [ -46.682776242914031, -23.585338632889727 ] } },
{ "type": "Feature", "properties": { "loja_id": "AG12", "peso": 196.061687 }, "geometry": { "type": "Point", "coordinates": [ -46.648021184036487, -23.650963402693119 ] } },
{ "type": "Feature", "properties": { "loja_id": "AG12", "peso": 316.565662 }, "geometry": { "type": "Point", "coordinates": [ -46.648021184036487, -23.650963402693119 ] } },
{ "type": "Feature", "properties": { "loja_id": "AG12", "peso": 667.421959 }, "geometry": { "type": "Point", "coordinates": [ -46.641565960257736, -23.646634206636357 ] } },
{ "type": "Feature", "properties": { "loja_id": "AG12", "peso": 1068.334275 }, "geometry": { "type": "Point", "coordinates": [ -46.641048349369058, -23.638142284462781 ] } },
{ "type": "Feature", "properties": { "loja_id": "AG09", "peso": 459.191018 }, "geometry": { "type": "Point", "coordinates": [ -46.63927474952807, -23.546729844010457 ] } },
{ "type": "Feature", "properties": { "loja_id": "AG03", "peso": 1102.769742 }, "geometry": { "type": "Point", "coordinates": [ -46.689031746076154, -23.567318891593153 ] } },
{ "type": "Feature", "properties": { "loja_id": "AG12", "peso": 316.565662 }, "geometry": { "type": "Point", "coordinates": [ -46.643256595841393, -23.646218967561662 ] } },
{ "type": "Feature", "properties": { "loja_id": "AG12", "peso": 190.505321 }, "geometry": { "type": "Point", "coordinates": [ -46.643697658749268, -23.646999916560247 ] } },
{ "type": "Feature", "properties": { "loja_id": "AG12", "peso": 190.505321 }, "geometry": { "type": "Point", "coordinates": [ -46.643697658749268, -23.646999916560247 ] } },
{ "type": "Feature", "properties": { "loja_id": "AG12", "peso": 260.483959 }, "geometry": { "type": "Point", "coordinates": [ -46.64029867082845, -23.647984087561611 ] } },
{ "type": "Feature", "properties": { "loja_id": "AG01", "peso": 230.397666 }, "geometry": { "type": "Point", "coordinates": [ -46.681280029977813, -23.591712036022887 ] } },
{ "type": "Feature", "properties": { "loja_id": "AG01", "peso": 237.361932 }, "geometry": { "type": "Point", "coordinates": [ -46.681937991065922, -23.594901569506511 ] } },
{ "type": "Feature", "properties": { "loja_id": "AG12", "peso": 288.772712 }, "geometry": { "type": "Point", "coordinates": [ -46.643826415392134, -23.639259692375273 ] } },
{ "type": "Feature", "properties": { "loja_id": "AG12", "peso": 237.361932 }, "geometry": { "type": "Point", "coordinates": [ -46.650010628168147, -23.645451906970262 ] } },
{ "type": "Feature", "properties": { "loja_id": "AG02", "peso": 506.474752 }, "geometry": { "type": "Point", "coordinates": [ -46.660273010897491, -23.564486259037295 ] } },
{ "type": "Feature", "properties": { "loja_id": "AG04", "peso": 217.688687 }, "geometry": { "type": "Point", "coordinates": [ -46.625846785658361, -23.592961487646964 ] } },
{ "type": "Feature", "properties": { "loja_id": "AG12", "peso": 288.772712 }, "geometry": { "type": "Point", "coordinates": [ -46.644672169537941, -23.648109321427317 ] } },
{ "type": "Feature", "properties": { "loja_id": "AG12", "peso": 522.63884 }, "geometry": { "type": "Point", "coordinates": [ -46.648296249626064, -23.647881195637147 ] } },
{ "type": "Feature", "properties": { "loja_id": "AG12", "peso": 783.5734 }, "geometry": { "type": "Point", "coordinates": [ -46.643403983927023, -23.639968524014279 ] } },
{ "type": "Feature", "properties": { "loja_id": "AG12", "peso": 237.361932 }, "geometry": { "type": "Point", "coordinates": [ -46.644935490021957, -23.653488504112026 ] } },
{ "type": "Feature", "properties": { "loja_id": "AG12", "peso": 522.63884 }, "geometry": { "type": "Point", "coordinates": [ -46.64560535839712, -23.638075930980712 ] } },
{ "type": "Feature", "properties": { "loja_id": "AG12", "peso": 206.476979 }, "geometry": { "type": "Point", "coordinates": [ -46.642812719903205, -23.645212292443979 ] } },
{ "type": "Feature", "properties": { "loja_id": "AG12", "peso": 288.772712 }, "geometry": { "type": "Point", "coordinates": [ -46.640780491793755, -23.652819162503555 ] } },
{ "type": "Feature", "properties": { "loja_id": "AG02", "peso": 190.505321 }, "geometry": { "type": "Point", "coordinates": [ -46.656635114692889, -23.562646789171321 ] } },
{ "type": "Feature", "properties": { "loja_id": "AG07", "peso": 237.361932 }, "geometry": { "type": "Point", "coordinates": [ -46.62436842119476, -23.498998236728006 ] } },
{ "type": "Feature", "properties": { "loja_id": "AG09", "peso": 343.812509 }, "geometry": { "type": "Point", "coordinates": [ -46.645185846628515, -23.543172710810733 ] } },
{ "type": "Feature", "properties": { "loja_id": "AG09", "peso": 522.475958 }, "geometry": { "type": "Point", "coordinates": [ -46.645185846628515, -23.543172710810733 ] } },
{ "type": "Feature", "properties": { "loja_id": "AG09", "peso": 113.17375 }, "geometry": { "type": "Point", "coordinates": [ -46.638113449146374, -23.543915597510438 ] } },
{ "type": "Feature", "properties": { "loja_id": "AG09", "peso": 495.125408 }, "geometry": { "type": "Point", "coordinates": [ -46.644008898030144, -23.54462096944431 ] } },
{ "type": "Feature", "properties": { "loja_id": "AG12", "peso": 342.68631 }, "geometry": { "type": "Point", "coordinates": [ -46.637835787447145, -23.646213121259191 ] } },
{ "type": "Feature", "properties": { "loja_id": "AG06", "peso": 119.425428 }, "geometry": { "type": "Point", "coordinates": [ -46.575626696384383, -23.535277802623863 ] } },
{ "type": "Feature", "properties": { "loja_id": "AG12", "peso": 293.526824 }, "geometry": { "type": "Point", "coordinates": [ -46.641797808086224, -23.637718962699331 ] } },
{ "type": "Feature", "properties": { "loja_id": "AG08", "peso": 2263.660272 }, "geometry": { "type": "Point", "coordinates": [ -46.694329316642644, -23.608339036671584 ] } },
{ "type": "Feature", "properties": { "loja_id": "AG08", "peso": 1279.442666 }, "geometry": { "type": "Point", "coordinates": [ -46.69391738567284, -23.607548888076938 ] } },
{ "type": "Feature", "properties": { "loja_id": "AG12", "peso": 199.059355 }, "geometry": { "type": "Point", "coordinates": [ -46.633848827474942, -23.648792677843012 ] } },
{ "type": "Feature", "properties": { "loja_id": "AG12", "peso": 342.68631 }, "geometry": { "type": "Point", "coordinates": [ -46.639900863478196, -23.640448092152152 ] } },
{ "type": "Feature", "properties": { "loja_id": "AG12", "peso": 208.668612 }, "geometry": { "type": "Point", "coordinates": [ -46.635478060365301, -23.649741727794225 ] } },
{ "type": "Feature", "properties": { "loja_id": "AG12", "peso": 293.526824 }, "geometry": { "type": "Point", "coordinates": [ -46.64177335746416, -23.642044679508565 ] } },
{ "type": "Feature", "properties": { "loja_id": "AG12", "peso": 293.526824 }, "geometry": { "type": "Point", "coordinates": [ -46.643305899777943, -23.643103034995807 ] } },
{ "type": "Feature", "properties": { "loja_id": "AG01", "peso": 199.059355 }, "geometry": { "type": "Point", "coordinates": [ -46.681815427696463, -23.589900216595975 ] } },
{ "type": "Feature", "properties": { "loja_id": "AG09", "peso": 385.044707 }, "geometry": { "type": "Point", "coordinates": [ -46.639434584842576, -23.546981007342275 ] } },
{ "type": "Feature", "properties": { "loja_id": "AG12", "peso": 159.939172 }, "geometry": { "type": "Point", "coordinates": [ -46.641343500012972, -23.63665820988324 ] } },
{ "type": "Feature", "properties": { "loja_id": "AG04", "peso": 419.809374 }, "geometry": { "type": "Point", "coordinates": [ -46.639164119381597, -23.585172872061186 ] } },
{ "type": "Feature", "properties": { "loja_id": "AG09", "peso": 439.723408 }, "geometry": { "type": "Point", "coordinates": [ -46.63595083019522, -23.54566314676638 ] } },
{ "type": "Feature", "properties": { "loja_id": "AG01", "peso": 1016.723507 }, "geometry": { "type": "Point", "coordinates": [ -46.675761198413085, -23.583807108839078 ] } },
{ "type": "Feature", "properties": { "loja_id": "AG12", "peso": 1226.776282 }, "geometry": { "type": "Point", "coordinates": [ -46.640849667947059, -23.652077955995388 ] } },
{ "type": "Feature", "properties": { "loja_id": "AG12", "peso": 419.809374 }, "geometry": { "type": "Point", "coordinates": [ -46.64089069446166, -23.646722627225195 ] } },
{ "type": "Feature", "properties": { "loja_id": "AG04", "peso": 419.809374 }, "geometry": { "type": "Point", "coordinates": [ -46.63372927324162, -23.598071158783359 ] } },
{ "type": "Feature", "properties": { "loja_id": "AG09", "peso": 490.921314 }, "geometry": { "type": "Point", "coordinates": [ -46.637228919926763, -23.542091759614362 ] } },
{ "type": "Feature", "properties": { "loja_id": "AG10", "peso": 888.39097 }, "geometry": { "type": "Point", "coordinates": [ -46.674503383698159, -23.533278821834411 ] } },
{ "type": "Feature", "properties": { "loja_id": "AG01", "peso": 549.948091 }, "geometry": { "type": "Point", "coordinates": [ -46.674675304911261, -23.587024518962796 ] } },
{ "type": "Feature", "properties": { "loja_id": "AG03", "peso": 500.399461 }, "geometry": { "type": "Point", "coordinates": [ -46.68767222025545, -23.561355720855421 ] } },
{ "type": "Feature", "properties": { "loja_id": "AG04", "peso": 363.457943 }, "geometry": { "type": "Point", "coordinates": [ -46.638532865662718, -23.580890161388229 ] } },
{ "type": "Feature", "properties": { "loja_id": "AG04", "peso": 675.641924 }, "geometry": { "type": "Point", "coordinates": [ -46.639602126359307, -23.593611527667079 ] } },
{ "type": "Feature", "properties": { "loja_id": "AG08", "peso": 419.185941 }, "geometry": { "type": "Point", "coordinates": [ -46.694170691143412, -23.608196287327978 ] } },
{ "type": "Feature", "properties": { "loja_id": "AG12", "peso": 450.161656 }, "geometry": { "type": "Point", "coordinates": [ -46.647172338876601, -23.65206507417529 ] } },
{ "type": "Feature", "properties": { "loja_id": "AG08", "peso": 1163.601884 }, "geometry": { "type": "Point", "coordinates": [ -46.696801033618677, -23.604709046753502 ] } },
{ "type": "Feature", "properties": { "loja_id": "AG15", "peso": 603.016438 }, "geometry": { "type": "Point", "coordinates": [ -46.707761757898126, -23.576360981353556 ] } },
{ "type": "Feature", "properties": { "loja_id": "AG09", "peso": 451.174922 }, "geometry": { "type": "Point", "coordinates": [ -46.638910759575921, -23.547392891427155 ] } },
{ "type": "Feature", "properties": { "loja_id": "AG02", "peso": 1711.66628 }, "geometry": { "type": "Point", "coordinates": [ -46.657362127809137, -23.560471786850055 ] } },
{ "type": "Feature", "properties": { "loja_id": "AG02", "peso": 452.366142 }, "geometry": { "type": "Point", "coordinates": [ -46.66006033479097, -23.567829706608535 ] } },
{ "type": "Feature", "properties": { "loja_id": "AG02", "peso": 339.955537 }, "geometry": { "type": "Point", "coordinates": [ -46.653334218073866, -23.559548442861157 ] } },
{ "type": "Feature", "properties": { "loja_id": "AG02", "peso": 194.668008 }, "geometry": { "type": "Point", "coordinates": [ -46.655496876803781, -23.562496371706704 ] } },
{ "type": "Feature", "properties": { "loja_id": "AG04", "peso": 208.152074 }, "geometry": { "type": "Point", "coordinates": [ -46.631535191038559, -23.590219839318383 ] } },
{ "type": "Feature", "properties": { "loja_id": "AG08", "peso": 288.71983 }, "geometry": { "type": "Point", "coordinates": [ -46.692935264919164, -23.604326841845857 ] } },
{ "type": "Feature", "properties": { "loja_id": "AG02", "peso": 254.364452 }, "geometry": { "type": "Point", "coordinates": [ -46.655546264644812, -23.554711789529939 ] } },
{ "type": "Feature", "properties": { "loja_id": "AG04", "peso": 311.014981 }, "geometry": { "type": "Point", "coordinates": [ -46.632546080636018, -23.585603779923485 ] } },
{ "type": "Feature", "properties": { "loja_id": "AG12", "peso": 194.668008 }, "geometry": { "type": "Point", "coordinates": [ -46.64111324990207, -23.636272348599618 ] } },
{ "type": "Feature", "properties": { "loja_id": "AG09", "peso": 192.681361 }, "geometry": { "type": "Point", "coordinates": [ -46.643435118734743, -23.544952123326226 ] } },
{ "type": "Feature", "properties": { "loja_id": "AG08", "peso": 339.955537 }, "geometry": { "type": "Point", "coordinates": [ -46.693661670386419, -23.609764041820863 ] } },
{ "type": "Feature", "properties": { "loja_id": "AG12", "peso": 254.364452 }, "geometry": { "type": "Point", "coordinates": [ -46.644975035383538, -23.653515174882713 ] } },
{ "type": "Feature", "properties": { "loja_id": "AG09", "peso": 288.71983 }, "geometry": { "type": "Point", "coordinates": [ -46.644929341629528, -23.546173475132317 ] } },
{ "type": "Feature", "properties": { "loja_id": "AG09", "peso": 117.224636 }, "geometry": { "type": "Point", "coordinates": [ -46.63595083019522, -23.54566314676638 ] } },
{ "type": "Feature", "properties": { "loja_id": "AG03", "peso": 117.224636 }, "geometry": { "type": "Point", "coordinates": [ -46.702279150920781, -23.565250953762561 ] } },
{ "type": "Feature", "properties": { "loja_id": "AG03", "peso": 117.224636 }, "geometry": { "type": "Point", "coordinates": [ -46.696602132428197, -23.574008998867114 ] } },
{ "type": "Feature", "properties": { "loja_id": "AG05", "peso": 227.548027 }, "geometry": { "type": "Point", "coordinates": [ -46.60876268505676, -23.554742340517908 ] } },
{ "type": "Feature", "properties": { "loja_id": "AG12", "peso": 159.08704 }, "geometry": { "type": "Point", "coordinates": [ -46.64089069446166, -23.646722627225195 ] } },
{ "type": "Feature", "properties": { "loja_id": "AG10", "peso": 192.681361 }, "geometry": { "type": "Point", "coordinates": [ -46.674483759637511, -23.534823196247583 ] } },
{ "type": "Feature", "properties": { "loja_id": "AG09", "peso": 206.929288 }, "geometry": { "type": "Point", "coordinates": [ -46.638635302210204, -23.547296460787603 ] } },
{ "type": "Feature", "properties": { "loja_id": "AG08", "peso": 311.014981 }, "geometry": { "type": "Point", "coordinates": [ -46.695278279621114, -23.611263440254167 ] } },
{ "type": "Feature", "properties": { "loja_id": "AG09", "peso": 160.462396 }, "geometry": { "type": "Point", "coordinates": [ -46.639651579144349, -23.549471079261068 ] } },
{ "type": "Feature", "properties": { "loja_id": "AG02", "peso": 223.697629 }, "geometry": { "type": "Point", "coordinates": [ -46.65575167664678, -23.559378230417227 ] } },
{ "type": "Feature", "properties": { "loja_id": "AG01", "peso": 283.190904 }, "geometry": { "type": "Point", "coordinates": [ -46.685723168477196, -23.579798313571644 ] } },
{ "type": "Feature", "properties": { "loja_id": "AG08", "peso": 512.430623 }, "geometry": { "type": "Point", "coordinates": [ -46.695136110121346, -23.610876701136384 ] } },
{ "type": "Feature", "properties": { "loja_id": "AG09", "peso": 468.856296 }, "geometry": { "type": "Point", "coordinates": [ -46.634847225463353, -23.547507902997094 ] } },
{ "type": "Feature", "properties": { "loja_id": "AG08", "peso": 690.959687 }, "geometry": { "type": "Point", "coordinates": [ -46.695536499936829, -23.605436238121513 ] } },
{ "type": "Feature", "properties": { "loja_id": "AG11", "peso": 462.372021 }, "geometry": { "type": "Point", "coordinates": [ -46.700461974950997, -23.521465821999239 ] } },
{ "type": "Feature", "properties": { "loja_id": "AG10", "peso": 348.594613 }, "geometry": { "type": "Point", "coordinates": [ -46.674062024213463, -23.535550150219365 ] } },
{ "type": "Feature", "properties": { "loja_id": "AG09", "peso": 43.018957 }, "geometry": { "type": "Point", "coordinates": [ -46.644021212071024, -23.543248236865626 ] } },
{ "type": "Feature", "properties": { "loja_id": "AG04", "peso": 178.275284 }, "geometry": { "type": "Point", "coordinates": [ -46.639446593478198, -23.591346579165478 ] } },
{ "type": "Feature", "properties": { "loja_id": "AG03", "peso": 150.538305 }, "geometry": { "type": "Point", "coordinates": [ -46.686195565481071, -23.566925272562163 ] } },
{ "type": "Feature", "properties": { "loja_id": "AG08", "peso": 256.863392 }, "geometry": { "type": "Point", "coordinates": [ -46.696659260931085, -23.605875472597745 ] } },
{ "type": "Feature", "properties": { "loja_id": "AG01", "peso": 250.959155 }, "geometry": { "type": "Point", "coordinates": [ -46.683116352137411, -23.585118225185926 ] } },
{ "type": "Feature", "properties": { "loja_id": "AG03", "peso": 111.50443 }, "geometry": { "type": "Point", "coordinates": [ -46.701493147710657, -23.568113063511522 ] } },
{ "type": "Feature", "properties": { "loja_id": "AG01", "peso": 128.472516 }, "geometry": { "type": "Point", "coordinates": [ -46.688604342880424, -23.590576048029614 ] } },
{ "type": "Feature", "properties": { "loja_id": "AG01", "peso": 266.835084 }, "geometry": { "type": "Point", "coordinates": [ -46.68406130561651, -23.581622359945509 ] } },
{ "type": "Feature", "properties": { "loja_id": "AG03", "peso": 137.23328 }, "geometry": { "type": "Point", "coordinates": [ -46.693156389266953, -23.569639897529346 ] } },
{ "type": "Feature", "properties": { "loja_id": "AG02", "peso": 128.472516 }, "geometry": { "type": "Point", "coordinates": [ -46.655729462699234, -23.562295229568068 ] } },
{ "type": "Feature", "properties": { "loja_id": "AG06", "peso": 137.23328 }, "geometry": { "type": "Point", "coordinates": [ -46.578493246033425, -23.544035406221433 ] } },
{ "type": "Feature", "properties": { "loja_id": "AG01", "peso": 492.030299 }, "geometry": { "type": "Point", "coordinates": [ -46.687285728747987, -23.591664960859944 ] } },
{ "type": "Feature", "properties": { "loja_id": "AG01", "peso": 224.854315 }, "geometry": { "type": "Point", "coordinates": [ -46.684319358422634, -23.59109214509586 ] } },
{ "type": "Feature", "properties": { "loja_id": "AG10", "peso": 193.769959 }, "geometry": { "type": "Point", "coordinates": [ -46.680823590111842, -23.540461901345054 ] } },
{ "type": "Feature", "properties": { "loja_id": "AG08", "peso": 265.914888 }, "geometry": { "type": "Point", "coordinates": [ -46.697296754487198, -23.607439731048402 ] } },
{ "type": "Feature", "properties": { "loja_id": "AG02", "peso": 251.221413 }, "geometry": { "type": "Point", "coordinates": [ -46.658563063015819, -23.559375352558757 ] } },
{ "type": "Feature", "properties": { "loja_id": "AG01", "peso": 444.994393 }, "geometry": { "type": "Point", "coordinates": [ -46.689879110976094, -23.591420040256896 ] } },
{ "type": "Feature", "properties": { "loja_id": "AG03", "peso": 265.914888 }, "geometry": { "type": "Point", "coordinates": [ -46.691578709318556, -23.570370456402198 ] } },
{ "type": "Feature", "properties": { "loja_id": "AG02", "peso": 319.026931 }, "geometry": { "type": "Point", "coordinates": [ -46.655923495211731, -23.561363049740578 ] } },
{ "type": "Feature", "properties": { "loja_id": "AG11", "peso": 444.994393 }, "geometry": { "type": "Point", "coordinates": [ -46.710744521962681, -23.523737089442989 ] } },
{ "type": "Feature", "properties": { "loja_id": "AG12", "peso": 67.669617 }, "geometry": { "type": "Point", "coordinates": [ -46.64177335746416, -23.642044679508565 ] } },
{ "type": "Feature", "properties": { "loja_id": "AG10", "peso": 81.264555 }, "geometry": { "type": "Point", "coordinates": [ -46.672370771572155, -23.533473332745661 ] } },
{ "type": "Feature", "properties": { "loja_id": "AG03", "peso": 265.914888 }, "geometry": { "type": "Point", "coordinates": [ -46.686691420281626, -23.566630928257396 ] } },
{ "type": "Feature", "properties": { "loja_id": "AG03", "peso": 67.669617 }, "geometry": { "type": "Point", "coordinates": [ -46.688341775637205, -23.574649808510621 ] } },
{ "type": "Feature", "properties": { "loja_id": "AG15", "peso": 108.530931 }, "geometry": { "type": "Point", "coordinates": [ -46.703276934657424, -23.572734977007325 ] } },
{ "type": "Feature", "properties": { "loja_id": "AG08", "peso": 189.441006 }, "geometry": { "type": "Point", "coordinates": [ -46.693470034064688, -23.606289561564765 ] } },
{ "type": "Feature", "properties": { "loja_id": "AG08", "peso": 189.441006 }, "geometry": { "type": "Point", "coordinates": [ -46.693307236522905, -23.605821774568891 ] } },
{ "type": "Feature", "properties": { "loja_id": "AG01", "peso": 243.620021 }, "geometry": { "type": "Point", "coordinates": [ -46.67921495145535, -23.585738378890081 ] } },
{ "type": "Feature", "properties": { "loja_id": "AG04", "peso": 146.274456 }, "geometry": { "type": "Point", "coordinates": [ -46.636701858072186, -23.598355911181624 ] } },
{ "type": "Feature", "properties": { "loja_id": "AG12", "peso": 732.898166 }, "geometry": { "type": "Point", "coordinates": [ -46.642277949912334, -23.646346730257054 ] } },
{ "type": "Feature", "properties": { "loja_id": "AG07", "peso": 555.674155 }, "geometry": { "type": "Point", "coordinates": [ -46.626243759024149, -23.502608881687141 ] } },
{ "type": "Feature", "properties": { "loja_id": "AG08", "peso": 416.836874 }, "geometry": { "type": "Point", "coordinates": [ -46.692598088413618, -23.602488385776173 ] } },
{ "type": "Feature", "properties": { "loja_id": "AG01", "peso": 130.20428 }, "geometry": { "type": "Point", "coordinates": [ -46.680235878097001, -23.581275487538637 ] } },
{ "type": "Feature", "properties": { "loja_id": "AG01", "peso": 767.5679 }, "geometry": { "type": "Point", "coordinates": [ -46.679090642886237, -23.590597928457527 ] } },
{ "type": "Feature", "properties": { "loja_id": "AG09", "peso": 1609.630926 }, "geometry": { "type": "Point", "coordinates": [ -46.646188050482913, -23.536344248186641 ] } },
{ "type": "Feature", "properties": { "loja_id": "AG12", "peso": 473.416879 }, "geometry": { "type": "Point", "coordinates": [ -46.641395624262636, -23.645552388872261 ] } },
{ "type": "Feature", "properties": { "loja_id": "AG08", "peso": 1058.460538 }, "geometry": { "type": "Point", "coordinates": [ -46.696823188002668, -23.615562915685196 ] } },
{ "type": "Feature", "properties": { "loja_id": "AG01", "peso": 961.313602 }, "geometry": { "type": "Point", "coordinates": [ -46.68225355843942, -23.58660851063004 ] } },
{ "type": "Feature", "properties": { "loja_id": "AG12", "peso": 3480.489456 }, "geometry": { "type": "Point", "coordinates": [ -46.644975035383538, -23.653515174882713 ] } },
{ "type": "Feature", "properties": { "loja_id": "AG12", "peso": 2686.969612 }, "geometry": { "type": "Point", "coordinates": [ -46.641419989106026, -23.636503887084647 ] } },
{ "type": "Feature", "properties": { "loja_id": "AG04", "peso": 1010.434304 }, "geometry": { "type": "Point", "coordinates": [ -46.641264194657666, -23.596465584156451 ] } },
{ "type": "Feature", "properties": { "loja_id": "AG09", "peso": 436.223543 }, "geometry": { "type": "Point", "coordinates": [ -46.640453944389463, -23.544667535054302 ] } },
{ "type": "Feature", "properties": { "loja_id": "AG04", "peso": 436.223543 }, "geometry": { "type": "Point", "coordinates": [ -46.638552009799, -23.58085383844454 ] } },
{ "type": "Feature", "properties": { "loja_id": "AG08", "peso": 49.437471 }, "geometry": { "type": "Point", "coordinates": [ -46.697107454502671, -23.607197989723225 ] } },
{ "type": "Feature", "properties": { "loja_id": "AG01", "peso": 109.391724 }, "geometry": { "type": "Point", "coordinates": [ -46.686232735086286, -23.591306164058231 ] } },
{ "type": "Feature", "properties": { "loja_id": "AG09", "peso": 55.349027 }, "geometry": { "type": "Point", "coordinates": [ -46.639032374327428, -23.548511365770715 ] } },
{ "type": "Feature", "properties": { "loja_id": "AG05", "peso": 121.090561 }, "geometry": { "type": "Point", "coordinates": [ -46.600499432065369, -23.559144148515376 ] } },
{ "type": "Feature", "properties": { "loja_id": "AG06", "peso": 87.508343 }, "geometry": { "type": "Point", "coordinates": [ -46.57774577810148, -23.542959332311099 ] } },
{ "type": "Feature", "properties": { "loja_id": "AG04", "peso": 115.097779 }, "geometry": { "type": "Point", "coordinates": [ -46.640804472556695, -23.587078995257777 ] } },
{ "type": "Feature", "properties": { "loja_id": "AG01", "peso": 87.508343 }, "geometry": { "type": "Point", "coordinates": [ -46.685118905144861, -23.592320595067065 ] } },
{ "type": "Feature", "properties": { "loja_id": "AG01", "peso": 87.508343 }, "geometry": { "type": "Point", "coordinates": [ -46.685109108253535, -23.592320701374799 ] } },
{ "type": "Feature", "properties": { "loja_id": "AG09", "peso": 71.254387 }, "geometry": { "type": "Point", "coordinates": [ -46.647604519136522, -23.538406217026512 ] } },
{ "type": "Feature", "properties": { "loja_id": "AG01", "peso": 130.862262 }, "geometry": { "type": "Point", "coordinates": [ -46.681047091512177, -23.591886129829742 ] } },
{ "type": "Feature", "properties": { "loja_id": "AG09", "peso": 326.469145 }, "geometry": { "type": "Point", "coordinates": [ -46.639483880081535, -23.545427277693502 ] } },
{ "type": "Feature", "properties": { "loja_id": "AG11", "peso": 172.728445 }, "geometry": { "type": "Point", "coordinates": [ -46.706919332004595, -23.525558018428896 ] } },
{ "type": "Feature", "properties": { "loja_id": "AG08", "peso": 137.104579 }, "geometry": { "type": "Point", "coordinates": [ -46.688001015320133, -23.607739763163313 ] } },
{ "type": "Feature", "properties": { "loja_id": "AG08", "peso": 90.952231 }, "geometry": { "type": "Point", "coordinates": [ -46.698197431954092, -23.611935868795729 ] } },
{ "type": "Feature", "properties": { "loja_id": "AG08", "peso": 496.540722 }, "geometry": { "type": "Point", "coordinates": [ -46.692535296264133, -23.604466654236688 ] } },
{ "type": "Feature", "properties": { "loja_id": "AG01", "peso": 79.354419 }, "geometry": { "type": "Point", "coordinates": [ -46.678080883659639, -23.590554661711671 ] } },
{ "type": "Feature", "properties": { "loja_id": "AG02", "peso": 231.676194 }, "geometry": { "type": "Point", "coordinates": [ -46.654085897945201, -23.563251871006834 ] } },
{ "type": "Feature", "properties": { "loja_id": "AG02", "peso": 325.166092 }, "geometry": { "type": "Point", "coordinates": [ -46.656470981594147, -23.561275944715117 ] } },
{ "type": "Feature", "properties": { "loja_id": "AG04", "peso": 192.149162 }, "geometry": { "type": "Point", "coordinates": [ -46.633871931950083, -23.589021339678183 ] } },
{ "type": "Feature", "properties": { "loja_id": "AG01", "peso": 463.352388 }, "geometry": { "type": "Point", "coordinates": [ -46.675570132289593, -23.588820895007984 ] } },
{ "type": "Feature", "properties": { "loja_id": "AG01", "peso": 591.899366 }, "geometry": { "type": "Point", "coordinates": [ -46.684468278685799, -23.592779158807513 ] } },
{ "type": "Feature", "properties": { "loja_id": "AG01", "peso": 813.190111 }, "geometry": { "type": "Point", "coordinates": [ -46.690200980032508, -23.590540619343091 ] } },
{ "type": "Feature", "properties": { "loja_id": "AG07", "peso": 247.958445 }, "geometry": { "type": "Point", "coordinates": [ -46.621303353079185, -23.502172747412082 ] } },
{ "type": "Feature", "properties": { "loja_id": "AG03", "peso": 560.485228 }, "geometry": { "type": "Point", "coordinates": [ -46.700859638118771, -23.567605283731979 ] } },
{ "type": "Feature", "properties": { "loja_id": "AG03", "peso": 274.066326 }, "geometry": { "type": "Point", "coordinates": [ -46.690981662727303, -23.570413074585044 ] } },
{ "type": "Feature", "properties": { "loja_id": "AG08", "peso": 360.574336 }, "geometry": { "type": "Point", "coordinates": [ -46.695831899719131, -23.610878130015934 ] } },
{ "type": "Feature", "properties": { "loja_id": "AG09", "peso": 591.899366 }, "geometry": { "type": "Point", "coordinates": [ -46.640434444130172, -23.547042706503749 ] } },
{ "type": "Feature", "properties": { "loja_id": "AG09", "peso": 360.574336 }, "geometry": { "type": "Point", "coordinates": [ -46.644343619279276, -23.539244414350673 ] } },
{ "type": "Feature", "properties": { "loja_id": "AG08", "peso": 374.454684 }, "geometry": { "type": "Point", "coordinates": [ -46.693633502894365, -23.602233281589655 ] } },
{ "type": "Feature", "properties": { "loja_id": "AG09", "peso": 863.295879 }, "geometry": { "type": "Point", "coordinates": [ -46.642939623885759, -23.546853717024074 ] } },
{ "type": "Feature", "properties": { "loja_id": "AG02", "peso": 489.956223 }, "geometry": { "type": "Point", "coordinates": [ -46.657924099303763, -23.559978162640416 ] } },
{ "type": "Feature", "properties": { "loja_id": "AG02", "peso": 588.651522 }, "geometry": { "type": "Point", "coordinates": [ -46.657231119151518, -23.560960815413832 ] } },
{ "type": "Feature", "properties": { "loja_id": "AG04", "peso": 328.047472 }, "geometry": { "type": "Point", "coordinates": [ -46.638928753296206, -23.581211074584104 ] } },
{ "type": "Feature", "properties": { "loja_id": "AG04", "peso": 274.741591 }, "geometry": { "type": "Point", "coordinates": [ -46.636543367553102, -23.599007759346907 ] } },
{ "type": "Feature", "properties": { "loja_id": "AG03", "peso": 235.939015 }, "geometry": { "type": "Point", "coordinates": [ -46.698195309878116, -23.5630561655788 ] } },
{ "type": "Feature", "properties": { "loja_id": "AG01", "peso": 879.183309 }, "geometry": { "type": "Point", "coordinates": [ -46.682581486217266, -23.583895924311364 ] } },
{ "type": "Feature", "properties": { "loja_id": "AG03", "peso": 388.377449 }, "geometry": { "type": "Point", "coordinates": [ -46.696602132428197, -23.574008998867114 ] } },
{ "type": "Feature", "properties": { "loja_id": "AG09", "peso": 471.859904 }, "geometry": { "type": "Point", "coordinates": [ -46.639726918132133, -23.543699929879264 ] } },
{ "type": "Feature", "properties": { "loja_id": "AG02", "peso": 235.939015 }, "geometry": { "type": "Point", "coordinates": [ -46.650067160641115, -23.557578439852726 ] } },
{ "type": "Feature", "properties": { "loja_id": "AG09", "peso": 382.37013 }, "geometry": { "type": "Point", "coordinates": [ -46.634883452720217, -23.537763819074272 ] } },
{ "type": "Feature", "properties": { "loja_id": "AG09", "peso": 384.629784 }, "geometry": { "type": "Point", "coordinates": [ -46.640811917517063, -23.546677513074787 ] } },
{ "type": "Feature", "properties": { "loja_id": "AG12", "peso": 454.854881 }, "geometry": { "type": "Point", "coordinates": [ -46.641042395865959, -23.636092494610182 ] } },
{ "type": "Feature", "properties": { "loja_id": "AG15", "peso": 839.391655 }, "geometry": { "type": "Point", "coordinates": [ -46.708280535046065, -23.574811141126858 ] } },
{ "type": "Feature", "properties": { "loja_id": "AG03", "peso": 791.916876 }, "geometry": { "type": "Point", "coordinates": [ -46.692824555150509, -23.570501371800912 ] } },
{ "type": "Feature", "properties": { "loja_id": "AG01", "peso": 348.652353 }, "geometry": { "type": "Point", "coordinates": [ -46.686941848294701, -23.583162344302927 ] } },
{ "type": "Feature", "properties": { "loja_id": "AG12", "peso": 285.789019 }, "geometry": { "type": "Point", "coordinates": [ -46.639241426902878, -23.64495209891847 ] } },
{ "type": "Feature", "properties": { "loja_id": "AG01", "peso": 283.096649 }, "geometry": { "type": "Point", "coordinates": [ -46.682776242914031, -23.585338632889727 ] } },
{ "type": "Feature", "properties": { "loja_id": "AG09", "peso": 348.652353 }, "geometry": { "type": "Point", "coordinates": [ -46.644219302990912, -23.544212382809018 ] } },
{ "type": "Feature", "properties": { "loja_id": "AG09", "peso": 348.652353 }, "geometry": { "type": "Point", "coordinates": [ -46.641280487445748, -23.545760510083241 ] } },
{ "type": "Feature", "properties": { "loja_id": "AG02", "peso": 541.101834 }, "geometry": { "type": "Point", "coordinates": [ -46.6565774781036, -23.561175477421635 ] } },
{ "type": "Feature", "properties": { "loja_id": "AG04", "peso": 761.597575 }, "geometry": { "type": "Point", "coordinates": [ -46.632451190288265, -23.596937758858665 ] } },
{ "type": "Feature", "properties": { "loja_id": "AG08", "peso": 1140.429748 }, "geometry": { "type": "Point", "coordinates": [ -46.693126352226635, -23.605471575373812 ] } },
{ "type": "Feature", "properties": { "loja_id": "AG03", "peso": 750.169834 }, "geometry": { "type": "Point", "coordinates": [ -46.702374716271564, -23.56734488361262 ] } },
{ "type": "Feature", "properties": { "loja_id": "AG03", "peso": 712.898206 }, "geometry": { "type": "Point", "coordinates": [ -46.696602132428197, -23.574008998867114 ] } },
{ "type": "Feature", "properties": { "loja_id": "AG10", "peso": 295.390119 }, "geometry": { "type": "Point", "coordinates": [ -46.675569270974897, -23.530829194749224 ] } },
{ "type": "Feature", "properties": { "loja_id": "AG02", "peso": 2329.609698 }, "geometry": { "type": "Point", "coordinates": [ -46.65751714312961, -23.560334680800977 ] } },
{ "type": "Feature", "properties": { "loja_id": "AG02", "peso": 712.898206 }, "geometry": { "type": "Point", "coordinates": [ -46.65751714312961, -23.560334680800977 ] } },
{ "type": "Feature", "properties": { "loja_id": "AG02", "peso": 1087.61876 }, "geometry": { "type": "Point", "coordinates": [ -46.65872456201231, -23.561315125883151 ] } },
{ "type": "Feature", "properties": { "loja_id": "AG04", "peso": 259.250413 }, "geometry": { "type": "Point", "coordinates": [ -46.636809645423426, -23.594408557690166 ] } },
{ "type": "Feature", "properties": { "loja_id": "AG04", "peso": 160.296456 }, "geometry": { "type": "Point", "coordinates": [ -46.636859964329119, -23.598462607372468 ] } },
{ "type": "Feature", "properties": { "loja_id": "AG12", "peso": 130.446091 }, "geometry": { "type": "Point", "coordinates": [ -46.64111324990207, -23.636272348599618 ] } },
{ "type": "Feature", "properties": { "loja_id": "AG02", "peso": 212.683845 }, "geometry": { "type": "Point", "coordinates": [ -46.654721321414904, -23.563145775523495 ] } },
{ "type": "Feature", "properties": { "loja_id": "AG12", "peso": 63.746888 }, "geometry": { "type": "Point", "coordinates": [ -46.641411765063083, -23.636630396768918 ] } },
{ "type": "Feature", "properties": { "loja_id": "AG03", "peso": 89.689459 }, "geometry": { "type": "Point", "coordinates": [ -46.690732073667284, -23.570813114803691 ] } },
{ "type": "Feature", "properties": { "loja_id": "AG03", "peso": 459.825889 }, "geometry": { "type": "Point", "coordinates": [ -46.701258324186753, -23.56737516820613 ] } },
{ "type": "Feature", "properties": { "loja_id": "AG03", "peso": 309.609732 }, "geometry": { "type": "Point", "coordinates": [ -46.690232775585194, -23.571604165392234 ] } },
{ "type": "Feature", "properties": { "loja_id": "AG08", "peso": 352.901292 }, "geometry": { "type": "Point", "coordinates": [ -46.693171862140119, -23.605200177193865 ] } },
{ "type": "Feature", "properties": { "loja_id": "AG01", "peso": 500.927742 }, "geometry": { "type": "Point", "coordinates": [ -46.679824161219891, -23.589723104797681 ] } },
{ "type": "Feature", "properties": { "loja_id": "AG08", "peso": 459.825889 }, "geometry": { "type": "Point", "coordinates": [ -46.692243511634203, -23.603873851177429 ] } },
{ "type": "Feature", "properties": { "loja_id": "AG10", "peso": 257.211188 }, "geometry": { "type": "Point", "coordinates": [ -46.674517299049278, -23.528962237788708 ] } },
{ "type": "Feature", "properties": { "loja_id": "AG01", "peso": 352.901292 }, "geometry": { "type": "Point", "coordinates": [ -46.684235216125231, -23.589106434803195 ] } },
{ "type": "Feature", "properties": { "loja_id": "AG07", "peso": 95.351549 }, "geometry": { "type": "Point", "coordinates": [ -46.627189559098284, -23.502282940095796 ] } },
{ "type": "Feature", "properties": { "loja_id": "AG04", "peso": 51.238935 }, "geometry": { "type": "Point", "coordinates": [ -46.636680677845462, -23.596649418219979 ] } },
{ "type": "Feature", "properties": { "loja_id": "AG04", "peso": 51.238935 }, "geometry": { "type": "Point", "coordinates": [ -46.635215100667089, -23.592249065939754 ] } },
{ "type": "Feature", "properties": { "loja_id": "AG09", "peso": 105.733666 }, "geometry": { "type": "Point", "coordinates": [ -46.635936015134824, -23.547631908255994 ] } },
{ "type": "Feature", "properties": { "loja_id": "AG03", "peso": 95.351549 }, "geometry": { "type": "Point", "coordinates": [ -46.696602132428197, -23.574008998867114 ] } },
{ "type": "Feature", "properties": { "loja_id": "AG03", "peso": 135.905676 }, "geometry": { "type": "Point", "coordinates": [ -46.685307561012259, -23.567964338391491 ] } },
{ "type": "Feature", "properties": { "loja_id": "AG04", "peso": 320.673338 }, "geometry": { "type": "Point", "coordinates": [ -46.636570129475707, -23.592478608817128 ] } },
{ "type": "Feature", "properties": { "loja_id": "AG04", "peso": 361.966563 }, "geometry": { "type": "Point", "coordinates": [ -46.636570129475707, -23.592478608817128 ] } },
{ "type": "Feature", "properties": { "loja_id": "AG09", "peso": 232.816799 }, "geometry": { "type": "Point", "coordinates": [ -46.645394701437759, -23.546574914818283 ] } },
{ "type": "Feature", "properties": { "loja_id": "AG03", "peso": 217.899513 }, "geometry": { "type": "Point", "coordinates": [ -46.701493147710657, -23.568113063511522 ] } },
{ "type": "Feature", "properties": { "loja_id": "AG09", "peso": 419.013162 }, "geometry": { "type": "Point", "coordinates": [ -46.643218515367835, -23.542498175259407 ] } },
{ "type": "Feature", "properties": { "loja_id": "AG01", "peso": 229.630614 }, "geometry": { "type": "Point", "coordinates": [ -46.681041248182773, -23.580661756376156 ] } },
{ "type": "Feature", "properties": { "loja_id": "AG09", "peso": 217.899513 }, "geometry": { "type": "Point", "coordinates": [ -46.64943267591665, -23.538919630037228 ] } },
{ "type": "Feature", "properties": { "loja_id": "AG09", "peso": 321.419879 }, "geometry": { "type": "Point", "coordinates": [ -46.641425326496154, -23.551113938959858 ] } },
{ "type": "Feature", "properties": { "loja_id": "AG03", "peso": 321.419879 }, "geometry": { "type": "Point", "coordinates": [ -46.68391068985256, -23.565974790892689 ] } },
{ "type": "Feature", "properties": { "loja_id": "AG08", "peso": 55.153846 }, "geometry": { "type": "Point", "coordinates": [ -46.694993549773116, -23.611221399954676 ] } },
{ "type": "Feature", "properties": { "loja_id": "AG11", "peso": 64.75 }, "geometry": { "type": "Point", "coordinates": [ -46.704856170794876, -23.521246181271685 ] } },
{ "type": "Feature", "properties": { "loja_id": "AG09", "peso": 55.153846 }, "geometry": { "type": "Point", "coordinates": [ -46.640505647190864, -23.544098081490194 ] } },
{ "type": "Feature", "properties": { "loja_id": "AG02", "peso": 64.75 }, "geometry": { "type": "Point", "coordinates": [ -46.657761909151326, -23.567348547960332 ] } },
{ "type": "Feature", "properties": { "loja_id": "AG01", "peso": 67.357143 }, "geometry": { "type": "Point", "coordinates": [ -46.682387465519668, -23.587889336266532 ] } },
{ "type": "Feature", "properties": { "loja_id": "AG09", "peso": 53.3125 }, "geometry": { "type": "Point", "coordinates": [ -46.643979343690781, -23.543031952672372 ] } },
{ "type": "Feature", "properties": { "loja_id": "AG01", "peso": 50.2 }, "geometry": { "type": "Point", "coordinates": [ -46.679983146144039, -23.584511005590379 ] } },
{ "type": "Feature", "properties": { "loja_id": "AG01", "peso": 67.357143 }, "geometry": { "type": "Point", "coordinates": [ -46.681747989246539, -23.590758807467491 ] } },
{ "type": "Feature", "properties": { "loja_id": "AG09", "peso": 50.2 }, "geometry": { "type": "Point", "coordinates": [ -46.642043051477273, -23.548010031495259 ] } },
{ "type": "Feature", "properties": { "loja_id": "AG04", "peso": 55.153846 }, "geometry": { "type": "Point", "coordinates": [ -46.631851088567124, -23.588825859146812 ] } },
{ "type": "Feature", "properties": { "loja_id": "AG08", "peso": 78.153846 }, "geometry": { "type": "Point", "coordinates": [ -46.698197431954092, -23.611935868795729 ] } },
{ "type": "Feature", "properties": { "loja_id": "AG09", "peso": 44.928571 }, "geometry": { "type": "Point", "coordinates": [ -46.646463053081447, -23.542698652525878 ] } },
{ "type": "Feature", "properties": { "loja_id": "AG03", "peso": 75.125 }, "geometry": { "type": "Point", "coordinates": [ -46.698539581671895, -23.573066764554365 ] } },
{ "type": "Feature", "properties": { "loja_id": "AG15", "peso": 75.125 }, "geometry": { "type": "Point", "coordinates": [ -46.698539581671895, -23.573066764554365 ] } },
{ "type": "Feature", "properties": { "loja_id": "AG12", "peso": 133.984338 }, "geometry": { "type": "Point", "coordinates": [ -46.640242016807278, -23.646585009067433 ] } },
{ "type": "Feature", "properties": { "loja_id": "AG03", "peso": 111.117726 }, "geometry": { "type": "Point", "coordinates": [ -46.702499623566993, -23.566395358008855 ] } },
{ "type": "Feature", "properties": { "loja_id": "AG08", "peso": 266.62726 }, "geometry": { "type": "Point", "coordinates": [ -46.697347604600274, -23.607583655692363 ] } },
{ "type": "Feature", "properties": { "loja_id": "AG08", "peso": 297.585432 }, "geometry": { "type": "Point", "coordinates": [ -46.696996576329411, -23.611524592482841 ] } },
{ "type": "Feature", "properties": { "loja_id": "AG09", "peso": 66.667161 }, "geometry": { "type": "Point", "coordinates": [ -46.636785505915753, -23.547415273197785 ] } },
{ "type": "Feature", "properties": { "loja_id": "AG09", "peso": 168.102876 }, "geometry": { "type": "Point", "coordinates": [ -46.64340607470502, -23.544979521055335 ] } },
{ "type": "Feature", "properties": { "loja_id": "AG09", "peso": 455.085135 }, "geometry": { "type": "Point", "coordinates": [ -46.640293838540579, -23.539657411297689 ] } },
{ "type": "Feature", "properties": { "loja_id": "AG04", "peso": 111.117726 }, "geometry": { "type": "Point", "coordinates": [ -46.636567850729485, -23.584396554945464 ] } },
{ "type": "Feature", "properties": { "loja_id": "AG03", "peso": 97.948218 }, "geometry": { "type": "Point", "coordinates": [ -46.693993366389158, -23.571500005765259 ] } },
{ "type": "Feature", "properties": { "loja_id": "AG11", "peso": 35.464527 }, "geometry": { "type": "Point", "coordinates": [ -46.706218123243815, -23.521303498467056 ] } },
{ "type": "Feature", "properties": { "loja_id": "AG01", "peso": 40.319929 }, "geometry": { "type": "Point", "coordinates": [ -46.680080494415328, -23.582153090286191 ] } },
{ "type": "Feature", "properties": { "loja_id": "AG02", "peso": 19.444725 }, "geometry": { "type": "Point", "coordinates": [ -46.655753867256713, -23.561897639798858 ] } },
{ "type": "Feature", "properties": { "loja_id": "AG04", "peso": 59.230665 }, "geometry": { "type": "Point", "coordinates": [ -46.636873611726926, -23.583770245416215 ] } },
{ "type": "Feature", "properties": { "loja_id": "AG03", "peso": 41.00561 }, "geometry": { "type": "Point", "coordinates": [ -46.697629276643447, -23.571604809275044 ] } },
{ "type": "Feature", "properties": { "loja_id": "AG15", "peso": 41.00561 }, "geometry": { "type": "Point", "coordinates": [ -46.697629276643447, -23.571604809275044 ] } },
{ "type": "Feature", "properties": { "loja_id": "AG02", "peso": 59.294013 }, "geometry": { "type": "Point", "coordinates": [ -46.655861680621591, -23.559557663278333 ] } },
{ "type": "Feature", "properties": { "loja_id": "AG03", "peso": 41.00561 }, "geometry": { "type": "Point", "coordinates": [ -46.691778084501458, -23.570639189074111 ] } },
{ "type": "Feature", "properties": { "loja_id": "AG03", "peso": 41.00561 }, "geometry": { "type": "Point", "coordinates": [ -46.691778084501458, -23.570639189074111 ] } },
{ "type": "Feature", "properties": { "loja_id": "AG09", "peso": 41.00561 }, "geometry": { "type": "Point", "coordinates": [ -46.641670208906056, -23.536915743866924 ] } },
{ "type": "Feature", "properties": { "loja_id": "AG02", "peso": 41.00561 }, "geometry": { "type": "Point", "coordinates": [ -46.654200722738885, -23.563033923636993 ] } },
{ "type": "Feature", "properties": { "loja_id": "AG01", "peso": 40.319929 }, "geometry": { "type": "Point", "coordinates": [ -46.675685300424156, -23.584774152269308 ] } },
{ "type": "Feature", "properties": { "loja_id": "AG15", "peso": 59.230665 }, "geometry": { "type": "Point", "coordinates": [ -46.709825409099068, -23.577602490205372 ] } },
{ "type": "Feature", "properties": { "loja_id": "AG01", "peso": 41.00561 }, "geometry": { "type": "Point", "coordinates": [ -46.673434651078708, -23.584997078658539 ] } },
{ "type": "Feature", "properties": { "loja_id": "AG01", "peso": 40.319929 }, "geometry": { "type": "Point", "coordinates": [ -46.681066915414391, -23.59190397546238 ] } },
{ "type": "Feature", "properties": { "loja_id": "AG01", "peso": 41.00561 }, "geometry": { "type": "Point", "coordinates": [ -46.679782046977202, -23.58410682484072 ] } },
{ "type": "Feature", "properties": { "loja_id": "AG01", "peso": 73.645704 }, "geometry": { "type": "Point", "coordinates": [ -46.675534061805109, -23.58520923029246 ] } },
{ "type": "Feature", "properties": { "loja_id": "AG03", "peso": 778.268453 }, "geometry": { "type": "Point", "coordinates": [ -46.689349050194899, -23.572977321132509 ] } },
{ "type": "Feature", "properties": { "loja_id": "AG03", "peso": 528.056858 }, "geometry": { "type": "Point", "coordinates": [ -46.686092758078019, -23.561941758797087 ] } },
{ "type": "Feature", "properties": { "loja_id": "AG09", "peso": 489.461634 }, "geometry": { "type": "Point", "coordinates": [ -46.642798231073471, -23.544146126263655 ] } },
{ "type": "Feature", "properties": { "loja_id": "AG02", "peso": 528.056858 }, "geometry": { "type": "Point", "coordinates": [ -46.65370264821253, -23.560808756548642 ] } },
{ "type": "Feature", "properties": { "loja_id": "AG09", "peso": 434.895464 }, "geometry": { "type": "Point", "coordinates": [ -46.637584549864627, -23.543126500554347 ] } },
{ "type": "Feature", "properties": { "loja_id": "AG08", "peso": 255.255834 }, "geometry": { "type": "Point", "coordinates": [ -46.688961951971386, -23.608551046173606 ] } },
{ "type": "Feature", "properties": { "loja_id": "AG03", "peso": 255.255834 }, "geometry": { "type": "Point", "coordinates": [ -46.696602132428197, -23.574008998867114 ] } },
{ "type": "Feature", "properties": { "loja_id": "AG09", "peso": 395.109885 }, "geometry": { "type": "Point", "coordinates": [ -46.641539902136671, -23.549297643206323 ] } },
{ "type": "Feature", "properties": { "loja_id": "AG01", "peso": 222.979458 }, "geometry": { "type": "Point", "coordinates": [ -46.681017585804973, -23.591877419108599 ] } },
{ "type": "Feature", "properties": { "loja_id": "AG02", "peso": 956.220935 }, "geometry": { "type": "Point", "coordinates": [ -46.656420083202846, -23.561122973300886 ] } },
{ "type": "Feature", "properties": { "loja_id": "AG02", "peso": 363.977406 }, "geometry": { "type": "Point", "coordinates": [ -46.65575167664678, -23.559378230417227 ] } },
{ "type": "Feature", "properties": { "loja_id": "AG01", "peso": 395.109885 }, "geometry": { "type": "Point", "coordinates": [ -46.681027382684043, -23.591877313060788 ] } },
{ "type": "Feature", "properties": { "loja_id": "AG08", "peso": 349.628626 }, "geometry": { "type": "Point", "coordinates": [ -46.694356205418515, -23.607381557549925 ] } },
{ "type": "Feature", "properties": { "loja_id": "AG10", "peso": 255.255834 }, "geometry": { "type": "Point", "coordinates": [ -46.671189878573919, -23.534578675973215 ] } },
{ "type": "Feature", "properties": { "loja_id": "AG01", "peso": 882.049441 }, "geometry": { "type": "Point", "coordinates": [ -46.687785034428529, -23.583974924290587 ] } },
{ "type": "Feature", "properties": { "loja_id": "AG08", "peso": 258.497657 }, "geometry": { "type": "Point", "coordinates": [ -46.694422189674029, -23.607940700524125 ] } },
{ "type": "Feature", "properties": { "loja_id": "AG09", "peso": 332.019989 }, "geometry": { "type": "Point", "coordinates": [ -46.636785505915753, -23.547415273197785 ] } },
{ "type": "Feature", "properties": { "loja_id": "AG09", "peso": 258.497657 }, "geometry": { "type": "Point", "coordinates": [ -46.645658261446151, -23.544928616719165 ] } },
{ "type": "Feature", "properties": { "loja_id": "AG03", "peso": 295.012711 }, "geometry": { "type": "Point", "coordinates": [ -46.693740758757258, -23.567845570655876 ] } },
{ "type": "Feature", "properties": { "loja_id": "AG04", "peso": 258.497657 }, "geometry": { "type": "Point", "coordinates": [ -46.636701185653429, -23.598301736807933 ] } },
{ "type": "Feature", "properties": { "loja_id": "AG14", "peso": 213.409055 }, "geometry": { "type": "Point", "coordinates": [ -46.771386373749777, -23.665540170775841 ] } },
{ "type": "Feature", "properties": { "loja_id": "AG15", "peso": 361.933952 }, "geometry": { "type": "Point", "coordinates": [ -46.712208387649568, -23.567959261968316 ] } },
{ "type": "Feature", "properties": { "loja_id": "AG01", "peso": 435.895965 }, "geometry": { "type": "Point", "coordinates": [ -46.678680157640571, -23.589139486272149 ] } },
{ "type": "Feature", "properties": { "loja_id": "AG06", "peso": 386.030708 }, "geometry": { "type": "Point", "coordinates": [ -46.57656761245272, -23.541083906678228 ] } },
{ "type": "Feature", "properties": { "loja_id": "AG03", "peso": 423.534352 }, "geometry": { "type": "Point", "coordinates": [ -46.690875451304798, -23.571299180375732 ] } },
{ "type": "Feature", "properties": { "loja_id": "AG01", "peso": 361.933952 }, "geometry": { "type": "Point", "coordinates": [ -46.674416754879026, -23.584408565984063 ] } },
{ "type": "Feature", "properties": { "loja_id": "AG06", "peso": 1503.437399 }, "geometry": { "type": "Point", "coordinates": [ -46.571644338633888, -23.543851906816766 ] } },
{ "type": "Feature", "properties": { "loja_id": "AG09", "peso": 257.381033 }, "geometry": { "type": "Point", "coordinates": [ -46.641670208906056, -23.536915743866924 ] } },
{ "type": "Feature", "properties": { "loja_id": "AG09", "peso": 1503.437399 }, "geometry": { "type": "Point", "coordinates": [ -46.640783096702812, -23.546722968567092 ] } },
{ "type": "Feature", "properties": { "loja_id": "AG01", "peso": 1108.470128 }, "geometry": { "type": "Point", "coordinates": [ -46.676901169853458, -23.583307179471259 ] } },
{ "type": "Feature", "properties": { "loja_id": "AG04", "peso": 400.71255 }, "geometry": { "type": "Point", "coordinates": [ -46.636701185653429, -23.598301736807933 ] } },
{ "type": "Feature", "properties": { "loja_id": "AG09", "peso": 496.66266 }, "geometry": { "type": "Point", "coordinates": [ -46.645643410093342, -23.54452241156304 ] } },
{ "type": "Feature", "properties": { "loja_id": "AG04", "peso": 572.575752 }, "geometry": { "type": "Point", "coordinates": [ -46.633124752800597, -23.583276917628073 ] } },
{ "type": "Feature", "properties": { "loja_id": "AG01", "peso": 236.705887 }, "geometry": { "type": "Point", "coordinates": [ -46.678351716660757, -23.585657407534736 ] } },
{ "type": "Feature", "properties": { "loja_id": "AG01", "peso": 202.327636 }, "geometry": { "type": "Point", "coordinates": [ -46.678351716660757, -23.585657407534736 ] } },
{ "type": "Feature", "properties": { "loja_id": "AG02", "peso": 226.431184 }, "geometry": { "type": "Point", "coordinates": [ -46.661489524527063, -23.567742192842402 ] } },
{ "type": "Feature", "properties": { "loja_id": "AG02", "peso": 262.212628 }, "geometry": { "type": "Point", "coordinates": [ -46.661489524527063, -23.567742192842402 ] } },
{ "type": "Feature", "properties": { "loja_id": "AG02", "peso": 232.271286 }, "geometry": { "type": "Point", "coordinates": [ -46.661489524527063, -23.567742192842402 ] } },
{ "type": "Feature", "properties": { "loja_id": "AG03", "peso": 232.271286 }, "geometry": { "type": "Point", "coordinates": [ -46.691509217369081, -23.570298972000362 ] } },
{ "type": "Feature", "properties": { "loja_id": "AG04", "peso": 207.953029 }, "geometry": { "type": "Point", "coordinates": [ -46.636572047988558, -23.583944997766064 ] } },
{ "type": "Feature", "properties": { "loja_id": "AG02", "peso": 202.63563 }, "geometry": { "type": "Point", "coordinates": [ -46.65597236399325, -23.55979127015717 ] } },
{ "type": "Feature", "properties": { "loja_id": "AG04", "peso": 160.168655 }, "geometry": { "type": "Point", "coordinates": [ -46.636572047988558, -23.583944997766064 ] } },
{ "type": "Feature", "properties": { "loja_id": "AG04", "peso": 137.362316 }, "geometry": { "type": "Point", "coordinates": [ -46.637744255462117, -23.597866316703588 ] } },
{ "type": "Feature", "properties": { "loja_id": "AG14", "peso": 101.824428 }, "geometry": { "type": "Point", "coordinates": [ -46.77120578765652, -23.666689012580733 ] } },
{ "type": "Feature", "properties": { "loja_id": "AG09", "peso": 166.582334 }, "geometry": { "type": "Point", "coordinates": [ -46.646566561726779, -23.547077237862062 ] } },
{ "type": "Feature", "properties": { "loja_id": "AG05", "peso": 166.582334 }, "geometry": { "type": "Point", "coordinates": [ -46.602369255111434, -23.548541263415789 ] } },
{ "type": "Feature", "properties": { "loja_id": "AG08", "peso": 166.582334 }, "geometry": { "type": "Point", "coordinates": [ -46.695603557208763, -23.612171921316769 ] } },
{ "type": "Feature", "properties": { "loja_id": "AG08", "peso": 201.640243 }, "geometry": { "type": "Point", "coordinates": [ -46.693337789963401, -23.605911741848924 ] } },
{ "type": "Feature", "properties": { "loja_id": "AG08", "peso": 241.648553 }, "geometry": { "type": "Point", "coordinates": [ -46.69433349519403, -23.608664072936513 ] } },
{ "type": "Feature", "properties": { "loja_id": "AG08", "peso": 256.089491 }, "geometry": { "type": "Point", "coordinates": [ -46.693909857765021, -23.608488095852127 ] } },
{ "type": "Feature", "properties": { "loja_id": "AG14", "peso": 207.953029 }, "geometry": { "type": "Point", "coordinates": [ -46.772116397519554, -23.666606360800635 ] } },
{ "type": "Feature", "properties": { "loja_id": "AG01", "peso": 256.089491 }, "geometry": { "type": "Point", "coordinates": [ -46.681747989246539, -23.590758807467491 ] } },
{ "type": "Feature", "properties": { "loja_id": "AG01", "peso": 207.953029 }, "geometry": { "type": "Point", "coordinates": [ -46.680865525992012, -23.588402470952214 ] } },
{ "type": "Feature", "properties": { "loja_id": "AG08", "peso": 256.089491 }, "geometry": { "type": "Point", "coordinates": [ -46.696375660536347, -23.6142945731868 ] } },
{ "type": "Feature", "properties": { "loja_id": "AG08", "peso": 296.49601 }, "geometry": { "type": "Point", "coordinates": [ -46.694170691143412, -23.608196287327978 ] } },
{ "type": "Feature", "properties": { "loja_id": "AG12", "peso": 126.267774 }, "geometry": { "type": "Point", "coordinates": [ -46.638833206243113, -23.648378854970634 ] } },
{ "type": "Feature", "properties": { "loja_id": "AG06", "peso": 143.054216 }, "geometry": { "type": "Point", "coordinates": [ -46.578937434016197, -23.540220035739267 ] } },
{ "type": "Feature", "properties": { "loja_id": "AG08", "peso": 143.054216 }, "geometry": { "type": "Point", "coordinates": [ -46.693642578193604, -23.607515766654203 ] } },
{ "type": "Feature", "properties": { "loja_id": "AG03", "peso": 229.908761 }, "geometry": { "type": "Point", "coordinates": [ -46.693793854307366, -23.567402517236541 ] } },
{ "type": "Feature", "properties": { "loja_id": "AG01", "peso": 143.054216 }, "geometry": { "type": "Point", "coordinates": [ -46.674603573199391, -23.584460732906795 ] } },
{ "type": "Feature", "properties": { "loja_id": "AG09", "peso": 128.519295 }, "geometry": { "type": "Point", "coordinates": [ -46.638553101753885, -23.541454725656326 ] } },
{ "type": "Feature", "properties": { "loja_id": "AG09", "peso": 299.989384 }, "geometry": { "type": "Point", "coordinates": [ -46.64034602047181, -23.542284676500952 ] } },
{ "type": "Feature", "properties": { "loja_id": "AG14", "peso": 128.519295 }, "geometry": { "type": "Point", "coordinates": [ -46.773113288871983, -23.669285814403803 ] } },
{ "type": "Feature", "properties": { "loja_id": "AG14", "peso": 207.527282 }, "geometry": { "type": "Point", "coordinates": [ -46.772983131334222, -23.67126481519918 ] } },
{ "type": "Feature", "properties": { "loja_id": "AG09", "peso": 154.911415 }, "geometry": { "type": "Point", "coordinates": [ -46.643031543009236, -23.542427908093423 ] } },
{ "type": "Feature", "properties": { "loja_id": "AG09", "peso": 459.173482 }, "geometry": { "type": "Point", "coordinates": [ -46.635295247753874, -23.546509859405035 ] } },
{ "type": "Feature", "properties": { "loja_id": "AG08", "peso": 323.642972 }, "geometry": { "type": "Point", "coordinates": [ -46.69634193345285, -23.604822425020664 ] } },
{ "type": "Feature", "properties": { "loja_id": "AG08", "peso": 566.130368 }, "geometry": { "type": "Point", "coordinates": [ -46.687840730983041, -23.612057880310612 ] } },
{ "type": "Feature", "properties": { "loja_id": "AG01", "peso": 283.595838 }, "geometry": { "type": "Point", "coordinates": [ -46.683430268826172, -23.591291417488382 ] } },
{ "type": "Feature", "properties": { "loja_id": "AG01", "peso": 562.2182 }, "geometry": { "type": "Point", "coordinates": [ -46.681047091512177, -23.591886129829742 ] } },
{ "type": "Feature", "properties": { "loja_id": "AG03", "peso": 254.339412 }, "geometry": { "type": "Point", "coordinates": [ -46.689175067020599, -23.573927373634461 ] } },
{ "type": "Feature", "properties": { "loja_id": "AG03", "peso": 254.339412 }, "geometry": { "type": "Point", "coordinates": [ -46.689126898163089, -23.573991108003 ] } },
{ "type": "Feature", "properties": { "loja_id": "AG04", "peso": 623.24162 }, "geometry": { "type": "Point", "coordinates": [ -46.636523309243834, -23.597391557035351 ] } },
{ "type": "Feature", "properties": { "loja_id": "AG03", "peso": 548.039353 }, "geometry": { "type": "Point", "coordinates": [ -46.688428088022775, -23.574504388924073 ] } },
{ "type": "Feature", "properties": { "loja_id": "AG03", "peso": 532.310869 }, "geometry": { "type": "Point", "coordinates": [ -46.685918880253787, -23.565203520451419 ] } },
{ "type": "Feature", "properties": { "loja_id": "AG11", "peso": 204.388368 }, "geometry": { "type": "Point", "coordinates": [ -46.70728095041553, -23.523224286031205 ] } },
{ "type": "Feature", "properties": { "loja_id": "AG01", "peso": 200.325671 }, "geometry": { "type": "Point", "coordinates": [ -46.67880228351008, -23.581796673803584 ] } },
{ "type": "Feature", "properties": { "loja_id": "AG02", "peso": 450.420834 }, "geometry": { "type": "Point", "coordinates": [ -46.655456901481145, -23.556961268491772 ] } },
{ "type": "Feature", "properties": { "loja_id": "AG01", "peso": 450.420834 }, "geometry": { "type": "Point", "coordinates": [ -46.677100913123191, -23.585147170154556 ] } },
{ "type": "Feature", "properties": { "loja_id": "AG01", "peso": 248.544352 }, "geometry": { "type": "Point", "coordinates": [ -46.678191290371338, -23.590761161516276 ] } },
{ "type": "Feature", "properties": { "loja_id": "AG02", "peso": 108.643319 }, "geometry": { "type": "Point", "coordinates": [ -46.651315978980961, -23.556391249046136 ] } },
{ "type": "Feature", "properties": { "loja_id": "AG01", "peso": 142.415524 }, "geometry": { "type": "Point", "coordinates": [ -46.67921495145535, -23.585738378890081 ] } },
{ "type": "Feature", "properties": { "loja_id": "AG14", "peso": 133.679838 }, "geometry": { "type": "Point", "coordinates": [ -46.772983131334222, -23.67126481519918 ] } },
{ "type": "Feature", "properties": { "loja_id": "AG09", "peso": 133.679838 }, "geometry": { "type": "Point", "coordinates": [ -46.645596972796547, -23.536856197170987 ] } },
{ "type": "Feature", "properties": { "loja_id": "AG09", "peso": 133.679838 }, "geometry": { "type": "Point", "coordinates": [ -46.635936015134824, -23.547631908255994 ] } },
{ "type": "Feature", "properties": { "loja_id": "AG01", "peso": 142.415524 }, "geometry": { "type": "Point", "coordinates": [ -46.684230718995451, -23.582613835660148 ] } },
{ "type": "Feature", "properties": { "loja_id": "AG08", "peso": 133.679838 }, "geometry": { "type": "Point", "coordinates": [ -46.694494651860396, -23.611290058196438 ] } },
{ "type": "Feature", "properties": { "loja_id": "AG14", "peso": 248.544352 }, "geometry": { "type": "Point", "coordinates": [ -46.771405211692738, -23.669847140682723 ] } },
{ "type": "Feature", "properties": { "loja_id": "AG09", "peso": 142.415524 }, "geometry": { "type": "Point", "coordinates": [ -46.634737260168365, -23.54732845283997 ] } },
{ "type": "Feature", "properties": { "loja_id": "AG14", "peso": 57.575128 }, "geometry": { "type": "Point", "coordinates": [ -46.772702391663501, -23.670076103890732 ] } },
{ "type": "Feature", "properties": { "loja_id": "AG14", "peso": 1499.812079 }, "geometry": { "type": "Point", "coordinates": [ -46.784375330634035, -23.670556096499848 ] } },
{ "type": "Feature", "properties": { "loja_id": "AG14", "peso": 1183.240819 }, "geometry": { "type": "Point", "coordinates": [ -46.780926802512269, -23.670008853415982 ] } },
{ "type": "Feature", "properties": { "loja_id": "AG03", "peso": 559.480252 }, "geometry": { "type": "Point", "coordinates": [ -46.700324285686939, -23.567873013858932 ] } },
{ "type": "Feature", "properties": { "loja_id": "AG14", "peso": 728.541195 }, "geometry": { "type": "Point", "coordinates": [ -46.785565469595454, -23.672285111529263 ] } },
{ "type": "Feature", "properties": { "loja_id": "AG08", "peso": 403.676129 }, "geometry": { "type": "Point", "coordinates": [ -46.687187265488603, -23.606177377381993 ] } },
{ "type": "Feature", "properties": { "loja_id": "AG14", "peso": 559.480252 }, "geometry": { "type": "Point", "coordinates": [ -46.783643110867914, -23.672225993401689 ] } },
{ "type": "Feature", "properties": { "loja_id": "AG08", "peso": 428.517737 }, "geometry": { "type": "Point", "coordinates": [ -46.694478781451728, -23.603957828715121 ] } },
{ "type": "Feature", "properties": { "loja_id": "AG14", "peso": 428.517737 }, "geometry": { "type": "Point", "coordinates": [ -46.783643110867914, -23.672225993401689 ] } },
{ "type": "Feature", "properties": { "loja_id": "AG04", "peso": 728.541195 }, "geometry": { "type": "Point", "coordinates": [ -46.632780088476338, -23.583136056397894 ] } },
{ "type": "Feature", "properties": { "loja_id": "AG14", "peso": 187.47651 }, "geometry": { "type": "Point", "coordinates": [ -46.773877894471923, -23.667100895572869 ] } },
{ "type": "Feature", "properties": { "loja_id": "AG14", "peso": 470.955484 }, "geometry": { "type": "Point", "coordinates": [ -46.773884528185675, -23.666866046604554 ] } },
{ "type": "Feature", "properties": { "loja_id": "AG14", "peso": 232.412351 }, "geometry": { "type": "Point", "coordinates": [ -46.773884528185675, -23.666866046604554 ] } },
{ "type": "Feature", "properties": { "loja_id": "AG14", "peso": 187.47651 }, "geometry": { "type": "Point", "coordinates": [ -46.773884528185675, -23.666866046604554 ] } },
{ "type": "Feature", "properties": { "loja_id": "AG14", "peso": 559.480252 }, "geometry": { "type": "Point", "coordinates": [ -46.773884528185675, -23.666866046604554 ] } },
{ "type": "Feature", "properties": { "loja_id": "AG14", "peso": 647.91213 }, "geometry": { "type": "Point", "coordinates": [ -46.773884528185675, -23.666866046604554 ] } },
{ "type": "Feature", "properties": { "loja_id": "AG12", "peso": 215.770573 }, "geometry": { "type": "Point", "coordinates": [ -46.641565960257736, -23.646634206636357 ] } },
{ "type": "Feature", "properties": { "loja_id": "AG08", "peso": 215.770573 }, "geometry": { "type": "Point", "coordinates": [ -46.693470034064688, -23.606289561564765 ] } },
{ "type": "Feature", "properties": { "loja_id": "AG08", "peso": 219.376934 }, "geometry": { "type": "Point", "coordinates": [ -46.693307236522905, -23.605821774568891 ] } },
{ "type": "Feature", "properties": { "loja_id": "AG14", "peso": 219.376934 }, "geometry": { "type": "Point", "coordinates": [ -46.7802829338696, -23.669519620914713 ] } },
{ "type": "Feature", "properties": { "loja_id": "AG14", "peso": 212.328346 }, "geometry": { "type": "Point", "coordinates": [ -46.773181286501348, -23.667786100578844 ] } },
{ "type": "Feature", "properties": { "loja_id": "AG04", "peso": 215.770573 }, "geometry": { "type": "Point", "coordinates": [ -46.632773152148332, -23.58732617445775 ] } },
{ "type": "Feature", "properties": { "loja_id": "AG09", "peso": 194.708158 }, "geometry": { "type": "Point", "coordinates": [ -46.635340602624801, -23.547800715763625 ] } },
{ "type": "Feature", "properties": { "loja_id": "AG03", "peso": 112.13685 }, "geometry": { "type": "Point", "coordinates": [ -46.689991965830124, -23.572690397017109 ] } },
{ "type": "Feature", "properties": { "loja_id": "AG11", "peso": 215.770573 }, "geometry": { "type": "Point", "coordinates": [ -46.708503977070343, -23.520104511298495 ] } },
{ "type": "Feature", "properties": { "loja_id": "AG03", "peso": 269.900106 }, "geometry": { "type": "Point", "coordinates": [ -46.691070398038029, -23.570457259521071 ] } },
{ "type": "Feature", "properties": { "loja_id": "AG01", "peso": 211.651035 }, "geometry": { "type": "Point", "coordinates": [ -46.681027382684043, -23.591877313060788 ] } },
{ "type": "Feature", "properties": { "loja_id": "AG08", "peso": 267.586859 }, "geometry": { "type": "Point", "coordinates": [ -46.690659242205115, -23.607178057880873 ] } },
{ "type": "Feature", "properties": { "loja_id": "AG08", "peso": 356.891965 }, "geometry": { "type": "Point", "coordinates": [ -46.696406635400841, -23.612894578356723 ] } },
{ "type": "Feature", "properties": { "loja_id": "AG09", "peso": 215.770573 }, "geometry": { "type": "Point", "coordinates": [ -46.635936015134824, -23.547631908255994 ] } },
{ "type": "Feature", "properties": { "loja_id": "AG03", "peso": 586.105635 }, "geometry": { "type": "Point", "coordinates": [ -46.686883131570923, -23.562465961119059 ] } },
{ "type": "Feature", "properties": { "loja_id": "AG06", "peso": 390.782007 }, "geometry": { "type": "Point", "coordinates": [ -46.57459098724248, -23.544535513849983 ] } },
{ "type": "Feature", "properties": { "loja_id": "AG08", "peso": 214.067688 }, "geometry": { "type": "Point", "coordinates": [ -46.693815808970655, -23.607270064870519 ] } },
{ "type": "Feature", "properties": { "loja_id": "AG01", "peso": 263.602677 }, "geometry": { "type": "Point", "coordinates": [ -46.678315483025514, -23.586660143116319 ] } },
{ "type": "Feature", "properties": { "loja_id": "AG03", "peso": 263.602677 }, "geometry": { "type": "Point", "coordinates": [ -46.693988372386912, -23.572637851792177 ] } },
{ "type": "Feature", "properties": { "loja_id": "AG03", "peso": 211.651035 }, "geometry": { "type": "Point", "coordinates": [ -46.688723918071084, -23.574654685875693 ] } },
{ "type": "Feature", "properties": { "loja_id": "AG01", "peso": 189.342117 }, "geometry": { "type": "Point", "coordinates": [ -46.680217252692238, -23.591353303566748 ] } },
{ "type": "Feature", "properties": { "loja_id": "AG07", "peso": 211.651035 }, "geometry": { "type": "Point", "coordinates": [ -46.625861822473979, -23.500210788017913 ] } },
{ "type": "Feature", "properties": { "loja_id": "AG12", "peso": 269.900106 }, "geometry": { "type": "Point", "coordinates": [ -46.64578710071374, -23.643203138958572 ] } },
{ "type": "Feature", "properties": { "loja_id": "AG03", "peso": 56.484679 }, "geometry": { "type": "Point", "coordinates": [ -46.684263307746704, -23.565970970160901 ] } },
{ "type": "Feature", "properties": { "loja_id": "AG12", "peso": 27.327417 }, "geometry": { "type": "Point", "coordinates": [ -46.641042395865959, -23.636092494610182 ] } },
{ "type": "Feature", "properties": { "loja_id": "AG03", "peso": 52.636272 }, "geometry": { "type": "Point", "coordinates": [ -46.697608148695302, -23.569961565205517 ] } },
{ "type": "Feature", "properties": { "loja_id": "AG01", "peso": 64.19365 }, "geometry": { "type": "Point", "coordinates": [ -46.681280029977813, -23.591712036022887 ] } },
{ "type": "Feature", "properties": { "loja_id": "AG03", "peso": 108.934738 }, "geometry": { "type": "Point", "coordinates": [ -46.693793854307366, -23.567402517236541 ] } },
{ "type": "Feature", "properties": { "loja_id": "AG01", "peso": 54.216698 }, "geometry": { "type": "Point", "coordinates": [ -46.681562195479238, -23.590787909639978 ] } },
{ "type": "Feature", "properties": { "loja_id": "AG15", "peso": 108.934738 }, "geometry": { "type": "Point", "coordinates": [ -46.707720038936912, -23.577679826135789 ] } },
{ "type": "Feature", "properties": { "loja_id": "AG03", "peso": 54.216698 }, "geometry": { "type": "Point", "coordinates": [ -46.696016532426668, -23.5718933219067 ] } },
{ "type": "Feature", "properties": { "loja_id": "AG03", "peso": 57.641458 }, "geometry": { "type": "Point", "coordinates": [ -46.696601400459187, -23.570902658236573 ] } },
{ "type": "Feature", "properties": { "loja_id": "AG04", "peso": 123.366264 }, "geometry": { "type": "Point", "coordinates": [ -46.630318535288382, -23.592463092693965 ] } },
{ "type": "Feature", "properties": { "loja_id": "AG08", "peso": 65.795341 }, "geometry": { "type": "Point", "coordinates": [ -46.694170691143412, -23.608196287327978 ] } },
{ "type": "Feature", "properties": { "loja_id": "AG15", "peso": 7.25 }, "geometry": { "type": "Point", "coordinates": [ -46.704632891434194, -23.572286665331379 ] } },
{ "type": "Feature", "properties": { "loja_id": "AG01", "peso": 3.5 }, "geometry": { "type": "Point", "coordinates": [ -46.679396776007614, -23.586937419483519 ] } },
{ "type": "Feature", "properties": { "loja_id": "AG15", "peso": 3.5 }, "geometry": { "type": "Point", "coordinates": [ -46.702628215127739, -23.573329040554942 ] } },
{ "type": "Feature", "properties": { "loja_id": "AG04", "peso": 16.0 }, "geometry": { "type": "Point", "coordinates": [ -46.632451190288265, -23.596937758858665 ] } },
{ "type": "Feature", "properties": { "loja_id": "AG15", "peso": 7.25 }, "geometry": { "type": "Point", "coordinates": [ -46.70359290909942, -23.576722799021795 ] } },
{ "type": "Feature", "properties": { "loja_id": "AG09", "peso": 3.9 }, "geometry": { "type": "Point", "coordinates": [ -46.646676586490173, -23.543328511122233 ] } },
{ "type": "Feature", "properties": { "loja_id": "AG03", "peso": 34.8 }, "geometry": { "type": "Point", "coordinates": [ -46.693796517895564, -23.567610180448366 ] } },
{ "type": "Feature", "properties": { "loja_id": "AG03", "peso": 3.9 }, "geometry": { "type": "Point", "coordinates": [ -46.690232227365129, -23.572326579678716 ] } },
{ "type": "Feature", "properties": { "loja_id": "AG08", "peso": 10.736842 }, "geometry": { "type": "Point", "coordinates": [ -46.696882949669273, -23.606505130699773 ] } },
{ "type": "Feature", "properties": { "loja_id": "AG01", "peso": 9.722222 }, "geometry": { "type": "Point", "coordinates": [ -46.681027382684043, -23.591877313060788 ] } },
{ "type": "Feature", "properties": { "loja_id": "AG08", "peso": 10.736842 }, "geometry": { "type": "Point", "coordinates": [ -46.693032721455793, -23.605048183806101 ] } },
{ "type": "Feature", "properties": { "loja_id": "AG03", "peso": 10.736842 }, "geometry": { "type": "Point", "coordinates": [ -46.691119721155651, -23.570483813094139 ] } },
{ "type": "Feature", "properties": { "loja_id": "AG02", "peso": 24.857143 }, "geometry": { "type": "Point", "coordinates": [ -46.65399864845557, -23.563325041246312 ] } },
{ "type": "Feature", "properties": { "loja_id": "AG15", "peso": 6.458333 }, "geometry": { "type": "Point", "coordinates": [ -46.706141502893146, -23.574554711842243 ] } },
{ "type": "Feature", "properties": { "loja_id": "AG15", "peso": 7.25 }, "geometry": { "type": "Point", "coordinates": [ -46.706141502893146, -23.574554711842243 ] } },
{ "type": "Feature", "properties": { "loja_id": "AG01", "peso": 6.064516 }, "geometry": { "type": "Point", "coordinates": [ -46.681054241777559, -23.591678359850302 ] } },
{ "type": "Feature", "properties": { "loja_id": "AG02", "peso": 3.5 }, "geometry": { "type": "Point", "coordinates": [ -46.655902599980564, -23.562040539062874 ] } },
{ "type": "Feature", "properties": { "loja_id": "AG03", "peso": 16.3 }, "geometry": { "type": "Point", "coordinates": [ -46.686883131570923, -23.562465961119059 ] } },
{ "type": "Feature", "properties": { "loja_id": "AG02", "peso": 6.064516 }, "geometry": { "type": "Point", "coordinates": [ -46.658563063015819, -23.559375352558757 ] } },
{ "type": "Feature", "properties": { "loja_id": "AG02", "peso": 10.736842 }, "geometry": { "type": "Point", "coordinates": [ -46.658559435729607, -23.562987477431978 ] } },
{ "type": "Feature", "properties": { "loja_id": "AG01", "peso": 6.064516 }, "geometry": { "type": "Point", "coordinates": [ -46.686372168445239, -23.5830511384735 ] } },
{ "type": "Feature", "properties": { "loja_id": "AG01", "peso": 16.3 }, "geometry": { "type": "Point", "coordinates": [ -46.686209265805871, -23.57873651554716 ] } },
{ "type": "Feature", "properties": { "loja_id": "AG03", "peso": 28.0 }, "geometry": { "type": "Point", "coordinates": [ -46.691110041556236, -23.570492948531914 ] } },
{ "type": "Feature", "properties": { "loja_id": "AG03", "peso": 24.857143 }, "geometry": { "type": "Point", "coordinates": [ -46.688512804207932, -23.575000124212547 ] } },
{ "type": "Feature", "properties": { "loja_id": "AG02", "peso": 16.3 }, "geometry": { "type": "Point", "coordinates": [ -46.656771220948563, -23.561001838462811 ] } },
{ "type": "Feature", "properties": { "loja_id": "AG09", "peso": 3.9 }, "geometry": { "type": "Point", "coordinates": [ -46.644113170815608, -23.543554294366164 ] } },
{ "type": "Feature", "properties": { "loja_id": "AG01", "peso": 9.722222 }, "geometry": { "type": "Point", "coordinates": [ -46.681007788925839, -23.591877525155802 ] } },
{ "type": "Feature", "properties": { "loja_id": "AG01", "peso": 7.25 }, "geometry": { "type": "Point", "coordinates": [ -46.683298912312075, -23.58483631341684 ] } },
{ "type": "Feature", "properties": { "loja_id": "AG01", "peso": 268.146377 }, "geometry": { "type": "Point", "coordinates": [ -46.689548877643091, -23.59088182820739 ] } },
{ "type": "Feature", "properties": { "loja_id": "AG03", "peso": 93.506301 }, "geometry": { "type": "Point", "coordinates": [ -46.689349050194899, -23.572977321132509 ] } },
{ "type": "Feature", "properties": { "loja_id": "AG04", "peso": 113.540931 }, "geometry": { "type": "Point", "coordinates": [ -46.638532865662718, -23.580890161388229 ] } },
{ "type": "Feature", "properties": { "loja_id": "AG02", "peso": 116.976607 }, "geometry": { "type": "Point", "coordinates": [ -46.656771220948563, -23.561001838462811 ] } },
{ "type": "Feature", "properties": { "loja_id": "AG09", "peso": 249.250156 }, "geometry": { "type": "Point", "coordinates": [ -46.641445714452495, -23.544079133181992 ] } },
{ "type": "Feature", "properties": { "loja_id": "AG07", "peso": 104.279146 }, "geometry": { "type": "Point", "coordinates": [ -46.624601736142985, -23.50445015540971 ] } },
{ "type": "Feature", "properties": { "loja_id": "AG01", "peso": 131.373728 }, "geometry": { "type": "Point", "coordinates": [ -46.686971367634314, -23.583938612509833 ] } },
{ "type": "Feature", "properties": { "loja_id": "AG01", "peso": 65.071583 }, "geometry": { "type": "Point", "coordinates": [ -46.68405230774033, -23.585523465594207 ] } },
{ "type": "Feature", "properties": { "loja_id": "AG02", "peso": 131.373728 }, "geometry": { "type": "Point", "coordinates": [ -46.654543957742, -23.558370672678471 ] } },
{ "type": "Feature", "properties": { "loja_id": "AG08", "peso": 131.373728 }, "geometry": { "type": "Point", "coordinates": [ -46.691788800422522, -23.605856391443989 ] } },
{ "type": "Feature", "properties": { "loja_id": "AG01", "peso": 208.158373 }, "geometry": { "type": "Point", "coordinates": [ -46.682626678305574, -23.58282988108855 ] } },
{ "type": "Feature", "properties": { "loja_id": "AG08", "peso": 46.154273 }, "geometry": { "type": "Point", "coordinates": [ -46.692375866133979, -23.604260701017438 ] } },
{ "type": "Feature", "properties": { "loja_id": "AG08", "peso": 31.425266 }, "geometry": { "type": "Point", "coordinates": [ -46.692996667424879, -23.608344548334703 ] } },
{ "type": "Feature", "properties": { "loja_id": "AG08", "peso": 11.60804 }, "geometry": { "type": "Point", "coordinates": [ -46.694170691143412, -23.608196287327978 ] } },
{ "type": "Feature", "properties": { "loja_id": "AG09", "peso": 26.870463 }, "geometry": { "type": "Point", "coordinates": [ -46.636558081084203, -23.546451424577764 ] } },
{ "type": "Feature", "properties": { "loja_id": "AG01", "peso": 18.927522 }, "geometry": { "type": "Point", "coordinates": [ -46.685273108821072, -23.591352701133911 ] } },
{ "type": "Feature", "properties": { "loja_id": "AG09", "peso": 26.632419 }, "geometry": { "type": "Point", "coordinates": [ -46.6419197663609, -23.543604554768208 ] } },
{ "type": "Feature", "properties": { "loja_id": "AG01", "peso": 31.425266 }, "geometry": { "type": "Point", "coordinates": [ -46.68312979315359, -23.591547517308655 ] } },
{ "type": "Feature", "properties": { "loja_id": "AG08", "peso": 31.425266 }, "geometry": { "type": "Point", "coordinates": [ -46.693215576474252, -23.60555187267229 ] } },
{ "type": "Feature", "properties": { "loja_id": "AG09", "peso": 20.942576 }, "geometry": { "type": "Point", "coordinates": [ -46.636468458542893, -23.547915276057083 ] } },
{ "type": "Feature", "properties": { "loja_id": "AG15", "peso": 20.942576 }, "geometry": { "type": "Point", "coordinates": [ -46.716966677511316, -23.568502748139721 ] } },
{ "type": "Feature", "properties": { "loja_id": "AG01", "peso": 18.927522 }, "geometry": { "type": "Point", "coordinates": [ -46.685433555968153, -23.580135569902502 ] } },
{ "type": "Feature", "properties": { "loja_id": "AG01", "peso": 18.854336 }, "geometry": { "type": "Point", "coordinates": [ -46.685433555968153, -23.580135569902502 ] } },
{ "type": "Feature", "properties": { "loja_id": "AG02", "peso": 18.150232 }, "geometry": { "type": "Point", "coordinates": [ -46.65370264821253, -23.560808756548642 ] } },
{ "type": "Feature", "properties": { "loja_id": "AG10", "peso": 39.586282 }, "geometry": { "type": "Point", "coordinates": [ -46.681482866667082, -23.532228291643179 ] } },
{ "type": "Feature", "properties": { "loja_id": "AG08", "peso": 69.940981 }, "geometry": { "type": "Point", "coordinates": [ -46.698479092970729, -23.61326020158458 ] } },
{ "type": "Feature", "properties": { "loja_id": "AG01", "peso": 31.425266 }, "geometry": { "type": "Point", "coordinates": [ -46.674003704138642, -23.584286595920418 ] } },
{ "type": "Feature", "properties": { "loja_id": "AG03", "peso": 18.927522 }, "geometry": { "type": "Point", "coordinates": [ -46.696809462075947, -23.574133156082869 ] } },
{ "type": "Feature", "properties": { "loja_id": "AG15", "peso": 69.940981 }, "geometry": { "type": "Point", "coordinates": [ -46.707726205059096, -23.571340666519653 ] } },
{ "type": "Feature", "properties": { "loja_id": "AG08", "peso": 26.632419 }, "geometry": { "type": "Point", "coordinates": [ -46.694170691143412, -23.608196287327978 ] } },
{ "type": "Feature", "properties": { "loja_id": "AG01", "peso": 16.15733 }, "geometry": { "type": "Point", "coordinates": [ -46.682776242914031, -23.585338632889727 ] } },
{ "type": "Feature", "properties": { "loja_id": "AG08", "peso": 16.15733 }, "geometry": { "type": "Point", "coordinates": [ -46.693218243988021, -23.605759534926566 ] } },
{ "type": "Feature", "properties": { "loja_id": "AG02", "peso": 69.940981 }, "geometry": { "type": "Point", "coordinates": [ -46.658563063015819, -23.559375352558757 ] } },
{ "type": "Feature", "properties": { "loja_id": "AG02", "peso": 20.942576 }, "geometry": { "type": "Point", "coordinates": [ -46.656393416267164, -23.561339982781128 ] } },
{ "type": "Feature", "properties": { "loja_id": "AG01", "peso": 39.586282 }, "geometry": { "type": "Point", "coordinates": [ -46.678830699907202, -23.588650232446568 ] } },
{ "type": "Feature", "properties": { "loja_id": "AG08", "peso": 192.63388 }, "geometry": { "type": "Point", "coordinates": [ -46.691808859682915, -23.605892293070259 ] } },
{ "type": "Feature", "properties": { "loja_id": "AG03", "peso": 193.72302 }, "geometry": { "type": "Point", "coordinates": [ -46.688694856182721, -23.573914532993268 ] } },
{ "type": "Feature", "properties": { "loja_id": "AG09", "peso": 311.061354 }, "geometry": { "type": "Point", "coordinates": [ -46.64546005014229, -23.549463909921812 ] } },
{ "type": "Feature", "properties": { "loja_id": "AG09", "peso": 112.201659 }, "geometry": { "type": "Point", "coordinates": [ -46.643614354391794, -23.547550949363082 ] } },
{ "type": "Feature", "properties": { "loja_id": "AG02", "peso": 174.057185 }, "geometry": { "type": "Point", "coordinates": [ -46.655496876803781, -23.562496371706704 ] } },
{ "type": "Feature", "properties": { "loja_id": "AG10", "peso": 133.498603 }, "geometry": { "type": "Point", "coordinates": [ -46.681903531229331, -23.539122794191375 ] } },
{ "type": "Feature", "properties": { "loja_id": "AG01", "peso": 292.652801 }, "geometry": { "type": "Point", "coordinates": [ -46.686613189746339, -23.585044174454975 ] } },
{ "type": "Feature", "properties": { "loja_id": "AG01", "peso": 253.756028 }, "geometry": { "type": "Point", "coordinates": [ -46.690200980032508, -23.590540619343091 ] } },
{ "type": "Feature", "properties": { "loja_id": "AG10", "peso": 420.36207 }, "geometry": { "type": "Point", "coordinates": [ -46.676390898348387, -23.537701348343973 ] } },
{ "type": "Feature", "properties": { "loja_id": "AG09", "peso": 234.081064 }, "geometry": { "type": "Point", "coordinates": [ -46.649382992692566, -23.547498906848844 ] } },
{ "type": "Feature", "properties": { "loja_id": "AG02", "peso": 188.782634 }, "geometry": { "type": "Point", "coordinates": [ -46.655729462699234, -23.562295229568068 ] } },
{ "type": "Feature", "properties": { "loja_id": "AG03", "peso": 234.081064 }, "geometry": { "type": "Point", "coordinates": [ -46.690196152088575, -23.562619604973861 ] } },
{ "type": "Feature", "properties": { "loja_id": "AG01", "peso": 174.057185 }, "geometry": { "type": "Point", "coordinates": [ -46.678319180846508, -23.583869793698096 ] } },
{ "type": "Feature", "properties": { "loja_id": "AG01", "peso": 133.498603 }, "geometry": { "type": "Point", "coordinates": [ -46.679889799744899, -23.595646150170293 ] } },
{ "type": "Feature", "properties": { "loja_id": "AG03", "peso": 112.201659 }, "geometry": { "type": "Point", "coordinates": [ -46.690261151137499, -23.572290144654179 ] } },
{ "type": "Feature", "properties": { "loja_id": "AG03", "peso": 174.057185 }, "geometry": { "type": "Point", "coordinates": [ -46.694767916023018, -23.565441397921699 ] } },
{ "type": "Feature", "properties": { "loja_id": "AG09", "peso": 246.773785 }, "geometry": { "type": "Point", "coordinates": [ -46.64178512420672, -23.543804642321852 ] } },
{ "type": "Feature", "properties": { "loja_id": "AG03", "peso": 54.332774 }, "geometry": { "type": "Point", "coordinates": [ -46.690655330099638, -23.570940371194268 ] } },
{ "type": "Feature", "properties": { "loja_id": "AG01", "peso": 109.842907 }, "geometry": { "type": "Point", "coordinates": [ -46.681593109028647, -23.589369847291803 ] } },
{ "type": "Feature", "properties": { "loja_id": "AG01", "peso": 127.458622 }, "geometry": { "type": "Point", "coordinates": [ -46.690405411452716, -23.58508422196584 ] } },
{ "type": "Feature", "properties": { "loja_id": "AG08", "peso": 127.458622 }, "geometry": { "type": "Point", "coordinates": [ -46.694170691143412, -23.608196287327978 ] } },
{ "type": "Feature", "properties": { "loja_id": "AG01", "peso": 54.332774 }, "geometry": { "type": "Point", "coordinates": [ -46.679358855012097, -23.580878615043471 ] } },
{ "type": "Feature", "properties": { "loja_id": "AG15", "peso": 136.146418 }, "geometry": { "type": "Point", "coordinates": [ -46.707832200639004, -23.571204050926713 ] } },
{ "type": "Feature", "properties": { "loja_id": "AG07", "peso": 109.842907 }, "geometry": { "type": "Point", "coordinates": [ -46.624764722606152, -23.502570135749732 ] } },
{ "type": "Feature", "properties": { "loja_id": "AG03", "peso": 159.575162 }, "geometry": { "type": "Point", "coordinates": [ -46.700324285686939, -23.567873013858932 ] } },
{ "type": "Feature", "properties": { "loja_id": "AG01", "peso": 159.575162 }, "geometry": { "type": "Point", "coordinates": [ -46.683298912312075, -23.58483631341684 ] } },
{ "type": "Feature", "properties": { "loja_id": "AG03", "peso": 50.797792 }, "geometry": { "type": "Point", "coordinates": [ -46.693793854307366, -23.567402517236541 ] } },
{ "type": "Feature", "properties": { "loja_id": "AG01", "peso": 165.180958 }, "geometry": { "type": "Point", "coordinates": [ -46.690921152167192, -23.589394989382804 ] } },
{ "type": "Feature", "properties": { "loja_id": "AG01", "peso": 165.180958 }, "geometry": { "type": "Point", "coordinates": [ -46.690921152167192, -23.589394989382804 ] } },
{ "type": "Feature", "properties": { "loja_id": "AG02", "peso": 194.742031 }, "geometry": { "type": "Point", "coordinates": [ -46.655041271468839, -23.562880492715703 ] } },
{ "type": "Feature", "properties": { "loja_id": "AG08", "peso": 87.044753 }, "geometry": { "type": "Point", "coordinates": [ -46.696284889643522, -23.604958499127218 ] } },
{ "type": "Feature", "properties": { "loja_id": "AG03", "peso": 176.437262 }, "geometry": { "type": "Point", "coordinates": [ -46.693793854307366, -23.567402517236541 ] } },
{ "type": "Feature", "properties": { "loja_id": "AG08", "peso": 87.044753 }, "geometry": { "type": "Point", "coordinates": [ -46.696882949669273, -23.606505130699773 ] } },
{ "type": "Feature", "properties": { "loja_id": "AG08", "peso": 87.044753 }, "geometry": { "type": "Point", "coordinates": [ -46.696882949669273, -23.606505130699773 ] } },
{ "type": "Feature", "properties": { "loja_id": "AG08", "peso": 176.437262 }, "geometry": { "type": "Point", "coordinates": [ -46.697515651734719, -23.608457732070441 ] } },
{ "type": "Feature", "properties": { "loja_id": "AG01", "peso": 159.575162 }, "geometry": { "type": "Point", "coordinates": [ -46.682387465519668, -23.587889336266532 ] } },
{ "type": "Feature", "properties": { "loja_id": "AG03", "peso": 207.668956 }, "geometry": { "type": "Point", "coordinates": [ -46.695510876267555, -23.567609547386951 ] } },
{ "type": "Feature", "properties": { "loja_id": "AG03", "peso": 127.458622 }, "geometry": { "type": "Point", "coordinates": [ -46.693793854307366, -23.567402517236541 ] } },
{ "type": "Feature", "properties": { "loja_id": "AG08", "peso": 165.180958 }, "geometry": { "type": "Point", "coordinates": [ -46.69629948922703, -23.604570047443012 ] } },
{ "type": "Feature", "properties": { "loja_id": "AG10", "peso": 109.842907 }, "geometry": { "type": "Point", "coordinates": [ -46.674125544671959, -23.535152138177917 ] } },
{ "type": "Feature", "properties": { "loja_id": "AG01", "peso": 176.437262 }, "geometry": { "type": "Point", "coordinates": [ -46.685341243429747, -23.592850958034369 ] } },
{ "type": "Feature", "properties": { "loja_id": "AG03", "peso": 127.458622 }, "geometry": { "type": "Point", "coordinates": [ -46.693005493747904, -23.564747227118723 ] } },
{ "type": "Feature", "properties": { "loja_id": "AG11", "peso": 165.180958 }, "geometry": { "type": "Point", "coordinates": [ -46.703560068013608, -23.527825263483059 ] } },
{ "type": "Feature", "properties": { "loja_id": "AG03", "peso": 165.180958 }, "geometry": { "type": "Point", "coordinates": [ -46.693766737030558, -23.566815856401661 ] } },
{ "type": "Feature", "properties": { "loja_id": "AG08", "peso": 159.575162 }, "geometry": { "type": "Point", "coordinates": [ -46.696284889643522, -23.604958499127218 ] } },
{ "type": "Feature", "properties": { "loja_id": "AG08", "peso": 159.575162 }, "geometry": { "type": "Point", "coordinates": [ -46.696284889643522, -23.604958499127218 ] } },
{ "type": "Feature", "properties": { "loja_id": "AG03", "peso": 176.437262 }, "geometry": { "type": "Point", "coordinates": [ -46.702499623566993, -23.566395358008855 ] } },
{ "type": "Feature", "properties": { "loja_id": "AG08", "peso": 75.803743 }, "geometry": { "type": "Point", "coordinates": [ -46.693400305890904, -23.609252180625845 ] } },
{ "type": "Feature", "properties": { "loja_id": "AG01", "peso": 129.970226 }, "geometry": { "type": "Point", "coordinates": [ -46.678381074378279, -23.591815634759932 ] } },
{ "type": "Feature", "properties": { "loja_id": "AG03", "peso": 250.846568 }, "geometry": { "type": "Point", "coordinates": [ -46.694546793327568, -23.560423073338693 ] } },
{ "type": "Feature", "properties": { "loja_id": "AG05", "peso": 264.880971 }, "geometry": { "type": "Point", "coordinates": [ -46.606441137957169, -23.559579536069691 ] } },
{ "type": "Feature", "properties": { "loja_id": "AG01", "peso": 264.880971 }, "geometry": { "type": "Point", "coordinates": [ -46.683114351080121, -23.591105209472396 ] } },
{ "type": "Feature", "properties": { "loja_id": "AG03", "peso": 88.326514 }, "geometry": { "type": "Point", "coordinates": [ -46.690235552974933, -23.565698444844486 ] } },
{ "type": "Feature", "properties": { "loja_id": "AG08", "peso": 129.970226 }, "geometry": { "type": "Point", "coordinates": [ -46.694094316278409, -23.611402789257337 ] } },
{ "type": "Feature", "properties": { "loja_id": "AG08", "peso": 100.616061 }, "geometry": { "type": "Point", "coordinates": [ -46.69668717088669, -23.615654703317219 ] } },
{ "type": "Feature", "properties": { "loja_id": "AG09", "peso": 137.618447 }, "geometry": { "type": "Point", "coordinates": [ -46.638467825432983, -23.539315442810633 ] } },
{ "type": "Feature", "properties": { "loja_id": "AG08", "peso": 150.363894 }, "geometry": { "type": "Point", "coordinates": [ -46.695250817902988, -23.612175774855586 ] } },
{ "type": "Feature", "properties": { "loja_id": "AG08", "peso": 177.35874 }, "geometry": { "type": "Point", "coordinates": [ -46.691672660622167, -23.601387774606248 ] } },
{ "type": "Feature", "properties": { "loja_id": "AG02", "peso": 153.634267 }, "geometry": { "type": "Point", "coordinates": [ -46.654813048654454, -23.56264813663925 ] } },
{ "type": "Feature", "properties": { "loja_id": "AG02", "peso": 287.814715 }, "geometry": { "type": "Point", "coordinates": [ -46.654813048654454, -23.56264813663925 ] } },
{ "type": "Feature", "properties": { "loja_id": "AG01", "peso": 153.634267 }, "geometry": { "type": "Point", "coordinates": [ -46.679037926268613, -23.585686111834836 ] } },
{ "type": "Feature", "properties": { "loja_id": "AG03", "peso": 264.880971 }, "geometry": { "type": "Point", "coordinates": [ -46.691278526747496, -23.570644626699615 ] } },
{ "type": "Feature", "properties": { "loja_id": "AG02", "peso": 264.880971 }, "geometry": { "type": "Point", "coordinates": [ -46.660338233117358, -23.568115704530005 ] } },
{ "type": "Feature", "properties": { "loja_id": "AG03", "peso": 150.363894 }, "geometry": { "type": "Point", "coordinates": [ -46.699154041817621, -23.569809219345728 ] } },
{ "type": "Feature", "properties": { "loja_id": "AG15", "peso": 150.363894 }, "geometry": { "type": "Point", "coordinates": [ -46.699154041817621, -23.569809219345728 ] } },
{ "type": "Feature", "properties": { "loja_id": "AG01", "peso": 287.814715 }, "geometry": { "type": "Point", "coordinates": [ -46.681815427696463, -23.589900216595975 ] } },
{ "type": "Feature", "properties": { "loja_id": "AG08", "peso": 137.618447 }, "geometry": { "type": "Point", "coordinates": [ -46.698555596001597, -23.613873406532356 ] } },
{ "type": "Feature", "properties": { "loja_id": "AG08", "peso": 137.618447 }, "geometry": { "type": "Point", "coordinates": [ -46.698197431954092, -23.611935868795729 ] } },
{ "type": "Feature", "properties": { "loja_id": "AG04", "peso": 228.692897 }, "geometry": { "type": "Point", "coordinates": [ -46.639104964699897, -23.588297962311159 ] } },
{ "type": "Feature", "properties": { "loja_id": "AG01", "peso": 150.363894 }, "geometry": { "type": "Point", "coordinates": [ -46.683474818463452, -23.580192928290256 ] } },
{ "type": "Feature", "properties": { "loja_id": "AG08", "peso": 264.880971 }, "geometry": { "type": "Point", "coordinates": [ -46.694170923259875, -23.608214344900446 ] } },
{ "type": "Feature", "properties": { "loja_id": "AG08", "peso": 150.363894 }, "geometry": { "type": "Point", "coordinates": [ -46.698197431954092, -23.611935868795729 ] } },
{ "type": "Feature", "properties": { "loja_id": "AG08", "peso": 129.970226 }, "geometry": { "type": "Point", "coordinates": [ -46.694094316278409, -23.611402789257337 ] } },
{ "type": "Feature", "properties": { "loja_id": "AG03", "peso": 129.970226 }, "geometry": { "type": "Point", "coordinates": [ -46.698194357134888, -23.567553158663088 ] } },
{ "type": "Feature", "properties": { "loja_id": "AG03", "peso": 100.616061 }, "geometry": { "type": "Point", "coordinates": [ -46.698194357134888, -23.567553158663088 ] } },
{ "type": "Feature", "properties": { "loja_id": "AG03", "peso": 287.814715 }, "geometry": { "type": "Point", "coordinates": [ -46.698194357134888, -23.567553158663088 ] } },
{ "type": "Feature", "properties": { "loja_id": "AG01", "peso": 235.575347 }, "geometry": { "type": "Point", "coordinates": [ -46.682776242914031, -23.585338632889727 ] } },
{ "type": "Feature", "properties": { "loja_id": "AG08", "peso": 129.970226 }, "geometry": { "type": "Point", "coordinates": [ -46.693470034064688, -23.606289561564765 ] } },
{ "type": "Feature", "properties": { "loja_id": "AG01", "peso": 150.363894 }, "geometry": { "type": "Point", "coordinates": [ -46.682776242914031, -23.585338632889727 ] } },
{ "type": "Feature", "properties": { "loja_id": "AG08", "peso": 153.634267 }, "geometry": { "type": "Point", "coordinates": [ -46.697064233936125, -23.61145161234365 ] } },
{ "type": "Feature", "properties": { "loja_id": "AG01", "peso": 150.363894 }, "geometry": { "type": "Point", "coordinates": [ -46.685134815765664, -23.592799017630774 ] } },
{ "type": "Feature", "properties": { "loja_id": "AG09", "peso": 264.880971 }, "geometry": { "type": "Point", "coordinates": [ -46.64552301045299, -23.53720916048491 ] } },
{ "type": "Feature", "properties": { "loja_id": "AG01", "peso": 129.970226 }, "geometry": { "type": "Point", "coordinates": [ -46.682512266034138, -23.580772253408718 ] } },
{ "type": "Feature", "properties": { "loja_id": "AG14", "peso": 129.970226 }, "geometry": { "type": "Point", "coordinates": [ -46.770855490180807, -23.665428853316236 ] } },
{ "type": "Feature", "properties": { "loja_id": "AG05", "peso": 235.575347 }, "geometry": { "type": "Point", "coordinates": [ -46.596980512171768, -23.557347163144666 ] } },
{ "type": "Feature", "properties": { "loja_id": "AG08", "peso": 228.692897 }, "geometry": { "type": "Point", "coordinates": [ -46.693470034064688, -23.606289561564765 ] } },
{ "type": "Feature", "properties": { "loja_id": "AG08", "peso": 153.634267 }, "geometry": { "type": "Point", "coordinates": [ -46.696882949669273, -23.606505130699773 ] } },
{ "type": "Feature", "properties": { "loja_id": "AG08", "peso": 574.92843 }, "geometry": { "type": "Point", "coordinates": [ -46.693777334713907, -23.601987900742497 ] } },
{ "type": "Feature", "properties": { "loja_id": "AG09", "peso": 335.507987 }, "geometry": { "type": "Point", "coordinates": [ -46.642710346489118, -23.548896981958684 ] } },
{ "type": "Feature", "properties": { "loja_id": "AG03", "peso": 425.708014 }, "geometry": { "type": "Point", "coordinates": [ -46.697332072977225, -23.569061572353075 ] } },
{ "type": "Feature", "properties": { "loja_id": "AG01", "peso": 352.098271 }, "geometry": { "type": "Point", "coordinates": [ -46.678614338166525, -23.589356920615916 ] } },
{ "type": "Feature", "properties": { "loja_id": "AG02", "peso": 755.065953 }, "geometry": { "type": "Point", "coordinates": [ -46.655753867256713, -23.561897639798858 ] } },
{ "type": "Feature", "properties": { "loja_id": "AG09", "peso": 3303.994092 }, "geometry": { "type": "Point", "coordinates": [ -46.63680833590923, -23.547676911550059 ] } },
{ "type": "Feature", "properties": { "loja_id": "AG09", "peso": 72.898386 }, "geometry": { "type": "Point", "coordinates": [ -46.637205185511775, -23.547293461855524 ] } },
{ "type": "Feature", "properties": { "loja_id": "AG01", "peso": 153.517696 }, "geometry": { "type": "Point", "coordinates": [ -46.674724347812067, -23.587800581933518 ] } },
{ "type": "Feature", "properties": { "loja_id": "AG03", "peso": 428.222555 }, "geometry": { "type": "Point", "coordinates": [ -46.691112932601172, -23.570718669638214 ] } },
{ "type": "Feature", "properties": { "loja_id": "AG02", "peso": 223.311865 }, "geometry": { "type": "Point", "coordinates": [ -46.653553806185229, -23.560656825915782 ] } },
{ "type": "Feature", "properties": { "loja_id": "AG09", "peso": 285.489336 }, "geometry": { "type": "Point", "coordinates": [ -46.640352022374564, -23.543557884310108 ] } },
{ "type": "Feature", "properties": { "loja_id": "AG09", "peso": 182.709707 }, "geometry": { "type": "Point", "coordinates": [ -46.650929275530657, -23.541901801228022 ] } },
{ "type": "Feature", "properties": { "loja_id": "AG02", "peso": 896.940865 }, "geometry": { "type": "Point", "coordinates": [ -46.65368826397215, -23.563572159814054 ] } },
{ "type": "Feature", "properties": { "loja_id": "AG03", "peso": 532.433381 }, "geometry": { "type": "Point", "coordinates": [ -46.689608327100849, -23.572568147411094 ] } },
{ "type": "Feature", "properties": { "loja_id": "AG01", "peso": 561.140494 }, "geometry": { "type": "Point", "coordinates": [ -46.685087699125212, -23.579904538797287 ] } },
{ "type": "Feature", "properties": { "loja_id": "AG01", "peso": 896.940865 }, "geometry": { "type": "Point", "coordinates": [ -46.690921152167192, -23.589394989382804 ] } },
{ "type": "Feature", "properties": { "loja_id": "AG15", "peso": 505.339875 }, "geometry": { "type": "Point", "coordinates": [ -46.704542398898916, -23.572865581682372 ] } },
{ "type": "Feature", "properties": { "loja_id": "AG08", "peso": 230.442678 }, "geometry": { "type": "Point", "coordinates": [ -46.693250824489859, -23.605244466178345 ] } },
{ "type": "Feature", "properties": { "loja_id": "AG01", "peso": 232.714543 }, "geometry": { "type": "Point", "coordinates": [ -46.676083721823062, -23.582972856557458 ] } },
{ "type": "Feature", "properties": { "loja_id": "AG08", "peso": 156.523269 }, "geometry": { "type": "Point", "coordinates": [ -46.696393582436464, -23.612641879889981 ] } },
{ "type": "Feature", "properties": { "loja_id": "AG03", "peso": 180.585923 }, "geometry": { "type": "Point", "coordinates": [ -46.684934090004894, -23.565566374195601 ] } },
{ "type": "Feature", "properties": { "loja_id": "AG01", "peso": 180.585923 }, "geometry": { "type": "Point", "coordinates": [ -46.691071458379696, -23.589655225241611 ] } },
{ "type": "Feature", "properties": { "loja_id": "AG03", "peso": 344.241182 }, "geometry": { "type": "Point", "coordinates": [ -46.692337904585017, -23.561575899728147 ] } },
{ "type": "Feature", "properties": { "loja_id": "AG01", "peso": 156.523269 }, "geometry": { "type": "Point", "coordinates": [ -46.681181157089796, -23.585491357104569 ] } },
{ "type": "Feature", "properties": { "loja_id": "AG03", "peso": 561.814594 }, "geometry": { "type": "Point", "coordinates": [ -46.684485034241284, -23.564153511212439 ] } },
{ "type": "Feature", "properties": { "loja_id": "AG01", "peso": 180.02313 }, "geometry": { "type": "Point", "coordinates": [ -46.688215052908312, -23.584656538748444 ] } },
{ "type": "Feature", "properties": { "loja_id": "AG03", "peso": 156.523269 }, "geometry": { "type": "Point", "coordinates": [ -46.694670136514929, -23.56621905235998 ] } },
{ "type": "Feature", "properties": { "loja_id": "AG03", "peso": 546.731074 }, "geometry": { "type": "Point", "coordinates": [ -46.692634151294428, -23.567875686880079 ] } },
{ "type": "Feature", "properties": { "loja_id": "AG09", "peso": 156.523269 }, "geometry": { "type": "Point", "coordinates": [ -46.638615886463349, -23.543359457036768 ] } },
{ "type": "Feature", "properties": { "loja_id": "AG03", "peso": 204.864539 }, "geometry": { "type": "Point", "coordinates": [ -46.698039551807923, -23.564656192704636 ] } },
{ "type": "Feature", "properties": { "loja_id": "AG08", "peso": 525.123621 }, "geometry": { "type": "Point", "coordinates": [ -46.697107454502671, -23.607197989723225 ] } },
{ "type": "Feature", "properties": { "loja_id": "AG09", "peso": 500.584406 }, "geometry": { "type": "Point", "coordinates": [ -46.639386167609523, -23.545446368252207 ] } },
{ "type": "Feature", "properties": { "loja_id": "AG15", "peso": 722.031536 }, "geometry": { "type": "Point", "coordinates": [ -46.707109696901291, -23.562299324772475 ] } },
{ "type": "Feature", "properties": { "loja_id": "AG09", "peso": 500.584406 }, "geometry": { "type": "Point", "coordinates": [ -46.63545698277408, -23.54216458197504 ] } },
{ "type": "Feature", "properties": { "loja_id": "AG01", "peso": 731.675284 }, "geometry": { "type": "Point", "coordinates": [ -46.680689926217966, -23.582309040192495 ] } },
{ "type": "Feature", "properties": { "loja_id": "AG09", "peso": 255.740639 }, "geometry": { "type": "Point", "coordinates": [ -46.642820174322331, -23.544335530427645 ] } },
{ "type": "Feature", "properties": { "loja_id": "AG11", "peso": 324.699558 }, "geometry": { "type": "Point", "coordinates": [ -46.702704808973579, -23.519201833396895 ] } },
{ "type": "Feature", "properties": { "loja_id": "AG15", "peso": 24.209431 }, "geometry": { "type": "Point", "coordinates": [ -46.705518203432447, -23.573324437374314 ] } },
{ "type": "Feature", "properties": { "loja_id": "AG15", "peso": 29.533347 }, "geometry": { "type": "Point", "coordinates": [ -46.705518203432447, -23.573324437374314 ] } },
{ "type": "Feature", "properties": { "loja_id": "AG10", "peso": 70.056265 }, "geometry": { "type": "Point", "coordinates": [ -46.675665949921857, -23.536914502186491 ] } },
{ "type": "Feature", "properties": { "loja_id": "AG03", "peso": 95.806886 }, "geometry": { "type": "Point", "coordinates": [ -46.694877593499882, -23.561773982142697 ] } },
{ "type": "Feature", "properties": { "loja_id": "AG01", "peso": 95.806886 }, "geometry": { "type": "Point", "coordinates": [ -46.682776242914031, -23.585338632889727 ] } },
{ "type": "Feature", "properties": { "loja_id": "AG04", "peso": 91.44791 }, "geometry": { "type": "Point", "coordinates": [ -46.640185552626548, -23.59719037024183 ] } },
{ "type": "Feature", "properties": { "loja_id": "AG08", "peso": 78.992152 }, "geometry": { "type": "Point", "coordinates": [ -46.69357195717896, -23.606595471489424 ] } },
{ "type": "Feature", "properties": { "loja_id": "AG03", "peso": 58.277849 }, "geometry": { "type": "Point", "coordinates": [ -46.690875451304798, -23.571299180375732 ] } },
{ "type": "Feature", "properties": { "loja_id": "AG03", "peso": 68.192129 }, "geometry": { "type": "Point", "coordinates": [ -46.690875451304798, -23.571299180375732 ] } },
{ "type": "Feature", "properties": { "loja_id": "AG01", "peso": 78.992152 }, "geometry": { "type": "Point", "coordinates": [ -46.680365344590321, -23.587595172674362 ] } },
{ "type": "Feature", "properties": { "loja_id": "AG09", "peso": 95.806886 }, "geometry": { "type": "Point", "coordinates": [ -46.644069168843771, -23.543166457455438 ] } },
{ "type": "Feature", "properties": { "loja_id": "AG01", "peso": 91.44791 }, "geometry": { "type": "Point", "coordinates": [ -46.688263074599519, -23.590706179547308 ] } },
{ "type": "Feature", "properties": { "loja_id": "AG09", "peso": 95.806886 }, "geometry": { "type": "Point", "coordinates": [ -46.651129814361106, -23.539136412908409 ] } },
{ "type": "Feature", "properties": { "loja_id": "AG10", "peso": 144.939729 }, "geometry": { "type": "Point", "coordinates": [ -46.676680207967614, -23.531936971517876 ] } },
{ "type": "Feature", "properties": { "loja_id": "AG03", "peso": 38.895167 }, "geometry": { "type": "Point", "coordinates": [ -46.689175067020599, -23.573927373634461 ] } },
{ "type": "Feature", "properties": { "loja_id": "AG08", "peso": 95.806886 }, "geometry": { "type": "Point", "coordinates": [ -46.698197431954092, -23.611935868795729 ] } },
{ "type": "Feature", "properties": { "loja_id": "AG08", "peso": 95.806886 }, "geometry": { "type": "Point", "coordinates": [ -46.698197431954092, -23.611935868795729 ] } },
{ "type": "Feature", "properties": { "loja_id": "AG03", "peso": 201.443576 }, "geometry": { "type": "Point", "coordinates": [ -46.693138283865842, -23.567463841071312 ] } },
{ "type": "Feature", "properties": { "loja_id": "AG10", "peso": 91.44791 }, "geometry": { "type": "Point", "coordinates": [ -46.676023588863032, -23.528810568646225 ] } },
{ "type": "Feature", "properties": { "loja_id": "AG01", "peso": 144.939729 }, "geometry": { "type": "Point", "coordinates": [ -46.685079981292574, -23.580834723994219 ] } },
{ "type": "Feature", "properties": { "loja_id": "AG01", "peso": 201.443576 }, "geometry": { "type": "Point", "coordinates": [ -46.685079981292574, -23.580834723994219 ] } },
{ "type": "Feature", "properties": { "loja_id": "AG03", "peso": 63.328779 }, "geometry": { "type": "Point", "coordinates": [ -46.692886970332765, -23.567728451615814 ] } },
{ "type": "Feature", "properties": { "loja_id": "AG10", "peso": 91.44791 }, "geometry": { "type": "Point", "coordinates": [ -46.672326328513712, -23.539253137542222 ] } },
{ "type": "Feature", "properties": { "loja_id": "AG08", "peso": 151.468441 }, "geometry": { "type": "Point", "coordinates": [ -46.694881865024385, -23.610157073999193 ] } },
{ "type": "Feature", "properties": { "loja_id": "AG03", "peso": 123.153395 }, "geometry": { "type": "Point", "coordinates": [ -46.695303864709828, -23.560640571376972 ] } },
{ "type": "Feature", "properties": { "loja_id": "AG09", "peso": 132.836017 }, "geometry": { "type": "Point", "coordinates": [ -46.639576513151525, -23.547367813597209 ] } },
{ "type": "Feature", "properties": { "loja_id": "AG08", "peso": 123.153395 }, "geometry": { "type": "Point", "coordinates": [ -46.697107454502671, -23.607197989723225 ] } },
{ "type": "Feature", "properties": { "loja_id": "AG01", "peso": 75.468037 }, "geometry": { "type": "Point", "coordinates": [ -46.680968716473508, -23.591886978205196 ] } },
{ "type": "Feature", "properties": { "loja_id": "AG09", "peso": 130.82916 }, "geometry": { "type": "Point", "coordinates": [ -46.648930989300432, -23.542672509463692 ] } },
{ "type": "Feature", "properties": { "loja_id": "AG01", "peso": 135.520447 }, "geometry": { "type": "Point", "coordinates": [ -46.689548877643091, -23.59088182820739 ] } },
{ "type": "Feature", "properties": { "loja_id": "AG03", "peso": 731.290849 }, "geometry": { "type": "Point", "coordinates": [ -46.693754095290011, -23.567357800049745 ] } },
{ "type": "Feature", "properties": { "loja_id": "AG03", "peso": 152.591885 }, "geometry": { "type": "Point", "coordinates": [ -46.697629276643447, -23.571604809275044 ] } },
{ "type": "Feature", "properties": { "loja_id": "AG15", "peso": 152.591885 }, "geometry": { "type": "Point", "coordinates": [ -46.697629276643447, -23.571604809275044 ] } },
{ "type": "Feature", "properties": { "loja_id": "AG03", "peso": 210.075482 }, "geometry": { "type": "Point", "coordinates": [ -46.697933195825939, -23.560955018011395 ] } },
{ "type": "Feature", "properties": { "loja_id": "AG03", "peso": 152.812567 }, "geometry": { "type": "Point", "coordinates": [ -46.687800573914402, -23.567567049679973 ] } },
{ "type": "Feature", "properties": { "loja_id": "AG08", "peso": 130.346278 }, "geometry": { "type": "Point", "coordinates": [ -46.695941971257845, -23.614100652540102 ] } },
{ "type": "Feature", "properties": { "loja_id": "AG03", "peso": 180.39295 }, "geometry": { "type": "Point", "coordinates": [ -46.69687480702175, -23.571594989481241 ] } },
{ "type": "Feature", "properties": { "loja_id": "AG02", "peso": 190.461502 }, "geometry": { "type": "Point", "coordinates": [ -46.66006033479097, -23.567829706608535 ] } },
{ "type": "Feature", "properties": { "loja_id": "AG01", "peso": 231.141547 }, "geometry": { "type": "Point", "coordinates": [ -46.682387465519668, -23.587889336266532 ] } },
{ "type": "Feature", "properties": { "loja_id": "AG09", "peso": 85.764692 }, "geometry": { "type": "Point", "coordinates": [ -46.636645486033608, -23.547181959019444 ] } },
{ "type": "Feature", "properties": { "loja_id": "AG02", "peso": 85.764692 }, "geometry": { "type": "Point", "coordinates": [ -46.656480549877728, -23.561257782312161 ] } },
{ "type": "Feature", "properties": { "loja_id": "AG03", "peso": 130.346278 }, "geometry": { "type": "Point", "coordinates": [ -46.693461102765383, -23.568191761855921 ] } },
{ "type": "Feature", "properties": { "loja_id": "AG03", "peso": 130.346278 }, "geometry": { "type": "Point", "coordinates": [ -46.684021197389974, -23.566190316713755 ] } },
{ "type": "Feature", "properties": { "loja_id": "AG01", "peso": 162.026649 }, "geometry": { "type": "Point", "coordinates": [ -46.684249850392028, -23.582577507787732 ] } },
{ "type": "Feature", "properties": { "loja_id": "AG08", "peso": 162.026649 }, "geometry": { "type": "Point", "coordinates": [ -46.694170691143412, -23.608196287327978 ] } },
{ "type": "Feature", "properties": { "loja_id": "AG12", "peso": 162.026649 }, "geometry": { "type": "Point", "coordinates": [ -46.64133336183199, -23.6366312266228 ] } },
{ "type": "Feature", "properties": { "loja_id": "AG02", "peso": 108.776317 }, "geometry": { "type": "Point", "coordinates": [ -46.656480549877728, -23.561257782312161 ] } },
{ "type": "Feature", "properties": { "loja_id": "AG11", "peso": 226.997022 }, "geometry": { "type": "Point", "coordinates": [ -46.699360256663994, -23.517269813509095 ] } },
{ "type": "Feature", "properties": { "loja_id": "AG05", "peso": 145.024759 }, "geometry": { "type": "Point", "coordinates": [ -46.603860903834843, -23.55522643912963 ] } },
{ "type": "Feature", "properties": { "loja_id": "AG02", "peso": 529.298979 }, "geometry": { "type": "Point", "coordinates": [ -46.657740040820883, -23.560142669430792 ] } },
{ "type": "Feature", "properties": { "loja_id": "AG03", "peso": 529.298979 }, "geometry": { "type": "Point", "coordinates": [ -46.690741207589952, -23.571526393586232 ] } },
{ "type": "Feature", "properties": { "loja_id": "AG01", "peso": 493.618069 }, "geometry": { "type": "Point", "coordinates": [ -46.685248128108164, -23.58095932157228 ] } },
{ "type": "Feature", "properties": { "loja_id": "AG02", "peso": 324.4052 }, "geometry": { "type": "Point", "coordinates": [ -46.657924099303763, -23.559978162640416 ] } },
{ "type": "Feature", "properties": { "loja_id": "AG15", "peso": 226.997022 }, "geometry": { "type": "Point", "coordinates": [ -46.707817982478147, -23.571619589408225 ] } },
{ "type": "Feature", "properties": { "loja_id": "AG02", "peso": 1000.756013 }, "geometry": { "type": "Point", "coordinates": [ -46.658185494253722, -23.559731558799331 ] } },
{ "type": "Feature", "properties": { "loja_id": "AG01", "peso": 1000.756013 }, "geometry": { "type": "Point", "coordinates": [ -46.689548877643091, -23.59088182820739 ] } },
{ "type": "Feature", "properties": { "loja_id": "AG15", "peso": 1085.663599 }, "geometry": { "type": "Point", "coordinates": [ -46.707936725518358, -23.573225632710241 ] } },
{ "type": "Feature", "properties": { "loja_id": "AG02", "peso": 404.765282 }, "geometry": { "type": "Point", "coordinates": [ -46.652383003127049, -23.556334761242454 ] } },
{ "type": "Feature", "properties": { "loja_id": "AG11", "peso": 420.299358 }, "geometry": { "type": "Point", "coordinates": [ -46.700781148507971, -23.527250642118883 ] } },
{ "type": "Feature", "properties": { "loja_id": "AG15", "peso": 235.759734 }, "geometry": { "type": "Point", "coordinates": [ -46.712208387649568, -23.567959261968316 ] } },
{ "type": "Feature", "properties": { "loja_id": "AG03", "peso": 236.959994 }, "geometry": { "type": "Point", "coordinates": [ -46.686854093487, -23.562493366615179 ] } },
{ "type": "Feature", "properties": { "loja_id": "AG09", "peso": 416.246402 }, "geometry": { "type": "Point", "coordinates": [ -46.636648831751202, -23.541122591407923 ] } },
{ "type": "Feature", "properties": { "loja_id": "AG09", "peso": 380.835287 }, "geometry": { "type": "Point", "coordinates": [ -46.643063728388917, -23.542653325204409 ] } },
{ "type": "Feature", "properties": { "loja_id": "AG01", "peso": 1503.879182 }, "geometry": { "type": "Point", "coordinates": [ -46.682776242914031, -23.585338632889727 ] } },
{ "type": "Feature", "properties": { "loja_id": "AG07", "peso": 444.633923 }, "geometry": { "type": "Point", "coordinates": [ -46.624653778681648, -23.499112655715496 ] } },
{ "type": "Feature", "properties": { "loja_id": "AG15", "peso": 228.597714 }, "geometry": { "type": "Point", "coordinates": [ -46.711472926480518, -23.572437231598254 ] } },
{ "type": "Feature", "properties": { "loja_id": "AG09", "peso": 231.521512 }, "geometry": { "type": "Point", "coordinates": [ -46.646866486071872, -23.543633529792881 ] } },
{ "type": "Feature", "properties": { "loja_id": "AG15", "peso": 123.514536 }, "geometry": { "type": "Point", "coordinates": [ -46.708233704780334, -23.571949131742407 ] } },
{ "type": "Feature", "properties": { "loja_id": "AG10", "peso": 153.914519 }, "geometry": { "type": "Point", "coordinates": [ -46.678490949455487, -23.53107764169885 ] } },
{ "type": "Feature", "properties": { "loja_id": "AG15", "peso": 632.033933 }, "geometry": { "type": "Point", "coordinates": [ -46.707433516071816, -23.571434183222703 ] } },
{ "type": "Feature", "properties": { "loja_id": "AG01", "peso": 148.717364 }, "geometry": { "type": "Point", "coordinates": [ -46.68105700346262, -23.591895052646425 ] } },
{ "type": "Feature", "properties": { "loja_id": "AG08", "peso": 481.240171 }, "geometry": { "type": "Point", "coordinates": [ -46.694170691143412, -23.608196287327978 ] } },
{ "type": "Feature", "properties": { "loja_id": "AG15", "peso": 350.548073 }, "geometry": { "type": "Point", "coordinates": [ -46.708031258464288, -23.571445674431935 ] } },
{ "type": "Feature", "properties": { "loja_id": "AG08", "peso": 451.452809 }, "geometry": { "type": "Point", "coordinates": [ -46.694591727407833, -23.608932155307066 ] } },
{ "type": "Feature", "properties": { "loja_id": "AG04", "peso": 294.062318 }, "geometry": { "type": "Point", "coordinates": [ -46.636619395176254, -23.598817322850422 ] } },
{ "type": "Feature", "properties": { "loja_id": "AG09", "peso": 586.582842 }, "geometry": { "type": "Point", "coordinates": [ -46.644894529895659, -23.547311657758243 ] } },
{ "type": "Feature", "properties": { "loja_id": "AG02", "peso": 670.107345 }, "geometry": { "type": "Point", "coordinates": [ -46.655729462699234, -23.562295229568068 ] } },
{ "type": "Feature", "properties": { "loja_id": "AG08", "peso": 451.452809 }, "geometry": { "type": "Point", "coordinates": [ -46.696659260931085, -23.605875472597745 ] } },
{ "type": "Feature", "properties": { "loja_id": "AG15", "peso": 240.596442 }, "geometry": { "type": "Point", "coordinates": [ -46.718415381700488, -23.57067200012813 ] } },
{ "type": "Feature", "properties": { "loja_id": "AG08", "peso": 283.895783 }, "geometry": { "type": "Point", "coordinates": [ -46.692598088413618, -23.602488385776173 ] } },
{ "type": "Feature", "properties": { "loja_id": "AG02", "peso": 379.596582 }, "geometry": { "type": "Point", "coordinates": [ -46.655753867256713, -23.561897639798858 ] } },
{ "type": "Feature", "properties": { "loja_id": "AG10", "peso": 218.491566 }, "geometry": { "type": "Point", "coordinates": [ -46.679534181490723, -23.528393450609062 ] } },
{ "type": "Feature", "properties": { "loja_id": "AG03", "peso": 143.810676 }, "geometry": { "type": "Point", "coordinates": [ -46.686942483166597, -23.563278028192816 ] } },
{ "type": "Feature", "properties": { "loja_id": "AG01", "peso": 295.782364 }, "geometry": { "type": "Point", "coordinates": [ -46.688872554123563, -23.590862094355415 ] } },
{ "type": "Feature", "properties": { "loja_id": "AG03", "peso": 143.810676 }, "geometry": { "type": "Point", "coordinates": [ -46.689272419659702, -23.573113605804572 ] } },
{ "type": "Feature", "properties": { "loja_id": "AG15", "peso": 283.895783 }, "geometry": { "type": "Point", "coordinates": [ -46.707761757898126, -23.576360981353556 ] } },
{ "type": "Feature", "properties": { "loja_id": "AG11", "peso": 283.895783 }, "geometry": { "type": "Point", "coordinates": [ -46.708419814280454, -23.521929515210964 ] } },
{ "type": "Feature", "properties": { "loja_id": "AG03", "peso": 193.597739 }, "geometry": { "type": "Point", "coordinates": [ -46.694803639053461, -23.562117932277616 ] } },
{ "type": "Feature", "properties": { "loja_id": "AG03", "peso": 336.17264 }, "geometry": { "type": "Point", "coordinates": [ -46.701493147710657, -23.568113063511522 ] } },
{ "type": "Feature", "properties": { "loja_id": "AG03", "peso": 339.310574 }, "geometry": { "type": "Point", "coordinates": [ -46.694627156094938, -23.562869354671165 ] } },
{ "type": "Feature", "properties": { "loja_id": "AG03", "peso": 337.053292 }, "geometry": { "type": "Point", "coordinates": [ -46.694208765221191, -23.563090637865734 ] } },
{ "type": "Feature", "properties": { "loja_id": "AG09", "peso": 173.479983 }, "geometry": { "type": "Point", "coordinates": [ -46.638865482235353, -23.546111067093605 ] } },
{ "type": "Feature", "properties": { "loja_id": "AG04", "peso": 337.053292 }, "geometry": { "type": "Point", "coordinates": [ -46.636866240972374, -23.598968234794157 ] } },
{ "type": "Feature", "properties": { "loja_id": "AG08", "peso": 728.657573 }, "geometry": { "type": "Point", "coordinates": [ -46.693400305890904, -23.609252180625845 ] } },
{ "type": "Feature", "properties": { "loja_id": "AG03", "peso": 601.886611 }, "geometry": { "type": "Point", "coordinates": [ -46.697910777194529, -23.573687681974143 ] } },
{ "type": "Feature", "properties": { "loja_id": "AG08", "peso": 308.986783 }, "geometry": { "type": "Point", "coordinates": [ -46.696284889643522, -23.604958499127218 ] } },
{ "type": "Feature", "properties": { "loja_id": "AG01", "peso": 97.113785 }, "geometry": { "type": "Point", "coordinates": [ -46.68702518149788, -23.583549733696405 ] } },
{ "type": "Feature", "properties": { "loja_id": "AG11", "peso": 81.336195 }, "geometry": { "type": "Point", "coordinates": [ -46.705688450105484, -23.521237062948625 ] } },
{ "type": "Feature", "properties": { "loja_id": "AG01", "peso": 180.110618 }, "geometry": { "type": "Point", "coordinates": [ -46.681937991065922, -23.594901569506511 ] } },
{ "type": "Feature", "properties": { "loja_id": "AG01", "peso": 236.476285 }, "geometry": { "type": "Point", "coordinates": [ -46.681937991065922, -23.594901569506511 ] } },
{ "type": "Feature", "properties": { "loja_id": "AG15", "peso": 180.110618 }, "geometry": { "type": "Point", "coordinates": [ -46.713336925545178, -23.564334810225457 ] } },
{ "type": "Feature", "properties": { "loja_id": "AG03", "peso": 263.630547 }, "geometry": { "type": "Point", "coordinates": [ -46.690107863477721, -23.571795156194586 ] } },
{ "type": "Feature", "properties": { "loja_id": "AG10", "peso": 236.476285 }, "geometry": { "type": "Point", "coordinates": [ -46.674483537183562, -23.530163617558877 ] } },
{ "type": "Feature", "properties": { "loja_id": "AG15", "peso": 120.818729 }, "geometry": { "type": "Point", "coordinates": [ -46.707681173847526, -23.576190296237822 ] } },
{ "type": "Feature", "properties": { "loja_id": "AG04", "peso": 505.03374 }, "geometry": { "type": "Point", "coordinates": [ -46.636273899036659, -23.585185284221183 ] } },
{ "type": "Feature", "properties": { "loja_id": "AG09", "peso": 239.078379 }, "geometry": { "type": "Point", "coordinates": [ -46.634915268584891, -23.545881732937946 ] } },
{ "type": "Feature", "properties": { "loja_id": "AG08", "peso": 151.03571 }, "geometry": { "type": "Point", "coordinates": [ -46.693135570193377, -23.605426324533067 ] } },
{ "type": "Feature", "properties": { "loja_id": "AG15", "peso": 289.020159 }, "geometry": { "type": "Point", "coordinates": [ -46.704894339249407, -23.569773440906001 ] } },
{ "type": "Feature", "properties": { "loja_id": "AG11", "peso": 303.695899 }, "geometry": { "type": "Point", "coordinates": [ -46.699771695061997, -23.521094096431753 ] } },
{ "type": "Feature", "properties": { "loja_id": "AG03", "peso": 239.078379 }, "geometry": { "type": "Point", "coordinates": [ -46.693793854307366, -23.567402517236541 ] } },
{ "type": "Feature", "properties": { "loja_id": "AG02", "peso": 239.078379 }, "geometry": { "type": "Point", "coordinates": [ -46.654834787605168, -23.562819479493506 ] } },
{ "type": "Feature", "properties": { "loja_id": "AG04", "peso": 120.818729 }, "geometry": { "type": "Point", "coordinates": [ -46.634475248145748, -23.589475534953102 ] } },
{ "type": "Feature", "properties": { "loja_id": "AG09", "peso": 543.86949 }, "geometry": { "type": "Point", "coordinates": [ -46.639017143644388, -23.545703105735289 ] } },
{ "type": "Feature", "properties": { "loja_id": "AG08", "peso": 114.570701 }, "geometry": { "type": "Point", "coordinates": [ -46.692996667424879, -23.608344548334703 ] } },
{ "type": "Feature", "properties": { "loja_id": "AG03", "peso": 880.150335 }, "geometry": { "type": "Point", "coordinates": [ -46.685131024984656, -23.565645510312294 ] } },
{ "type": "Feature", "properties": { "loja_id": "AG03", "peso": 202.345257 }, "geometry": { "type": "Point", "coordinates": [ -46.685131024984656, -23.565645510312294 ] } },
{ "type": "Feature", "properties": { "loja_id": "AG03", "peso": 253.014334 }, "geometry": { "type": "Point", "coordinates": [ -46.701493147710657, -23.568113063511522 ] } },
{ "type": "Feature", "properties": { "loja_id": "AG09", "peso": 115.429552 }, "geometry": { "type": "Point", "coordinates": [ -46.64552301045299, -23.53720916048491 ] } },
{ "type": "Feature", "properties": { "loja_id": "AG15", "peso": 29.520395 }, "geometry": { "type": "Point", "coordinates": [ -46.715375610647492, -23.568944729215758 ] } },
{ "type": "Feature", "properties": { "loja_id": "AG15", "peso": 50.611803 }, "geometry": { "type": "Point", "coordinates": [ -46.708876701639682, -23.576213271927706 ] } },
{ "type": "Feature", "properties": { "loja_id": "AG02", "peso": 41.867395 }, "geometry": { "type": "Point", "coordinates": [ -46.649815054328137, -23.555431916416982 ] } },
{ "type": "Feature", "properties": { "loja_id": "AG15", "peso": 22.030961 }, "geometry": { "type": "Point", "coordinates": [ -46.707761757898126, -23.576360981353556 ] } },
{ "type": "Feature", "properties": { "loja_id": "AG15", "peso": 22.030961 }, "geometry": { "type": "Point", "coordinates": [ -46.707761757898126, -23.576360981353556 ] } },
{ "type": "Feature", "properties": { "loja_id": "AG15", "peso": 81.596587 }, "geometry": { "type": "Point", "coordinates": [ -46.713286510784222, -23.577058680293 ] } },
{ "type": "Feature", "properties": { "loja_id": "AG15", "peso": 38.556629 }, "geometry": { "type": "Point", "coordinates": [ -46.710670266481856, -23.571732696934827 ] } },
{ "type": "Feature", "properties": { "loja_id": "AG15", "peso": 50.611803 }, "geometry": { "type": "Point", "coordinates": [ -46.710670266481856, -23.571732696934827 ] } },
{ "type": "Feature", "properties": { "loja_id": "AG15", "peso": 32.850574 }, "geometry": { "type": "Point", "coordinates": [ -46.718041052604512, -23.570513598720439 ] } },
{ "type": "Feature", "properties": { "loja_id": "AG15", "peso": 92.228482 }, "geometry": { "type": "Point", "coordinates": [ -46.7091233704083, -23.569537357254276 ] } },
{ "type": "Feature", "properties": { "loja_id": "AG15", "peso": 13.96752 }, "geometry": { "type": "Point", "coordinates": [ -46.717366509512459, -23.56836288000785 ] } },
{ "type": "Feature", "properties": { "loja_id": "AG15", "peso": 92.228482 }, "geometry": { "type": "Point", "coordinates": [ -46.714149761725693, -23.569599387226521 ] } },
{ "type": "Feature", "properties": { "loja_id": "AG15", "peso": 76.366037 }, "geometry": { "type": "Point", "coordinates": [ -46.709749243797916, -23.563399070617731 ] } },
{ "type": "Feature", "properties": { "loja_id": "AG03", "peso": 41.867395 }, "geometry": { "type": "Point", "coordinates": [ -46.693750553788696, -23.567845463907965 ] } },
{ "type": "Feature", "properties": { "loja_id": "AG15", "peso": 38.556629 }, "geometry": { "type": "Point", "coordinates": [ -46.714149761725693, -23.569599387226521 ] } },
{ "type": "Feature", "properties": { "loja_id": "AG15", "peso": 22.68697 }, "geometry": { "type": "Point", "coordinates": [ -46.705505952786424, -23.57085936680544 ] } },
{ "type": "Feature", "properties": { "loja_id": "AG15", "peso": 37.310499 }, "geometry": { "type": "Point", "coordinates": [ -46.705505952786424, -23.57085936680544 ] } },
{ "type": "Feature", "properties": { "loja_id": "AG08", "peso": 29.520395 }, "geometry": { "type": "Point", "coordinates": [ -46.697104525691806, -23.616101641192074 ] } },
{ "type": "Feature", "properties": { "loja_id": "AG09", "peso": 92.228482 }, "geometry": { "type": "Point", "coordinates": [ -46.645076152469507, -23.545377258223954 ] } },
{ "type": "Feature", "properties": { "loja_id": "AG15", "peso": 103.116567 }, "geometry": { "type": "Point", "coordinates": [ -46.707705213260127, -23.571232536619902 ] } },
{ "type": "Feature", "properties": { "loja_id": "AG15", "peso": 50.611803 }, "geometry": { "type": "Point", "coordinates": [ -46.709804400907906, -23.570685711486536 ] } },
{ "type": "Feature", "properties": { "loja_id": "AG01", "peso": 92.228482 }, "geometry": { "type": "Point", "coordinates": [ -46.67612774313384, -23.584895800550502 ] } },
{ "type": "Feature", "properties": { "loja_id": "AG15", "peso": 41.867395 }, "geometry": { "type": "Point", "coordinates": [ -46.714725559500224, -23.569430494511373 ] } },
{ "type": "Feature", "properties": { "loja_id": "AG15", "peso": 32.850574 }, "geometry": { "type": "Point", "coordinates": [ -46.712840084266205, -23.576630161245593 ] } },
{ "type": "Feature", "properties": { "loja_id": "AG03", "peso": 11.015481 }, "geometry": { "type": "Point", "coordinates": [ -46.686942483166597, -23.563278028192816 ] } },
{ "type": "Feature", "properties": { "loja_id": "AG15", "peso": 41.867395 }, "geometry": { "type": "Point", "coordinates": [ -46.713638543855986, -23.569460544696604 ] } },
{ "type": "Feature", "properties": { "loja_id": "AG15", "peso": 50.611803 }, "geometry": { "type": "Point", "coordinates": [ -46.708058042409242, -23.569729670831641 ] } },
{ "type": "Feature", "properties": { "loja_id": "AG15", "peso": 41.867395 }, "geometry": { "type": "Point", "coordinates": [ -46.711788369128314, -23.570320728684521 ] } },
{ "type": "Feature", "properties": { "loja_id": "AG15", "peso": 38.556629 }, "geometry": { "type": "Point", "coordinates": [ -46.709084402423379, -23.568797321985809 ] } },
{ "type": "Feature", "properties": { "loja_id": "AG15", "peso": 32.850574 }, "geometry": { "type": "Point", "coordinates": [ -46.716775436673082, -23.571123566963397 ] } },
{ "type": "Feature", "properties": { "loja_id": "AG15", "peso": 41.867395 }, "geometry": { "type": "Point", "coordinates": [ -46.711988150123304, -23.563816899479594 ] } },
{ "type": "Feature", "properties": { "loja_id": "AG15", "peso": 41.867395 }, "geometry": { "type": "Point", "coordinates": [ -46.711576292323961, -23.56605185585628 ] } },
{ "type": "Feature", "properties": { "loja_id": "AG15", "peso": 92.228482 }, "geometry": { "type": "Point", "coordinates": [ -46.712317521544129, -23.576374050394794 ] } },
{ "type": "Feature", "properties": { "loja_id": "AG03", "peso": 21.889194 }, "geometry": { "type": "Point", "coordinates": [ -46.69276967571323, -23.561634409227441 ] } },
{ "type": "Feature", "properties": { "loja_id": "AG03", "peso": 50.611803 }, "geometry": { "type": "Point", "coordinates": [ -46.686373351390465, -23.563202932676447 ] } },
{ "type": "Feature", "properties": { "loja_id": "AG03", "peso": 83.313114 }, "geometry": { "type": "Point", "coordinates": [ -46.700324285686939, -23.567873013858932 ] } },
{ "type": "Feature", "properties": { "loja_id": "AG15", "peso": 50.611803 }, "geometry": { "type": "Point", "coordinates": [ -46.710670266481856, -23.571732696934827 ] } },
{ "type": "Feature", "properties": { "loja_id": "AG15", "peso": 92.228482 }, "geometry": { "type": "Point", "coordinates": [ -46.714745032332772, -23.569421249622518 ] } },
{ "type": "Feature", "properties": { "loja_id": "AG02", "peso": 32.850574 }, "geometry": { "type": "Point", "coordinates": [ -46.655729462699234, -23.562295229568068 ] } },
{ "type": "Feature", "properties": { "loja_id": "AG15", "peso": 103.116567 }, "geometry": { "type": "Point", "coordinates": [ -46.710670266481856, -23.571732696934827 ] } },
{ "type": "Feature", "properties": { "loja_id": "AG03", "peso": 110.589936 }, "geometry": { "type": "Point", "coordinates": [ -46.690809510822973, -23.570740031454939 ] } },
{ "type": "Feature", "properties": { "loja_id": "AG09", "peso": 57.913634 }, "geometry": { "type": "Point", "coordinates": [ -46.636561658192804, -23.546740356514601 ] } },
{ "type": "Feature", "properties": { "loja_id": "AG01", "peso": 40.293499 }, "geometry": { "type": "Point", "coordinates": [ -46.674603573199391, -23.584460732906795 ] } },
{ "type": "Feature", "properties": { "loja_id": "AG15", "peso": 72.216835 }, "geometry": { "type": "Point", "coordinates": [ -46.706241310866865, -23.573181048159487 ] } },
{ "type": "Feature", "properties": { "loja_id": "AG02", "peso": 98.903328 }, "geometry": { "type": "Point", "coordinates": [ -46.655962334607288, -23.561335545331339 ] } },
{ "type": "Feature", "properties": { "loja_id": "AG02", "peso": 166.642369 }, "geometry": { "type": "Point", "coordinates": [ -46.654383275835166, -23.561966414019185 ] } },
{ "type": "Feature", "properties": { "loja_id": "AG03", "peso": 40.897902 }, "geometry": { "type": "Point", "coordinates": [ -46.695589120374159, -23.567599663675299 ] } },
{ "type": "Feature", "properties": { "loja_id": "AG09", "peso": 70.782247 }, "geometry": { "type": "Point", "coordinates": [ -46.634575299794029, -23.543736093156568 ] } },
{ "type": "Feature", "properties": { "loja_id": "AG09", "peso": 70.594211 }, "geometry": { "type": "Point", "coordinates": [ -46.643979343690781, -23.543031952672372 ] } },
{ "type": "Feature", "properties": { "loja_id": "AG03", "peso": 140.239292 }, "geometry": { "type": "Point", "coordinates": [ -46.684550931220649, -23.566247787050884 ] } },
{ "type": "Feature", "properties": { "loja_id": "AG09", "peso": 51.978614 }, "geometry": { "type": "Point", "coordinates": [ -46.637273257284846, -23.540926383906054 ] } },
{ "type": "Feature", "properties": { "loja_id": "AG09", "peso": 38.748915 }, "geometry": { "type": "Point", "coordinates": [ -46.637273257284846, -23.540926383906054 ] } },
{ "type": "Feature", "properties": { "loja_id": "AG01", "peso": 94.286789 }, "geometry": { "type": "Point", "coordinates": [ -46.679015177426884, -23.583898392791397 ] } },
{ "type": "Feature", "properties": { "loja_id": "AG01", "peso": 68.633261 }, "geometry": { "type": "Point", "coordinates": [ -46.681441797955898, -23.582878831468751 ] } },
{ "type": "Feature", "properties": { "loja_id": "AG15", "peso": 24.967991 }, "geometry": { "type": "Point", "coordinates": [ -46.704711489692357, -23.571545338362068 ] } },
{ "type": "Feature", "properties": { "loja_id": "AG09", "peso": 68.633261 }, "geometry": { "type": "Point", "coordinates": [ -46.647077277728016, -23.550331755396439 ] } },
{ "type": "Feature", "properties": { "loja_id": "AG09", "peso": 220.441633 }, "geometry": { "type": "Point", "coordinates": [ -46.641503347746891, -23.54635415689372 ] } },
{ "type": "Feature", "properties": { "loja_id": "AG02", "peso": 175.811318 }, "geometry": { "type": "Point", "coordinates": [ -46.655729462699234, -23.562295229568068 ] } },
{ "type": "Feature", "properties": { "loja_id": "AG04", "peso": 17.188489 }, "geometry": { "type": "Point", "coordinates": [ -46.632451190288265, -23.596937758858665 ] } },
{ "type": "Feature", "properties": { "loja_id": "AG04", "peso": 117.141177 }, "geometry": { "type": "Point", "coordinates": [ -46.635326856859024, -23.588617726109014 ] } },
{ "type": "Feature", "properties": { "loja_id": "AG07", "peso": 173.098089 }, "geometry": { "type": "Point", "coordinates": [ -46.624857270763755, -23.498938955801091 ] } },
{ "type": "Feature", "properties": { "loja_id": "AG11", "peso": 462.620652 }, "geometry": { "type": "Point", "coordinates": [ -46.698574464583288, -23.523951656985112 ] } },
{ "type": "Feature", "properties": { "loja_id": "AG09", "peso": 245.074524 }, "geometry": { "type": "Point", "coordinates": [ -46.634743527896582, -23.545459113796092 ] } },
{ "type": "Feature", "properties": { "loja_id": "AG09", "peso": 242.905038 }, "geometry": { "type": "Point", "coordinates": [ -46.634743527896582, -23.545459113796092 ] } },
{ "type": "Feature", "properties": { "loja_id": "AG03", "peso": 277.573929 }, "geometry": { "type": "Point", "coordinates": [ -46.688378437472032, -23.575218306875271 ] } },
{ "type": "Feature", "properties": { "loja_id": "AG08", "peso": 133.316789 }, "geometry": { "type": "Point", "coordinates": [ -46.696882949669273, -23.606505130699773 ] } },
{ "type": "Feature", "properties": { "loja_id": "AG02", "peso": 330.23085 }, "geometry": { "type": "Point", "coordinates": [ -46.655456901481145, -23.556961268491772 ] } },
{ "type": "Feature", "properties": { "loja_id": "AG11", "peso": 401.091132 }, "geometry": { "type": "Point", "coordinates": [ -46.701911087225994, -23.522208513765744 ] } },
{ "type": "Feature", "properties": { "loja_id": "AG08", "peso": 43.072967 }, "geometry": { "type": "Point", "coordinates": [ -46.695674546543657, -23.613119300257946 ] } },
{ "type": "Feature", "properties": { "loja_id": "AG02", "peso": 384.285139 }, "geometry": { "type": "Point", "coordinates": [ -46.655698257792373, -23.563713306865985 ] } },
{ "type": "Feature", "properties": { "loja_id": "AG11", "peso": 384.285139 }, "geometry": { "type": "Point", "coordinates": [ -46.70448561451245, -23.528970982001987 ] } },
{ "type": "Feature", "properties": { "loja_id": "AG08", "peso": 650.462785 }, "geometry": { "type": "Point", "coordinates": [ -46.696254683042795, -23.604895618860862 ] } },
{ "type": "Feature", "properties": { "loja_id": "AG11", "peso": 270.406249 }, "geometry": { "type": "Point", "coordinates": [ -46.702695550150999, -23.528376531748222 ] } },
{ "type": "Feature", "properties": { "loja_id": "AG11", "peso": 515.017952 }, "geometry": { "type": "Point", "coordinates": [ -46.700091501646924, -23.520070199327627 ] } },
{ "type": "Feature", "properties": { "loja_id": "AG09", "peso": 1425.638408 }, "geometry": { "type": "Point", "coordinates": [ -46.638658527911893, -23.545219248637345 ] } },
{ "type": "Feature", "properties": { "loja_id": "AG07", "peso": 992.035629 }, "geometry": { "type": "Point", "coordinates": [ -46.626364688963015, -23.505280610302165 ] } },
{ "type": "Feature", "properties": { "loja_id": "AG11", "peso": 424.770465 }, "geometry": { "type": "Point", "coordinates": [ -46.70683724556109, -23.52754554050459 ] } },
{ "type": "Feature", "properties": { "loja_id": "AG02", "peso": 230.754797 }, "geometry": { "type": "Point", "coordinates": [ -46.656470981594147, -23.561275944715117 ] } },
{ "type": "Feature", "properties": { "loja_id": "AG10", "peso": 230.754797 }, "geometry": { "type": "Point", "coordinates": [ -46.678223305716088, -23.536227732790927 ] } },
{ "type": "Feature", "properties": { "loja_id": "AG07", "peso": 329.249383 }, "geometry": { "type": "Point", "coordinates": [ -46.626146978836225, -23.509879343588935 ] } },
{ "type": "Feature", "properties": { "loja_id": "AG11", "peso": 258.215103 }, "geometry": { "type": "Point", "coordinates": [ -46.706543792977222, -23.522257119279395 ] } },
{ "type": "Feature", "properties": { "loja_id": "AG09", "peso": 299.90139 }, "geometry": { "type": "Point", "coordinates": [ -46.638496757501464, -23.53927901687446 ] } },
{ "type": "Feature", "properties": { "loja_id": "AG09", "peso": 452.549 }, "geometry": { "type": "Point", "coordinates": [ -46.637273257284846, -23.540926383906054 ] } },
{ "type": "Feature", "properties": { "loja_id": "AG07", "peso": 299.553928 }, "geometry": { "type": "Point", "coordinates": [ -46.625685414732729, -23.49939989486338 ] } },
{ "type": "Feature", "properties": { "loja_id": "AG05", "peso": 55.222222 }, "geometry": { "type": "Point", "coordinates": [ -46.595573413109697, -23.556016078516166 ] } },
{ "type": "Feature", "properties": { "loja_id": "AG11", "peso": 174.333333 }, "geometry": { "type": "Point", "coordinates": [ -46.698984950272084, -23.520073251156013 ] } },
{ "type": "Feature", "properties": { "loja_id": "AG09", "peso": 48.272727 }, "geometry": { "type": "Point", "coordinates": [ -46.640626219858518, -23.541974691448718 ] } },
{ "type": "Feature", "properties": { "loja_id": "AG08", "peso": 80.273986 }, "geometry": { "type": "Point", "coordinates": [ -46.692728525964526, -23.605015381022792 ] } },
{ "type": "Feature", "properties": { "loja_id": "AG01", "peso": 983.965219 }, "geometry": { "type": "Point", "coordinates": [ -46.685223689796629, -23.579812762578204 ] } },
{ "type": "Feature", "properties": { "loja_id": "AG07", "peso": 350.965333 }, "geometry": { "type": "Point", "coordinates": [ -46.617642572980614, -23.50228305499331 ] } },
{ "type": "Feature", "properties": { "loja_id": "AG07", "peso": 152.83999 }, "geometry": { "type": "Point", "coordinates": [ -46.622252049372761, -23.50048321610652 ] } },
{ "type": "Feature", "properties": { "loja_id": "AG09", "peso": 152.001852 }, "geometry": { "type": "Point", "coordinates": [ -46.644219302990912, -23.544212382809018 ] } },
{ "type": "Feature", "properties": { "loja_id": "AG09", "peso": 152.001852 }, "geometry": { "type": "Point", "coordinates": [ -46.644219302990912, -23.544212382809018 ] } },
{ "type": "Feature", "properties": { "loja_id": "AG07", "peso": 320.684292 }, "geometry": { "type": "Point", "coordinates": [ -46.625151080511124, -23.505329401039639 ] } },
{ "type": "Feature", "properties": { "loja_id": "AG09", "peso": 160.124494 }, "geometry": { "type": "Point", "coordinates": [ -46.645364983188955, -23.546548138406571 ] } },
{ "type": "Feature", "properties": { "loja_id": "AG01", "peso": 320.313863 }, "geometry": { "type": "Point", "coordinates": [ -46.688472876419645, -23.584897548982472 ] } },
{ "type": "Feature", "properties": { "loja_id": "AG09", "peso": 91.923131 }, "geometry": { "type": "Point", "coordinates": [ -46.639017143644388, -23.545703105735289 ] } },
{ "type": "Feature", "properties": { "loja_id": "AG09", "peso": 83.009367 }, "geometry": { "type": "Point", "coordinates": [ -46.634805687126786, -23.544149065984332 ] } },
{ "type": "Feature", "properties": { "loja_id": "AG08", "peso": 264.944593 }, "geometry": { "type": "Point", "coordinates": [ -46.695592627115097, -23.602943330477686 ] } },
{ "type": "Feature", "properties": { "loja_id": "AG01", "peso": 154.197059 }, "geometry": { "type": "Point", "coordinates": [ -46.681027382684043, -23.591877313060788 ] } },
{ "type": "Feature", "properties": { "loja_id": "AG09", "peso": 54.754025 }, "geometry": { "type": "Point", "coordinates": [ -46.650501677306956, -23.544525114314439 ] } },
{ "type": "Feature", "properties": { "loja_id": "AG06", "peso": 343.236075 }, "geometry": { "type": "Point", "coordinates": [ -46.579401552292751, -23.538075100343985 ] } },
{ "type": "Feature", "properties": { "loja_id": "AG02", "peso": 40.77193 }, "geometry": { "type": "Point", "coordinates": [ -46.656771220948563, -23.561001838462811 ] } },
{ "type": "Feature", "properties": { "loja_id": "AG06", "peso": 56.980443 }, "geometry": { "type": "Point", "coordinates": [ -46.573559561127908, -23.536057285066086 ] } },
{ "type": "Feature", "properties": { "loja_id": "AG07", "peso": 47.210006 }, "geometry": { "type": "Point", "coordinates": [ -46.624103282960832, -23.502929219475547 ] } },
{ "type": "Feature", "properties": { "loja_id": "AG02", "peso": 28.877258 }, "geometry": { "type": "Point", "coordinates": [ -46.654543957742, -23.558370672678471 ] } },
{ "type": "Feature", "properties": { "loja_id": "AG03", "peso": 75.506246 }, "geometry": { "type": "Point", "coordinates": [ -46.70121335354483, -23.566165630485941 ] } },
{ "type": "Feature", "properties": { "loja_id": "AG03", "peso": 82.35989 }, "geometry": { "type": "Point", "coordinates": [ -46.692197940595619, -23.573587459673583 ] } },
{ "type": "Feature", "properties": { "loja_id": "AG08", "peso": 75.506246 }, "geometry": { "type": "Point", "coordinates": [ -46.692497728166877, -23.604593484718304 ] } },
{ "type": "Feature", "properties": { "loja_id": "AG08", "peso": 51.486056 }, "geometry": { "type": "Point", "coordinates": [ -46.691351639155044, -23.603097955236112 ] } },
{ "type": "Feature", "properties": { "loja_id": "AG11", "peso": 105.150648 }, "geometry": { "type": "Point", "coordinates": [ -46.704713841865079, -23.525401590406116 ] } },
{ "type": "Feature", "properties": { "loja_id": "AG09", "peso": 325.406909 }, "geometry": { "type": "Point", "coordinates": [ -46.634805687126786, -23.544149065984332 ] } },
{ "type": "Feature", "properties": { "loja_id": "AG10", "peso": 250.648437 }, "geometry": { "type": "Point", "coordinates": [ -46.682279310399998, -23.540175260001476 ] } },
{ "type": "Feature", "properties": { "loja_id": "AG02", "peso": 211.851675 }, "geometry": { "type": "Point", "coordinates": [ -46.656357291857326, -23.563146411935911 ] } },
{ "type": "Feature", "properties": { "loja_id": "AG07", "peso": 484.610518 }, "geometry": { "type": "Point", "coordinates": [ -46.62293267503599, -23.500891523748589 ] } },
{ "type": "Feature", "properties": { "loja_id": "AG09", "peso": 568.601875 }, "geometry": { "type": "Point", "coordinates": [ -46.636161191017941, -23.546040206591147 ] } },
{ "type": "Feature", "properties": { "loja_id": "AG01", "peso": 121.068521 }, "geometry": { "type": "Point", "coordinates": [ -46.68285679427872, -23.586276891930584 ] } },
{ "type": "Feature", "properties": { "loja_id": "AG01", "peso": 196.379111 }, "geometry": { "type": "Point", "coordinates": [ -46.674806955064845, -23.586589652862454 ] } },
{ "type": "Feature", "properties": { "loja_id": "AG09", "peso": 141.330375 }, "geometry": { "type": "Point", "coordinates": [ -46.634805687126786, -23.544149065984332 ] } },
{ "type": "Feature", "properties": { "loja_id": "AG03", "peso": 196.379111 }, "geometry": { "type": "Point", "coordinates": [ -46.702369282574651, -23.565403477826173 ] } },
{ "type": "Feature", "properties": { "loja_id": "AG02", "peso": 142.479081 }, "geometry": { "type": "Point", "coordinates": [ -46.652843000344006, -23.556302781032063 ] } },
{ "type": "Feature", "properties": { "loja_id": "AG02", "peso": 161.655322 }, "geometry": { "type": "Point", "coordinates": [ -46.654543957742, -23.558370672678471 ] } },
{ "type": "Feature", "properties": { "loja_id": "AG03", "peso": 139.629655 }, "geometry": { "type": "Point", "coordinates": [ -46.696885520429767, -23.559467462107758 ] } },
{ "type": "Feature", "properties": { "loja_id": "AG07", "peso": 273.608882 }, "geometry": { "type": "Point", "coordinates": [ -46.626330968251153, -23.508116499685816 ] } },
{ "type": "Feature", "properties": { "loja_id": "AG08", "peso": 253.051428 }, "geometry": { "type": "Point", "coordinates": [ -46.692553379844945, -23.611979465451643 ] } },
{ "type": "Feature", "properties": { "loja_id": "AG06", "peso": 480.011697 }, "geometry": { "type": "Point", "coordinates": [ -46.573322079634082, -23.544909574100604 ] } },
{ "type": "Feature", "properties": { "loja_id": "AG07", "peso": 389.060906 }, "geometry": { "type": "Point", "coordinates": [ -46.621125158524499, -23.500413675206609 ] } },
{ "type": "Feature", "properties": { "loja_id": "AG02", "peso": 479.230464 }, "geometry": { "type": "Point", "coordinates": [ -46.655729462699234, -23.562295229568068 ] } },
{ "type": "Feature", "properties": { "loja_id": "AG06", "peso": 1102.928977 }, "geometry": { "type": "Point", "coordinates": [ -46.578141976296465, -23.538403949784161 ] } },
{ "type": "Feature", "properties": { "loja_id": "AG09", "peso": 604.239205 }, "geometry": { "type": "Point", "coordinates": [ -46.63475319561892, -23.547824952047897 ] } },
{ "type": "Feature", "properties": { "loja_id": "AG09", "peso": 483.29035 }, "geometry": { "type": "Point", "coordinates": [ -46.640165195300973, -23.546657243889022 ] } },
{ "type": "Feature", "properties": { "loja_id": "AG04", "peso": 530.00197 }, "geometry": { "type": "Point", "coordinates": [ -46.642935437649257, -23.592971272147683 ] } },
{ "type": "Feature", "properties": { "loja_id": "AG09", "peso": 530.00197 }, "geometry": { "type": "Point", "coordinates": [ -46.648930989300432, -23.542672509463692 ] } },
{ "type": "Feature", "properties": { "loja_id": "AG09", "peso": 502.084424 }, "geometry": { "type": "Point", "coordinates": [ -46.634805687126786, -23.544149065984332 ] } },
{ "type": "Feature", "properties": { "loja_id": "AG09", "peso": 176.82518 }, "geometry": { "type": "Point", "coordinates": [ -46.634757593456811, -23.537882535761771 ] } },
{ "type": "Feature", "properties": { "loja_id": "AG01", "peso": 482.243032 }, "geometry": { "type": "Point", "coordinates": [ -46.683071307490053, -23.583123058104761 ] } },
{ "type": "Feature", "properties": { "loja_id": "AG09", "peso": 246.111341 }, "geometry": { "type": "Point", "coordinates": [ -46.637498203404746, -23.54880746646857 ] } },
{ "type": "Feature", "properties": { "loja_id": "AG09", "peso": 617.67868 }, "geometry": { "type": "Point", "coordinates": [ -46.64435818918971, -23.549078232846028 ] } },
{ "type": "Feature", "properties": { "loja_id": "AG09", "peso": 2549.526088 }, "geometry": { "type": "Point", "coordinates": [ -46.634805687126786, -23.544149065984332 ] } },
{ "type": "Feature", "properties": { "loja_id": "AG09", "peso": 325.284758 }, "geometry": { "type": "Point", "coordinates": [ -46.634805687126786, -23.544149065984332 ] } },
{ "type": "Feature", "properties": { "loja_id": "AG02", "peso": 490.262898 }, "geometry": { "type": "Point", "coordinates": [ -46.658337765542278, -23.569518684843441 ] } },
{ "type": "Feature", "properties": { "loja_id": "AG09", "peso": 377.105781 }, "geometry": { "type": "Point", "coordinates": [ -46.648782959984395, -23.541798142843948 ] } },
{ "type": "Feature", "properties": { "loja_id": "AG09", "peso": 411.56165 }, "geometry": { "type": "Point", "coordinates": [ -46.640895079156664, -23.543118702320118 ] } },
{ "type": "Feature", "properties": { "loja_id": "AG09", "peso": 466.601718 }, "geometry": { "type": "Point", "coordinates": [ -46.63854342029498, -23.54146385793771 ] } },
{ "type": "Feature", "properties": { "loja_id": "AG01", "peso": 264.420061 }, "geometry": { "type": "Point", "coordinates": [ -46.683979467976663, -23.58595770054793 ] } },
{ "type": "Feature", "properties": { "loja_id": "AG09", "peso": 303.959286 }, "geometry": { "type": "Point", "coordinates": [ -46.634805687126786, -23.544149065984332 ] } },
{ "type": "Feature", "properties": { "loja_id": "AG09", "peso": 222.986684 }, "geometry": { "type": "Point", "coordinates": [ -46.64034602047181, -23.542284676500952 ] } },
{ "type": "Feature", "properties": { "loja_id": "AG08", "peso": 637.755284 }, "geometry": { "type": "Point", "coordinates": [ -46.693400305890904, -23.609252180625845 ] } },
{ "type": "Feature", "properties": { "loja_id": "AG03", "peso": 326.093519 }, "geometry": { "type": "Point", "coordinates": [ -46.68669799349059, -23.567145573801206 ] } },
{ "type": "Feature", "properties": { "loja_id": "AG02", "peso": 512.6728 }, "geometry": { "type": "Point", "coordinates": [ -46.650067160641115, -23.557578439852726 ] } },
{ "type": "Feature", "properties": { "loja_id": "AG05", "peso": 108.430223 }, "geometry": { "type": "Point", "coordinates": [ -46.604240479179801, -23.555023854677543 ] } },
{ "type": "Feature", "properties": { "loja_id": "AG03", "peso": 503.3877 }, "geometry": { "type": "Point", "coordinates": [ -46.702369282574651, -23.565403477826173 ] } },
{ "type": "Feature", "properties": { "loja_id": "AG09", "peso": 1402.238778 }, "geometry": { "type": "Point", "coordinates": [ -46.634793277836827, -23.545521803022734 ] } },
{ "type": "Feature", "properties": { "loja_id": "AG09", "peso": 475.91749 }, "geometry": { "type": "Point", "coordinates": [ -46.642601411327078, -23.548013165309424 ] } },
{ "type": "Feature", "properties": { "loja_id": "AG09", "peso": 325.570436 }, "geometry": { "type": "Point", "coordinates": [ -46.640895079156664, -23.543118702320118 ] } },
{ "type": "Feature", "properties": { "loja_id": "AG12", "peso": 338.557859 }, "geometry": { "type": "Point", "coordinates": [ -46.642133731981247, -23.641074633799914 ] } },
{ "type": "Feature", "properties": { "loja_id": "AG02", "peso": 268.839894 }, "geometry": { "type": "Point", "coordinates": [ -46.656778524323897, -23.560803095756381 ] } },
{ "type": "Feature", "properties": { "loja_id": "AG09", "peso": 268.839894 }, "geometry": { "type": "Point", "coordinates": [ -46.636505466664687, -23.546948644680722 ] } },
{ "type": "Feature", "properties": { "loja_id": "AG03", "peso": 231.198937 }, "geometry": { "type": "Point", "coordinates": [ -46.684345121902226, -23.566240987432476 ] } },
{ "type": "Feature", "properties": { "loja_id": "AG07", "peso": 655.801535 }, "geometry": { "type": "Point", "coordinates": [ -46.624013759455522, -23.511599317663642 ] } },
{ "type": "Feature", "properties": { "loja_id": "AG03", "peso": 461.480602 }, "geometry": { "type": "Point", "coordinates": [ -46.691927377643829, -23.562411138600762 ] } },
{ "type": "Feature", "properties": { "loja_id": "AG09", "peso": 286.768801 }, "geometry": { "type": "Point", "coordinates": [ -46.643783507737012, -23.545399955626497 ] } },
{ "type": "Feature", "properties": { "loja_id": "AG09", "peso": 131.125995 }, "geometry": { "type": "Point", "coordinates": [ -46.637545647640664, -23.543939637077521 ] } },
{ "type": "Feature", "properties": { "loja_id": "AG01", "peso": 71.381858 }, "geometry": { "type": "Point", "coordinates": [ -46.677100913123191, -23.585147170154556 ] } },
{ "type": "Feature", "properties": { "loja_id": "AG08", "peso": 283.516377 }, "geometry": { "type": "Point", "coordinates": [ -46.695996578242372, -23.613774974272228 ] } },
{ "type": "Feature", "properties": { "loja_id": "AG04", "peso": 515.298045 }, "geometry": { "type": "Point", "coordinates": [ -46.637481914394812, -23.594889103320529 ] } },
{ "type": "Feature", "properties": { "loja_id": "AG04", "peso": 467.181438 }, "geometry": { "type": "Point", "coordinates": [ -46.632135363180417, -23.595171147979791 ] } },
{ "type": "Feature", "properties": { "loja_id": "AG03", "peso": 254.245045 }, "geometry": { "type": "Point", "coordinates": [ -46.689873360660016, -23.568781650776089 ] } },
{ "type": "Feature", "properties": { "loja_id": "AG04", "peso": 677.901445 }, "geometry": { "type": "Point", "coordinates": [ -46.634504862686775, -23.589493283808423 ] } },
{ "type": "Feature", "properties": { "loja_id": "AG09", "peso": 514.151954 }, "geometry": { "type": "Point", "coordinates": [ -46.64262274534034, -23.536327750818707 ] } },
{ "type": "Feature", "properties": { "loja_id": "AG06", "peso": 434.541949 }, "geometry": { "type": "Point", "coordinates": [ -46.576010237023795, -23.540340024105916 ] } },
{ "type": "Feature", "properties": { "loja_id": "AG06", "peso": 269.997532 }, "geometry": { "type": "Point", "coordinates": [ -46.581954425086415, -23.543512597063017 ] } },
{ "type": "Feature", "properties": { "loja_id": "AG13", "peso": 163.077264 }, "geometry": { "type": "Point", "coordinates": [ -46.471116132246514, -23.54207176396481 ] } },
{ "type": "Feature", "properties": { "loja_id": "AG05", "peso": 163.077264 }, "geometry": { "type": "Point", "coordinates": [ -46.606635732284317, -23.551414060448952 ] } },
{ "type": "Feature", "properties": { "loja_id": "AG03", "peso": 108.317172 }, "geometry": { "type": "Point", "coordinates": [ -46.694477405736208, -23.561886706217471 ] } },
{ "type": "Feature", "properties": { "loja_id": "AG06", "peso": 242.132705 }, "geometry": { "type": "Point", "coordinates": [ -46.572703128999393, -23.544753284906697 ] } },
{ "type": "Feature", "properties": { "loja_id": "AG05", "peso": 518.728046 }, "geometry": { "type": "Point", "coordinates": [ -46.596436798327915, -23.553695430192349 ] } },
{ "type": "Feature", "properties": { "loja_id": "AG09", "peso": 410.238743 }, "geometry": { "type": "Point", "coordinates": [ -46.641255531792375, -23.5429613844084 ] } },
{ "type": "Feature", "properties": { "loja_id": "AG09", "peso": 360.446599 }, "geometry": { "type": "Point", "coordinates": [ -46.637205185511775, -23.547293461855524 ] } },
{ "type": "Feature", "properties": { "loja_id": "AG01", "peso": 161.654004 }, "geometry": { "type": "Point", "coordinates": [ -46.683985128799193, -23.581027198211366 ] } },
{ "type": "Feature", "properties": { "loja_id": "AG03", "peso": 236.590403 }, "geometry": { "type": "Point", "coordinates": [ -46.689682992584217, -23.572278372171095 ] } },
{ "type": "Feature", "properties": { "loja_id": "AG10", "peso": 200.842384 }, "geometry": { "type": "Point", "coordinates": [ -46.68130584372728, -23.536022877065427 ] } },
{ "type": "Feature", "properties": { "loja_id": "AG01", "peso": 191.081733 }, "geometry": { "type": "Point", "coordinates": [ -46.683757392002732, -23.582375153726446 ] } },
{ "type": "Feature", "properties": { "loja_id": "AG08", "peso": 236.590403 }, "geometry": { "type": "Point", "coordinates": [ -46.695136110121346, -23.610876701136384 ] } },
{ "type": "Feature", "properties": { "loja_id": "AG15", "peso": 159.155022 }, "geometry": { "type": "Point", "coordinates": [ -46.70905896098084, -23.572129688505257 ] } },
{ "type": "Feature", "properties": { "loja_id": "AG03", "peso": 236.590403 }, "geometry": { "type": "Point", "coordinates": [ -46.692886970332765, -23.567728451615814 ] } },
{ "type": "Feature", "properties": { "loja_id": "AG05", "peso": 231.787225 }, "geometry": { "type": "Point", "coordinates": [ -46.600004693369058, -23.555500959701163 ] } },
{ "type": "Feature", "properties": { "loja_id": "AG07", "peso": 349.461357 }, "geometry": { "type": "Point", "coordinates": [ -46.626300054870278, -23.510383445594606 ] } },
{ "type": "Feature", "properties": { "loja_id": "AG09", "peso": 394.166333 }, "geometry": { "type": "Point", "coordinates": [ -46.637722171728761, -23.536839960852376 ] } },
{ "type": "Feature", "properties": { "loja_id": "AG13", "peso": 620.445019 }, "geometry": { "type": "Point", "coordinates": [ -46.469290579825476, -23.54350685226434 ] } },
{ "type": "Feature", "properties": { "loja_id": "AG07", "peso": 446.118186 }, "geometry": { "type": "Point", "coordinates": [ -46.620858929143644, -23.504263394046234 ] } },
{ "type": "Feature", "properties": { "loja_id": "AG04", "peso": 495.693256 }, "geometry": { "type": "Point", "coordinates": [ -46.634504862686775, -23.589493283808423 ] } },
{ "type": "Feature", "properties": { "loja_id": "AG02", "peso": 454.500356 }, "geometry": { "type": "Point", "coordinates": [ -46.654813048654454, -23.56264813663925 ] } },
{ "type": "Feature", "properties": { "loja_id": "AG02", "peso": 125.099376 }, "geometry": { "type": "Point", "coordinates": [ -46.658185494253722, -23.559731558799331 ] } },
{ "type": "Feature", "properties": { "loja_id": "AG09", "peso": 523.147712 }, "geometry": { "type": "Point", "coordinates": [ -46.640991108625293, -23.542964174309553 ] } },
{ "type": "Feature", "properties": { "loja_id": "AG09", "peso": 227.281531 }, "geometry": { "type": "Point", "coordinates": [ -46.637562236242275, -23.547650914524468 ] } },
{ "type": "Feature", "properties": { "loja_id": "AG02", "peso": 105.605256 }, "geometry": { "type": "Point", "coordinates": [ -46.657637178601085, -23.567557573195778 ] } },
{ "type": "Feature", "properties": { "loja_id": "AG09", "peso": 122.946487 }, "geometry": { "type": "Point", "coordinates": [ -46.639454723109914, -23.545445645623175 ] } },
{ "type": "Feature", "properties": { "loja_id": "AG09", "peso": 92.694184 }, "geometry": { "type": "Point", "coordinates": [ -46.650929275530657, -23.541901801228022 ] } },
{ "type": "Feature", "properties": { "loja_id": "AG08", "peso": 255.375637 }, "geometry": { "type": "Point", "coordinates": [ -46.696801033618677, -23.604709046753502 ] } },
{ "type": "Feature", "properties": { "loja_id": "AG15", "peso": 199.83485 }, "geometry": { "type": "Point", "coordinates": [ -46.708233704780334, -23.571949131742407 ] } },
{ "type": "Feature", "properties": { "loja_id": "AG13", "peso": 283.816837 }, "geometry": { "type": "Point", "coordinates": [ -46.470658622256529, -23.540567947906681 ] } },
{ "type": "Feature", "properties": { "loja_id": "AG06", "peso": 174.29781 }, "geometry": { "type": "Point", "coordinates": [ -46.578286614525702, -23.538212842285226 ] } },
{ "type": "Feature", "properties": { "loja_id": "AG02", "peso": 790.043655 }, "geometry": { "type": "Point", "coordinates": [ -46.657072818197335, -23.560836079849473 ] } },
{ "type": "Feature", "properties": { "loja_id": "AG09", "peso": 778.329405 }, "geometry": { "type": "Point", "coordinates": [ -46.642371353788093, -23.544475724603323 ] } },
{ "type": "Feature", "properties": { "loja_id": "AG11", "peso": 245.1095 }, "geometry": { "type": "Point", "coordinates": [ -46.69784391178608, -23.522731530486066 ] } },
{ "type": "Feature", "properties": { "loja_id": "AG09", "peso": 237.501634 }, "geometry": { "type": "Point", "coordinates": [ -46.639225596660637, -23.54118576163912 ] } },
{ "type": "Feature", "properties": { "loja_id": "AG02", "peso": 178.424968 }, "geometry": { "type": "Point", "coordinates": [ -46.659546786008015, -23.567501073526049 ] } },
{ "type": "Feature", "properties": { "loja_id": "AG08", "peso": 376.324117 }, "geometry": { "type": "Point", "coordinates": [ -46.694170691143412, -23.608196287327978 ] } },
{ "type": "Feature", "properties": { "loja_id": "AG04", "peso": 244.123437 }, "geometry": { "type": "Point", "coordinates": [ -46.634504862686775, -23.589493283808423 ] } },
{ "type": "Feature", "properties": { "loja_id": "AG08", "peso": 358.440135 }, "geometry": { "type": "Point", "coordinates": [ -46.691092198396888, -23.603498104657746 ] } },
{ "type": "Feature", "properties": { "loja_id": "AG08", "peso": 337.85995 }, "geometry": { "type": "Point", "coordinates": [ -46.69391738567284, -23.607548888076938 ] } },
{ "type": "Feature", "properties": { "loja_id": "AG01", "peso": 170.356605 }, "geometry": { "type": "Point", "coordinates": [ -46.68153061825231, -23.590616679423444 ] } },
{ "type": "Feature", "properties": { "loja_id": "AG01", "peso": 241.332884 }, "geometry": { "type": "Point", "coordinates": [ -46.679981121435013, -23.594353856133388 ] } },
{ "type": "Feature", "properties": { "loja_id": "AG09", "peso": 79.277546 }, "geometry": { "type": "Point", "coordinates": [ -46.638458136562882, -23.540904877723481 ] } },
{ "type": "Feature", "properties": { "loja_id": "AG03", "peso": 134.104368 }, "geometry": { "type": "Point", "coordinates": [ -46.694222119047986, -23.56642259883585 ] } },
{ "type": "Feature", "properties": { "loja_id": "AG09", "peso": 41.829024 }, "geometry": { "type": "Point", "coordinates": [ -46.635804265120058, -23.548066748508589 ] } },
{ "type": "Feature", "properties": { "loja_id": "AG02", "peso": 360.108101 }, "geometry": { "type": "Point", "coordinates": [ -46.654614215638986, -23.558505378401009 ] } },
{ "type": "Feature", "properties": { "loja_id": "AG08", "peso": 169.836491 }, "geometry": { "type": "Point", "coordinates": [ -46.697104525691806, -23.616101641192074 ] } },
{ "type": "Feature", "properties": { "loja_id": "AG02", "peso": 336.017242 }, "geometry": { "type": "Point", "coordinates": [ -46.654537141433842, -23.563301249907028 ] } },
{ "type": "Feature", "properties": { "loja_id": "AG06", "peso": 407.599117 }, "geometry": { "type": "Point", "coordinates": [ -46.571928634322923, -23.545519675881227 ] } },
{ "type": "Feature", "properties": { "loja_id": "AG02", "peso": 532.85619 }, "geometry": { "type": "Point", "coordinates": [ -46.65361234833599, -23.560638142732355 ] } },
{ "type": "Feature", "properties": { "loja_id": "AG06", "peso": 157.847286 }, "geometry": { "type": "Point", "coordinates": [ -46.577328068125766, -23.540787222063035 ] } },
{ "type": "Feature", "properties": { "loja_id": "AG04", "peso": 223.321005 }, "geometry": { "type": "Point", "coordinates": [ -46.632519996312986, -23.596955095972248 ] } },
{ "type": "Feature", "properties": { "loja_id": "AG11", "peso": 223.321005 }, "geometry": { "type": "Point", "coordinates": [ -46.710654295959593, -23.52357553955795 ] } },
{ "type": "Feature", "properties": { "loja_id": "AG02", "peso": 467.694339 }, "geometry": { "type": "Point", "coordinates": [ -46.654543957742, -23.558370672678471 ] } },
{ "type": "Feature", "properties": { "loja_id": "AG02", "peso": 141.35298 }, "geometry": { "type": "Point", "coordinates": [ -46.653159677474228, -23.563604873136253 ] } },
{ "type": "Feature", "properties": { "loja_id": "AG08", "peso": 326.969798 }, "geometry": { "type": "Point", "coordinates": [ -46.694094316278409, -23.611402789257337 ] } },
{ "type": "Feature", "properties": { "loja_id": "AG01", "peso": 140.368237 }, "geometry": { "type": "Point", "coordinates": [ -46.689719586308939, -23.591205054008331 ] } },
{ "type": "Feature", "properties": { "loja_id": "AG08", "peso": 96.16502 }, "geometry": { "type": "Point", "coordinates": [ -46.693470034064688, -23.606289561564765 ] } },
{ "type": "Feature", "properties": { "loja_id": "AG08", "peso": 140.368237 }, "geometry": { "type": "Point", "coordinates": [ -46.696659260931085, -23.605875472597745 ] } },
{ "type": "Feature", "properties": { "loja_id": "AG06", "peso": 173.424863 }, "geometry": { "type": "Point", "coordinates": [ -46.573046165526428, -23.543124326970059 ] } },
{ "type": "Feature", "properties": { "loja_id": "AG02", "peso": 415.019455 }, "geometry": { "type": "Point", "coordinates": [ -46.661419884627477, -23.569214859701262 ] } },
{ "type": "Feature", "properties": { "loja_id": "AG02", "peso": 271.808477 }, "geometry": { "type": "Point", "coordinates": [ -46.655360852564399, -23.554767945029067 ] } },
{ "type": "Feature", "properties": { "loja_id": "AG06", "peso": 439.723022 }, "geometry": { "type": "Point", "coordinates": [ -46.578493246033425, -23.544035406221433 ] } },
{ "type": "Feature", "properties": { "loja_id": "AG02", "peso": 558.734833 }, "geometry": { "type": "Point", "coordinates": [ -46.658559435729607, -23.562987477431978 ] } },
{ "type": "Feature", "properties": { "loja_id": "AG02", "peso": 694.96651 }, "geometry": { "type": "Point", "coordinates": [ -46.657085784274102, -23.561088787802706 ] } },
{ "type": "Feature", "properties": { "loja_id": "AG06", "peso": 209.415739 }, "geometry": { "type": "Point", "coordinates": [ -46.574234195965296, -23.537603706062036 ] } },
{ "type": "Feature", "properties": { "loja_id": "AG11", "peso": 1049.765724 }, "geometry": { "type": "Point", "coordinates": [ -46.710654295959593, -23.52357553955795 ] } },
{ "type": "Feature", "properties": { "loja_id": "AG02", "peso": 32.463358 }, "geometry": { "type": "Point", "coordinates": [ -46.655165583428911, -23.564983211065126 ] } },
{ "type": "Feature", "properties": { "loja_id": "AG09", "peso": 104.426548 }, "geometry": { "type": "Point", "coordinates": [ -46.642730832001611, -23.548969007788092 ] } },
{ "type": "Feature", "properties": { "loja_id": "AG02", "peso": 381.699604 }, "geometry": { "type": "Point", "coordinates": [ -46.657802173681787, -23.555726228655036 ] } },
{ "type": "Feature", "properties": { "loja_id": "AG08", "peso": 269.750901 }, "geometry": { "type": "Point", "coordinates": [ -46.69668717088669, -23.615654703317219 ] } },
{ "type": "Feature", "properties": { "loja_id": "AG11", "peso": 487.078627 }, "geometry": { "type": "Point", "coordinates": [ -46.710654295959593, -23.52357553955795 ] } },
{ "type": "Feature", "properties": { "loja_id": "AG02", "peso": 381.699604 }, "geometry": { "type": "Point", "coordinates": [ -46.655790968191063, -23.559386842157807 ] } },
{ "type": "Feature", "properties": { "loja_id": "AG11", "peso": 278.319472 }, "geometry": { "type": "Point", "coordinates": [ -46.696941194941694, -23.520303238517318 ] } },
{ "type": "Feature", "properties": { "loja_id": "AG01", "peso": 710.903054 }, "geometry": { "type": "Point", "coordinates": [ -46.683463245132529, -23.587733197899031 ] } },
{ "type": "Feature", "properties": { "loja_id": "AG12", "peso": 41.274558 }, "geometry": { "type": "Point", "coordinates": [ -46.637834650287381, -23.639034130003509 ] } },
{ "type": "Feature", "properties": { "loja_id": "AG08", "peso": 170.991469 }, "geometry": { "type": "Point", "coordinates": [ -46.694743201880939, -23.607756594785862 ] } },
{ "type": "Feature", "properties": { "loja_id": "AG06", "peso": 220.641995 }, "geometry": { "type": "Point", "coordinates": [ -46.578719280911997, -23.539996487796945 ] } },
{ "type": "Feature", "properties": { "loja_id": "AG03", "peso": 224.479587 }, "geometry": { "type": "Point", "coordinates": [ -46.690875451304798, -23.571299180375732 ] } },
{ "type": "Feature", "properties": { "loja_id": "AG09", "peso": 221.138813 }, "geometry": { "type": "Point", "coordinates": [ -46.634530381089562, -23.544856323397433 ] } },
{ "type": "Feature", "properties": { "loja_id": "AG09", "peso": 308.430471 }, "geometry": { "type": "Point", "coordinates": [ -46.639704704651464, -23.544278102767944 ] } },
{ "type": "Feature", "properties": { "loja_id": "AG12", "peso": 456.996763 }, "geometry": { "type": "Point", "coordinates": [ -46.644935490021957, -23.653488504112026 ] } },
{ "type": "Feature", "properties": { "loja_id": "AG15", "peso": 394.509032 }, "geometry": { "type": "Point", "coordinates": [ -46.706615089619845, -23.576328430414289 ] } },
{ "type": "Feature", "properties": { "loja_id": "AG04", "peso": 403.565812 }, "geometry": { "type": "Point", "coordinates": [ -46.636802585986459, -23.593839726488213 ] } },
{ "type": "Feature", "properties": { "loja_id": "AG04", "peso": 558.528454 }, "geometry": { "type": "Point", "coordinates": [ -46.634343972082469, -23.594696405314064 ] } },
{ "type": "Feature", "properties": { "loja_id": "AG09", "peso": 171.509157 }, "geometry": { "type": "Point", "coordinates": [ -46.640055671905088, -23.546513914267052 ] } },
{ "type": "Feature", "properties": { "loja_id": "AG01", "peso": 380.355489 }, "geometry": { "type": "Point", "coordinates": [ -46.681254121845164, -23.590448100794646 ] } },
{ "type": "Feature", "properties": { "loja_id": "AG03", "peso": 913.985713 }, "geometry": { "type": "Point", "coordinates": [ -46.696410318348647, -23.565179668176853 ] } },
{ "type": "Feature", "properties": { "loja_id": "AG08", "peso": 206.965886 }, "geometry": { "type": "Point", "coordinates": [ -46.693775108804857, -23.607153118286135 ] } },
{ "type": "Feature", "properties": { "loja_id": "AG09", "peso": 142.807918 }, "geometry": { "type": "Point", "coordinates": [ -46.642860807137893, -23.544452494915454 ] } },
{ "type": "Feature", "properties": { "loja_id": "AG15", "peso": 321.812204 }, "geometry": { "type": "Point", "coordinates": [ -46.70824361686266, -23.571958052825899 ] } },
{ "type": "Feature", "properties": { "loja_id": "AG15", "peso": 387.878517 }, "geometry": { "type": "Point", "coordinates": [ -46.704632891434194, -23.572286665331379 ] } },
{ "type": "Feature", "properties": { "loja_id": "AG01", "peso": 547.455306 }, "geometry": { "type": "Point", "coordinates": [ -46.684903925701477, -23.589297843879805 ] } },
{ "type": "Feature", "properties": { "loja_id": "AG09", "peso": 195.793973 }, "geometry": { "type": "Point", "coordinates": [ -46.636706797929371, -23.54896931265128 ] } },
{ "type": "Feature", "properties": { "loja_id": "AG02", "peso": 309.258048 }, "geometry": { "type": "Point", "coordinates": [ -46.654813048654454, -23.56264813663925 ] } },
{ "type": "Feature", "properties": { "loja_id": "AG02", "peso": 390.859907 }, "geometry": { "type": "Point", "coordinates": [ -46.654457842277402, -23.558534133301638 ] } },
{ "type": "Feature", "properties": { "loja_id": "AG07", "peso": 499.723414 }, "geometry": { "type": "Point", "coordinates": [ -46.627777302980483, -23.506286283487611 ] } },
{ "type": "Feature", "properties": { "loja_id": "AG12", "peso": 324.366413 }, "geometry": { "type": "Point", "coordinates": [ -46.642808196844214, -23.643279882767281 ] } },
{ "type": "Feature", "properties": { "loja_id": "AG02", "peso": 350.091056 }, "geometry": { "type": "Point", "coordinates": [ -46.657798128820573, -23.560087868672639 ] } },
{ "type": "Feature", "properties": { "loja_id": "AG12", "peso": 307.044399 }, "geometry": { "type": "Point", "coordinates": [ -46.64186539569247, -23.643136356730491 ] } },
{ "type": "Feature", "properties": { "loja_id": "AG06", "peso": 499.102717 }, "geometry": { "type": "Point", "coordinates": [ -46.572728487873597, -23.541944544250985 ] } },
{ "type": "Feature", "properties": { "loja_id": "AG06", "peso": 308.972308 }, "geometry": { "type": "Point", "coordinates": [ -46.570368096349085, -23.537010642966031 ] } },
{ "type": "Feature", "properties": { "loja_id": "AG03", "peso": 436.568513 }, "geometry": { "type": "Point", "coordinates": [ -46.686844111396582, -23.567080777140585 ] } },
{ "type": "Feature", "properties": { "loja_id": "AG08", "peso": 370.348024 }, "geometry": { "type": "Point", "coordinates": [ -46.693291810900668, -23.604620944995741 ] } },
{ "type": "Feature", "properties": { "loja_id": "AG12", "peso": 434.943241 }, "geometry": { "type": "Point", "coordinates": [ -46.638828304852112, -23.645624700348275 ] } },
{ "type": "Feature", "properties": { "loja_id": "AG09", "peso": 518.781839 }, "geometry": { "type": "Point", "coordinates": [ -46.64799960621604, -23.541815474508322 ] } },
{ "type": "Feature", "properties": { "loja_id": "AG02", "peso": 619.022957 }, "geometry": { "type": "Point", "coordinates": [ -46.657953143235233, -23.559950762233008 ] } },
{ "type": "Feature", "properties": { "loja_id": "AG02", "peso": 434.943241 }, "geometry": { "type": "Point", "coordinates": [ -46.656470981594147, -23.561275944715117 ] } },
{ "type": "Feature", "properties": { "loja_id": "AG06", "peso": 429.377508 }, "geometry": { "type": "Point", "coordinates": [ -46.571535163214541, -23.538786898480641 ] } },
{ "type": "Feature", "properties": { "loja_id": "AG02", "peso": 434.943241 }, "geometry": { "type": "Point", "coordinates": [ -46.654415531381986, -23.56297745615262 ] } },
{ "type": "Feature", "properties": { "loja_id": "AG09", "peso": 299.439445 }, "geometry": { "type": "Point", "coordinates": [ -46.639016305920073, -23.546425537946803 ] } },
{ "type": "Feature", "properties": { "loja_id": "AG12", "peso": 464.245517 }, "geometry": { "type": "Point", "coordinates": [ -46.641042395865959, -23.636092494610182 ] } },
{ "type": "Feature", "properties": { "loja_id": "AG01", "peso": 441.010941 }, "geometry": { "type": "Point", "coordinates": [ -46.680908111156818, -23.590975592794578 ] } },
{ "type": "Feature", "properties": { "loja_id": "AG01", "peso": 525.812695 }, "geometry": { "type": "Point", "coordinates": [ -46.684033520000888, -23.587889557607618 ] } },
{ "type": "Feature", "properties": { "loja_id": "AG01", "peso": 525.812695 }, "geometry": { "type": "Point", "coordinates": [ -46.684033520000888, -23.587889557607618 ] } },
{ "type": "Feature", "properties": { "loja_id": "AG15", "peso": 239.022779 }, "geometry": { "type": "Point", "coordinates": [ -46.713843956797277, -23.568681696808682 ] } },
{ "type": "Feature", "properties": { "loja_id": "AG08", "peso": 381.941775 }, "geometry": { "type": "Point", "coordinates": [ -46.693016488771853, -23.605310232587225 ] } },
{ "type": "Feature", "properties": { "loja_id": "AG12", "peso": 414.867026 }, "geometry": { "type": "Point", "coordinates": [ -46.637250753067875, -23.646463116113214 ] } },
{ "type": "Feature", "properties": { "loja_id": "AG03", "peso": 399.037351 }, "geometry": { "type": "Point", "coordinates": [ -46.69118331509641, -23.570094826619481 ] } },
{ "type": "Feature", "properties": { "loja_id": "AG01", "peso": 285.041795 }, "geometry": { "type": "Point", "coordinates": [ -46.684908150815282, -23.581956321490576 ] } },
{ "type": "Feature", "properties": { "loja_id": "AG02", "peso": 1320.441149 }, "geometry": { "type": "Point", "coordinates": [ -46.656470981594147, -23.561275944715117 ] } },
{ "type": "Feature", "properties": { "loja_id": "AG09", "peso": 364.301751 }, "geometry": { "type": "Point", "coordinates": [ -46.634972177800428, -23.544147315968377 ] } },
{ "type": "Feature", "properties": { "loja_id": "AG01", "peso": 190.979369 }, "geometry": { "type": "Point", "coordinates": [ -46.681815427696463, -23.589900216595975 ] } },
{ "type": "Feature", "properties": { "loja_id": "AG01", "peso": 326.556309 }, "geometry": { "type": "Point", "coordinates": [ -46.690200980032508, -23.590540619343091 ] } },
{ "type": "Feature", "properties": { "loja_id": "AG02", "peso": 358.589948 }, "geometry": { "type": "Point", "coordinates": [ -46.65368826397215, -23.563572159814054 ] } },
{ "type": "Feature", "properties": { "loja_id": "AG02", "peso": 358.589948 }, "geometry": { "type": "Point", "coordinates": [ -46.654415531381986, -23.56297745615262 ] } },
{ "type": "Feature", "properties": { "loja_id": "AG10", "peso": 311.575894 }, "geometry": { "type": "Point", "coordinates": [ -46.678298593939452, -23.530583056334287 ] } },
{ "type": "Feature", "properties": { "loja_id": "AG01", "peso": 358.589948 }, "geometry": { "type": "Point", "coordinates": [ -46.6798211806314, -23.585641522620207 ] } },
{ "type": "Feature", "properties": { "loja_id": "AG01", "peso": 426.3379 }, "geometry": { "type": "Point", "coordinates": [ -46.682387465519668, -23.587889336266532 ] } },
{ "type": "Feature", "properties": { "loja_id": "AG08", "peso": 380.604756 }, "geometry": { "type": "Point", "coordinates": [ -46.693032721455793, -23.605048183806101 ] } },
{ "type": "Feature", "properties": { "loja_id": "AG03", "peso": 754.69071 }, "geometry": { "type": "Point", "coordinates": [ -46.694538207455061, -23.561281026630347 ] } },
{ "type": "Feature", "properties": { "loja_id": "AG03", "peso": 283.420577 }, "geometry": { "type": "Point", "coordinates": [ -46.690674328414296, -23.564772601424572 ] } },
{ "type": "Feature", "properties": { "loja_id": "AG09", "peso": 461.299345 }, "geometry": { "type": "Point", "coordinates": [ -46.641603717067547, -23.544971463951832 ] } },
{ "type": "Feature", "properties": { "loja_id": "AG10", "peso": 513.394011 }, "geometry": { "type": "Point", "coordinates": [ -46.677135416531556, -23.531534737340341 ] } },
{ "type": "Feature", "properties": { "loja_id": "AG02", "peso": 635.354286 }, "geometry": { "type": "Point", "coordinates": [ -46.654813048654454, -23.56264813663925 ] } },
{ "type": "Feature", "properties": { "loja_id": "AG11", "peso": 211.964777 }, "geometry": { "type": "Point", "coordinates": [ -46.70171394197336, -23.527439107250476 ] } },
{ "type": "Feature", "properties": { "loja_id": "AG15", "peso": 513.394011 }, "geometry": { "type": "Point", "coordinates": [ -46.706649496082363, -23.576716344496205 ] } },
{ "type": "Feature", "properties": { "loja_id": "AG11", "peso": 857.104758 }, "geometry": { "type": "Point", "coordinates": [ -46.704186692295536, -23.522490638152167 ] } },
{ "type": "Feature", "properties": { "loja_id": "AG01", "peso": 387.364356 }, "geometry": { "type": "Point", "coordinates": [ -46.688155656935841, -23.59073443750836 ] } },
{ "type": "Feature", "properties": { "loja_id": "AG09", "peso": 387.364356 }, "geometry": { "type": "Point", "coordinates": [ -46.640770164948698, -23.546470256980019 ] } },
{ "type": "Feature", "properties": { "loja_id": "AG15", "peso": 321.909469 }, "geometry": { "type": "Point", "coordinates": [ -46.706592930337663, -23.57613001277312 ] } },
{ "type": "Feature", "properties": { "loja_id": "AG03", "peso": 507.385734 }, "geometry": { "type": "Point", "coordinates": [ -46.688503012962499, -23.560443686762092 ] } },
{ "type": "Feature", "properties": { "loja_id": "AG09", "peso": 387.364356 }, "geometry": { "type": "Point", "coordinates": [ -46.651041319000868, -23.543815026783562 ] } },
{ "type": "Feature", "properties": { "loja_id": "AG03", "peso": 676.514312 }, "geometry": { "type": "Point", "coordinates": [ -46.686051506648667, -23.562547224792123 ] } },
{ "type": "Feature", "properties": { "loja_id": "AG01", "peso": 384.183858 }, "geometry": { "type": "Point", "coordinates": [ -46.681010813374385, -23.590577156165981 ] } },
{ "type": "Feature", "properties": { "loja_id": "AG04", "peso": 200.855592 }, "geometry": { "type": "Point", "coordinates": [ -46.636855546678262, -23.598896105598925 ] } },
{ "type": "Feature", "properties": { "loja_id": "AG15", "peso": 252.124849 }, "geometry": { "type": "Point", "coordinates": [ -46.708055754754625, -23.57182466716927 ] } },
{ "type": "Feature", "properties": { "loja_id": "AG14", "peso": 252.124849 }, "geometry": { "type": "Point", "coordinates": [ -46.771386373749777, -23.665540170775841 ] } },
{ "type": "Feature", "properties": { "loja_id": "AG08", "peso": 437.016404 }, "geometry": { "type": "Point", "coordinates": [ -46.694743201880939, -23.607756594785862 ] } },
{ "type": "Feature", "properties": { "loja_id": "AG01", "peso": 422.248322 }, "geometry": { "type": "Point", "coordinates": [ -46.688185432950213, -23.584638800474842 ] } },
{ "type": "Feature", "properties": { "loja_id": "AG08", "peso": 484.522632 }, "geometry": { "type": "Point", "coordinates": [ -46.693116206486323, -23.605444595859403 ] } },
{ "type": "Feature", "properties": { "loja_id": "AG14", "peso": 528.07369 }, "geometry": { "type": "Point", "coordinates": [ -46.771974115251211, -23.666960148080758 ] } },
{ "type": "Feature", "properties": { "loja_id": "AG02", "peso": 553.749453 }, "geometry": { "type": "Point", "coordinates": [ -46.657930041208523, -23.559671071830003 ] } },
{ "type": "Feature", "properties": { "loja_id": "AG08", "peso": 553.749453 }, "geometry": { "type": "Point", "coordinates": [ -46.692284441069795, -23.604008855946866 ] } },
{ "type": "Feature", "properties": { "loja_id": "AG01", "peso": 412.775814 }, "geometry": { "type": "Point", "coordinates": [ -46.687857725092705, -23.58276410112461 ] } },
{ "type": "Feature", "properties": { "loja_id": "AG02", "peso": 248.898692 }, "geometry": { "type": "Point", "coordinates": [ -46.654813048654454, -23.56264813663925 ] } },
{ "type": "Feature", "properties": { "loja_id": "AG01", "peso": 248.898692 }, "geometry": { "type": "Point", "coordinates": [ -46.678214514890229, -23.581803024608213 ] } },
{ "type": "Feature", "properties": { "loja_id": "AG03", "peso": 210.704097 }, "geometry": { "type": "Point", "coordinates": [ -46.69478854060204, -23.567048530045891 ] } },
{ "type": "Feature", "properties": { "loja_id": "AG03", "peso": 274.714365 }, "geometry": { "type": "Point", "coordinates": [ -46.696840259581109, -23.559756919216703 ] } },
{ "type": "Feature", "properties": { "loja_id": "AG02", "peso": 466.002789 }, "geometry": { "type": "Point", "coordinates": [ -46.654834787605168, -23.562819479493506 ] } },
{ "type": "Feature", "properties": { "loja_id": "AG15", "peso": 147.846373 }, "geometry": { "type": "Point", "coordinates": [ -46.708798522835671, -23.578498731601819 ] } },
{ "type": "Feature", "properties": { "loja_id": "AG08", "peso": 403.053955 }, "geometry": { "type": "Point", "coordinates": [ -46.691672660622167, -23.601387774606248 ] } },
{ "type": "Feature", "properties": { "loja_id": "AG10", "peso": 403.053955 }, "geometry": { "type": "Point", "coordinates": [ -46.67962150873808, -23.528329296783017 ] } },
{ "type": "Feature", "properties": { "loja_id": "AG09", "peso": 343.62024 }, "geometry": { "type": "Point", "coordinates": [ -46.650500373402402, -23.540497631987559 ] } },
{ "type": "Feature", "properties": { "loja_id": "AG04", "peso": 403.053955 }, "geometry": { "type": "Point", "coordinates": [ -46.63682746308195, -23.595844179100869 ] } },
{ "type": "Feature", "properties": { "loja_id": "AG08", "peso": 532.546374 }, "geometry": { "type": "Point", "coordinates": [ -46.690472223653188, -23.613988761747105 ] } },
{ "type": "Feature", "properties": { "loja_id": "AG01", "peso": 429.771503 }, "geometry": { "type": "Point", "coordinates": [ -46.683323488199591, -23.581386543481102 ] } },
{ "type": "Feature", "properties": { "loja_id": "AG14", "peso": 62.562151 }, "geometry": { "type": "Point", "coordinates": [ -46.779606402035384, -23.671685495002439 ] } },
{ "type": "Feature", "properties": { "loja_id": "AG01", "peso": 126.410808 }, "geometry": { "type": "Point", "coordinates": [ -46.681254121845164, -23.590448100794646 ] } },
{ "type": "Feature", "properties": { "loja_id": "AG07", "peso": 102.547831 }, "geometry": { "type": "Point", "coordinates": [ -46.623551808653424, -23.504271466211353 ] } },
{ "type": "Feature", "properties": { "loja_id": "AG08", "peso": 57.080688 }, "geometry": { "type": "Point", "coordinates": [ -46.695868969186272, -23.60461990163471 ] } },
{ "type": "Feature", "properties": { "loja_id": "AG02", "peso": 266.006164 }, "geometry": { "type": "Point", "coordinates": [ -46.655419310294384, -23.562560409343739 ] } },
{ "type": "Feature", "properties": { "loja_id": "AG05", "peso": 80.463403 }, "geometry": { "type": "Point", "coordinates": [ -46.592394287775313, -23.556391827017478 ] } },
{ "type": "Feature", "properties": { "loja_id": "AG09", "peso": 1069.717868 }, "geometry": { "type": "Point", "coordinates": [ -46.637867708426469, -23.538310368427471 ] } },
{ "type": "Feature", "properties": { "loja_id": "AG15", "peso": 690.900348 }, "geometry": { "type": "Point", "coordinates": [ -46.704711489692357, -23.571545338362068 ] } },
{ "type": "Feature", "properties": { "loja_id": "AG03", "peso": 414.988845 }, "geometry": { "type": "Point", "coordinates": [ -46.701493147710657, -23.568113063511522 ] } },
{ "type": "Feature", "properties": { "loja_id": "AG03", "peso": 104.313064 }, "geometry": { "type": "Point", "coordinates": [ -46.691225927269585, -23.564242854220026 ] } },
{ "type": "Feature", "properties": { "loja_id": "AG09", "peso": 275.619998 }, "geometry": { "type": "Point", "coordinates": [ -46.637080632826439, -23.541190290047755 ] } },
{ "type": "Feature", "properties": { "loja_id": "AG04", "peso": 246.096371 }, "geometry": { "type": "Point", "coordinates": [ -46.632546080636018, -23.585603779923485 ] } },
{ "type": "Feature", "properties": { "loja_id": "AG09", "peso": 426.169568 }, "geometry": { "type": "Point", "coordinates": [ -46.642620040378205, -23.543994493409357 ] } },
{ "type": "Feature", "properties": { "loja_id": "AG03", "peso": 246.096371 }, "geometry": { "type": "Point", "coordinates": [ -46.700845156727908, -23.564959629896723 ] } },
{ "type": "Feature", "properties": { "loja_id": "AG03", "peso": 426.169568 }, "geometry": { "type": "Point", "coordinates": [ -46.702326379220587, -23.565114985413171 ] } },
{ "type": "Feature", "properties": { "loja_id": "AG02", "peso": 369.234085 }, "geometry": { "type": "Point", "coordinates": [ -46.652728887756609, -23.557360531983228 ] } },
{ "type": "Feature", "properties": { "loja_id": "AG02", "peso": 517.487539 }, "geometry": { "type": "Point", "coordinates": [ -46.655456901481145, -23.556961268491772 ] } },
{ "type": "Feature", "properties": { "loja_id": "AG09", "peso": 400.073467 }, "geometry": { "type": "Point", "coordinates": [ -46.636161191017941, -23.546040206591147 ] } },
{ "type": "Feature", "properties": { "loja_id": "AG03", "peso": 324.05396 }, "geometry": { "type": "Point", "coordinates": [ -46.691214795059544, -23.567963379485384 ] } },
{ "type": "Feature", "properties": { "loja_id": "AG02", "peso": 331.35013 }, "geometry": { "type": "Point", "coordinates": [ -46.655056788336545, -23.562555239411914 ] } },
{ "type": "Feature", "properties": { "loja_id": "AG01", "peso": 202.338141 }, "geometry": { "type": "Point", "coordinates": [ -46.677196090576132, -23.583385266688456 ] } },
{ "type": "Feature", "properties": { "loja_id": "AG08", "peso": 335.39418 }, "geometry": { "type": "Point", "coordinates": [ -46.697104525691806, -23.616101641192074 ] } },
{ "type": "Feature", "properties": { "loja_id": "AG09", "peso": 215.547304 }, "geometry": { "type": "Point", "coordinates": [ -46.64552301045299, -23.53720916048491 ] } },
{ "type": "Feature", "properties": { "loja_id": "AG08", "peso": 100.853814 }, "geometry": { "type": "Point", "coordinates": [ -46.693732230023834, -23.609916782726977 ] } },
{ "type": "Feature", "properties": { "loja_id": "AG08", "peso": 389.047813 }, "geometry": { "type": "Point", "coordinates": [ -46.695817144808196, -23.61201607682419 ] } },
{ "type": "Feature", "properties": { "loja_id": "AG03", "peso": 16.949246 }, "geometry": { "type": "Point", "coordinates": [ -46.690049929224152, -23.572626555886231 ] } },
{ "type": "Feature", "properties": { "loja_id": "AG03", "peso": 15.425718 }, "geometry": { "type": "Point", "coordinates": [ -46.690049929224152, -23.572626555886231 ] } },
{ "type": "Feature", "properties": { "loja_id": "AG09", "peso": 641.199857 }, "geometry": { "type": "Point", "coordinates": [ -46.646428749227688, -23.540730415909479 ] } },
{ "type": "Feature", "properties": { "loja_id": "AG03", "peso": 867.675136 }, "geometry": { "type": "Point", "coordinates": [ -46.693793854307366, -23.567402517236541 ] } },
{ "type": "Feature", "properties": { "loja_id": "AG01", "peso": 304.296455 }, "geometry": { "type": "Point", "coordinates": [ -46.681007788925839, -23.591877525155802 ] } },
{ "type": "Feature", "properties": { "loja_id": "AG09", "peso": 501.078982 }, "geometry": { "type": "Point", "coordinates": [ -46.643149110116696, -23.538489461720928 ] } },
{ "type": "Feature", "properties": { "loja_id": "AG11", "peso": 372.145337 }, "geometry": { "type": "Point", "coordinates": [ -46.703768844192183, -23.518178817563154 ] } },
{ "type": "Feature", "properties": { "loja_id": "AG08", "peso": 453.504662 }, "geometry": { "type": "Point", "coordinates": [ -46.693772133268581, -23.604633764923008 ] } },
{ "type": "Feature", "properties": { "loja_id": "AG03", "peso": 467.090123 }, "geometry": { "type": "Point", "coordinates": [ -46.691278526747496, -23.570644626699615 ] } },
{ "type": "Feature", "properties": { "loja_id": "AG03", "peso": 501.078982 }, "geometry": { "type": "Point", "coordinates": [ -46.68669799349059, -23.567145573801206 ] } },
{ "type": "Feature", "properties": { "loja_id": "AG08", "peso": 470.81644 }, "geometry": { "type": "Point", "coordinates": [ -46.696162105520564, -23.613691894795053 ] } },
{ "type": "Feature", "properties": { "loja_id": "AG03", "peso": 379.591404 }, "geometry": { "type": "Point", "coordinates": [ -46.693594364738182, -23.567124758162954 ] } },
{ "type": "Feature", "properties": { "loja_id": "AG08", "peso": 557.287325 }, "geometry": { "type": "Point", "coordinates": [ -46.69761255910813, -23.612177048584481 ] } },
{ "type": "Feature", "properties": { "loja_id": "AG09", "peso": 767.807748 }, "geometry": { "type": "Point", "coordinates": [ -46.640672070432245, -23.543301660590672 ] } },
{ "type": "Feature", "properties": { "loja_id": "AG09", "peso": 283.677943 }, "geometry": { "type": "Point", "coordinates": [ -46.641986980964084, -23.538763610689148 ] } },
{ "type": "Feature", "properties": { "loja_id": "AG03", "peso": 772.161574 }, "geometry": { "type": "Point", "coordinates": [ -46.694370201311301, -23.566511285526296 ] } },
{ "type": "Feature", "properties": { "loja_id": "AG01", "peso": 436.131345 }, "geometry": { "type": "Point", "coordinates": [ -46.680101791776856, -23.594596363608943 ] } },
{ "type": "Feature", "properties": { "loja_id": "AG08", "peso": 452.021366 }, "geometry": { "type": "Point", "coordinates": [ -46.695780133970914, -23.603808167424532 ] } },
{ "type": "Feature", "properties": { "loja_id": "AG05", "peso": 770.297763 }, "geometry": { "type": "Point", "coordinates": [ -46.605001733117646, -23.559630524813532 ] } },
{ "type": "Feature", "properties": { "loja_id": "AG15", "peso": 228.147469 }, "geometry": { "type": "Point", "coordinates": [ -46.709801728718631, -23.574261637057148 ] } },
{ "type": "Feature", "properties": { "loja_id": "AG02", "peso": 63.556146 }, "geometry": { "type": "Point", "coordinates": [ -46.657072818197335, -23.560836079849473 ] } },
{ "type": "Feature", "properties": { "loja_id": "AG02", "peso": 23.977725 }, "geometry": { "type": "Point", "coordinates": [ -46.657072818197335, -23.560836079849473 ] } },
{ "type": "Feature", "properties": { "loja_id": "AG02", "peso": 23.977725 }, "geometry": { "type": "Point", "coordinates": [ -46.657072818197335, -23.560836079849473 ] } },
{ "type": "Feature", "properties": { "loja_id": "AG02", "peso": 82.980866 }, "geometry": { "type": "Point", "coordinates": [ -46.658423124701038, -23.564614370159273 ] } },
{ "type": "Feature", "properties": { "loja_id": "AG09", "peso": 91.136227 }, "geometry": { "type": "Point", "coordinates": [ -46.642786497885211, -23.544778369953328 ] } },
{ "type": "Feature", "properties": { "loja_id": "AG03", "peso": 112.018641 }, "geometry": { "type": "Point", "coordinates": [ -46.694045613443706, -23.568700107109692 ] } },
{ "type": "Feature", "properties": { "loja_id": "AG02", "peso": 168.311228 }, "geometry": { "type": "Point", "coordinates": [ -46.656267443205778, -23.561449687698801 ] } },
{ "type": "Feature", "properties": { "loja_id": "AG01", "peso": 168.311228 }, "geometry": { "type": "Point", "coordinates": [ -46.684028681845533, -23.591348140284005 ] } },
{ "type": "Feature", "properties": { "loja_id": "AG14", "peso": 168.311228 }, "geometry": { "type": "Point", "coordinates": [ -46.779209275204941, -23.67204221583167 ] } },
{ "type": "Feature", "properties": { "loja_id": "AG08", "peso": 371.709903 }, "geometry": { "type": "Point", "coordinates": [ -46.697013129576277, -23.609005029827006 ] } },
{ "type": "Feature", "properties": { "loja_id": "AG07", "peso": 211.405787 }, "geometry": { "type": "Point", "coordinates": [ -46.627771543919472, -23.509004484430047 ] } },
{ "type": "Feature", "properties": { "loja_id": "AG02", "peso": 381.082488 }, "geometry": { "type": "Point", "coordinates": [ -46.657072818197335, -23.560836079849473 ] } },
{ "type": "Feature", "properties": { "loja_id": "AG01", "peso": 456.887172 }, "geometry": { "type": "Point", "coordinates": [ -46.682998119785637, -23.583530206234322 ] } },
{ "type": "Feature", "properties": { "loja_id": "AG11", "peso": 185.857716 }, "geometry": { "type": "Point", "coordinates": [ -46.710155057440971, -23.525107111339636 ] } },
{ "type": "Feature", "properties": { "loja_id": "AG03", "peso": 842.411233 }, "geometry": { "type": "Point", "coordinates": [ -46.701852812346345, -23.566375351625833 ] } },
{ "type": "Feature", "properties": { "loja_id": "AG01", "peso": 959.023169 }, "geometry": { "type": "Point", "coordinates": [ -46.683345858182655, -23.580067904056037 ] } },
{ "type": "Feature", "properties": { "loja_id": "AG10", "peso": 435.938485 }, "geometry": { "type": "Point", "coordinates": [ -46.672547507108085, -23.530410194305531 ] } },
{ "type": "Feature", "properties": { "loja_id": "AG09", "peso": 885.795693 }, "geometry": { "type": "Point", "coordinates": [ -46.64552301045299, -23.53720916048491 ] } },
{ "type": "Feature", "properties": { "loja_id": "AG09", "peso": 1106.926135 }, "geometry": { "type": "Point", "coordinates": [ -46.640991108625293, -23.542964174309553 ] } },
{ "type": "Feature", "properties": { "loja_id": "AG11", "peso": 385.893579 }, "geometry": { "type": "Point", "coordinates": [ -46.707847344679067, -23.524617737229491 ] } },
{ "type": "Feature", "properties": { "loja_id": "AG03", "peso": 167.917375 }, "geometry": { "type": "Point", "coordinates": [ -46.702499623566993, -23.566395358008855 ] } },
{ "type": "Feature", "properties": { "loja_id": "AG09", "peso": 359.304818 }, "geometry": { "type": "Point", "coordinates": [ -46.635096747789667, -23.542339944991983 ] } },
{ "type": "Feature", "properties": { "loja_id": "AG03", "peso": 239.778583 }, "geometry": { "type": "Point", "coordinates": [ -46.697694563892171, -23.569825169964016 ] } },
{ "type": "Feature", "properties": { "loja_id": "AG08", "peso": 182.955424 }, "geometry": { "type": "Point", "coordinates": [ -46.696284889643522, -23.604958499127218 ] } },
{ "type": "Feature", "properties": { "loja_id": "AG11", "peso": 359.385743 }, "geometry": { "type": "Point", "coordinates": [ -46.703852578406433, -23.517076226662358 ] } },
{ "type": "Feature", "properties": { "loja_id": "AG03", "peso": 747.702732 }, "geometry": { "type": "Point", "coordinates": [ -46.694057276813851, -23.567318375278514 ] } },
{ "type": "Feature", "properties": { "loja_id": "AG15", "peso": 210.368093 }, "geometry": { "type": "Point", "coordinates": [ -46.712431617609937, -23.573085862017599 ] } },
{ "type": "Feature", "properties": { "loja_id": "AG15", "peso": 359.385743 }, "geometry": { "type": "Point", "coordinates": [ -46.707832200639004, -23.571204050926713 ] } },
{ "type": "Feature", "properties": { "loja_id": "AG15", "peso": 367.572522 }, "geometry": { "type": "Point", "coordinates": [ -46.705825578089083, -23.570575926883436 ] } },
{ "type": "Feature", "properties": { "loja_id": "AG15", "peso": 269.832836 }, "geometry": { "type": "Point", "coordinates": [ -46.705825578089083, -23.570575926883436 ] } },
{ "type": "Feature", "properties": { "loja_id": "AG15", "peso": 419.349442 }, "geometry": { "type": "Point", "coordinates": [ -46.705825578089083, -23.570575926883436 ] } },
{ "type": "Feature", "properties": { "loja_id": "AG12", "peso": 269.832836 }, "geometry": { "type": "Point", "coordinates": [ -46.639645046747603, -23.646663565638253 ] } },
{ "type": "Feature", "properties": { "loja_id": "AG08", "peso": 566.946042 }, "geometry": { "type": "Point", "coordinates": [ -46.696801033618677, -23.604709046753502 ] } },
{ "type": "Feature", "properties": { "loja_id": "AG01", "peso": 1410.45017 }, "geometry": { "type": "Point", "coordinates": [ -46.686209265805871, -23.57873651554716 ] } },
{ "type": "Feature", "properties": { "loja_id": "AG08", "peso": 497.796698 }, "geometry": { "type": "Point", "coordinates": [ -46.693032721455793, -23.605048183806101 ] } },
{ "type": "Feature", "properties": { "loja_id": "AG08", "peso": 425.513689 }, "geometry": { "type": "Point", "coordinates": [ -46.693123916834836, -23.605281970691028 ] } },
{ "type": "Feature", "properties": { "loja_id": "AG02", "peso": 387.528592 }, "geometry": { "type": "Point", "coordinates": [ -46.655753867256713, -23.561897639798858 ] } },
{ "type": "Feature", "properties": { "loja_id": "AG04", "peso": 425.513689 }, "geometry": { "type": "Point", "coordinates": [ -46.631817134565814, -23.591625598762764 ] } },
{ "type": "Feature", "properties": { "loja_id": "AG02", "peso": 1581.154427 }, "geometry": { "type": "Point", "coordinates": [ -46.655914266400515, -23.561408299167045 ] } },
{ "type": "Feature", "properties": { "loja_id": "AG09", "peso": 779.522958 }, "geometry": { "type": "Point", "coordinates": [ -46.63842164190509, -23.542702291555177 ] } },
{ "type": "Feature", "properties": { "loja_id": "AG15", "peso": 467.680582 }, "geometry": { "type": "Point", "coordinates": [ -46.704711489692357, -23.571545338362068 ] } },
{ "type": "Feature", "properties": { "loja_id": "AG15", "peso": 448.415631 }, "geometry": { "type": "Point", "coordinates": [ -46.717033833417112, -23.568393645931973 ] } },
{ "type": "Feature", "properties": { "loja_id": "AG03", "peso": 519.649702 }, "geometry": { "type": "Point", "coordinates": [ -46.690309751100799, -23.571494966869217 ] } },
{ "type": "Feature", "properties": { "loja_id": "AG11", "peso": 25.598453 }, "geometry": { "type": "Point", "coordinates": [ -46.700348747484981, -23.520275082355496 ] } },
{ "type": "Feature", "properties": { "loja_id": "AG02", "peso": 72.193282 }, "geometry": { "type": "Point", "coordinates": [ -46.658185494253722, -23.559731558799331 ] } },
{ "type": "Feature", "properties": { "loja_id": "AG08", "peso": 73.507023 }, "geometry": { "type": "Point", "coordinates": [ -46.696882949669273, -23.606505130699773 ] } },
{ "type": "Feature", "properties": { "loja_id": "AG07", "peso": 7.395801 }, "geometry": { "type": "Point", "coordinates": [ -46.6287376801261, -23.502366092515125 ] } },
{ "type": "Feature", "properties": { "loja_id": "AG06", "peso": 7.395801 }, "geometry": { "type": "Point", "coordinates": [ -46.574716212415339, -23.538601212869587 ] } },
{ "type": "Feature", "properties": { "loja_id": "AG02", "peso": 7.395801 }, "geometry": { "type": "Point", "coordinates": [ -46.652836228491346, -23.561242392039102 ] } },
{ "type": "Feature", "properties": { "loja_id": "AG09", "peso": 126.352613 }, "geometry": { "type": "Point", "coordinates": [ -46.648930989300432, -23.542672509463692 ] } },
{ "type": "Feature", "properties": { "loja_id": "AG11", "peso": 99.379225 }, "geometry": { "type": "Point", "coordinates": [ -46.709391900401513, -23.527436228901092 ] } },
{ "type": "Feature", "properties": { "loja_id": "AG08", "peso": 67.774043 }, "geometry": { "type": "Point", "coordinates": [ -46.693359230502146, -23.603003828766425 ] } },
{ "type": "Feature", "properties": { "loja_id": "AG02", "peso": 52.06511 }, "geometry": { "type": "Point", "coordinates": [ -46.655952366280822, -23.562103220475969 ] } },
{ "type": "Feature", "properties": { "loja_id": "AG01", "peso": 67.774043 }, "geometry": { "type": "Point", "coordinates": [ -46.68105700346262, -23.591895052646425 ] } },
{ "type": "Feature", "properties": { "loja_id": "AG03", "peso": 76.628943 }, "geometry": { "type": "Point", "coordinates": [ -46.693632755342165, -23.565535042361599 ] } },
{ "type": "Feature", "properties": { "loja_id": "AG03", "peso": 132.504073 }, "geometry": { "type": "Point", "coordinates": [ -46.689028397135104, -23.567057054712723 ] } },
{ "type": "Feature", "properties": { "loja_id": "AG08", "peso": 551.744632 }, "geometry": { "type": "Point", "coordinates": [ -46.697104525691806, -23.616101641192074 ] } },
{ "type": "Feature", "properties": { "loja_id": "AG11", "peso": 379.178932 }, "geometry": { "type": "Point", "coordinates": [ -46.707125774851079, -23.515749060772997 ] } },
{ "type": "Feature", "properties": { "loja_id": "AG11", "peso": 96.110867 }, "geometry": { "type": "Point", "coordinates": [ -46.708691064157883, -23.522459313407591 ] } },
{ "type": "Feature", "properties": { "loja_id": "AG11", "peso": 339.543343 }, "geometry": { "type": "Point", "coordinates": [ -46.700630223193933, -23.524651617086739 ] } },
{ "type": "Feature", "properties": { "loja_id": "AG08", "peso": 241.776696 }, "geometry": { "type": "Point", "coordinates": [ -46.693032721455793, -23.605048183806101 ] } },
{ "type": "Feature", "properties": { "loja_id": "AG01", "peso": 339.543343 }, "geometry": { "type": "Point", "coordinates": [ -46.686232735086286, -23.591306164058231 ] } },
{ "type": "Feature", "properties": { "loja_id": "AG08", "peso": 380.873227 }, "geometry": { "type": "Point", "coordinates": [ -46.691672660622167, -23.601387774606248 ] } },
{ "type": "Feature", "properties": { "loja_id": "AG01", "peso": 238.514597 }, "geometry": { "type": "Point", "coordinates": [ -46.674591140283958, -23.582709019536978 ] } },
{ "type": "Feature", "properties": { "loja_id": "AG08", "peso": 189.517555 }, "geometry": { "type": "Point", "coordinates": [ -46.692921351095819, -23.604769466569881 ] } },
{ "type": "Feature", "properties": { "loja_id": "AG03", "peso": 339.543343 }, "geometry": { "type": "Point", "coordinates": [ -46.690875451304798, -23.571299180375732 ] } },
{ "type": "Feature", "properties": { "loja_id": "AG09", "peso": 238.514597 }, "geometry": { "type": "Point", "coordinates": [ -46.645089955483897, -23.547273469600153 ] } },
{ "type": "Feature", "properties": { "loja_id": "AG10", "peso": 327.681335 }, "geometry": { "type": "Point", "coordinates": [ -46.681262192885747, -23.533359448020548 ] } },
{ "type": "Feature", "properties": { "loja_id": "AG11", "peso": 302.354898 }, "geometry": { "type": "Point", "coordinates": [ -46.701017737872839, -23.515942342308819 ] } },
{ "type": "Feature", "properties": { "loja_id": "AG11", "peso": 181.648838 }, "geometry": { "type": "Point", "coordinates": [ -46.711543517973183, -23.520396202223676 ] } },
{ "type": "Feature", "properties": { "loja_id": "AG03", "peso": 284.133888 }, "geometry": { "type": "Point", "coordinates": [ -46.702499623566993, -23.566395358008855 ] } },
{ "type": "Feature", "properties": { "loja_id": "AG11", "peso": 1318.528638 }, "geometry": { "type": "Point", "coordinates": [ -46.700936307532849, -23.521036223384836 ] } },
{ "type": "Feature", "properties": { "loja_id": "AG12", "peso": 552.783875 }, "geometry": { "type": "Point", "coordinates": [ -46.649040744225005, -23.640802665246682 ] } },
{ "type": "Feature", "properties": { "loja_id": "AG11", "peso": 245.209477 }, "geometry": { "type": "Point", "coordinates": [ -46.702280228933375, -23.522737253878077 ] } },
{ "type": "Feature", "properties": { "loja_id": "AG11", "peso": 490.410105 }, "geometry": { "type": "Point", "coordinates": [ -46.700936307532849, -23.521036223384836 ] } },
{ "type": "Feature", "properties": { "loja_id": "AG11", "peso": 245.209477 }, "geometry": { "type": "Point", "coordinates": [ -46.706641825308566, -23.522265074488967 ] } },
{ "type": "Feature", "properties": { "loja_id": "AG11", "peso": 139.894451 }, "geometry": { "type": "Point", "coordinates": [ -46.700461974950997, -23.521465821999239 ] } },
{ "type": "Feature", "properties": { "loja_id": "AG03", "peso": 346.131832 }, "geometry": { "type": "Point", "coordinates": [ -46.693461102765383, -23.568191761855921 ] } },
{ "type": "Feature", "properties": { "loja_id": "AG01", "peso": 69.0984 }, "geometry": { "type": "Point", "coordinates": [ -46.676860841991868, -23.589384893083729 ] } },
{ "type": "Feature", "properties": { "loja_id": "AG03", "peso": 59.691076 }, "geometry": { "type": "Point", "coordinates": [ -46.692181229093478, -23.569226104124166 ] } },
{ "type": "Feature", "properties": { "loja_id": "AG01", "peso": 75.728997 }, "geometry": { "type": "Point", "coordinates": [ -46.680831445091634, -23.591879433899699 ] } },
{ "type": "Feature", "properties": { "loja_id": "AG10", "peso": 41.294217 }, "geometry": { "type": "Point", "coordinates": [ -46.678380310178134, -23.530076484536512 ] } },
{ "type": "Feature", "properties": { "loja_id": "AG11", "peso": 137.704674 }, "geometry": { "type": "Point", "coordinates": [ -46.704639410512378, -23.52342481196758 ] } },
{ "type": "Feature", "properties": { "loja_id": "AG02", "peso": 105.111161 }, "geometry": { "type": "Point", "coordinates": [ -46.654832525218652, -23.562638899070219 ] } },
{ "type": "Feature", "properties": { "loja_id": "AG15", "peso": 149.408022 }, "geometry": { "type": "Point", "coordinates": [ -46.710512763605713, -23.575454806118415 ] } },
{ "type": "Feature", "properties": { "loja_id": "AG09", "peso": 252.128048 }, "geometry": { "type": "Point", "coordinates": [ -46.639149936816729, -23.536662378884845 ] } },
{ "type": "Feature", "properties": { "loja_id": "AG15", "peso": 521.348184 }, "geometry": { "type": "Point", "coordinates": [ -46.713843956797277, -23.568681696808682 ] } },
{ "type": "Feature", "properties": { "loja_id": "AG11", "peso": 836.740839 }, "geometry": { "type": "Point", "coordinates": [ -46.702388427958418, -23.527341429048445 ] } },
{ "type": "Feature", "properties": { "loja_id": "AG04", "peso": 521.348184 }, "geometry": { "type": "Point", "coordinates": [ -46.636503341866486, -23.592623796647683 ] } },
{ "type": "Feature", "properties": { "loja_id": "AG09", "peso": 309.914035 }, "geometry": { "type": "Point", "coordinates": [ -46.644113170815608, -23.543554294366164 ] } },
{ "type": "Feature", "properties": { "loja_id": "AG15", "peso": 573.077365 }, "geometry": { "type": "Point", "coordinates": [ -46.70918008185609, -23.570891240328173 ] } },
{ "type": "Feature", "properties": { "loja_id": "AG09", "peso": 739.350119 }, "geometry": { "type": "Point", "coordinates": [ -46.640473395046037, -23.54702423507668 ] } },
{ "type": "Feature", "properties": { "loja_id": "AG09", "peso": 573.077365 }, "geometry": { "type": "Point", "coordinates": [ -46.640473395046037, -23.54702423507668 ] } },
{ "type": "Feature", "properties": { "loja_id": "AG03", "peso": 1036.047749 }, "geometry": { "type": "Point", "coordinates": [ -46.691769214749726, -23.570711526438409 ] } },
{ "type": "Feature", "properties": { "loja_id": "AG08", "peso": 234.514762 }, "geometry": { "type": "Point", "coordinates": [ -46.696378765309241, -23.615296873574017 ] } },
{ "type": "Feature", "properties": { "loja_id": "AG02", "peso": 527.521882 }, "geometry": { "type": "Point", "coordinates": [ -46.659229027199316, -23.569500141617247 ] } },
{ "type": "Feature", "properties": { "loja_id": "AG04", "peso": 403.043975 }, "geometry": { "type": "Point", "coordinates": [ -46.638194255036005, -23.581236882182054 ] } },
{ "type": "Feature", "properties": { "loja_id": "AG15", "peso": 848.478101 }, "geometry": { "type": "Point", "coordinates": [ -46.708233704780334, -23.571949131742407 ] } },
{ "type": "Feature", "properties": { "loja_id": "AG09", "peso": 426.341099 }, "geometry": { "type": "Point", "coordinates": [ -46.6487685455293, -23.539071154680066 ] } },
{ "type": "Feature", "properties": { "loja_id": "AG03", "peso": 393.313561 }, "geometry": { "type": "Point", "coordinates": [ -46.685131024984656, -23.565645510312294 ] } },
{ "type": "Feature", "properties": { "loja_id": "AG11", "peso": 1044.510466 }, "geometry": { "type": "Point", "coordinates": [ -46.701762125788314, -23.519762979681662 ] } },
{ "type": "Feature", "properties": { "loja_id": "AG09", "peso": 335.59931 }, "geometry": { "type": "Point", "coordinates": [ -46.638553101753885, -23.541454725656326 ] } },
{ "type": "Feature", "properties": { "loja_id": "AG09", "peso": 473.80286 }, "geometry": { "type": "Point", "coordinates": [ -46.639019994092372, -23.538821989889584 ] } },
{ "type": "Feature", "properties": { "loja_id": "AG04", "peso": 390.601079 }, "geometry": { "type": "Point", "coordinates": [ -46.627996423628915, -23.586121105830003 ] } },
{ "type": "Feature", "properties": { "loja_id": "AG02", "peso": 295.355816 }, "geometry": { "type": "Point", "coordinates": [ -46.655598760640856, -23.558901256973339 ] } },
{ "type": "Feature", "properties": { "loja_id": "AG02", "peso": 390.601079 }, "geometry": { "type": "Point", "coordinates": [ -46.654769239677975, -23.554458184338415 ] } },
{ "type": "Feature", "properties": { "loja_id": "AG11", "peso": 416.776313 }, "geometry": { "type": "Point", "coordinates": [ -46.704771652460401, -23.521527040436482 ] } },
{ "type": "Feature", "properties": { "loja_id": "AG09", "peso": 536.615768 }, "geometry": { "type": "Point", "coordinates": [ -46.647285698883323, -23.542689942518418 ] } },
{ "type": "Feature", "properties": { "loja_id": "AG08", "peso": 390.601079 }, "geometry": { "type": "Point", "coordinates": [ -46.69456798685421, -23.60251204583307 ] } },
{ "type": "Feature", "properties": { "loja_id": "AG08", "peso": 409.174047 }, "geometry": { "type": "Point", "coordinates": [ -46.69456798685421, -23.60251204583307 ] } },
{ "type": "Feature", "properties": { "loja_id": "AG11", "peso": 466.023367 }, "geometry": { "type": "Point", "coordinates": [ -46.713389675709536, -23.523816352636096 ] } },
{ "type": "Feature", "properties": { "loja_id": "AG01", "peso": 207.131893 }, "geometry": { "type": "Point", "coordinates": [ -46.673434651078708, -23.584997078658539 ] } },
{ "type": "Feature", "properties": { "loja_id": "AG11", "peso": 386.182393 }, "geometry": { "type": "Point", "coordinates": [ -46.703958113706875, -23.522231267494249 ] } },
{ "type": "Feature", "properties": { "loja_id": "AG11", "peso": 363.869012 }, "geometry": { "type": "Point", "coordinates": [ -46.703958113706875, -23.522231267494249 ] } },
{ "type": "Feature", "properties": { "loja_id": "AG03", "peso": 264.487685 }, "geometry": { "type": "Point", "coordinates": [ -46.690107863477721, -23.571795156194586 ] } },
{ "type": "Feature", "properties": { "loja_id": "AG08", "peso": 947.595781 }, "geometry": { "type": "Point", "coordinates": [ -46.693226626013043, -23.612513924665251 ] } },
{ "type": "Feature", "properties": { "loja_id": "AG04", "peso": 1276.481091 }, "geometry": { "type": "Point", "coordinates": [ -46.635140071577133, -23.595681352134033 ] } },
{ "type": "Feature", "properties": { "loja_id": "AG01", "peso": 493.887196 }, "geometry": { "type": "Point", "coordinates": [ -46.683114351080121, -23.591105209472396 ] } },
{ "type": "Feature", "properties": { "loja_id": "AG03", "peso": 517.790746 }, "geometry": { "type": "Point", "coordinates": [ -46.689234046571549, -23.573177233703962 ] } },
{ "type": "Feature", "properties": { "loja_id": "AG01", "peso": 130.502377 }, "geometry": { "type": "Point", "coordinates": [ -46.677982516641691, -23.586672770719044 ] } },
{ "type": "Feature", "properties": { "loja_id": "AG01", "peso": 363.869012 }, "geometry": { "type": "Point", "coordinates": [ -46.682776242914031, -23.585338632889727 ] } },
{ "type": "Feature", "properties": { "loja_id": "AG11", "peso": 459.544726 }, "geometry": { "type": "Point", "coordinates": [ -46.703654399821922, -23.517656323260582 ] } },
{ "type": "Feature", "properties": { "loja_id": "AG15", "peso": 264.487685 }, "geometry": { "type": "Point", "coordinates": [ -46.704632891434194, -23.572286665331379 ] } },
{ "type": "Feature", "properties": { "loja_id": "AG01", "peso": 51.934967 }, "geometry": { "type": "Point", "coordinates": [ -46.686046166166911, -23.585908190106203 ] } }
]
}
