{
"type": "FeatureCollection",
"name": "setores_lojas",
"crs": { "type": "name", "properties": { "name": "urn:ogc:def:crs:OGC:1.3:CRS84" } },
"features": [
{ "type": "Feature", "properties": { "loja_id": "AG13", "CD_SETOR": "355030805000005", "fracao": 0.062557636968355174, "pop": 584, "domicilios": 211, "renda_resp": 2495.68, "classe_pof": "47560" }, "geometry": { "type": "Polygon", "coordinates": [ [ [ -46.477428708112541, -23.541725329896739 ], [ -46.477281599999969, -23.542326299999953 ], [ -46.478377987046954, -23.542127753275544 ], [ -46.477912, -23.541999 ], [ -46.477428708112541, -23.541725329896739 ] ] ] } },
{ "type": "Feature", "properties": { "loja_id": "AG13", "CD_SETOR": "355030805000013", "fracao": 0.57776712428250376, "pop": 369, "domicilios": 137, "renda_resp": 3027.14, "classe_pof": "47560" }, "geometry": { "type": "Polygon", "coordinates": [ [ [ -46.47502065107556, -23.537995555071952 ], [ -46.474193, -23.539327 ], [ -46.473602199999959, -23.53983379999994 ], [ -46.474685199999954, -23.54090089999994 ], [ -46.475211899999977, -23.53899669999992 ], [ -46.475350074469461, -23.538924805658027 ], [ -46.475233, -23.538766 ], [ -46.47502065107556, -23.537995555071952 ] ] ] } },
{ "type": "Feature", "properties": { "loja_id": "AG13", "CD_SETOR": "355030805000014", "fracao": 0.43559232714561225, "pop": 595, "domicilios": 220, "renda_resp": 2905.3, "classe_pof": "47560" }, "geometry": { "type": "Polygon", "coordinates": [ [ [ -46.475660399999981, -23.541805699999941 ], [ -46.476455099999953, -23.542277499999951 ], [ -46.476886499999978, -23.542355499999928 ], [ -46.477281599999969, -23.542326299999953 ], [ -46.477428708112541, -23.541725329896739 ], [ -46.476999, -23.541482 ], [ -46.476437, -23.540999 ], [ -46.476288530395401, -23.5404957153849 ], [ -46.475971299999969, -23.541675399999974 ], [ -46.475851299999931, -23.541808299999953 ], [ -46.475660399999981, -23.541805699999941 ] ] ] } },
{ "type": "Feature", "properties": { "loja_id": "AG13", "CD_SETOR": "355030805000147", "fracao": 0.71869605598449349, "pop": 315, "domicilios": 108, "renda_resp": 3581.0, "classe_pof": "47560" }, "geometry": { "type": "Polygon", "coordinates": [ [ [ -46.475660399999981, -23.541805699999941 ], [ -46.475851299999931, -23.541808299999953 ], [ -46.475971299999969, -23.541675399999974 ], [ -46.476288530395401, -23.5404957153849 ], [ -46.476142, -23.539999 ], [ -46.475350074469461, -23.538924805658027 ], [ -46.475211899999977, -23.53899669999992 ], [ -46.474685199999954, -23.54090089999994 ], [ -46.475660399999981, -23.541805699999941 ] ] ] } },
{ "type": "Feature", "properties": { "loja_id": "AG13", "CD_SETOR": "355030805000179", "fracao": 0.062586648325182348, "pop": 0, "domicilios": 0, "renda_resp": null, "classe_pof": null }, "geometry": { "type": "Polygon", "coordinates": [ [ [ -46.479025499999977, -23.542515499999979 ], [ -46.480130984160063, -23.542251735013949 ], [ -46.48052, -23.541999 ], [ -46.479594, -23.541999 ], [ -46.479414, -23.542414 ], [ -46.479165313584176, -23.542345289575351 ], [ -46.479025499999977, -23.542515499999979 ] ] ] } },
{ "type": "Feature", "properties": { "loja_id": "AG13", "CD_SETOR": "355030805000182", "fracao": 0.10709615451255981, "pop": 525, "domicilios": 208, "renda_resp": 3192.01, "classe_pof": "47560" }, "geometry": { "type": "Polygon", "coordinates": [ [ [ -46.47965454777583, -23.542816035523465 ], [ -46.478805499999972, -23.543102299999926 ], [ -46.478823099999943, -23.543488899999929 ], [ -46.47860959999997, -23.543483499999986 ], [ -46.478605469034385, -23.543659166734514 ], [ -46.479702, -23.542999 ], [ -46.47965454777583, -23.542816035523465 ] ] ] } },
{ "type": "Feature", "properties": { "loja_id": "AG13", "CD_SETOR": "355030805000183", "fracao": 0.73734123976129717, "pop": 0, "domicilios": 0, "renda_resp": null, "classe_pof": null }, "geometry": { "type": "Polygon", "coordinates": [ [ [ -46.480130984160063, -23.542251735013949 ], [ -46.479025499999977, -23.542515499999979 ], [ -46.479165313584176, -23.542345289575351 ], [ -46.478377987046954, -23.542127753275544 ], [ -46.47702959999998, -23.542348199999939 ], [ -46.476455099999953, -23.542277499999951 ], [ -46.476155, -23.542158299999986 ], [ -46.475660399999981, -23.541805699999941 ], [ -46.473602199999959, -23.53983379999994 ], [ -46.473304, -23.540109 ], [ -46.473261, -23.540549 ], [ -46.474221, -23.543167 ], [ -46.474494, -23.543521 ], [ -46.474954, -23.543835 ], [ -46.475668, -23.544542 ], [ -46.476616073860498, -23.545849003683756 ], [ -46.476999, -23.545553 ], [ -46.478041, -23.543999 ], [ -46.478605469034385, -23.543659166734514 ], [ -46.47860959999997, -23.543483499999986 ], [ -46.478823099999943, -23.543488899999929 ], [ -46.478805499999972, -23.543102299999926 ], [ -46.47965454777583, -23.542816035523465 ], [ -46.479598, -23.542598 ], [ -46.480130984160063, -23.542251735013949 ] ] ] } },
{ "type": "Feature", "properties": { "loja_id": "AG10", "CD_SETOR": "355030806000017", "fracao": 1.0, "pop": 144, "domicilios": 68, "renda_resp": 6314.02, "classe_pof": "47561" }, "geometry": { "type": "Polygon", "coordinates": [ [ [ -46.675097, -23.530192 ], [ -46.673482, -23.531589 ], [ -46.673634, -23.531816 ], [ -46.677355599999949, -23.529629899999971 ], [ -46.676964, -23.529435 ], [ -46.676035799999966, -23.528732499999926 ], [ -46.675929, -23.528808 ], [ -46.675097, -23.530192 ] ] ] } },
{ "type": "Feature", "properties": { "loja_id": "AG10", "CD_SETOR": "355030806000018", "fracao": 0.33905796969317059, "pop": 301, "domicilios": 155, "renda_resp": 7938.26, "classe_pof": "47561" }, "geometry": { "type": "Polygon", "coordinates": [ [ [ -46.675737, -23.52768 ], [ -46.67679, -23.528345 ], [ -46.676437, -23.52903 ], [ -46.676964, -23.529435 ], [ -46.677355599999949, -23.529629899999971 ], [ -46.678802, -23.528895 ], [ -46.680330640078182, -23.527854830936771 ], [ -46.680263, -23.527736 ], [ -46.678999, -23.52752 ], [ -46.677999, -23.528093 ], [ -46.676999, -23.527194 ], [ -46.675909438076488, -23.527458767126937 ], [ -46.675737, -23.52768 ] ] ] } },
{ "type": "Feature", "properties": { "loja_id": "AG10", "CD_SETOR": "355030806000023", "fracao": 1.0, "pop": 315, "domicilios": 151, "renda_resp": 8562.11, "classe_pof": "47562" }, "geometry": { "type": "Polygon", "coordinates": [ [ [ -46.675305, -23.528236 ], [ -46.676437, -23.52903 ], [ -46.67679, -23.528345 ], [ -46.675737, -23.52768 ], [ -46.675305, -23.528236 ] ] ] } },
{ "type": "Feature", "properties": { "loja_id": "AG10", "CD_SETOR": "355030806000046", "fracao": 0.99420462814394528, "pop": 238, "domicilios": 104, "renda_resp": 18050.5, "classe_pof": "47563" }, "geometry": { "type": "Polygon", "coordinates": [ [ [ -46.672399, -23.529963 ], [ -46.673482, -23.531589 ], [ -46.674597, -23.530671 ], [ -46.673778712236469, -23.529337908998684 ], [ -46.673484696921868, -23.529367356162989 ], [ -46.672399, -23.529963 ] ] ] } },
{ "type": "Feature", "properties": { "loja_id": "AG10", "CD_SETOR": "355030806000077", "fracao": 0.22938215638734277, "pop": 65, "domicilios": 25, "renda_resp": 6274.24, "classe_pof": "47561" }, "geometry": { "type": "Polygon", "coordinates": [ [ [ -46.670129967628398, -23.532824047941968 ], [ -46.67288, -23.532284 ], [ -46.673634, -23.531816 ], [ -46.671973543486367, -23.529331484416641 ], [ -46.67177, -23.529999 ], [ -46.672276, -23.530999 ], [ -46.670801, -23.531801 ], [ -46.670494, -23.532494 ], [ -46.670129967628398, -23.532824047941968 ] ] ] } },
{ "type": "Feature", "properties": { "loja_id": "AG10", "CD_SETOR": "355030806000082", "fracao": 0.022768585187542149, "pop": 311, "domicilios": 106, "renda_resp": 20107.55, "classe_pof": "47563" }, "geometry": { "type": "Polygon", "coordinates": [ [ [ -46.673484696921868, -23.529367356162989 ], [ -46.673023820627542, -23.52941351418561 ], [ -46.67312, -23.529568 ], [ -46.673484696921868, -23.529367356162989 ] ] ] } },
{ "type": "Feature", "properties": { "loja_id": "AG10", "CD_SETOR": "355030806000083", "fracao": 0.8582117264774517, "pop": 193, "domicilios": 112, "renda_resp": 10595.46, "classe_pof": "47562" }, "geometry": { "type": "Polygon", "coordinates": [ [ [ -46.674597, -23.530671 ], [ -46.675104, -23.530182 ], [ -46.67441466403907, -23.529094501500715 ], [ -46.674287, -23.529287 ], [ -46.673778712236469, -23.529337908998684 ], [ -46.674597, -23.530671 ] ] ] } },
{ "type": "Feature", "properties": { "loja_id": "AG10", "CD_SETOR": "355030806000084", "fracao": 0.86574048227016653, "pop": 271, "domicilios": 122, "renda_resp": 12829.47, "classe_pof": "47563" }, "geometry": { "type": "Polygon", "coordinates": [ [ [ -46.67441466403907, -23.529094501500715 ], [ -46.675104, -23.530182 ], [ -46.675929, -23.528808 ], [ -46.676035799999966, -23.528732499999926 ], [ -46.674649016199623, -23.527844425928169 ], [ -46.67432, -23.527999 ], [ -46.674478, -23.528999 ], [ -46.67441466403907, -23.529094501500715 ] ] ] } },
{ "type": "Feature", "properties": { "loja_id": "AG10", "CD_SETOR": "355030806000133", "fracao": 0.021903233486494478, "pop": 303, "domicilios": 126, "renda_resp": 13076.89, "classe_pof": "47563" }, "geometry": { "type": "Polygon", "coordinates": [ [ [ -46.675909438076488, -23.527458767126937 ], [ -46.675531902933479, -23.527550507408339 ], [ -46.675737, -23.52768 ], [ -46.675909438076488, -23.527458767126937 ] ] ] } },
{ "type": "Feature", "properties": { "loja_id": "AG10", "CD_SETOR": "355030806000142", "fracao": 0.010376652457074953, "pop": 0, "domicilios": 0, "renda_resp": null, "classe_pof": null }, "geometry": { "type": "Polygon", "coordinates": [ [ [ -46.674649016199623, -23.527844425928169 ], [ -46.675305, -23.528236 ], [ -46.675737, -23.52768 ], [ -46.675531902933479, -23.527550507408339 ], [ -46.674649016199623, -23.527844425928169 ] ] ] } },
{ "type": "Feature", "properties": { "loja_id": "AG10", "CD_SETOR": "355030806000143", "fracao": 0.022411798839693992, "pop": 136, "domicilios": 41, "renda_resp": 11435.92, "classe_pof": "47562" }, "geometry": { "type": "Polygon", "coordinates": [ [ [ -46.672399, -23.529963 ], [ -46.67312, -23.529568 ], [ -46.673023820627542, -23.52941351418561 ], [ -46.671999, -23.529248 ], [ -46.671973543486367, -23.529331484416641 ], [ -46.672399, -23.529963 ] ] ] } },
{ "type": "Feature", "properties": { "loja_id": "AG02", "CD_SETOR": "355030807000058", "fracao": 0.30645373639026341, "pop": 417, "domicilios": 187, "renda_resp": 12685.91, "classe_pof": "47563" }, "geometry": { "type": "Polygon", "coordinates": [ [ [ -46.652777, -23.562679 ], [ -46.652528299999972, -23.562403 ], [ -46.652244565772513, -23.562630145888964 ], [ -46.652317, -23.562982 ], [ -46.652366358812429, -23.563022466590759 ], [ -46.652777, -23.562679 ] ] ] } },
{ "type": "Feature", "properties": { "loja_id": "AG02", "CD_SETOR": "355030807000063", "fracao": 0.11397803144735004, "pop": 383, "domicilios": 196, "renda_resp": 5341.12, "classe_pof": "47561" }, "geometry": { "type": "Polygon", "coordinates": [ [ [ -46.649961099999985, -23.557978099999954 ], [ -46.650114899999949, -23.557807099999938 ], [ -46.649722, -23.55749 ], [ -46.649692431387763, -23.55782261316504 ], [ -46.65000427558742, -23.558035873341172 ], [ -46.649961099999985, -23.557978099999954 ] ] ] } },
{ "type": "Feature", "properties": { "loja_id": "AG02", "CD_SETOR": "355030807000065", "fracao": 0.053737089156282572, "pop": 327, "domicilios": 160, "renda_resp": 5494.63, "classe_pof": "47561" }, "geometry": { "type": "Polygon", "coordinates": [ [ [ -46.650574131793007, -23.558177187325015 ], [ -46.650114899999949, -23.557807099999938 ], [ -46.649961099999985, -23.557978099999954 ], [ -46.650158, -23.558141 ], [ -46.650574131793007, -23.558177187325015 ] ] ] } },
{ "type": "Feature", "properties": { "loja_id": "AG02", "CD_SETOR": "355030807000083", "fracao": 0.99999999999999989, "pop": 341, "domicilios": 189, "renda_resp": 4611.61, "classe_pof": "47560" }, "geometry": { "type": "Polygon", "coordinates": [ [ [ -46.653141499999947, -23.55891209999993 ], [ -46.653594, -23.558520699999971 ], [ -46.653230599999972, -23.558162399999958 ], [ -46.65287109999997, -23.558778299999961 ], [ -46.653141499999947, -23.55891209999993 ] ] ] } },
{ "type": "Feature", "properties": { "loja_id": "AG02", "CD_SETOR": "355030807000084", "fracao": 1.0, "pop": 219, "domicilios": 136, "renda_resp": 6114.68, "classe_pof": "47561" }, "geometry": { "type": "Polygon", "coordinates": [ [ [ -46.653313399999945, -23.559135099999924 ], [ -46.65339709999995, -23.559082399999962 ], [ -46.653452099999981, -23.559181099999936 ], [ -46.653872, -23.558913099999931 ], [ -46.653594, -23.558520699999971 ], [ -46.653141499999947, -23.55891209999993 ], [ -46.653313399999945, -23.559135099999924 ] ] ] } },
{ "type": "Feature", "properties": { "loja_id": "AG02", "CD_SETOR": "355030807000088", "fracao": 1.0, "pop": 280, "domicilios": 168, "renda_resp": 5114.93, "classe_pof": "47561" }, "geometry": { "type": "Polygon", "coordinates": [ [ [ -46.65287109999997, -23.558778299999961 ], [ -46.653230599999972, -23.558162399999958 ], [ -46.653003399999932, -23.557956199999978 ], [ -46.652599599999974, -23.558644 ], [ -46.65287109999997, -23.558778299999961 ] ] ] } },
{ "type": "Feature", "properties": { "loja_id": "AG02", "CD_SETOR": "355030807000091", "fracao": 0.19324832540580295, "pop": 556, "domicilios": 238, "renda_resp": 3799.18, "classe_pof": "47560" }, "geometry": { "type": "Polygon", "coordinates": [ [ [ -46.648330499999986, -23.554963099999952 ], [ -46.648771, -23.554796 ], [ -46.648545350545817, -23.554434725253405 ], [ -46.648306870830986, -23.554912466152352 ], [ -46.648330499999986, -23.554963099999952 ] ] ] } },
{ "type": "Feature", "properties": { "loja_id": "AG02", "CD_SETOR": "355030807000100", "fracao": 1.0, "pop": 146, "domicilios": 102, "renda_resp": 7427.39, "classe_pof": "47561" }, "geometry": { "type": "Polygon", "coordinates": [ [ [ -46.655389099999979, -23.557550399999975 ], [ -46.655449, -23.557113 ], [ -46.655131, -23.557032299999943 ], [ -46.655020499999978, -23.557477299999963 ], [ -46.655389099999979, -23.557550399999975 ] ] ] } },
{ "type": "Feature", "properties": { "loja_id": "AG02", "CD_SETOR": "355030807000110", "fracao": 1.0, "pop": 249, "domicilios": 145, "renda_resp": 4727.15, "classe_pof": "47560" }, "geometry": { "type": "Polygon", "coordinates": [ [ [ -46.650275, -23.555844 ], [ -46.650700699999959, -23.55587009999994 ], [ -46.650903299999982, -23.555352199999962 ], [ -46.650638899999933, -23.555321099999947 ], [ -46.650588499999969, -23.55545989999996 ], [ -46.6504212, -23.555536799999974 ], [ -46.650275, -23.555844 ] ] ] } },
{ "type": "Feature", "properties": { "loja_id": "AG02", "CD_SETOR": "355030807000112", "fracao": 0.49242003354208186, "pop": 265, "domicilios": 123, "renda_resp": 4634.16, "classe_pof": "47560" }, "geometry": { "type": "Polygon", "coordinates": [ [ [ -46.649977699999972, -23.554638899999926 ], [ -46.650032920444602, -23.554528800332204 ], [ -46.649456743949798, -23.554303802615266 ], [ -46.649381699999935, -23.554422599999953 ], [ -46.649977699999972, -23.554638899999926 ] ] ] } },
{ "type": "Feature", "properties": { "loja_id": "AG02", "CD_SETOR": "355030807000113", "fracao": 0.32788264050052779, "pop": 272, "domicilios": 160, "renda_resp": 4234.96, "classe_pof": "47560" }, "geometry": { "type": "Polygon", "coordinates": [ [ [ -46.649381699999935, -23.554422599999953 ], [ -46.649456743949798, -23.554303802615266 ], [ -46.649080544810751, -23.554156894727218 ], [ -46.649126, -23.554320399999927 ], [ -46.649381699999935, -23.554422599999953 ] ] ] } },
{ "type": "Feature", "properties": { "loja_id": "AG02", "CD_SETOR": "355030807000122", "fracao": 1.0, "pop": 150, "domicilios": 78, "renda_resp": 13997.24, "classe_pof": "47563" }, "geometry": { "type": "Polygon", "coordinates": [ [ [ -46.65621, -23.557752 ], [ -46.65614439999996, -23.557339499999959 ], [ -46.655839199999946, -23.557418699999968 ], [ -46.65595019999995, -23.557916799999933 ], [ -46.65621, -23.557752 ] ] ] } },
{ "type": "Feature", "properties": { "loja_id": "AG02", "CD_SETOR": "355030807000125", "fracao": 1.0, "pop": 284, "domicilios": 147, "renda_resp": 8192.38, "classe_pof": "47561" }, "geometry": { "type": "Polygon", "coordinates": [ [ [ -46.654302199999961, -23.556289099999962 ], [ -46.654498, -23.555746 ], [ -46.654152, -23.555643599999932 ], [ -46.653983899999957, -23.556182599999936 ], [ -46.654302199999961, -23.556289099999962 ] ] ] } },
{ "type": "Feature", "properties": { "loja_id": "AG02", "CD_SETOR": "355030807000126", "fracao": 0.99999999999999989, "pop": 167, "domicilios": 91, "renda_resp": 7670.11, "classe_pof": "47561" }, "geometry": { "type": "Polygon", "coordinates": [ [ [ -46.65248, -23.556296399999944 ], [ -46.653038299999935, -23.556448399999962 ], [ -46.653187299999956, -23.55593869999996 ], [ -46.65263589999995, -23.55578259999993 ], [ -46.65248, -23.556296399999944 ] ] ] } },
{ "type": "Feature", "properties": { "loja_id": "AG09", "CD_SETOR": "355030807000134", "fracao": 0.0006563376500422969, "pop": 315, "domicilios": 167, "renda_resp": 6914.49, "classe_pof": "47561" }, "geometry": { "type": "Polygon", "coordinates": [ [ [ -46.646379, -23.550856 ], [ -46.646309863695222, -23.550836368362539 ], [ -46.646500324749503, -23.550893913995289 ], [ -46.646379, -23.550856 ] ] ] } },
{ "type": "Feature", "properties": { "loja_id": "AG02", "CD_SETOR": "355030807000137", "fracao": 0.89091736567035973, "pop": 397, "domicilios": 197, "renda_resp": 3847.64, "classe_pof": "47560" }, "geometry": { "type": "Polygon", "coordinates": [ [ [ -46.648265597042958, -23.554995148614889 ], [ -46.648064, -23.555399 ], [ -46.648191460960334, -23.555651652085036 ], [ -46.649441, -23.555761 ], [ -46.649414, -23.555621 ], [ -46.649491, -23.555457 ], [ -46.648771, -23.554796 ], [ -46.648265597042958, -23.554995148614889 ] ] ] } },
{ "type": "Feature", "properties": { "loja_id": "AG02", "CD_SETOR": "355030807000139", "fracao": 1.0, "pop": 132, "domicilios": 109, "renda_resp": 3884.81, "classe_pof": "47560" }, "geometry": { "type": "Polygon", "coordinates": [ [ [ -46.651799299999936, -23.556114 ], [ -46.65248, -23.556296399999944 ], [ -46.65263589999995, -23.55578259999993 ], [ -46.651989499999956, -23.555594699999972 ], [ -46.651799299999936, -23.556114 ] ] ] } },
{ "type": "Feature", "properties": { "loja_id": "AG02", "CD_SETOR": "355030807000143", "fracao": 0.99999999999999978, "pop": 86, "domicilios": 57, "renda_resp": 6655.33, "classe_pof": "47561" }, "geometry": { "type": "Polygon", "coordinates": [ [ [ -46.655152699999974, -23.556534699999929 ], [ -46.655075299999964, -23.556818699999955 ], [ -46.655479, -23.556901 ], [ -46.655499, -23.556015 ], [ -46.655056699999932, -23.555906799999953 ], [ -46.654887799999983, -23.55646169999995 ], [ -46.655152699999974, -23.556534699999929 ] ] ] } },
{ "type": "Feature", "properties": { "loja_id": "AG02", "CD_SETOR": "355030807000144", "fracao": 1.0, "pop": 129, "domicilios": 103, "renda_resp": 7482.61, "classe_pof": "47561" }, "geometry": { "type": "Polygon", "coordinates": [ [ [ -46.653756199999975, -23.556645299999953 ], [ -46.655449, -23.557113 ], [ -46.655479, -23.556901 ], [ -46.655075299999964, -23.556818699999955 ], [ -46.655152699999974, -23.556534699999929 ], [ -46.653907599999968, -23.556143199999944 ], [ -46.653756199999975, -23.556645299999953 ] ] ] } },
{ "type": "Feature", "properties": { "loja_id": "AG02", "CD_SETOR": "355030807000145", "fracao": 1.0, "pop": 289, "domicilios": 181, "renda_resp": 8302.6, "classe_pof": "47562" }, "geometry": { "type": "Polygon", "coordinates": [ [ [ -46.653756199999975, -23.556645299999953 ], [ -46.653907599999968, -23.556143199999944 ], [ -46.653187299999956, -23.55593869999996 ], [ -46.653038299999935, -23.556448399999962 ], [ -46.653756199999975, -23.556645299999953 ] ] ] } },
{ "type": "Feature", "properties": { "loja_id": "AG02", "CD_SETOR": "355030807000146", "fracao": 1.0, "pop": 1, "domicilios": 1, "renda_resp": null, "classe_pof": null }, "geometry": { "type": "Polygon", "coordinates": [ [ [ -46.651317799999958, -23.555415 ], [ -46.651113799999962, -23.55592189999993 ], [ -46.651799299999936, -23.556114 ], [ -46.651989499999956, -23.555594699999972 ], [ -46.651317799999958, -23.555415 ] ] ] } },
{ "type": "Feature", "properties": { "loja_id": "AG02", "CD_SETOR": "355030807000183", "fracao": 0.17907872349534174, "pop": 361, "domicilios": 134, "renda_resp": 3646.77, "classe_pof": "47560" }, "geometry": { "type": "Polygon", "coordinates": [ [ [ -46.649187506970513, -23.557477308772068 ], [ -46.6494, -23.556417 ], [ -46.649284, -23.556572 ], [ -46.648621598948395, -23.556504259595108 ], [ -46.649073, -23.557399 ], [ -46.649187506970513, -23.557477308772068 ] ] ] } },
{ "type": "Feature", "properties": { "loja_id": "AG02", "CD_SETOR": "355030807000215", "fracao": 0.3250261571658607, "pop": 235, "domicilios": 123, "renda_resp": 12841.52, "classe_pof": "47563" }, "geometry": { "type": "Polygon", "coordinates": [ [ [ -46.652244565772513, -23.562630145888964 ], [ -46.652528299999972, -23.562403 ], [ -46.652099927294799, -23.561927548105768 ], [ -46.652244565772513, -23.562630145888964 ] ] ] } },
{ "type": "Feature", "properties": { "loja_id": "AG02", "CD_SETOR": "355030807000216", "fracao": 1.0, "pop": 190, "domicilios": 98, "renda_resp": 4680.72, "classe_pof": "47560" }, "geometry": { "type": "Polygon", "coordinates": [ [ [ -46.649623, -23.556019 ], [ -46.649316599999963, -23.556792799999979 ], [ -46.649780399999941, -23.556799499999951 ], [ -46.649837, -23.556118 ], [ -46.649623, -23.556019 ] ] ] } },
{ "type": "Feature", "properties": { "loja_id": "AG02", "CD_SETOR": "355030807000217", "fracao": 0.99999999999999978, "pop": 177, "domicilios": 88, "renda_resp": 3205.13, "classe_pof": "47560" }, "geometry": { "type": "Polygon", "coordinates": [ [ [ -46.649291, -23.557147 ], [ -46.649751899999956, -23.557153299999985 ], [ -46.649780399999941, -23.556799499999951 ], [ -46.649316599999963, -23.556792799999979 ], [ -46.649291, -23.557147 ] ] ] } },
{ "type": "Feature", "properties": { "loja_id": "AG02", "CD_SETOR": "355030807000218", "fracao": 0.16497512197453254, "pop": 192, "domicilios": 88, "renda_resp": 6677.24, "classe_pof": "47561" }, "geometry": { "type": "Polygon", "coordinates": [ [ [ -46.649692431387763, -23.55782261316504 ], [ -46.649751899999956, -23.557153299999985 ], [ -46.649251099999958, -23.55714479999995 ], [ -46.649187506970513, -23.557477308772068 ], [ -46.649692431387763, -23.55782261316504 ] ] ] } },
{ "type": "Feature", "properties": { "loja_id": "AG02", "CD_SETOR": "355030807000219", "fracao": 0.19359161644236381, "pop": 485, "domicilios": 164, "renda_resp": 4846.16, "classe_pof": "47560" }, "geometry": { "type": "MultiPolygon", "coordinates": [ [ [ [ -46.648621598948395, -23.556504259595108 ], [ -46.649284, -23.556572 ], [ -46.649517199999934, -23.55623949999994 ], [ -46.649308399999939, -23.556149299999955 ], [ -46.648415474351175, -23.556095686816299 ], [ -46.648621598948395, -23.556504259595108 ] ] ], [ [ [ -46.648195399999963, -23.555652 ], [ -46.648191460960334, -23.555651652085036 ], [ -46.648195261439547, -23.555659185346453 ], [ -46.648195399999963, -23.555652 ] ] ] ] } },
{ "type": "Feature", "properties": { "loja_id": "AG02", "CD_SETOR": "355030807000220", "fracao": 0.92943061733509702, "pop": 401, "domicilios": 186, "renda_resp": 7854.01, "classe_pof": "47561" }, "geometry": { "type": "Polygon", "coordinates": [ [ [ -46.649517199999934, -23.55623949999994 ], [ -46.649623, -23.556019 ], [ -46.649441, -23.555761 ], [ -46.648195399999963, -23.555652 ], [ -46.648415474351175, -23.556095686816299 ], [ -46.649308399999939, -23.556149299999955 ], [ -46.649517199999934, -23.55623949999994 ] ] ] } },
{ "type": "Feature", "properties": { "loja_id": "AG02", "CD_SETOR": "355030807000233", "fracao": 0.17554897480029633, "pop": 312, "domicilios": 158, "renda_resp": 14185.78, "classe_pof": "47563" }, "geometry": { "type": "Polygon", "coordinates": [ [ [ -46.653702199999941, -23.563686199999946 ], [ -46.652777, -23.562679 ], [ -46.652366358812429, -23.563022466590759 ], [ -46.653416, -23.563883 ], [ -46.653702199999941, -23.563686199999946 ] ] ] } },
{ "type": "Feature", "properties": { "loja_id": "AG02", "CD_SETOR": "355030807000235", "fracao": 0.82720823933025778, "pop": 314, "domicilios": 147, "renda_resp": 17627.72, "classe_pof": "47563" }, "geometry": { "type": "Polygon", "coordinates": [ [ [ -46.652099927294799, -23.561927548105768 ], [ -46.652777, -23.562679 ], [ -46.653445, -23.56212 ], [ -46.652844199999947, -23.561463099999969 ], [ -46.652507399999934, -23.56171089999998 ], [ -46.652195199999937, -23.56136529999997 ], [ -46.652069522712331, -23.56104410605348 ], [ -46.652015, -23.561515 ], [ -46.652099927294799, -23.561927548105768 ] ] ] } },
{ "type": "Feature", "properties": { "loja_id": "AG02", "CD_SETOR": "355030807000236", "fracao": 0.59222164824584722, "pop": 237, "domicilios": 135, "renda_resp": 14527.76, "classe_pof": "47563" }, "geometry": { "type": "Polygon", "coordinates": [ [ [ -46.652158099999951, -23.561160099999928 ], [ -46.65210449999995, -23.561203199999955 ], [ -46.652195199999937, -23.56136529999997 ], [ -46.652507399999934, -23.56171089999998 ], [ -46.652844199999947, -23.561463099999969 ], [ -46.652113540844404, -23.560663934782887 ], [ -46.652069522712331, -23.56104410605348 ], [ -46.652158099999951, -23.561160099999928 ] ] ] } },
{ "type": "Feature", "properties": { "loja_id": "AG02", "CD_SETOR": "355030807000238", "fracao": 0.99999999999999989, "pop": 257, "domicilios": 138, "renda_resp": 10001.09, "classe_pof": "47562" }, "geometry": { "type": "Polygon", "coordinates": [ [ [ -46.650975, -23.557836699999935 ], [ -46.651284099999941, -23.557991 ], [ -46.651555499999972, -23.557272599999973 ], [ -46.651204199999938, -23.557068399999935 ], [ -46.650975, -23.557836699999935 ] ] ] } },
{ "type": "Feature", "properties": { "loja_id": "AG02", "CD_SETOR": "355030807000239", "fracao": 1.0, "pop": 167, "domicilios": 88, "renda_resp": 7947.23, "classe_pof": "47561" }, "geometry": { "type": "Polygon", "coordinates": [ [ [ -46.65104359999998, -23.557696 ], [ -46.651204199999938, -23.557068399999935 ], [ -46.650955599999975, -23.556924 ], [ -46.650798499999951, -23.557467599999942 ], [ -46.65104359999998, -23.557696 ] ] ] } },
{ "type": "Feature", "properties": { "loja_id": "AG02", "CD_SETOR": "355030807000241", "fracao": 1.0, "pop": 126, "domicilios": 85, "renda_resp": 7332.59, "classe_pof": "47561" }, "geometry": { "type": "Polygon", "coordinates": [ [ [ -46.650203199999964, -23.556764599999958 ], [ -46.650303799999961, -23.556801299999961 ], [ -46.650292699999966, -23.557251099999977 ], [ -46.650496099999941, -23.557349 ], [ -46.650644099999965, -23.556737499999933 ], [ -46.650278699999944, -23.556518799999935 ], [ -46.650203199999964, -23.556764599999958 ] ] ] } },
{ "type": "Feature", "properties": { "loja_id": "AG02", "CD_SETOR": "355030807000242", "fracao": 1.0, "pop": 210, "domicilios": 163, "renda_resp": 7953.21, "classe_pof": "47561" }, "geometry": { "type": "Polygon", "coordinates": [ [ [ -46.650798499999951, -23.557467599999942 ], [ -46.650955599999975, -23.556924 ], [ -46.650644099999965, -23.556737499999933 ], [ -46.650496099999941, -23.557349 ], [ -46.650798499999951, -23.557467599999942 ] ] ] } },
{ "type": "Feature", "properties": { "loja_id": "AG02", "CD_SETOR": "355030807000244", "fracao": 0.0032492119416125541, "pop": 291, "domicilios": 128, "renda_resp": 5355.08, "classe_pof": "47561" }, "geometry": { "type": "Polygon", "coordinates": [ [ [ -46.648330499999986, -23.554963099999952 ], [ -46.648306870830986, -23.554912466152352 ], [ -46.648265597042958, -23.554995148614889 ], [ -46.648330499999986, -23.554963099999952 ] ] ] } },
{ "type": "Feature", "properties": { "loja_id": "AG02", "CD_SETOR": "355030807000249", "fracao": 1.0, "pop": 225, "domicilios": 119, "renda_resp": 11808.88, "classe_pof": "47562" }, "geometry": { "type": "Polygon", "coordinates": [ [ [ -46.65624, -23.558404 ], [ -46.65623, -23.559359 ], [ -46.65607, -23.559735 ], [ -46.655094499999969, -23.56067389999998 ], [ -46.655346, -23.560938 ], [ -46.655436, -23.561153 ], [ -46.655352, -23.561568 ], [ -46.655753, -23.561981 ], [ -46.657967, -23.560045899999977 ], [ -46.65624, -23.558404 ] ] ] } },
{ "type": "Feature", "properties": { "loja_id": "AG02", "CD_SETOR": "355030807000250", "fracao": 0.77625413556149436, "pop": 98, "domicilios": 61, "renda_resp": 18617.67, "classe_pof": "47563" }, "geometry": { "type": "Polygon", "coordinates": [ [ [ -46.657247, -23.557081 ], [ -46.65621, -23.557752 ], [ -46.65624, -23.558404 ], [ -46.657967, -23.560045899999977 ], [ -46.656468, -23.561386 ], [ -46.658803564831416, -23.559315581483936 ], [ -46.657544, -23.558755 ], [ -46.657461, -23.558399 ], [ -46.657800810079223, -23.557787832707774 ], [ -46.657247, -23.557081 ] ] ] } },
{ "type": "Feature", "properties": { "loja_id": "AG02", "CD_SETOR": "355030807000251", "fracao": 1.0, "pop": 163, "domicilios": 80, "renda_resp": 13988.2, "classe_pof": "47563" }, "geometry": { "type": "Polygon", "coordinates": [ [ [ -46.65449, -23.558517 ], [ -46.655315, -23.558091 ], [ -46.655389099999979, -23.557550399999975 ], [ -46.655020499999978, -23.557477299999963 ], [ -46.655131, -23.557032299999943 ], [ -46.65476, -23.556924 ], [ -46.654458, -23.558319 ], [ -46.65449, -23.558517 ] ] ] } },
{ "type": "Feature", "properties": { "loja_id": "AG02", "CD_SETOR": "355030807000252", "fracao": 1.0, "pop": 375, "domicilios": 178, "renda_resp": 12363.81, "classe_pof": "47562" }, "geometry": { "type": "Polygon", "coordinates": [ [ [ -46.654451, -23.558521 ], [ -46.654629, -23.559065 ], [ -46.654573899999946, -23.55928909999994 ], [ -46.654262, -23.559184 ], [ -46.654088, -23.559233 ], [ -46.655094499999969, -23.56067389999998 ], [ -46.655996, -23.559838 ], [ -46.655315, -23.558091 ], [ -46.654451, -23.558521 ] ] ] } },
{ "type": "Feature", "properties": { "loja_id": "AG02", "CD_SETOR": "355030807000253", "fracao": 1.0, "pop": 285, "domicilios": 118, "renda_resp": 20538.29, "classe_pof": "47563" }, "geometry": { "type": "Polygon", "coordinates": [ [ [ -46.655376, -23.558281 ], [ -46.655555599999957, -23.558756799999966 ], [ -46.65625, -23.558545 ], [ -46.65621, -23.557752 ], [ -46.655376, -23.558281 ] ] ] } },
{ "type": "Feature", "properties": { "loja_id": "AG02", "CD_SETOR": "355030807000254", "fracao": 1.0, "pop": 251, "domicilios": 164, "renda_resp": 15866.64, "classe_pof": "47563" }, "geometry": { "type": "Polygon", "coordinates": [ [ [ -46.655689799999955, -23.559112 ], [ -46.656281, -23.558947 ], [ -46.65625, -23.558545 ], [ -46.655555599999957, -23.558756799999966 ], [ -46.655689799999955, -23.559112 ] ] ] } },
{ "type": "Feature", "properties": { "loja_id": "AG02", "CD_SETOR": "355030807000255", "fracao": 1.0, "pop": 124, "domicilios": 77, "renda_resp": 17017.84, "classe_pof": "47563" }, "geometry": { "type": "Polygon", "coordinates": [ [ [ -46.655689799999955, -23.559112 ], [ -46.655996, -23.559838 ], [ -46.65623, -23.559359 ], [ -46.656281, -23.558947 ], [ -46.655689799999955, -23.559112 ] ] ] } },
{ "type": "Feature", "properties": { "loja_id": "AG02", "CD_SETOR": "355030807000256", "fracao": 1.0, "pop": 249, "domicilios": 148, "renda_resp": 6263.93, "classe_pof": "47561" }, "geometry": { "type": "Polygon", "coordinates": [ [ [ -46.65295, -23.556424 ], [ -46.652581299999952, -23.557603499999967 ], [ -46.653434599999969, -23.558347099999928 ], [ -46.653914, -23.558017299999964 ], [ -46.654479, -23.558651 ], [ -46.654458, -23.558319 ], [ -46.65476, -23.556924 ], [ -46.65295, -23.556424 ] ] ] } },
{ "type": "Feature", "properties": { "loja_id": "AG02", "CD_SETOR": "355030807000257", "fracao": 1.0, "pop": 240, "domicilios": 119, "renda_resp": 5900.1, "classe_pof": "47561" }, "geometry": { "type": "Polygon", "coordinates": [ [ [ -46.653698799999972, -23.558668599999972 ], [ -46.654088, -23.559233 ], [ -46.654262, -23.559184 ], [ -46.654573899999946, -23.55928909999994 ], [ -46.654629, -23.559065 ], [ -46.654479, -23.558651 ], [ -46.654185799999937, -23.558372399999939 ], [ -46.653698799999972, -23.558668599999972 ] ] ] } },
{ "type": "Feature", "properties": { "loja_id": "AG02", "CD_SETOR": "355030807000258", "fracao": 0.99999999999999978, "pop": 166, "domicilios": 116, "renda_resp": 4398.57, "classe_pof": "47560" }, "geometry": { "type": "Polygon", "coordinates": [ [ [ -46.653434599999969, -23.558347099999928 ], [ -46.653608099999985, -23.558476899999956 ], [ -46.654052299999933, -23.558196199999927 ], [ -46.653914, -23.558017299999964 ], [ -46.653434599999969, -23.558347099999928 ] ] ] } },
{ "type": "Feature", "properties": { "loja_id": "AG02", "CD_SETOR": "355030807000259", "fracao": 0.99999999999999967, "pop": 174, "domicilios": 107, "renda_resp": 4108.71, "classe_pof": "47560" }, "geometry": { "type": "Polygon", "coordinates": [ [ [ -46.653594, -23.558520699999971 ], [ -46.653698799999972, -23.558668599999972 ], [ -46.654185799999937, -23.558372399999939 ], [ -46.654052299999933, -23.558196199999927 ], [ -46.653594, -23.558520699999971 ] ] ] } },
{ "type": "Feature", "properties": { "loja_id": "AG02", "CD_SETOR": "355030807000260", "fracao": 1.0, "pop": 89, "domicilios": 30, "renda_resp": 5775.0, "classe_pof": "47561" }, "geometry": { "type": "Polygon", "coordinates": [ [ [ -46.650196299999948, -23.556060199999937 ], [ -46.652020299999947, -23.557219099999941 ], [ -46.652145799999971, -23.556642699999937 ], [ -46.652813199999976, -23.556847699999935 ], [ -46.65295, -23.556424 ], [ -46.651036, -23.555899 ], [ -46.650275, -23.555844 ], [ -46.650196299999948, -23.556060199999937 ] ] ] } },
{ "type": "Feature", "properties": { "loja_id": "AG02", "CD_SETOR": "355030807000261", "fracao": 0.99999999999999967, "pop": 176, "domicilios": 146, "renda_resp": 5685.41, "classe_pof": "47561" }, "geometry": { "type": "Polygon", "coordinates": [ [ [ -46.652020299999947, -23.557219099999941 ], [ -46.652581299999952, -23.557603499999967 ], [ -46.652813199999976, -23.556847699999935 ], [ -46.652145799999971, -23.556642699999937 ], [ -46.652020299999947, -23.557219099999941 ] ] ] } },
{ "type": "Feature", "properties": { "loja_id": "AG02", "CD_SETOR": "355030807000270", "fracao": 0.27154246383961, "pop": 275, "domicilios": 129, "renda_resp": 3016.98, "classe_pof": "47560" }, "geometry": { "type": "Polygon", "coordinates": [ [ [ -46.650032920444602, -23.554528800332204 ], [ -46.650055899999984, -23.554647 ], [ -46.650486774489032, -23.554706028869514 ], [ -46.650032920444602, -23.554528800332204 ] ] ] } },
{ "type": "Feature", "properties": { "loja_id": "AG02", "CD_SETOR": "355030807000271", "fracao": 1.0, "pop": 187, "domicilios": 91, "renda_resp": 4908.08, "classe_pof": "47560" }, "geometry": { "type": "Polygon", "coordinates": [ [ [ -46.648789, -23.554818 ], [ -46.649491, -23.555457 ], [ -46.649414, -23.555621 ], [ -46.649452, -23.555795 ], [ -46.649747599999962, -23.556088399999968 ], [ -46.650225199999966, -23.555124399999958 ], [ -46.648949, -23.554753 ], [ -46.648789, -23.554818 ] ] ] } },
{ "type": "Feature", "properties": { "loja_id": "AG02", "CD_SETOR": "355030807000272", "fracao": 1.0, "pop": 299, "domicilios": 168, "renda_resp": 6186.01, "classe_pof": "47561" }, "geometry": { "type": "Polygon", "coordinates": [ [ [ -46.649837, -23.556118 ], [ -46.649722, -23.55749 ], [ -46.650396, -23.558034 ], [ -46.650537199999974, -23.557861099999972 ], [ -46.65066829999995, -23.557945899999936 ], [ -46.650748299999975, -23.557851499999977 ], [ -46.65093109999998, -23.557926799999965 ], [ -46.65104359999998, -23.557696 ], [ -46.650798499999951, -23.557467599999942 ], [ -46.650292699999966, -23.557251099999977 ], [ -46.650303799999961, -23.556801299999961 ], [ -46.650203199999964, -23.556764599999958 ], [ -46.650278699999944, -23.556518799999935 ], [ -46.649899, -23.556117 ], [ -46.649837, -23.556118 ] ] ] } },
{ "type": "Feature", "properties": { "loja_id": "AG02", "CD_SETOR": "355030807000274", "fracao": 0.5042267860423677, "pop": 311, "domicilios": 147, "renda_resp": 4347.72, "classe_pof": "47560" }, "geometry": { "type": "Polygon", "coordinates": [ [ [ -46.648545350545817, -23.554434725253405 ], [ -46.648771, -23.554796 ], [ -46.648979, -23.554722799999979 ], [ -46.649126, -23.554320399999927 ], [ -46.649080544810751, -23.554156894727218 ], [ -46.648899, -23.554086 ], [ -46.648675, -23.554175 ], [ -46.648545350545817, -23.554434725253405 ] ] ] } },
{ "type": "Feature", "properties": { "loja_id": "AG02", "CD_SETOR": "355030807000275", "fracao": 1.0, "pop": 256, "domicilios": 127, "renda_resp": 7834.52, "classe_pof": "47561" }, "geometry": { "type": "Polygon", "coordinates": [ [ [ -46.648949, -23.554753 ], [ -46.64991, -23.555014 ], [ -46.650017, -23.55464419999992 ], [ -46.649126, -23.554320399999927 ], [ -46.648949, -23.554753 ] ] ] } },
{ "type": "Feature", "properties": { "loja_id": "AG02", "CD_SETOR": "355030807000282", "fracao": 1.0, "pop": 119, "domicilios": 62, "renda_resp": 10106.44, "classe_pof": "47562" }, "geometry": { "type": "Polygon", "coordinates": [ [ [ -46.655952799999966, -23.556136799999937 ], [ -46.656014399999947, -23.556521099999937 ], [ -46.65616289999997, -23.556509799999951 ], [ -46.65621589999995, -23.556927199999961 ], [ -46.656089299999969, -23.556949199999963 ], [ -46.65621, -23.557752 ], [ -46.656853299999966, -23.557343299999946 ], [ -46.656579299999976, -23.557003499999951 ], [ -46.656974699999978, -23.556737699999932 ], [ -46.656064, -23.555564 ], [ -46.655729099999974, -23.555849199999958 ], [ -46.655952799999966, -23.556136799999937 ] ] ] } },
{ "type": "Feature", "properties": { "loja_id": "AG02", "CD_SETOR": "355030807000283", "fracao": 1.0, "pop": 107, "domicilios": 90, "renda_resp": 7352.16, "classe_pof": "47561" }, "geometry": { "type": "Polygon", "coordinates": [ [ [ -46.656853299999966, -23.557343299999946 ], [ -46.65707569999995, -23.55719669999996 ], [ -46.656784099999982, -23.556866099999972 ], [ -46.656579299999976, -23.557003499999951 ], [ -46.656853299999966, -23.557343299999946 ] ] ] } },
{ "type": "Feature", "properties": { "loja_id": "AG02", "CD_SETOR": "355030807000284", "fracao": 1.0, "pop": 109, "domicilios": 87, "renda_resp": 9124.81, "classe_pof": "47562" }, "geometry": { "type": "Polygon", "coordinates": [ [ [ -46.657049699999959, -23.557169499999926 ], [ -46.657247, -23.557081 ], [ -46.656974699999978, -23.556737699999932 ], [ -46.656784099999982, -23.556866099999972 ], [ -46.657049699999959, -23.557169499999926 ] ] ] } },
{ "type": "Feature", "properties": { "loja_id": "AG02", "CD_SETOR": "355030807000285", "fracao": 1.0, "pop": 178, "domicilios": 96, "renda_resp": 7747.2, "classe_pof": "47561" }, "geometry": { "type": "Polygon", "coordinates": [ [ [ -46.655430799999976, -23.557246 ], [ -46.655315, -23.558091 ], [ -46.655376, -23.558281 ], [ -46.65595019999995, -23.557916799999933 ], [ -46.655839199999946, -23.557418699999968 ], [ -46.65614439999996, -23.557339499999959 ], [ -46.65612219999997, -23.557182099999974 ], [ -46.655430799999976, -23.557246 ] ] ] } },
{ "type": "Feature", "properties": { "loja_id": "AG02", "CD_SETOR": "355030807000286", "fracao": 0.99999999999999978, "pop": 196, "domicilios": 109, "renda_resp": 9903.16, "classe_pof": "47562" }, "geometry": { "type": "Polygon", "coordinates": [ [ [ -46.655499, -23.556015 ], [ -46.655430799999976, -23.557246 ], [ -46.65612219999997, -23.557182099999974 ], [ -46.656089299999969, -23.556949199999963 ], [ -46.65621589999995, -23.556927199999961 ], [ -46.65616289999997, -23.556509799999951 ], [ -46.656014399999947, -23.556521099999937 ], [ -46.655952799999966, -23.556136799999937 ], [ -46.655729099999974, -23.555849199999958 ], [ -46.655499, -23.556015 ] ] ] } },
{ "type": "Feature", "properties": { "loja_id": "AG02", "CD_SETOR": "355030807000289", "fracao": 0.99999999999999978, "pop": 89, "domicilios": 61, "renda_resp": 8007.19, "classe_pof": "47561" }, "geometry": { "type": "Polygon", "coordinates": [ [ [ -46.652549699999952, -23.555757499999967 ], [ -46.652706399999943, -23.555802499999967 ], [ -46.652878099999953, -23.55527619999998 ], [ -46.652701699999966, -23.555225 ], [ -46.652549699999952, -23.555757499999967 ] ] ] } },
{ "type": "Feature", "properties": { "loja_id": "AG02", "CD_SETOR": "355030807000290", "fracao": 1.0, "pop": 142, "domicilios": 117, "renda_resp": 10706.19, "classe_pof": "47562" }, "geometry": { "type": "Polygon", "coordinates": [ [ [ -46.65368, -23.556079 ], [ -46.653859099999977, -23.555559099999982 ], [ -46.653617199999985, -23.555489499999958 ], [ -46.653438299999948, -23.55601 ], [ -46.65368, -23.556079 ] ] ] } },
{ "type": "Feature", "properties": { "loja_id": "AG02", "CD_SETOR": "355030807000291", "fracao": 0.99668017315568447, "pop": 192, "domicilios": 110, "renda_resp": 6340.34, "classe_pof": "47561" }, "geometry": { "type": "MultiPolygon", "coordinates": [ [ [ [ -46.652603, -23.555196 ], [ -46.652899294574766, -23.555282316691759 ], [ -46.652895744681864, -23.554690081299405 ], [ -46.652603, -23.555196 ] ] ], [ [ [ -46.652900826453624, -23.555282758787346 ], [ -46.654223, -23.555665 ], [ -46.654507699999954, -23.555183199999931 ], [ -46.652904994690211, -23.554691461896908 ], [ -46.652900826453624, -23.555282758787346 ] ] ] ] } },
{ "type": "Feature", "properties": { "loja_id": "AG02", "CD_SETOR": "355030807000292", "fracao": 1.0, "pop": 208, "domicilios": 144, "renda_resp": 6619.04, "classe_pof": "47561" }, "geometry": { "type": "Polygon", "coordinates": [ [ [ -46.654841, -23.554622 ], [ -46.654223, -23.555665 ], [ -46.655344, -23.555988 ], [ -46.655586, -23.555971 ], [ -46.656064, -23.555564 ], [ -46.65568, -23.55507 ], [ -46.654841, -23.554622 ] ] ] } },
{ "type": "Feature", "properties": { "loja_id": "AG02", "CD_SETOR": "355030807000293", "fracao": 0.98958191855520072, "pop": 145, "domicilios": 106, "renda_resp": 9359.32, "classe_pof": "47562" }, "geometry": { "type": "MultiPolygon", "coordinates": [ [ [ [ -46.652603, -23.555196 ], [ -46.652895744681864, -23.554690081299405 ], [ -46.652894, -23.554399 ], [ -46.652740599999959, -23.554314599999945 ], [ -46.652422099999967, -23.554883299999968 ], [ -46.652590299999986, -23.554939099999956 ], [ -46.652496499999984, -23.555164799999936 ], [ -46.652603, -23.555196 ] ] ], [ [ [ -46.652922, -23.554694 ], [ -46.653834699999948, -23.554973099999923 ], [ -46.653985499999976, -23.554586099999934 ], [ -46.653271943772481, -23.554321651066385 ], [ -46.653183799999965, -23.554473 ], [ -46.652907, -23.554407 ], [ -46.652922, -23.554694 ] ] ] ] } },
{ "type": "Feature", "properties": { "loja_id": "AG02", "CD_SETOR": "355030807000294", "fracao": 1.0, "pop": 159, "domicilios": 78, "renda_resp": 17524.01, "classe_pof": "47563" }, "geometry": { "type": "Polygon", "coordinates": [ [ [ -46.654507699999954, -23.555183199999931 ], [ -46.654565099999957, -23.555085299999973 ], [ -46.654376699999943, -23.554995099999932 ], [ -46.654435499999977, -23.554831099999937 ], [ -46.653953699999931, -23.554652799999921 ], [ -46.653834699999948, -23.554973099999923 ], [ -46.654507699999954, -23.555183199999931 ] ] ] } },
{ "type": "Feature", "properties": { "loja_id": "AG02", "CD_SETOR": "355030807000295", "fracao": 0.89485508559151106, "pop": 174, "domicilios": 107, "renda_resp": 6860.03, "classe_pof": "47561" }, "geometry": { "type": "Polygon", "coordinates": [ [ [ -46.651981355455653, -23.553861503265114 ], [ -46.651536, -23.554886 ], [ -46.652496499999984, -23.555164799999936 ], [ -46.652590299999986, -23.554939099999956 ], [ -46.652422099999967, -23.554883299999968 ], [ -46.652742818662347, -23.554309963319529 ], [ -46.651981355455653, -23.553861503265114 ] ] ] } },
{ "type": "Feature", "properties": { "loja_id": "AG02", "CD_SETOR": "355030807000296", "fracao": 0.024299008871700063, "pop": 103, "domicilios": 65, "renda_resp": 10420.42, "classe_pof": "47562" }, "geometry": { "type": "MultiPolygon", "coordinates": [ [ [ [ -46.652740599999959, -23.554314599999945 ], [ -46.652766268975135, -23.554323774156071 ], [ -46.652742818662347, -23.554309963319529 ], [ -46.652740599999959, -23.554314599999945 ] ] ], [ [ [ -46.653183799999965, -23.554473 ], [ -46.653263269034021, -23.554323679827448 ], [ -46.652962690974313, -23.554393975684697 ], [ -46.653183799999965, -23.554473 ] ] ] ] } },
{ "type": "Feature", "properties": { "loja_id": "AG02", "CD_SETOR": "355030807000297", "fracao": 0.79572341469379348, "pop": 117, "domicilios": 83, "renda_resp": 7610.95, "classe_pof": "47561" }, "geometry": { "type": "Polygon", "coordinates": [ [ [ -46.653985499999976, -23.554586099999934 ], [ -46.653953699999931, -23.554652799999921 ], [ -46.654435499999977, -23.554831099999937 ], [ -46.654376699999943, -23.554995099999932 ], [ -46.654565099999957, -23.555085299999973 ], [ -46.654841, -23.554622 ], [ -46.653936694416991, -23.554150988878146 ], [ -46.653271943772481, -23.554321651066385 ], [ -46.653985499999976, -23.554586099999934 ] ] ] } },
{ "type": "Feature", "properties": { "loja_id": "AG02", "CD_SETOR": "355030807000309", "fracao": 0.47618309562895184, "pop": 131, "domicilios": 94, "renda_resp": 5000.91, "classe_pof": "47561" }, "geometry": { "type": "Polygon", "coordinates": [ [ [ -46.650574131793007, -23.558177187325015 ], [ -46.651810624870322, -23.558284707530465 ], [ -46.651820499999985, -23.558258599999935 ], [ -46.650975, -23.557836699999935 ], [ -46.65093109999998, -23.557926799999965 ], [ -46.650748299999975, -23.557851499999977 ], [ -46.65066829999995, -23.557945899999936 ], [ -46.650537199999974, -23.557861099999972 ], [ -46.650396, -23.558034 ], [ -46.650574131793007, -23.558177187325015 ] ] ] } },
{ "type": "Feature", "properties": { "loja_id": "AG02", "CD_SETOR": "355030807000315", "fracao": 0.93959306345815841, "pop": 88, "domicilios": 65, "renda_resp": 12768.53, "classe_pof": "47563" }, "geometry": { "type": "Polygon", "coordinates": [ [ [ -46.64991, -23.555014 ], [ -46.650676699999963, -23.555282499999976 ], [ -46.650989861430006, -23.554845366420007 ], [ -46.650017, -23.55464419999992 ], [ -46.64991, -23.555014 ] ] ] } },
{ "type": "Feature", "properties": { "loja_id": "AG02", "CD_SETOR": "355030807000325", "fracao": 1.0, "pop": 149, "domicilios": 62, "renda_resp": 9413.07, "classe_pof": "47562" }, "geometry": { "type": "Polygon", "coordinates": [ [ [ -46.64978, -23.5561 ], [ -46.650184, -23.556074 ], [ -46.6504212, -23.555536799999974 ], [ -46.650588499999969, -23.55545989999996 ], [ -46.650676699999963, -23.555282499999976 ], [ -46.650225199999966, -23.555124399999958 ], [ -46.64978, -23.5561 ] ] ] } },
{ "type": "Feature", "properties": { "loja_id": "AG02", "CD_SETOR": "355030807000326", "fracao": 1.0, "pop": 128, "domicilios": 69, "renda_resp": 10125.73, "classe_pof": "47562" }, "geometry": { "type": "Polygon", "coordinates": [ [ [ -46.650700699999959, -23.55587009999994 ], [ -46.651113799999962, -23.55592189999993 ], [ -46.651198399999942, -23.555706199999975 ], [ -46.651037, -23.555645 ], [ -46.651119499999936, -23.555464599999937 ], [ -46.650872399999969, -23.555432299999953 ], [ -46.650700699999959, -23.55587009999994 ] ] ] } },
{ "type": "Feature", "properties": { "loja_id": "AG02", "CD_SETOR": "355030807000332", "fracao": 1.0, "pop": 116, "domicilios": 73, "renda_resp": 6125.56, "classe_pof": "47561" }, "geometry": { "type": "Polygon", "coordinates": [ [ [ -46.652549699999952, -23.555757499999967 ], [ -46.652701699999966, -23.555225 ], [ -46.652165599999933, -23.555067099999963 ], [ -46.651989499999956, -23.555594699999972 ], [ -46.652549699999952, -23.555757499999967 ] ] ] } },
{ "type": "Feature", "properties": { "loja_id": "AG02", "CD_SETOR": "355030807000333", "fracao": 0.99978705682904645, "pop": 126, "domicilios": 63, "renda_resp": 8080.1, "classe_pof": "47561" }, "geometry": { "type": "Polygon", "coordinates": [ [ [ -46.652706399999943, -23.555802499999967 ], [ -46.653438299999948, -23.55601 ], [ -46.653617199999985, -23.555489499999958 ], [ -46.652900826453624, -23.555282758787346 ], [ -46.6529, -23.5554 ], [ -46.652878099999953, -23.55527619999998 ], [ -46.652706399999943, -23.555802499999967 ] ] ] } },
{ "type": "Feature", "properties": { "loja_id": "AG02", "CD_SETOR": "355030807000334", "fracao": 1.0, "pop": 86, "domicilios": 55, "renda_resp": 9794.98, "classe_pof": "47562" }, "geometry": { "type": "Polygon", "coordinates": [ [ [ -46.65368, -23.556079 ], [ -46.653983899999957, -23.556182599999936 ], [ -46.654152, -23.555643599999932 ], [ -46.653859099999977, -23.555559099999982 ], [ -46.65368, -23.556079 ] ] ] } },
{ "type": "Feature", "properties": { "loja_id": "AG02", "CD_SETOR": "355030807000335", "fracao": 1.0, "pop": 84, "domicilios": 43, "renda_resp": 9423.33, "classe_pof": "47562" }, "geometry": { "type": "Polygon", "coordinates": [ [ [ -46.654302199999961, -23.556289099999962 ], [ -46.654887799999983, -23.55646169999995 ], [ -46.655056699999932, -23.555906799999953 ], [ -46.654498, -23.555746 ], [ -46.654302199999961, -23.556289099999962 ] ] ] } },
{ "type": "Feature", "properties": { "loja_id": "AG02", "CD_SETOR": "355030807000341", "fracao": 0.26584112373001245, "pop": 145, "domicilios": 84, "renda_resp": 12773.35, "classe_pof": "47563" }, "geometry": { "type": "Polygon", "coordinates": [ [ [ -46.651629499999956, -23.554667399999975 ], [ -46.651981355455653, -23.553861503265114 ], [ -46.651899, -23.553813 ], [ -46.651414552796652, -23.554563816631862 ], [ -46.651629499999956, -23.554667399999975 ] ] ] } },
{ "type": "Feature", "properties": { "loja_id": "AG02", "CD_SETOR": "355030807000342", "fracao": 0.53000024135368717, "pop": 0, "domicilios": 0, "renda_resp": null, "classe_pof": null }, "geometry": { "type": "Polygon", "coordinates": [ [ [ -46.651536, -23.554886 ], [ -46.651629499999956, -23.554667399999975 ], [ -46.651414552796652, -23.554563816631862 ], [ -46.651284524103794, -23.554765338942605 ], [ -46.651536, -23.554886 ] ] ] } },
{ "type": "Feature", "properties": { "loja_id": "AG02", "CD_SETOR": "355030807000343", "fracao": 0.9999850362932573, "pop": 112, "domicilios": 59, "renda_resp": 5479.8, "classe_pof": "47561" }, "geometry": { "type": "Polygon", "coordinates": [ [ [ -46.6509946771682, -23.554844219818992 ], [ -46.650638899999933, -23.555321099999947 ], [ -46.650903299999982, -23.555352199999962 ], [ -46.650872399999969, -23.555432299999953 ], [ -46.651119499999936, -23.555464599999937 ], [ -46.651037, -23.555645 ], [ -46.651198399999942, -23.555706199999975 ], [ -46.65146139999996, -23.555066799999963 ], [ -46.6509946771682, -23.554844219818992 ] ] ] } },
{ "type": "Feature", "properties": { "loja_id": "AG02", "CD_SETOR": "355030807000344", "fracao": 0.77079246618934372, "pop": 48, "domicilios": 39, "renda_resp": 5972.94, "classe_pof": "47561" }, "geometry": { "type": "Polygon", "coordinates": [ [ [ -46.65146139999996, -23.555066799999963 ], [ -46.651536, -23.554886 ], [ -46.651284524103794, -23.554765338942605 ], [ -46.6509946771682, -23.554844219818992 ], [ -46.65146139999996, -23.555066799999963 ] ] ] } },
{ "type": "Feature", "properties": { "loja_id": "AG02", "CD_SETOR": "355030807000348", "fracao": 0.83970429787434298, "pop": 52, "domicilios": 8, "renda_resp": 11214.29, "classe_pof": "47562" }, "geometry": { "type": "MultiPolygon", "coordinates": [ [ [ [ -46.654428, -23.5612728 ], [ -46.653448, -23.559381499999972 ], [ -46.653525899999977, -23.559316499999966 ], [ -46.65339709999995, -23.559082399999962 ], [ -46.653313399999945, -23.559135099999924 ], [ -46.653141499999947, -23.55891209999993 ], [ -46.651997685446915, -23.558346249473797 ], [ -46.651991, -23.559308 ], [ -46.65226, -23.559399 ], [ -46.652113540844404, -23.560663934782887 ], [ -46.653445, -23.56212 ], [ -46.654428, -23.5612728 ] ] ], [ [ [ -46.651820499999985, -23.558258599999935 ], [ -46.651810624870322, -23.558284707530465 ], [ -46.651886638074423, -23.558291316988381 ], [ -46.651820499999985, -23.558258599999935 ] ] ] ] } },
{ "type": "Feature", "properties": { "loja_id": "AG02", "CD_SETOR": "355030807000349", "fracao": 1.0, "pop": 172, "domicilios": 106, "renda_resp": 9804.0, "classe_pof": "47562" }, "geometry": { "type": "Polygon", "coordinates": [ [ [ -46.655094499999969, -23.56067389999998 ], [ -46.652777, -23.562679 ], [ -46.653702199999941, -23.563686199999946 ], [ -46.655753, -23.561981 ], [ -46.655352, -23.561568 ], [ -46.655436, -23.561153 ], [ -46.655346, -23.560938 ], [ -46.655094499999969, -23.56067389999998 ] ] ] } },
{ "type": "Feature", "properties": { "loja_id": "AG02", "CD_SETOR": "355030807000350", "fracao": 1.0, "pop": 146, "domicilios": 83, "renda_resp": 8485.66, "classe_pof": "47562" }, "geometry": { "type": "Polygon", "coordinates": [ [ [ -46.651989499999956, -23.555594699999972 ], [ -46.652165599999933, -23.555067099999963 ], [ -46.651536, -23.554886 ], [ -46.651317799999958, -23.555415 ], [ -46.651989499999956, -23.555594699999972 ] ] ] } },
{ "type": "Feature", "properties": { "loja_id": "AG02", "CD_SETOR": "355030807000351", "fracao": 1.0, "pop": 226, "domicilios": 131, "renda_resp": 9688.3, "classe_pof": "47562" }, "geometry": { "type": "Polygon", "coordinates": [ [ [ -46.654409499999986, -23.561239599999961 ], [ -46.655094499999969, -23.56067389999998 ], [ -46.653872, -23.558913099999931 ], [ -46.653452099999981, -23.559181099999936 ], [ -46.653525899999977, -23.559316499999966 ], [ -46.653448, -23.559381499999972 ], [ -46.654409499999986, -23.561239599999961 ] ] ] } },
{ "type": "Feature", "properties": { "loja_id": "AG02", "CD_SETOR": "355030807000352", "fracao": 0.99876924126585453, "pop": 273, "domicilios": 124, "renda_resp": 8483.7, "classe_pof": "47562" }, "geometry": { "type": "Polygon", "coordinates": [ [ [ -46.650243199999977, -23.556492899999963 ], [ -46.651555499999972, -23.557272599999973 ], [ -46.651284099999941, -23.557991 ], [ -46.652599599999974, -23.558644 ], [ -46.653003399999932, -23.557956199999978 ], [ -46.652156, -23.557304 ], [ -46.650196299999948, -23.556060199999937 ], [ -46.649899, -23.556117 ], [ -46.650243199999977, -23.556492899999963 ] ] ] } },
{ "type": "Feature", "properties": { "loja_id": "AG06", "CD_SETOR": "355030808000032", "fracao": 0.35217131728364814, "pop": 428, "domicilios": 147, "renda_resp": 5496.18, "classe_pof": "47561" }, "geometry": { "type": "Polygon", "coordinates": [ [ [ -46.583402, -23.539633 ], [ -46.583674371192807, -23.538549686526814 ], [ -46.583299, -23.538071 ], [ -46.583215733114308, -23.537430737933008 ], [ -46.582696, -23.539484 ], [ -46.583402, -23.539633 ] ] ] } },
{ "type": "Feature", "properties": { "loja_id": "AG06", "CD_SETOR": "355030808000033", "fracao": 0.13133913477379613, "pop": 695, "domicilios": 268, "renda_resp": 5400.11, "classe_pof": "47561" }, "geometry": { "type": "Polygon", "coordinates": [ [ [ -46.583402, -23.539633 ], [ -46.584751167467751, -23.539922829343492 ], [ -46.583674371192807, -23.538549686526814 ], [ -46.583402, -23.539633 ] ] ] } },
{ "type": "Feature", "properties": { "loja_id": "AG06", "CD_SETOR": "355030808000034", "fracao": 0.62135265675954543, "pop": 938, "domicilios": 338, "renda_resp": 5578.61, "classe_pof": "47561" }, "geometry": { "type": "Polygon", "coordinates": [ [ [ -46.581724, -23.540407 ], [ -46.585104266002496, -23.541059990180411 ], [ -46.585203, -23.540499 ], [ -46.584751167467751, -23.539922829343492 ], [ -46.581998, -23.539337 ], [ -46.581724, -23.540407 ] ] ] } },
{ "type": "Feature", "properties": { "loja_id": "AG06", "CD_SETOR": "355030808000035", "fracao": 0.12669809265477233, "pop": 647, "domicilios": 257, "renda_resp": 4205.5, "classe_pof": "47560" }, "geometry": { "type": "Polygon", "coordinates": [ [ [ -46.580198, -23.543411 ], [ -46.57934067209878, -23.547283701166652 ], [ -46.581299, -23.544027 ], [ -46.581970758754288, -23.543629367861453 ], [ -46.581846299999938, -23.543500399999974 ], [ -46.581622799999934, -23.543345699999971 ], [ -46.581141399999979, -23.543173299999978 ], [ -46.580429399999957, -23.543104399999947 ], [ -46.580198, -23.543411 ] ] ] } },
{ "type": "Feature", "properties": { "loja_id": "AG06", "CD_SETOR": "355030808000046", "fracao": 0.92042458596188259, "pop": 448, "domicilios": 162, "renda_resp": 4383.98, "classe_pof": "47560" }, "geometry": { "type": "Polygon", "coordinates": [ [ [ -46.582179, -23.537818 ], [ -46.581964, -23.538356 ], [ -46.581228, -23.539449 ], [ -46.580817699999955, -23.540893499999974 ], [ -46.582426699999985, -23.541222599999962 ], [ -46.582374799999968, -23.540832799999976 ], [ -46.582458599999939, -23.540540399999937 ], [ -46.581724, -23.540407 ], [ -46.581998, -23.539337 ], [ -46.582696, -23.539484 ], [ -46.583215733114308, -23.537430737933008 ], [ -46.583064, -23.536264 ], [ -46.583631, -23.535499 ], [ -46.583591947449086, -23.53537513855116 ], [ -46.582815499999988, -23.535273099999987 ], [ -46.582179, -23.537818 ] ] ] } },
{ "type": "Feature", "properties": { "loja_id": "AG06", "CD_SETOR": "355030808000082", "fracao": 0.014401189782939146, "pop": 158, "domicilios": 64, "renda_resp": 2759.9, "classe_pof": "47560" }, "geometry": { "type": "Polygon", "coordinates": [ [ [ -46.582815499999988, -23.535273099999987 ], [ -46.583591947449086, -23.53537513855116 ], [ -46.583299, -23.534446 ], [ -46.583025363934851, -23.53443194916105 ], [ -46.582815499999988, -23.535273099999987 ] ] ] } },
{ "type": "Feature", "properties": { "loja_id": "AG06", "CD_SETOR": "355030808000085", "fracao": 0.37582964793669049, "pop": 805, "domicilios": 333, "renda_resp": 7701.4, "classe_pof": "47561" }, "geometry": { "type": "Polygon", "coordinates": [ [ [ -46.586265066023095, -23.541994431657631 ], [ -46.585027, -23.541499 ], [ -46.585104266002496, -23.541059990180411 ], [ -46.582458599999939, -23.540540399999937 ], [ -46.582374799999968, -23.540832799999976 ], [ -46.582426699999985, -23.541222599999962 ], [ -46.586265066023095, -23.541994431657631 ] ] ] } },
{ "type": "Feature", "properties": { "loja_id": "AG06", "CD_SETOR": "355030808000087", "fracao": 0.41262010516678582, "pop": 392, "domicilios": 164, "renda_resp": 6756.88, "classe_pof": "47561" }, "geometry": { "type": "Polygon", "coordinates": [ [ [ -46.580198, -23.543411 ], [ -46.580429399999957, -23.543104399999947 ], [ -46.580889799999966, -23.543138 ], [ -46.581622799999934, -23.543345699999971 ], [ -46.581970758754288, -23.543629367861453 ], [ -46.582191, -23.543499 ], [ -46.583257, -23.543542 ], [ -46.584656, -23.543143 ], [ -46.586299, -23.54393 ], [ -46.58757, -23.543499 ], [ -46.587526, -23.542499 ], [ -46.586265066023095, -23.541994431657631 ], [ -46.580817699999955, -23.540893499999974 ], [ -46.580198, -23.543411 ] ] ] } },
{ "type": "Feature", "properties": { "loja_id": "AG15", "CD_SETOR": "355030812000025", "fracao": 0.21566775968968471, "pop": 554, "domicilios": 247, "renda_resp": 5756.1, "classe_pof": "47561" }, "geometry": { "type": "Polygon", "coordinates": [ [ [ -46.711749, -23.565584 ], [ -46.711556, -23.570259 ], [ -46.71507349999996, -23.569166799999948 ], [ -46.719045751166746, -23.570780242139453 ], [ -46.719269, -23.570699 ], [ -46.718315, -23.569884 ], [ -46.718363, -23.568699 ], [ -46.717499, -23.567454 ], [ -46.716499, -23.567124 ], [ -46.715499, -23.567733 ], [ -46.715183, -23.567016 ], [ -46.71333, -23.566699 ], [ -46.713909, -23.566109 ], [ -46.714091, -23.565291 ], [ -46.714647, -23.564699 ], [ -46.714443086312045, -23.564269069507986 ], [ -46.713459, -23.564767 ], [ -46.713464, -23.565187 ], [ -46.713277, -23.565318 ], [ -46.712903, -23.565357 ], [ -46.712705, -23.565245 ], [ -46.71263, -23.565113 ], [ -46.711749, -23.565584 ] ] ] } },
{ "type": "Feature", "properties": { "loja_id": "AG15", "CD_SETOR": "355030812000038", "fracao": 0.011858891843392467, "pop": 28, "domicilios": 4, "renda_resp": null, "classe_pof": null }, "geometry": { "type": "Polygon", "coordinates": [ [ [ -46.711862508197505, -23.562771060002 ], [ -46.711749, -23.565584 ], [ -46.71263, -23.565113 ], [ -46.712705, -23.565245 ], [ -46.712903, -23.565357 ], [ -46.713277, -23.565318 ], [ -46.713464, -23.565187 ], [ -46.713459, -23.564767 ], [ -46.714443086312045, -23.564269069507986 ], [ -46.714278, -23.563921 ], [ -46.711862508197505, -23.562771060002 ] ] ] } },
{ "type": "Feature", "properties": { "loja_id": "AG15", "CD_SETOR": "355030812000039", "fracao": 1.0, "pop": 144, "domicilios": 71, "renda_resp": 5763.62, "classe_pof": "47561" }, "geometry": { "type": "Polygon", "coordinates": [ [ [ -46.711556, -23.570259 ], [ -46.711453, -23.571735 ], [ -46.71114, -23.573152 ], [ -46.711755, -23.573158 ], [ -46.712343, -23.573285 ], [ -46.712568, -23.572781 ], [ -46.712609499999985, -23.571433599999981 ], [ -46.712285699999939, -23.57142679999998 ], [ -46.712296, -23.570783199999937 ], [ -46.71264089999994, -23.570781599999968 ], [ -46.712671, -23.569911199999972 ], [ -46.711556, -23.570259 ] ] ] } },
{ "type": "Feature", "properties": { "loja_id": "AG15", "CD_SETOR": "355030812000040", "fracao": 1.0, "pop": 393, "domicilios": 166, "renda_resp": 12213.77, "classe_pof": "47562" }, "geometry": { "type": "Polygon", "coordinates": [ [ [ -46.712671, -23.569911199999972 ], [ -46.712582, -23.572024 ], [ -46.712568, -23.572781 ], [ -46.713553199999978, -23.570913 ], [ -46.713211199999932, -23.570685399999949 ], [ -46.713685099999964, -23.569905 ], [ -46.714033499999971, -23.569994199999943 ], [ -46.714222, -23.569624 ], [ -46.714096, -23.569452 ], [ -46.712671, -23.569911199999972 ] ] ] } },
{ "type": "Feature", "properties": { "loja_id": "AG15", "CD_SETOR": "355030812000041", "fracao": 0.87642845773574052, "pop": 533, "domicilios": 200, "renda_resp": 11323.8, "classe_pof": "47562" }, "geometry": { "type": "Polygon", "coordinates": [ [ [ -46.714096, -23.569452 ], [ -46.714483, -23.569852 ], [ -46.714732, -23.570575 ], [ -46.714635, -23.570961 ], [ -46.714259, -23.571356 ], [ -46.71401, -23.571811 ], [ -46.715177, -23.572481 ], [ -46.71502, -23.572972 ], [ -46.714705, -23.573607 ], [ -46.714581, -23.573715 ], [ -46.714186, -23.573628 ], [ -46.712579, -23.573012 ], [ -46.712502, -23.57292 ], [ -46.712343, -23.573285 ], [ -46.715171, -23.574197 ], [ -46.715865, -23.574499 ], [ -46.715826, -23.57411 ], [ -46.71553, -23.573722 ], [ -46.715627, -23.57357 ], [ -46.715905904923495, -23.573425278712694 ], [ -46.715691, -23.572507 ], [ -46.715214, -23.571699 ], [ -46.715793, -23.571406 ], [ -46.716488, -23.571711 ], [ -46.716741507703894, -23.571618751735567 ], [ -46.716844, -23.570692 ], [ -46.716736, -23.570551 ], [ -46.716313, -23.570387 ], [ -46.716426, -23.5697 ], [ -46.71507349999996, -23.569166799999948 ], [ -46.714096, -23.569452 ] ] ] } },
{ "type": "Feature", "properties": { "loja_id": "AG15", "CD_SETOR": "355030812000042", "fracao": 0.07950399321170154, "pop": 411, "domicilios": 176, "renda_resp": 5122.12, "classe_pof": "47561" }, "geometry": { "type": "Polygon", "coordinates": [ [ [ -46.715905904923495, -23.573425278712694 ], [ -46.715543, -23.573677 ], [ -46.715558, -23.573836 ], [ -46.715826, -23.57411 ], [ -46.715865, -23.574499 ], [ -46.716192559828173, -23.574650118179111 ], [ -46.715905904923495, -23.573425278712694 ] ] ] } },
{ "type": "Feature", "properties": { "loja_id": "AG15", "CD_SETOR": "355030812000043", "fracao": 0.99319032028557253, "pop": 570, "domicilios": 288, "renda_resp": 11699.2, "classe_pof": "47562" }, "geometry": { "type": "Polygon", "coordinates": [ [ [ -46.708145, -23.572461 ], [ -46.709071, -23.573473 ], [ -46.709439, -23.574154 ], [ -46.711053, -23.573488 ], [ -46.709995, -23.577312 ], [ -46.709558, -23.577961 ], [ -46.708916199999976, -23.57845089999995 ], [ -46.710230718587766, -23.579267015290043 ], [ -46.710499, -23.579298 ], [ -46.710802092665347, -23.579228289441129 ], [ -46.710949, -23.578794 ], [ -46.711104, -23.578658 ], [ -46.713803, -23.577147 ], [ -46.714226, -23.576746 ], [ -46.714097, -23.57661 ], [ -46.712104, -23.575553 ], [ -46.711985, -23.575338 ], [ -46.711942, -23.574719 ], [ -46.712343, -23.573285 ], [ -46.711755, -23.573158 ], [ -46.71114, -23.573152 ], [ -46.711194, -23.572946 ], [ -46.709058, -23.5724 ], [ -46.70844, -23.572366 ], [ -46.708145, -23.572461 ] ] ] } },
{ "type": "Feature", "properties": { "loja_id": "AG15", "CD_SETOR": "355030812000044", "fracao": 0.16664073768027332, "pop": 273, "domicilios": 111, "renda_resp": 7431.4, "classe_pof": "47561" }, "geometry": { "type": "Polygon", "coordinates": [ [ [ -46.714666, -23.577484 ], [ -46.715023967195279, -23.577900949536133 ], [ -46.715368, -23.577568 ], [ -46.715635, -23.576699 ], [ -46.715499, -23.576328 ], [ -46.714626, -23.576425 ], [ -46.714226, -23.576746 ], [ -46.714666, -23.577484 ] ] ] } },
{ "type": "Feature", "properties": { "loja_id": "AG15", "CD_SETOR": "355030812000053", "fracao": 0.21682696892094902, "pop": 298, "domicilios": 114, "renda_resp": 14743.98, "classe_pof": "47563" }, "geometry": { "type": "Polygon", "coordinates": [ [ [ -46.705095900802981, -23.56465203670172 ], [ -46.706526, -23.564891 ], [ -46.706661, -23.564758 ], [ -46.706931, -23.564935 ], [ -46.706736, -23.564155 ], [ -46.706768, -23.563374 ], [ -46.707876, -23.563265 ], [ -46.709837813549285, -23.562688320900055 ], [ -46.708499, -23.562041 ], [ -46.706499, -23.562146 ], [ -46.706309, -23.563509 ], [ -46.70545, -23.56365 ], [ -46.70534, -23.56454 ], [ -46.705095900802981, -23.56465203670172 ] ] ] } },
{ "type": "Feature", "properties": { "loja_id": "AG15", "CD_SETOR": "355030812000054", "fracao": 0.99999999999999978, "pop": 233, "domicilios": 79, "renda_resp": 17402.48, "classe_pof": "47563" }, "geometry": { "type": "Polygon", "coordinates": [ [ [ -46.709005, -23.564556 ], [ -46.709256, -23.565281 ], [ -46.708218, -23.565582 ], [ -46.708778, -23.567042 ], [ -46.711749, -23.565584 ], [ -46.71181, -23.564037 ], [ -46.71023, -23.56416 ], [ -46.709542, -23.564322 ], [ -46.709005, -23.564556 ] ] ] } },
{ "type": "Feature", "properties": { "loja_id": "AG15", "CD_SETOR": "355030812000055", "fracao": 1.0, "pop": 293, "domicilios": 145, "renda_resp": 11631.18, "classe_pof": "47562" }, "geometry": { "type": "Polygon", "coordinates": [ [ [ -46.704085, -23.568492 ], [ -46.705233, -23.569152 ], [ -46.704803, -23.569783 ], [ -46.70773, -23.571492 ], [ -46.709124, -23.571038 ], [ -46.708236, -23.568686 ], [ -46.706313, -23.56757 ], [ -46.705668, -23.568513 ], [ -46.704331, -23.567739 ], [ -46.704085, -23.568492 ] ] ] } },
{ "type": "Feature", "properties": { "loja_id": "AG15", "CD_SETOR": "355030812000056", "fracao": 1.0, "pop": 243, "domicilios": 121, "renda_resp": 9184.6, "classe_pof": "47562" }, "geometry": { "type": "Polygon", "coordinates": [ [ [ -46.708632, -23.569736 ], [ -46.709124, -23.571038 ], [ -46.70773, -23.571492 ], [ -46.708145, -23.572461 ], [ -46.70844, -23.572366 ], [ -46.709058, -23.5724 ], [ -46.711194, -23.572946 ], [ -46.711453, -23.571735 ], [ -46.711556, -23.570259 ], [ -46.709323, -23.569201 ], [ -46.709021, -23.569527 ], [ -46.708632, -23.569736 ] ] ] } },
{ "type": "Feature", "properties": { "loja_id": "AG15", "CD_SETOR": "355030812000057", "fracao": 1.0, "pop": 242, "domicilios": 53, "renda_resp": 7761.66, "classe_pof": "47561" }, "geometry": { "type": "Polygon", "coordinates": [ [ [ -46.704377, -23.572692899999939 ], [ -46.705782, -23.573373 ], [ -46.706142, -23.573643 ], [ -46.706915, -23.57511 ], [ -46.709439, -23.574154 ], [ -46.709071, -23.573473 ], [ -46.7081, -23.572416 ], [ -46.707679, -23.571435 ], [ -46.70585, -23.570384 ], [ -46.704377, -23.572692899999939 ] ] ] } },
{ "type": "Feature", "properties": { "loja_id": "AG15", "CD_SETOR": "355030812000058", "fracao": 0.36722510540467151, "pop": 449, "domicilios": 179, "renda_resp": 7672.69, "classe_pof": "47561" }, "geometry": { "type": "Polygon", "coordinates": [ [ [ -46.715023967195279, -23.577900949536133 ], [ -46.714226, -23.576746 ], [ -46.713803, -23.577147 ], [ -46.711104, -23.578658 ], [ -46.710949, -23.578794 ], [ -46.710802092665347, -23.579228289441129 ], [ -46.711499, -23.579068 ], [ -46.712499, -23.578253 ], [ -46.714499, -23.578409 ], [ -46.715023967195279, -23.577900949536133 ] ] ] } },
{ "type": "Feature", "properties": { "loja_id": "AG15", "CD_SETOR": "355030812000098", "fracao": 0.5392880297684387, "pop": 454, "domicilios": 198, "renda_resp": 3889.22, "classe_pof": "47560" }, "geometry": { "type": "Polygon", "coordinates": [ [ [ -46.719045751166746, -23.570780242139453 ], [ -46.717225, -23.570024 ], [ -46.716426, -23.5697 ], [ -46.716313, -23.570387 ], [ -46.716736, -23.570551 ], [ -46.716844, -23.570692 ], [ -46.716741507703894, -23.571618751735567 ], [ -46.719045751166746, -23.570780242139453 ] ] ] } },
{ "type": "Feature", "properties": { "loja_id": "AG15", "CD_SETOR": "355030812000110", "fracao": 1.0, "pop": 233, "domicilios": 113, "renda_resp": 7537.85, "classe_pof": "47561" }, "geometry": { "type": "Polygon", "coordinates": [ [ [ -46.71264089999994, -23.570781599999968 ], [ -46.712296, -23.570783199999937 ], [ -46.712285699999939, -23.57142679999998 ], [ -46.712609499999985, -23.571433599999981 ], [ -46.71264089999994, -23.570781599999968 ] ] ] } },
{ "type": "Feature", "properties": { "loja_id": "AG15", "CD_SETOR": "355030812000111", "fracao": 1.0, "pop": 255, "domicilios": 122, "renda_resp": 7863.7, "classe_pof": "47561" }, "geometry": { "type": "Polygon", "coordinates": [ [ [ -46.714033499999971, -23.569994199999943 ], [ -46.713685099999964, -23.569905 ], [ -46.713211199999932, -23.570685399999949 ], [ -46.713553199999978, -23.570913 ], [ -46.714033499999971, -23.569994199999943 ] ] ] } },
{ "type": "Feature", "properties": { "loja_id": "AG15", "CD_SETOR": "355030812000112", "fracao": 1.0, "pop": 210, "domicilios": 73, "renda_resp": 11472.14, "classe_pof": "47562" }, "geometry": { "type": "Polygon", "coordinates": [ [ [ -46.714222, -23.569624 ], [ -46.712502, -23.57292 ], [ -46.712579, -23.573012 ], [ -46.714186, -23.573628 ], [ -46.714581, -23.573715 ], [ -46.714705, -23.573607 ], [ -46.71502, -23.572972 ], [ -46.715177, -23.572481 ], [ -46.71401, -23.571811 ], [ -46.714259, -23.571356 ], [ -46.714635, -23.570961 ], [ -46.714726, -23.570698 ], [ -46.714713, -23.570464 ], [ -46.714483, -23.569852 ], [ -46.714222, -23.569624 ] ] ] } },
{ "type": "Feature", "properties": { "loja_id": "AG15", "CD_SETOR": "355030812000113", "fracao": 0.72394728488583426, "pop": 332, "domicilios": 118, "renda_resp": 13196.83, "classe_pof": "47563" }, "geometry": { "type": "Polygon", "coordinates": [ [ [ -46.714226, -23.576746 ], [ -46.714626, -23.576425 ], [ -46.715433256093206, -23.576317152468221 ], [ -46.714499, -23.576163 ], [ -46.714258, -23.575941 ], [ -46.714236, -23.575436 ], [ -46.714499, -23.575151 ], [ -46.715499, -23.575312 ], [ -46.716192559828173, -23.574650118179111 ], [ -46.715171, -23.574197 ], [ -46.712343, -23.573285 ], [ -46.711942, -23.574719 ], [ -46.71193, -23.575139 ], [ -46.712104, -23.575553 ], [ -46.714097, -23.57661 ], [ -46.714226, -23.576746 ] ] ] } },
{ "type": "Feature", "properties": { "loja_id": "AG15", "CD_SETOR": "355030812000127", "fracao": 0.94137189403733779, "pop": 312, "domicilios": 109, "renda_resp": 17139.22, "classe_pof": "47563" }, "geometry": { "type": "Polygon", "coordinates": [ [ [ -46.706931, -23.564935 ], [ -46.708054, -23.564788 ], [ -46.71023, -23.56416 ], [ -46.71181, -23.564037 ], [ -46.711862508197505, -23.562771060002 ], [ -46.711499, -23.562598 ], [ -46.710499, -23.563008 ], [ -46.709837813549285, -23.562688320900055 ], [ -46.707876, -23.563265 ], [ -46.706768, -23.563374 ], [ -46.706736, -23.564155 ], [ -46.706828, -23.564644 ], [ -46.706931, -23.564935 ] ] ] } },
{ "type": "Feature", "properties": { "loja_id": "AG15", "CD_SETOR": "355030812000128", "fracao": 1.0, "pop": 310, "domicilios": 117, "renda_resp": 12027.6, "classe_pof": "47562" }, "geometry": { "type": "Polygon", "coordinates": [ [ [ -46.708148, -23.567348 ], [ -46.708114, -23.56768 ], [ -46.707919, -23.567837 ], [ -46.708632, -23.569736 ], [ -46.709021, -23.569527 ], [ -46.709323, -23.569201 ], [ -46.711556, -23.570259 ], [ -46.711749, -23.565584 ], [ -46.708148, -23.567348 ] ] ] } },
{ "type": "Feature", "properties": { "loja_id": "AG15", "CD_SETOR": "355030812000129", "fracao": 0.90109270958876575, "pop": 331, "domicilios": 113, "renda_resp": 18541.04, "classe_pof": "47563" }, "geometry": { "type": "Polygon", "coordinates": [ [ [ -46.704331, -23.567739 ], [ -46.705668, -23.568513 ], [ -46.706313, -23.56757 ], [ -46.708236, -23.568686 ], [ -46.707919, -23.567837 ], [ -46.708114, -23.56768 ], [ -46.708148, -23.567348 ], [ -46.708778, -23.567042 ], [ -46.708218, -23.565582 ], [ -46.709256, -23.565281 ], [ -46.708989, -23.564518 ], [ -46.708054, -23.564788 ], [ -46.706931, -23.564935 ], [ -46.706661, -23.564758 ], [ -46.706557, -23.564882 ], [ -46.706377, -23.564881 ], [ -46.705095900802981, -23.56465203670172 ], [ -46.704499, -23.564926 ], [ -46.704267, -23.565467 ], [ -46.704331, -23.567739 ] ] ] } },
{ "type": "Feature", "properties": { "loja_id": "AG03", "CD_SETOR": "355030812000130", "fracao": 0.093126794696822321, "pop": 238, "domicilios": 131, "renda_resp": 5663.39, "classe_pof": "47561" }, "geometry": { "type": "Polygon", "coordinates": [ [ [ -46.702008527159251, -23.57068071282221 ], [ -46.701165, -23.571973 ], [ -46.700917, -23.57225 ], [ -46.701793678133178, -23.572327327791367 ], [ -46.702442, -23.572199 ], [ -46.702008527159251, -23.57068071282221 ] ] ] } },
{ "type": "Feature", "properties": { "loja_id": "AG15", "CD_SETOR": "355030812000130", "fracao": 0.81720269193314343, "pop": 238, "domicilios": 131, "renda_resp": 5663.39, "classe_pof": "47561" }, "geometry": { "type": "Polygon", "coordinates": [ [ [ -46.701831, -23.571001 ], [ -46.700917, -23.57225 ], [ -46.701892, -23.572336 ], [ -46.702979, -23.572224 ], [ -46.703859, -23.572452 ], [ -46.70436, -23.572685 ], [ -46.70585, -23.570384 ], [ -46.704803, -23.569783 ], [ -46.705233, -23.569152 ], [ -46.704085, -23.568492 ], [ -46.70431466699408, -23.567726429594241 ], [ -46.704131, -23.568331 ], [ -46.703343, -23.568543 ], [ -46.703183, -23.570383 ], [ -46.702082085074061, -23.570548002183166 ], [ -46.701831, -23.571001 ] ] ] } },
{ "type": "Feature", "properties": { "loja_id": "AG15", "CD_SETOR": "355030812000131", "fracao": 1.0, "pop": 256, "domicilios": 97, "renda_resp": 10437.47, "classe_pof": "47562" }, "geometry": { "type": "Polygon", "coordinates": [ [ [ -46.706915, -23.57511 ], [ -46.708214, -23.577843 ], [ -46.708639, -23.578276 ], [ -46.708916199999976, -23.57845089999995 ], [ -46.709558, -23.577961 ], [ -46.709995, -23.577312 ], [ -46.711053, -23.573488 ], [ -46.706915, -23.57511 ] ] ] } },
{ "type": "Feature", "properties": { "loja_id": "AG05", "CD_SETOR": "355030814000169", "fracao": 0.0010270287525565944, "pop": 17, "domicilios": 5, "renda_resp": 4140.0, "classe_pof": "47560" }, "geometry": { "type": "Polygon", "coordinates": [ [ [ -46.61007119637631, -23.554793991368669 ], [ -46.609862423607844, -23.555097852463259 ], [ -46.610145, -23.554999 ], [ -46.61007119637631, -23.554793991368669 ] ] ] } },
{ "type": "Feature", "properties": { "loja_id": "AG14", "CD_SETOR": "355030819000001", "fracao": 1.0, "pop": 338, "domicilios": 118, "renda_resp": 3119.01, "classe_pof": "47560" }, "geometry": { "type": "Polygon", "coordinates": [ [ [ -46.772796, -23.667146 ], [ -46.773009, -23.667708 ], [ -46.77299, -23.66888 ], [ -46.773079, -23.669656 ], [ -46.773529, -23.669688 ], [ -46.773546, -23.670117 ], [ -46.774066, -23.670148699999963 ], [ -46.774076, -23.668853 ], [ -46.774556, -23.668866 ], [ -46.774557, -23.668921 ], [ -46.774675, -23.668937 ], [ -46.775081, -23.669377 ], [ -46.775516, -23.670261 ], [ -46.776031, -23.670024 ], [ -46.774771, -23.667791 ], [ -46.773947, -23.666968 ], [ -46.772639, -23.666962 ], [ -46.772796, -23.667146 ] ] ] } },
{ "type": "Feature", "properties": { "loja_id": "AG14", "CD_SETOR": "355030819000002", "fracao": 1.0, "pop": 606, "domicilios": 240, "renda_resp": 3032.45, "classe_pof": "47560" }, "geometry": { "type": "Polygon", "coordinates": [ [ [ -46.775323, -23.668709 ], [ -46.776702, -23.669687 ], [ -46.777396, -23.670248 ], [ -46.77747, -23.669907 ], [ -46.777393, -23.669672 ], [ -46.776933, -23.669126 ], [ -46.775939799999946, -23.668212799999939 ], [ -46.775323, -23.668709 ] ] ] } },
{ "type": "Feature", "properties": { "loja_id": "AG14", "CD_SETOR": "355030819000003", "fracao": 1.0, "pop": 521, "domicilios": 196, "renda_resp": 2435.35, "classe_pof": "47559" }, "geometry": { "type": "Polygon", "coordinates": [ [ [ -46.773947, -23.666968 ], [ -46.774661, -23.667638 ], [ -46.775323, -23.668709 ], [ -46.775939799999946, -23.668212799999939 ], [ -46.776743, -23.668942 ], [ -46.777393, -23.669672 ], [ -46.77747, -23.669907 ], [ -46.777396, -23.670248 ], [ -46.777711, -23.670594 ], [ -46.778342, -23.670146 ], [ -46.774662, -23.666509 ], [ -46.773947, -23.666968 ] ] ] } },
{ "type": "Feature", "properties": { "loja_id": "AG14", "CD_SETOR": "355030819000005", "fracao": 0.99999999999999967, "pop": 433, "domicilios": 166, "renda_resp": 1879.44, "classe_pof": "47559" }, "geometry": { "type": "Polygon", "coordinates": [ [ [ -46.776028, -23.664044 ], [ -46.776106, -23.664723 ], [ -46.776475, -23.664696 ], [ -46.77655, -23.665421 ], [ -46.777112099999954, -23.66522139999995 ], [ -46.77701849999994, -23.664092799999935 ], [ -46.776916, -23.663976 ], [ -46.776028, -23.664044 ] ] ] } },
{ "type": "Feature", "properties": { "loja_id": "AG14", "CD_SETOR": "355030819000009", "fracao": 0.28114679123717357, "pop": 435, "domicilios": 178, "renda_resp": 2892.31, "classe_pof": "47560" }, "geometry": { "type": "Polygon", "coordinates": [ [ [ -46.77045, -23.667052 ], [ -46.771453, -23.66638 ], [ -46.770973, -23.665917 ], [ -46.770482026312969, -23.665119400498419 ], [ -46.770263, -23.665263 ], [ -46.770429, -23.66557 ], [ -46.770153215392206, -23.666767862639148 ], [ -46.77045, -23.667052 ] ] ] } },
{ "type": "Feature", "properties": { "loja_id": "AG14", "CD_SETOR": "355030819000010", "fracao": 0.93444203675813031, "pop": 510, "domicilios": 184, "renda_resp": 3865.45, "classe_pof": "47560" }, "geometry": { "type": "Polygon", "coordinates": [ [ [ -46.770685899999933, -23.667318599999923 ], [ -46.770318799999984, -23.667578599999956 ], [ -46.771004018485669, -23.668266150214077 ], [ -46.771772, -23.668008 ], [ -46.772422, -23.668076 ], [ -46.773007, -23.667972 ], [ -46.772936, -23.667429 ], [ -46.772639, -23.666962 ], [ -46.771741, -23.66659 ], [ -46.771453, -23.66638 ], [ -46.77045, -23.667052 ], [ -46.770685899999933, -23.667318599999923 ] ] ] } },
{ "type": "Feature", "properties": { "loja_id": "AG14", "CD_SETOR": "355030819000011", "fracao": 0.094385845862800438, "pop": 560, "domicilios": 227, "renda_resp": 2223.17, "classe_pof": "47559" }, "geometry": { "type": "Polygon", "coordinates": [ [ [ -46.770548, -23.667836 ], [ -46.770318799999984, -23.667578599999956 ], [ -46.770685899999933, -23.667318599999923 ], [ -46.77045, -23.667052 ], [ -46.770183884926773, -23.667228379164516 ], [ -46.770341, -23.667658 ], [ -46.770548, -23.667836 ] ] ] } },
{ "type": "Feature", "properties": { "loja_id": "AG14", "CD_SETOR": "355030819000012", "fracao": 0.88874896812427495, "pop": 447, "domicilios": 173, "renda_resp": 3160.53, "classe_pof": "47560" }, "geometry": { "type": "Polygon", "coordinates": [ [ [ -46.771584, -23.668736 ], [ -46.771722, -23.668601 ], [ -46.771700166237636, -23.668904678514988 ], [ -46.771803, -23.668999 ], [ -46.771695409128917, -23.669119889653128 ], [ -46.77168, -23.669817 ], [ -46.772331, -23.66952 ], [ -46.772373, -23.670167 ], [ -46.772972, -23.670014 ], [ -46.773063, -23.669823 ], [ -46.773084, -23.669419 ], [ -46.77299, -23.66888 ], [ -46.773007, -23.667972 ], [ -46.772422, -23.668076 ], [ -46.771772, -23.668008 ], [ -46.771004018485669, -23.668266150214077 ], [ -46.771584, -23.668736 ] ] ] } },
{ "type": "Feature", "properties": { "loja_id": "AG14", "CD_SETOR": "355030819000014", "fracao": 0.50646857440676607, "pop": 707, "domicilios": 271, "renda_resp": 2989.66, "classe_pof": "47560" }, "geometry": { "type": "Polygon", "coordinates": [ [ [ -46.772972, -23.670014 ], [ -46.77103871894009, -23.670575694609433 ], [ -46.771131, -23.670999 ], [ -46.77175, -23.671249 ], [ -46.772417377585157, -23.671867223243332 ], [ -46.77315, -23.671693 ], [ -46.772806, -23.670949 ], [ -46.772778, -23.67069 ], [ -46.772806, -23.670414 ], [ -46.772972, -23.670014 ] ] ] } },
{ "type": "Feature", "properties": { "loja_id": "AG14", "CD_SETOR": "355030819000015", "fracao": 0.084081469880996615, "pop": 734, "domicilios": 287, "renda_resp": 2928.16, "classe_pof": "47560" }, "geometry": { "type": "Polygon", "coordinates": [ [ [ -46.77329, -23.672356 ], [ -46.77315, -23.671693 ], [ -46.772417377585157, -23.671867223243332 ], [ -46.772999, -23.672406 ], [ -46.77329, -23.672356 ] ] ] } },
{ "type": "Feature", "properties": { "loja_id": "AG14", "CD_SETOR": "355030819000016", "fracao": 0.70967265437300686, "pop": 247, "domicilios": 90, "renda_resp": 2407.31, "classe_pof": "47559" }, "geometry": { "type": "MultiPolygon", "coordinates": [ [ [ [ -46.773079, -23.669656 ], [ -46.772806, -23.670414 ], [ -46.772806, -23.670949 ], [ -46.77315, -23.671693 ], [ -46.773290850421233, -23.672386083782847 ], [ -46.77338, -23.67238 ], [ -46.773403, -23.671999 ], [ -46.773781, -23.671781 ], [ -46.774178164901485, -23.671953818458654 ], [ -46.774145, -23.671426 ], [ -46.774005699999975, -23.671298799999935 ], [ -46.773913, -23.670582499999959 ], [ -46.774014299999976, -23.67052289999997 ], [ -46.774032, -23.670289 ], [ -46.774413199999969, -23.670333099999937 ], [ -46.774519, -23.670285 ], [ -46.774556, -23.668866 ], [ -46.774076, -23.668853 ], [ -46.774066, -23.670148699999963 ], [ -46.773546, -23.670117 ], [ -46.773529, -23.669688 ], [ -46.773079, -23.669656 ] ] ], [ [ [ -46.774315, -23.674294 ], [ -46.774206, -23.673417 ], [ -46.774534, -23.672504 ], [ -46.774369699999966, -23.672515099999938 ], [ -46.774261399999943, -23.672428699999966 ], [ -46.774202563956997, -23.672190994535374 ], [ -46.773999, -23.672683 ], [ -46.773656, -23.672656 ], [ -46.77368, -23.672999 ], [ -46.774315, -23.674294 ] ] ] ] } },
{ "type": "Feature", "properties": { "loja_id": "AG14", "CD_SETOR": "355030819000017", "fracao": 0.98797323633784884, "pop": 542, "domicilios": 196, "renda_resp": 1390.62, "classe_pof": "47558" }, "geometry": { "type": "Polygon", "coordinates": [ [ [ -46.7746, -23.672354 ], [ -46.774946, -23.672037 ], [ -46.774592, -23.671759 ], [ -46.774519, -23.670285 ], [ -46.774413199999969, -23.670333099999937 ], [ -46.774032, -23.670289 ], [ -46.774014299999976, -23.67052289999997 ], [ -46.773913, -23.670582499999959 ], [ -46.773904799999976, -23.67070589999997 ], [ -46.774005699999975, -23.671298799999935 ], [ -46.774145, -23.671426 ], [ -46.774178164901485, -23.671953818458654 ], [ -46.774282, -23.671999 ], [ -46.774202563956997, -23.672190994535374 ], [ -46.774261399999943, -23.672428699999966 ], [ -46.774369699999966, -23.672515099999938 ], [ -46.774534, -23.672504 ], [ -46.7746, -23.672354 ] ] ] } },
{ "type": "Feature", "properties": { "loja_id": "AG14", "CD_SETOR": "355030819000018", "fracao": 1.0, "pop": 631, "domicilios": 240, "renda_resp": 2107.66, "classe_pof": "47559" }, "geometry": { "type": "Polygon", "coordinates": [ [ [ -46.774557, -23.668921 ], [ -46.774508, -23.670583 ], [ -46.774592, -23.671759 ], [ -46.776278, -23.67286 ], [ -46.776289, -23.672538 ], [ -46.776168, -23.672158 ], [ -46.775168, -23.671038 ], [ -46.7751, -23.670877 ], [ -46.775081, -23.669377 ], [ -46.774649, -23.668927 ], [ -46.774557, -23.668921 ] ] ] } },
{ "type": "Feature", "properties": { "loja_id": "AG14", "CD_SETOR": "355030819000020", "fracao": 0.99999999999999922, "pop": 691, "domicilios": 249, "renda_resp": 4211.39, "classe_pof": "47560" }, "geometry": { "type": "Polygon", "coordinates": [ [ [ -46.779731, -23.669955 ], [ -46.77814, -23.671094 ], [ -46.77897, -23.672045 ], [ -46.780004, -23.671401 ], [ -46.780657, -23.671963 ], [ -46.781174, -23.671492 ], [ -46.781152, -23.671255 ], [ -46.781534, -23.670618 ], [ -46.78078, -23.670234 ], [ -46.780775, -23.67013 ], [ -46.780684, -23.670079 ], [ -46.779966, -23.669914 ], [ -46.779731, -23.669955 ] ] ] } },
{ "type": "Feature", "properties": { "loja_id": "AG14", "CD_SETOR": "355030819000021", "fracao": 0.99999999999999978, "pop": 885, "domicilios": 320, "renda_resp": 1982.28, "classe_pof": "47559" }, "geometry": { "type": "Polygon", "coordinates": [ [ [ -46.775842, -23.667669 ], [ -46.777252, -23.669062 ], [ -46.777423, -23.669032 ], [ -46.779007, -23.669502 ], [ -46.77924, -23.668849 ], [ -46.780627, -23.669304 ], [ -46.78112, -23.669206 ], [ -46.777420099999972, -23.668078 ], [ -46.776606199999954, -23.66754659999998 ], [ -46.776369399999965, -23.667283699999924 ], [ -46.775842, -23.667669 ] ] ] } },
{ "type": "Feature", "properties": { "loja_id": "AG14", "CD_SETOR": "355030819000022", "fracao": 0.36213998418337112, "pop": 542, "domicilios": 190, "renda_resp": 4295.01, "classe_pof": "47560" }, "geometry": { "type": "Polygon", "coordinates": [ [ [ -46.779252225342503, -23.665033632261533 ], [ -46.777716699999985, -23.665133499999971 ], [ -46.776897099999985, -23.665278 ], [ -46.776989799999967, -23.66529359999992 ], [ -46.777098699999954, -23.665698 ], [ -46.776879799999961, -23.665744599999982 ], [ -46.776465199999969, -23.665999599999964 ], [ -46.776279, -23.666188 ], [ -46.776165, -23.666601 ], [ -46.776369399999965, -23.667283699999924 ], [ -46.776606199999954, -23.66754659999998 ], [ -46.777420099999972, -23.668078 ], [ -46.779928, -23.668800499999964 ], [ -46.780965, -23.669172 ], [ -46.781548, -23.669203 ], [ -46.783096, -23.669686 ], [ -46.783368, -23.669676 ], [ -46.783274, -23.669885 ], [ -46.783332, -23.669905 ], [ -46.783678, -23.669675 ], [ -46.784537, -23.669967 ], [ -46.784702, -23.67006 ], [ -46.785277, -23.670694 ], [ -46.785956, -23.670192 ], [ -46.784938, -23.669036 ], [ -46.784422904254114, -23.668111761203445 ], [ -46.782999, -23.668483 ], [ -46.781999, -23.668441 ], [ -46.780999, -23.668096 ], [ -46.780343, -23.668343 ], [ -46.778999, -23.668388 ], [ -46.778348, -23.667651 ], [ -46.776999, -23.667299 ], [ -46.776662, -23.666999 ], [ -46.776999, -23.66641 ], [ -46.778032, -23.665999 ], [ -46.779252225342503, -23.665033632261533 ] ] ] } },
{ "type": "Feature", "properties": { "loja_id": "AG14", "CD_SETOR": "355030819000023", "fracao": 0.22067588006110955, "pop": 905, "domicilios": 319, "renda_resp": 2281.27, "classe_pof": "47559" }, "geometry": { "type": "Polygon", "coordinates": [ [ [ -46.776916, -23.663976 ], [ -46.777034299999968, -23.664225399999971 ], [ -46.777709499999958, -23.664566 ], [ -46.777991008905886, -23.664076270750346 ], [ -46.776999, -23.663412 ], [ -46.776874324792956, -23.663562454155851 ], [ -46.776916, -23.663976 ] ] ] } },
{ "type": "Feature", "properties": { "loja_id": "AG14", "CD_SETOR": "355030819000050", "fracao": 1.0, "pop": 430, "domicilios": 164, "renda_resp": 2334.55, "classe_pof": "47559" }, "geometry": { "type": "Polygon", "coordinates": [ [ [ -46.774924799999951, -23.673885499999979 ], [ -46.775568, -23.674869 ], [ -46.77549, -23.675021 ], [ -46.775928099999931, -23.675894 ], [ -46.776337, -23.675125 ], [ -46.77674, -23.674601 ], [ -46.776918, -23.674088 ], [ -46.776907, -23.673668 ], [ -46.776507, -23.673507 ], [ -46.776151, -23.673106 ], [ -46.774924799999951, -23.673885499999979 ] ] ] } },
{ "type": "Feature", "properties": { "loja_id": "AG14", "CD_SETOR": "355030819000052", "fracao": 0.25624060784553254, "pop": 741, "domicilios": 270, "renda_resp": 2207.97, "classe_pof": "47559" }, "geometry": { "type": "Polygon", "coordinates": [ [ [ -46.77848224603494, -23.676179693941741 ], [ -46.778107, -23.67596 ], [ -46.777954, -23.675486 ], [ -46.777238, -23.675393 ], [ -46.777355, -23.676147 ], [ -46.777345318962048, -23.676926311955626 ], [ -46.778339, -23.676339 ], [ -46.77848224603494, -23.676179693941741 ] ] ] } },
{ "type": "Feature", "properties": { "loja_id": "AG14", "CD_SETOR": "355030819000053", "fracao": 0.99999999999999967, "pop": 344, "domicilios": 136, "renda_resp": 1978.47, "classe_pof": "47559" }, "geometry": { "type": "Polygon", "coordinates": [ [ [ -46.778184, -23.674837 ], [ -46.778672, -23.674906 ], [ -46.778642499999933, -23.675045299999962 ], [ -46.778455299999962, -23.675178899999928 ], [ -46.778657, -23.675396 ], [ -46.7792, -23.675695 ], [ -46.780247, -23.674806 ], [ -46.77923, -23.673873 ], [ -46.778184, -23.674837 ] ] ] } },
{ "type": "Feature", "properties": { "loja_id": "AG14", "CD_SETOR": "355030819000055", "fracao": 1.0, "pop": 647, "domicilios": 236, "renda_resp": 1886.65, "classe_pof": "47559" }, "geometry": { "type": "Polygon", "coordinates": [ [ [ -46.779011, -23.673034 ], [ -46.781617, -23.67531 ], [ -46.782081, -23.675196 ], [ -46.781815, -23.674615 ], [ -46.780484, -23.673602 ], [ -46.779817, -23.672956 ], [ -46.77935, -23.672846 ], [ -46.778826, -23.67295 ], [ -46.779011, -23.673034 ] ] ] } },
{ "type": "Feature", "properties": { "loja_id": "AG14", "CD_SETOR": "355030819000057", "fracao": 1.0, "pop": 495, "domicilios": 184, "renda_resp": 1503.93, "classe_pof": "47558" }, "geometry": { "type": "Polygon", "coordinates": [ [ [ -46.783422, -23.672478 ], [ -46.783376399999952, -23.672383099999934 ], [ -46.782987, -23.672439 ], [ -46.783015, -23.672981 ], [ -46.781457699999976, -23.673095399999958 ], [ -46.781581, -23.673362 ], [ -46.78186809999994, -23.673715099999974 ], [ -46.783158, -23.673384 ], [ -46.783868299999938, -23.673074199999977 ], [ -46.783828599999936, -23.672987599999946 ], [ -46.78415659999996, -23.672826099999945 ], [ -46.784147699999949, -23.672639799999956 ], [ -46.783771899999977, -23.672330299999942 ], [ -46.783422, -23.672478 ] ] ] } },
{ "type": "Feature", "properties": { "loja_id": "AG14", "CD_SETOR": "355030819000058", "fracao": 0.83233050599825154, "pop": 703, "domicilios": 279, "renda_resp": 1553.24, "classe_pof": "47558" }, "geometry": { "type": "Polygon", "coordinates": [ [ [ -46.781838, -23.673724 ], [ -46.781815, -23.673794 ], [ -46.781975, -23.674016 ], [ -46.78325, -23.675676 ], [ -46.784120049438009, -23.675021375627644 ], [ -46.78439885198685, -23.674052497178447 ], [ -46.783706, -23.674373 ], [ -46.783027, -23.673427 ], [ -46.781838, -23.673724 ] ] ] } },
{ "type": "Feature", "properties": { "loja_id": "AG14", "CD_SETOR": "355030819000059", "fracao": 1.0, "pop": 542, "domicilios": 201, "renda_resp": 2275.85, "classe_pof": "47559" }, "geometry": { "type": "Polygon", "coordinates": [ [ [ -46.781084, -23.671582 ], [ -46.782009, -23.672504 ], [ -46.782987, -23.672439 ], [ -46.782887, -23.672282 ], [ -46.782386, -23.67201 ], [ -46.782667, -23.671553 ], [ -46.783129, -23.671692 ], [ -46.782941, -23.671319 ], [ -46.781534, -23.670618 ], [ -46.781138, -23.671297 ], [ -46.781185, -23.67147 ], [ -46.781084, -23.671582 ] ] ] } },
{ "type": "Feature", "properties": { "loja_id": "AG14", "CD_SETOR": "355030819000061", "fracao": 0.18199298497494593, "pop": 745, "domicilios": 264, "renda_resp": 3570.24, "classe_pof": "47560" }, "geometry": { "type": "Polygon", "coordinates": [ [ [ -46.784422904254114, -23.668111761203445 ], [ -46.784938, -23.669036 ], [ -46.785828, -23.670031 ], [ -46.786543480949547, -23.671039263396874 ], [ -46.78639, -23.669999 ], [ -46.785402, -23.668999 ], [ -46.785051, -23.667948 ], [ -46.784422904254114, -23.668111761203445 ] ] ] } },
{ "type": "Feature", "properties": { "loja_id": "AG14", "CD_SETOR": "355030819000098", "fracao": 0.2622676936175774, "pop": 947, "domicilios": 354, "renda_resp": 2506.14, "classe_pof": "47560" }, "geometry": { "type": "Polygon", "coordinates": [ [ [ -46.782167, -23.675757 ], [ -46.781477, -23.675848 ], [ -46.780813399666236, -23.676423009989357 ], [ -46.780999, -23.676572 ], [ -46.781295, -23.676295 ], [ -46.782753, -23.676246 ], [ -46.782999, -23.676676 ], [ -46.783171, -23.676437 ], [ -46.782834, -23.676145 ], [ -46.782167, -23.675757 ] ] ] } },
{ "type": "Feature", "properties": { "loja_id": "AG14", "CD_SETOR": "355030819000102", "fracao": 0.00044908275851002167, "pop": 728, "domicilios": 259, "renda_resp": 1418.16, "classe_pof": "47558" }, "geometry": { "type": "Polygon", "coordinates": [ [ [ -46.784084, -23.67506 ], [ -46.784103850430597, -23.675077669078316 ], [ -46.784120049438009, -23.675021375627644 ], [ -46.784084, -23.67506 ] ] ] } },
{ "type": "Feature", "properties": { "loja_id": "AG14", "CD_SETOR": "355030819000103", "fracao": 0.45678115330413122, "pop": 686, "domicilios": 264, "renda_resp": 2484.72, "classe_pof": "47560" }, "geometry": { "type": "Polygon", "coordinates": [ [ [ -46.785964, -23.672572 ], [ -46.786533720771757, -23.672346616350239 ], [ -46.786954, -23.671999 ], [ -46.786883559216434, -23.671881204599604 ], [ -46.785408299999972, -23.671350699999952 ], [ -46.785964, -23.672572 ] ] ] } },
{ "type": "Feature", "properties": { "loja_id": "AG14", "CD_SETOR": "355030819000128", "fracao": 0.0045005599854029583, "pop": 603, "domicilios": 250, "renda_resp": 3321.33, "classe_pof": "47560" }, "geometry": { "type": "Polygon", "coordinates": [ [ [ -46.783171, -23.676437 ], [ -46.783116, -23.676505 ], [ -46.783002581016518, -23.676673325814125 ], [ -46.783230969142117, -23.676502772657681 ], [ -46.783171, -23.676437 ] ] ] } },
{ "type": "Feature", "properties": { "loja_id": "AG14", "CD_SETOR": "355030819000217", "fracao": 1.0, "pop": 573, "domicilios": 214, "renda_resp": 2872.93, "classe_pof": "47560" }, "geometry": { "type": "Polygon", "coordinates": [ [ [ -46.775062, -23.670272 ], [ -46.775168, -23.671038 ], [ -46.776168, -23.672158 ], [ -46.776473, -23.67145 ], [ -46.776553, -23.671039 ], [ -46.776868, -23.670747 ], [ -46.777424, -23.671335 ], [ -46.777954, -23.670876 ], [ -46.777103, -23.669991 ], [ -46.775323, -23.668709 ], [ -46.776031, -23.670024 ], [ -46.775516, -23.670261 ], [ -46.775104, -23.669509 ], [ -46.775062, -23.670272 ] ] ] } },
{ "type": "Feature", "properties": { "loja_id": "AG14", "CD_SETOR": "355030819000219", "fracao": 0.021446671879947043, "pop": 655, "domicilios": 273, "renda_resp": 2394.66, "classe_pof": "47559" }, "geometry": { "type": "Polygon", "coordinates": [ [ [ -46.77045, -23.667052 ], [ -46.770153215392206, -23.666767862639148 ], [ -46.7701, -23.666999 ], [ -46.770183884926773, -23.667228379164516 ], [ -46.77045, -23.667052 ] ] ] } },
{ "type": "Feature", "properties": { "loja_id": "AG14", "CD_SETOR": "355030819000221", "fracao": 1.0, "pop": 622, "domicilios": 247, "renda_resp": 2393.68, "classe_pof": "47559" }, "geometry": { "type": "Polygon", "coordinates": [ [ [ -46.774633, -23.672281 ], [ -46.774206, -23.673417 ], [ -46.774315, -23.674294 ], [ -46.776151, -23.673106 ], [ -46.776278, -23.67286 ], [ -46.774946, -23.672037 ], [ -46.774633, -23.672281 ] ] ] } },
{ "type": "Feature", "properties": { "loja_id": "AG14", "CD_SETOR": "355030819000222", "fracao": 0.99999999999999989, "pop": 523, "domicilios": 185, "renda_resp": 2178.31, "classe_pof": "47559" }, "geometry": { "type": "Polygon", "coordinates": [ [ [ -46.777038, -23.674663 ], [ -46.777169, -23.675145 ], [ -46.777977, -23.675201 ], [ -46.778398, -23.674875 ], [ -46.778184, -23.674837 ], [ -46.77823, -23.674787 ], [ -46.779576, -23.673542 ], [ -46.779011, -23.673034 ], [ -46.778826, -23.67295 ], [ -46.777038, -23.674663 ] ] ] } },
{ "type": "Feature", "properties": { "loja_id": "AG14", "CD_SETOR": "355030819000223", "fracao": 1.0, "pop": 504, "domicilios": 175, "renda_resp": 2238.43, "classe_pof": "47559" }, "geometry": { "type": "Polygon", "coordinates": [ [ [ -46.77954, -23.671681 ], [ -46.781048399999982, -23.673123499999974 ], [ -46.783015, -23.672981 ], [ -46.782987, -23.672439 ], [ -46.782009, -23.672504 ], [ -46.781084, -23.671582 ], [ -46.780657, -23.671963 ], [ -46.780049, -23.671399 ], [ -46.77954, -23.671681 ] ] ] } },
{ "type": "Feature", "properties": { "loja_id": "AG14", "CD_SETOR": "355030819000225", "fracao": 0.93319392943690027, "pop": 615, "domicilios": 230, "renda_resp": 2123.76, "classe_pof": "47559" }, "geometry": { "type": "Polygon", "coordinates": [ [ [ -46.783332, -23.669905 ], [ -46.784448, -23.670329 ], [ -46.785015, -23.670951 ], [ -46.785145799999952, -23.671253099999948 ], [ -46.786883559216434, -23.671881204599604 ], [ -46.786597, -23.671402 ], [ -46.786543480949547, -23.671039263396874 ], [ -46.785956, -23.670192 ], [ -46.785277, -23.670694 ], [ -46.784702, -23.67006 ], [ -46.784537, -23.669967 ], [ -46.78366, -23.669675 ], [ -46.783332, -23.669905 ] ] ] } },
{ "type": "Feature", "properties": { "loja_id": "AG14", "CD_SETOR": "355030819000233", "fracao": 0.31348066587387396, "pop": 838, "domicilios": 322, "renda_resp": 1999.89, "classe_pof": "47559" }, "geometry": { "type": "Polygon", "coordinates": [ [ [ -46.777169, -23.675145 ], [ -46.777238, -23.675393 ], [ -46.777954, -23.675486 ], [ -46.778107, -23.67596 ], [ -46.77848224603494, -23.676179693941741 ], [ -46.7788073499229, -23.675818139202214 ], [ -46.778737, -23.67572 ], [ -46.778484, -23.6757 ], [ -46.778050399999984, -23.675489299999981 ], [ -46.778347699999983, -23.675507 ], [ -46.778608, -23.675344 ], [ -46.778455299999962, -23.675178899999928 ], [ -46.778642499999933, -23.675045299999962 ], [ -46.778672, -23.674906 ], [ -46.778398, -23.674875 ], [ -46.777919, -23.675216 ], [ -46.777169, -23.675145 ] ] ] } },
{ "type": "Feature", "properties": { "loja_id": "AG14", "CD_SETOR": "355030819000235", "fracao": 0.90688051007816073, "pop": 511, "domicilios": 189, "renda_resp": 2172.98, "classe_pof": "47559" }, "geometry": { "type": "Polygon", "coordinates": [ [ [ -46.77923, -23.673873 ], [ -46.780247, -23.674806 ], [ -46.7792, -23.675695 ], [ -46.779420697307771, -23.675822090487912 ], [ -46.780127, -23.675872 ], [ -46.780417274917333, -23.676105020291097 ], [ -46.780574, -23.675931 ], [ -46.780486, -23.675793 ], [ -46.781617, -23.67531 ], [ -46.779576, -23.673542 ], [ -46.77923, -23.673873 ] ] ] } },
{ "type": "Feature", "properties": { "loja_id": "AG14", "CD_SETOR": "355030819000237", "fracao": 1.0, "pop": 839, "domicilios": 291, "renda_resp": 1323.95, "classe_pof": "47558" }, "geometry": { "type": "Polygon", "coordinates": [ [ [ -46.781493, -23.673858 ], [ -46.781212, -23.674155 ], [ -46.781815, -23.674615 ], [ -46.782091, -23.675123 ], [ -46.782063, -23.67521 ], [ -46.781738, -23.675283 ], [ -46.782015, -23.675751 ], [ -46.782167, -23.675757 ], [ -46.782834, -23.676145 ], [ -46.78325, -23.675676 ], [ -46.781799899999953, -23.673742499999943 ], [ -46.781493, -23.673858 ] ] ] } },
{ "type": "Feature", "properties": { "loja_id": "AG14", "CD_SETOR": "355030819000238", "fracao": 0.66504769498387506, "pop": 440, "domicilios": 156, "renda_resp": 2323.85, "classe_pof": "47559" }, "geometry": { "type": "Polygon", "coordinates": [ [ [ -46.785043, -23.672549 ], [ -46.783027, -23.673427 ], [ -46.783706, -23.674373 ], [ -46.78439885198685, -23.674052497178447 ], [ -46.784702, -23.672999 ], [ -46.785216859591898, -23.672762090060708 ], [ -46.785043, -23.672549 ] ] ] } },
{ "type": "Feature", "properties": { "loja_id": "AG14", "CD_SETOR": "355030819000239", "fracao": 0.99999999999999989, "pop": 817, "domicilios": 259, "renda_resp": 2143.3, "classe_pof": "47559" }, "geometry": { "type": "Polygon", "coordinates": [ [ [ -46.783274, -23.669885 ], [ -46.782798, -23.671047 ], [ -46.783424, -23.672274 ], [ -46.783701, -23.672177 ], [ -46.783832, -23.672201 ], [ -46.784105, -23.672053 ], [ -46.78345859999996, -23.670659199999921 ], [ -46.785145799999952, -23.671253099999948 ], [ -46.785015, -23.670951 ], [ -46.784448, -23.670329 ], [ -46.783332, -23.669905 ], [ -46.783274, -23.669885 ] ] ] } },
{ "type": "Feature", "properties": { "loja_id": "AG14", "CD_SETOR": "355030819000311", "fracao": 1.0, "pop": 552, "domicilios": 191, "renda_resp": 1870.3, "classe_pof": "47559" }, "geometry": { "type": "Polygon", "coordinates": [ [ [ -46.774516, -23.664185 ], [ -46.774647, -23.66521 ], [ -46.775713, -23.665121 ], [ -46.775675, -23.664769 ], [ -46.776106, -23.664723 ], [ -46.776028, -23.664044 ], [ -46.774516, -23.664185 ] ] ] } },
{ "type": "Feature", "properties": { "loja_id": "AG14", "CD_SETOR": "355030819000312", "fracao": 1.0, "pop": 278, "domicilios": 94, "renda_resp": 4983.42, "classe_pof": "47561" }, "geometry": { "type": "Polygon", "coordinates": [ [ [ -46.772481399999947, -23.665931699999934 ], [ -46.772978799999976, -23.666376799999963 ], [ -46.773356899999953, -23.666469099999976 ], [ -46.77337289999997, -23.66698219999995 ], [ -46.773947, -23.666968 ], [ -46.774721, -23.666476 ], [ -46.774457199999972, -23.666130099999972 ], [ -46.774041099999977, -23.666064899999981 ], [ -46.773266899999953, -23.665555 ], [ -46.772783299999958, -23.665507599999959 ], [ -46.772481399999947, -23.665931699999934 ] ] ] } },
{ "type": "Feature", "properties": { "loja_id": "AG14", "CD_SETOR": "355030819000314", "fracao": 0.4477041620154717, "pop": 369, "domicilios": 154, "renda_resp": 2670.04, "classe_pof": "47560" }, "geometry": { "type": "MultiPolygon", "coordinates": [ [ [ [ -46.771083898169884, -23.669806981093849 ], [ -46.771165, -23.670037 ], [ -46.770923816382812, -23.670048616864456 ], [ -46.77103871894009, -23.670575694609433 ], [ -46.772373, -23.670167 ], [ -46.772331, -23.66952 ], [ -46.77168, -23.669817 ], [ -46.771695409128917, -23.669119889653128 ], [ -46.771083898169884, -23.669806981093849 ] ] ], [ [ [ -46.771700166237636, -23.668904678514988 ], [ -46.771722, -23.668601 ], [ -46.77153744029421, -23.668755422111524 ], [ -46.771700166237636, -23.668904678514988 ] ] ] ] } },
{ "type": "Feature", "properties": { "loja_id": "AG14", "CD_SETOR": "355030819000315", "fracao": 0.0092438136598409354, "pop": 570, "domicilios": 232, "renda_resp": 2658.33, "classe_pof": "47560" }, "geometry": { "type": "Polygon", "coordinates": [ [ [ -46.770913, -23.669999 ], [ -46.771165, -23.670037 ], [ -46.771083898169884, -23.669806981093849 ], [ -46.770913, -23.669999 ] ] ] } },
{ "type": "Feature", "properties": { "loja_id": "AG14", "CD_SETOR": "355030819000324", "fracao": 0.5722146756976455, "pop": 631, "domicilios": 225, "renda_resp": 2680.25, "classe_pof": "47560" }, "geometry": { "type": "Polygon", "coordinates": [ [ [ -46.774276593197463, -23.674318851467472 ], [ -46.774999, -23.675917 ], [ -46.775467967952466, -23.676364867055405 ], [ -46.775928099999931, -23.675894 ], [ -46.77549, -23.675021 ], [ -46.775568, -23.674869 ], [ -46.775282, -23.67452 ], [ -46.774924799999951, -23.673885499999979 ], [ -46.774276593197463, -23.674318851467472 ] ] ] } },
{ "type": "Feature", "properties": { "loja_id": "AG14", "CD_SETOR": "355030819000374", "fracao": 1.0, "pop": 188, "domicilios": 65, "renda_resp": 1481.95, "classe_pof": "47558" }, "geometry": { "type": "Polygon", "coordinates": [ [ [ -46.776347299999941, -23.665507299999952 ], [ -46.776662099999953, -23.665856199999951 ], [ -46.777098699999954, -23.665698 ], [ -46.776989799999967, -23.66529359999992 ], [ -46.776347299999941, -23.665507299999952 ] ] ] } },
{ "type": "Feature", "properties": { "loja_id": "AG14", "CD_SETOR": "355030819000376", "fracao": 1.0, "pop": 785, "domicilios": 272, "renda_resp": 1686.55, "classe_pof": "47559" }, "geometry": { "type": "Polygon", "coordinates": [ [ [ -46.783422, -23.672478 ], [ -46.783771899999977, -23.672330299999942 ], [ -46.784147699999949, -23.672639799999956 ], [ -46.78415659999996, -23.672826099999945 ], [ -46.783828599999936, -23.672987599999946 ], [ -46.783868299999938, -23.673074199999977 ], [ -46.785103, -23.672549 ], [ -46.784846899999934, -23.671985399999976 ], [ -46.784362, -23.672143199999937 ], [ -46.784103, -23.672079 ], [ -46.783436, -23.672277 ], [ -46.783129, -23.671692 ], [ -46.782667, -23.671553 ], [ -46.782386, -23.67201 ], [ -46.782887, -23.672282 ], [ -46.782987, -23.672439 ], [ -46.783376399999952, -23.672383099999934 ], [ -46.783422, -23.672478 ] ] ] } },
{ "type": "Feature", "properties": { "loja_id": "AG14", "CD_SETOR": "355030819000420", "fracao": 1.0, "pop": 609, "domicilios": 208, "renda_resp": 2159.32, "classe_pof": "47559" }, "geometry": { "type": "Polygon", "coordinates": [ [ [ -46.776475, -23.664696 ], [ -46.775675, -23.664769 ], [ -46.775713, -23.665121 ], [ -46.774917, -23.665188 ], [ -46.775032, -23.666268 ], [ -46.775094699999954, -23.666297299999936 ], [ -46.775670799999943, -23.665868099999955 ], [ -46.77655, -23.665421 ], [ -46.776475, -23.664696 ] ] ] } },
{ "type": "Feature", "properties": { "loja_id": "AG14", "CD_SETOR": "355030819000421", "fracao": 1.0, "pop": 475, "domicilios": 166, "renda_resp": 1821.31, "classe_pof": "47559" }, "geometry": { "type": "Polygon", "coordinates": [ [ [ -46.776337299999966, -23.665506599999954 ], [ -46.774662, -23.666509 ], [ -46.775842, -23.667669 ], [ -46.776369399999965, -23.667283699999924 ], [ -46.776165, -23.666601 ], [ -46.776279, -23.666188 ], [ -46.776662099999953, -23.665856199999951 ], [ -46.776337299999966, -23.665506599999954 ] ] ] } },
{ "type": "Feature", "properties": { "loja_id": "AG14", "CD_SETOR": "355030819000422", "fracao": 1.0, "pop": 468, "domicilios": 165, "renda_resp": 1969.99, "classe_pof": "47559" }, "geometry": { "type": "Polygon", "coordinates": [ [ [ -46.776316, -23.671765 ], [ -46.777401599999962, -23.672737099999946 ], [ -46.777580799999953, -23.672690399999968 ], [ -46.778359099999932, -23.672157599999931 ], [ -46.777591399999949, -23.671198199999935 ], [ -46.777424, -23.671335 ], [ -46.776868, -23.670747 ], [ -46.776553, -23.671039 ], [ -46.776473, -23.67145 ], [ -46.776316, -23.671765 ] ] ] } },
{ "type": "Feature", "properties": { "loja_id": "AG14", "CD_SETOR": "355030819000423", "fracao": 0.99999999999999989, "pop": 599, "domicilios": 244, "renda_resp": 1744.01, "classe_pof": "47559" }, "geometry": { "type": "Polygon", "coordinates": [ [ [ -46.777591399999949, -23.671198199999935 ], [ -46.778359099999932, -23.672157599999931 ], [ -46.77749, -23.672737099999946 ], [ -46.777354899999978, -23.672712499999928 ], [ -46.776672399999939, -23.67197839999994 ], [ -46.776316, -23.671765 ], [ -46.776168, -23.672158 ], [ -46.776301, -23.6727 ], [ -46.776151, -23.673106 ], [ -46.776507, -23.673507 ], [ -46.776907, -23.673668 ], [ -46.776918, -23.674088 ], [ -46.77678, -23.674505 ], [ -46.777045, -23.674624 ], [ -46.778455, -23.673316 ], [ -46.779095, -23.672606 ], [ -46.778986, -23.672065 ], [ -46.777954, -23.670876 ], [ -46.777591399999949, -23.671198199999935 ] ] ] } },
{ "type": "Feature", "properties": { "loja_id": "AG14", "CD_SETOR": "355030819000430", "fracao": 0.60509676011727009, "pop": 501, "domicilios": 200, "renda_resp": 2191.67, "classe_pof": "47559" }, "geometry": { "type": "Polygon", "coordinates": [ [ [ -46.776439899999957, -23.675026299999956 ], [ -46.776703, -23.67582 ], [ -46.776604, -23.676766 ], [ -46.776714799310945, -23.677057392796414 ], [ -46.776999, -23.677131 ], [ -46.777345318962048, -23.676926311955626 ], [ -46.777359, -23.676258 ], [ -46.777045, -23.674624 ], [ -46.77678, -23.674505 ], [ -46.776439899999957, -23.675026299999956 ] ] ] } },
{ "type": "Feature", "properties": { "loja_id": "AG14", "CD_SETOR": "355030819000431", "fracao": 0.5433064243494975, "pop": 402, "domicilios": 151, "renda_resp": 2436.41, "classe_pof": "47559" }, "geometry": { "type": "Polygon", "coordinates": [ [ [ -46.775924, -23.675902 ], [ -46.775467967952466, -23.676364867055405 ], [ -46.775999, -23.676872 ], [ -46.776714799310945, -23.677057392796414 ], [ -46.776593, -23.676653 ], [ -46.776694, -23.675741 ], [ -46.776413199999979, -23.675006399999972 ], [ -46.775924, -23.675902 ] ] ] } },
{ "type": "Feature", "properties": { "loja_id": "AG14", "CD_SETOR": "355030819000432", "fracao": 0.99999999999999989, "pop": 515, "domicilios": 197, "renda_resp": 1958.47, "classe_pof": "47559" }, "geometry": { "type": "Polygon", "coordinates": [ [ [ -46.78145, -23.669187 ], [ -46.780211, -23.669385 ], [ -46.780098399999986, -23.669542 ], [ -46.780944699999964, -23.66976109999996 ], [ -46.780759, -23.670211 ], [ -46.781064, -23.670382 ], [ -46.781289899999933, -23.669879499999979 ], [ -46.783016599999939, -23.670503099999959 ], [ -46.783368, -23.669676 ], [ -46.783096, -23.669686 ], [ -46.78145, -23.669187 ] ] ] } },
{ "type": "Feature", "properties": { "loja_id": "AG14", "CD_SETOR": "355030819000433", "fracao": 0.99999999999999989, "pop": 487, "domicilios": 192, "renda_resp": 1879.29, "classe_pof": "47559" }, "geometry": { "type": "Polygon", "coordinates": [ [ [ -46.781064, -23.670382 ], [ -46.782381, -23.67105 ], [ -46.782941, -23.671319 ], [ -46.782798, -23.671047 ], [ -46.783016599999939, -23.670503099999959 ], [ -46.781289899999933, -23.669879499999979 ], [ -46.781064, -23.670382 ] ] ] } },
{ "type": "Feature", "properties": { "loja_id": "AG14", "CD_SETOR": "355030819000494", "fracao": 1.0, "pop": 386, "domicilios": 151, "renda_resp": 1542.87, "classe_pof": "47558" }, "geometry": { "type": "Polygon", "coordinates": [ [ [ -46.778342, -23.670146 ], [ -46.777711, -23.670594 ], [ -46.77814, -23.671094 ], [ -46.779217699999947, -23.670316299999961 ], [ -46.778796, -23.669796 ], [ -46.778922, -23.669733 ], [ -46.779007, -23.669502 ], [ -46.777278, -23.669039 ], [ -46.778342, -23.670146 ] ] ] } },
{ "type": "Feature", "properties": { "loja_id": "AG14", "CD_SETOR": "355030819000495", "fracao": 0.99999999999999978, "pop": 576, "domicilios": 202, "renda_resp": 2069.27, "classe_pof": "47559" }, "geometry": { "type": "Polygon", "coordinates": [ [ [ -46.778922, -23.669733 ], [ -46.778796, -23.669796 ], [ -46.779217699999947, -23.670316299999961 ], [ -46.779853, -23.669914 ], [ -46.78025, -23.66994 ], [ -46.780775, -23.67013 ], [ -46.780944699999964, -23.66976109999996 ], [ -46.780098399999986, -23.669542 ], [ -46.780211, -23.669385 ], [ -46.780627, -23.669304 ], [ -46.780565, -23.669255 ], [ -46.77924, -23.668849 ], [ -46.778922, -23.669733 ] ] ] } },
{ "type": "Feature", "properties": { "loja_id": "AG14", "CD_SETOR": "355030819000502", "fracao": 0.81697159766343985, "pop": 477, "domicilios": 171, "renda_resp": 1826.6, "classe_pof": "47559" }, "geometry": { "type": "Polygon", "coordinates": [ [ [ -46.78604, -23.672735 ], [ -46.785408299999972, -23.671350699999952 ], [ -46.78493659999998, -23.671177399999973 ], [ -46.785675693801636, -23.672838040699691 ], [ -46.785884, -23.672884 ], [ -46.78604, -23.672735 ] ] ] } },
{ "type": "Feature", "properties": { "loja_id": "AG14", "CD_SETOR": "355030819000503", "fracao": 0.036839098651303692, "pop": 629, "domicilios": 247, "renda_resp": 2168.32, "classe_pof": "47559" }, "geometry": { "type": "Polygon", "coordinates": [ [ [ -46.785964, -23.672572 ], [ -46.786046762095431, -23.672749380216228 ], [ -46.786533720771757, -23.672346616350239 ], [ -46.785964, -23.672572 ] ] ] } },
{ "type": "Feature", "properties": { "loja_id": "AG14", "CD_SETOR": "355030819000536", "fracao": 0.99999999999999956, "pop": 256, "domicilios": 92, "renda_resp": 1147.18, "classe_pof": "47558" }, "geometry": { "type": "Polygon", "coordinates": [ [ [ -46.777143299999977, -23.665215299999939 ], [ -46.778216399999963, -23.665095399999927 ], [ -46.778192699999977, -23.664969899999964 ], [ -46.777947499999989, -23.66495459999992 ], [ -46.777040299999953, -23.664566 ], [ -46.777143299999977, -23.665215299999939 ] ] ] } },
{ "type": "Feature", "properties": { "loja_id": "AG14", "CD_SETOR": "355030819000537", "fracao": 0.71024017001367523, "pop": 512, "domicilios": 201, "renda_resp": 2599.84, "classe_pof": "47560" }, "geometry": { "type": "Polygon", "coordinates": [ [ [ -46.777040299999953, -23.664566 ], [ -46.777947499999989, -23.66495459999992 ], [ -46.778192699999977, -23.664969899999964 ], [ -46.778216399999963, -23.665095399999927 ], [ -46.779296, -23.664999 ], [ -46.777991008905886, -23.664076270750346 ], [ -46.777709499999958, -23.664566 ], [ -46.777034299999968, -23.664225399999971 ], [ -46.777040299999953, -23.664566 ] ] ] } },
{ "type": "Feature", "properties": { "loja_id": "AG14", "CD_SETOR": "355030819000570", "fracao": 0.74924668732535205, "pop": 298, "domicilios": 115, "renda_resp": 1854.82, "classe_pof": "47559" }, "geometry": { "type": "Polygon", "coordinates": [ [ [ -46.781738, -23.675283 ], [ -46.780486, -23.675793 ], [ -46.780574, -23.675931 ], [ -46.780417274917333, -23.676105020291097 ], [ -46.780813399666236, -23.676423009989357 ], [ -46.781507, -23.675827 ], [ -46.782015, -23.675751 ], [ -46.781738, -23.675283 ] ] ] } },
{ "type": "Feature", "properties": { "loja_id": "AG14", "CD_SETOR": "355030819000571", "fracao": 0.18381547423211497, "pop": 329, "domicilios": 115, "renda_resp": 2450.4, "classe_pof": "47559" }, "geometry": { "type": "Polygon", "coordinates": [ [ [ -46.779420697307771, -23.675822090487912 ], [ -46.778608, -23.675344 ], [ -46.778347699999983, -23.675507 ], [ -46.778050399999984, -23.675489299999981 ], [ -46.778484, -23.6757 ], [ -46.778737, -23.67572 ], [ -46.7788073499229, -23.675818139202214 ], [ -46.778999, -23.675605 ], [ -46.779193, -23.675806 ], [ -46.779420697307771, -23.675822090487912 ] ] ] } },
{ "type": "Feature", "properties": { "loja_id": "AG14", "CD_SETOR": "355030819000575", "fracao": 0.99999999999999956, "pop": 430, "domicilios": 143, "renda_resp": 1483.06, "classe_pof": "47558" }, "geometry": { "type": "Polygon", "coordinates": [ [ [ -46.779336, -23.671821 ], [ -46.779682699999967, -23.671949899999955 ], [ -46.780258699999933, -23.672751199999933 ], [ -46.780475399999943, -23.67287669999995 ], [ -46.780546699999945, -23.673019199999935 ], [ -46.780529599999966, -23.673298699999965 ], [ -46.780666399999973, -23.673449799999954 ], [ -46.780888799999964, -23.673452699999931 ], [ -46.781191099999944, -23.673315799999948 ], [ -46.781319399999973, -23.673375699999955 ], [ -46.781637199999977, -23.673792 ], [ -46.78186809999994, -23.673715099999974 ], [ -46.781457699999976, -23.673095399999958 ], [ -46.781048399999982, -23.673123499999974 ], [ -46.77954, -23.671681 ], [ -46.779336, -23.671821 ] ] ] } },
{ "type": "Feature", "properties": { "loja_id": "AG14", "CD_SETOR": "355030819000576", "fracao": 1.0, "pop": 515, "domicilios": 167, "renda_resp": 1672.92, "classe_pof": "47559" }, "geometry": { "type": "Polygon", "coordinates": [ [ [ -46.778986, -23.672065 ], [ -46.779099, -23.672584 ], [ -46.778826, -23.67295 ], [ -46.77935, -23.672846 ], [ -46.779761, -23.672926 ], [ -46.780484, -23.673602 ], [ -46.781212, -23.674155 ], [ -46.781637199999977, -23.673792 ], [ -46.781319399999973, -23.673375699999955 ], [ -46.781191099999944, -23.673315799999948 ], [ -46.780888799999964, -23.673452699999931 ], [ -46.780666399999973, -23.673449799999954 ], [ -46.780529599999966, -23.673298699999965 ], [ -46.780546699999945, -23.673019199999935 ], [ -46.780475399999943, -23.67287669999995 ], [ -46.780258699999933, -23.672751199999933 ], [ -46.779682699999967, -23.671949899999955 ], [ -46.779336, -23.671821 ], [ -46.778986, -23.672065 ] ] ] } },
{ "type": "Feature", "properties": { "loja_id": "AG14", "CD_SETOR": "355030819000577", "fracao": 0.89410542745419375, "pop": 192, "domicilios": 75, "renda_resp": 2086.45, "classe_pof": "47559" }, "geometry": { "type": "Polygon", "coordinates": [ [ [ -46.784846899999934, -23.671985399999976 ], [ -46.785216859591898, -23.672762090060708 ], [ -46.785675693801636, -23.672838040699691 ], [ -46.78493659999998, -23.671177399999973 ], [ -46.78345859999996, -23.670659199999921 ], [ -46.784103, -23.672079 ], [ -46.784362, -23.672143199999937 ], [ -46.784846899999934, -23.671985399999976 ] ] ] } },
{ "type": "Feature", "properties": { "loja_id": "AG14", "CD_SETOR": "355030819000587", "fracao": 0.25752090236083569, "pop": 6, "domicilios": 3, "renda_resp": null, "classe_pof": null }, "geometry": { "type": "Polygon", "coordinates": [ [ [ -46.770482026312969, -23.665119400498419 ], [ -46.770973, -23.665917 ], [ -46.771741, -23.66659 ], [ -46.772639, -23.666962 ], [ -46.77337289999997, -23.66698219999995 ], [ -46.773356899999953, -23.666469099999976 ], [ -46.772978799999976, -23.666376799999963 ], [ -46.772481399999947, -23.665931699999934 ], [ -46.771864799999946, -23.665755599999951 ], [ -46.77164162545909, -23.665109242654093 ], [ -46.770867, -23.664867 ], [ -46.770482026312969, -23.665119400498419 ] ] ] } },
{ "type": "Feature", "properties": { "loja_id": "AG14", "CD_SETOR": "355030819000593", "fracao": 0.076715929004208386, "pop": 560, "domicilios": 219, "renda_resp": 3175.44, "classe_pof": "47560" }, "geometry": { "type": "Polygon", "coordinates": [ [ [ -46.77454, -23.66418 ], [ -46.776916, -23.663976 ], [ -46.776874324792956, -23.663562454155851 ], [ -46.776733, -23.663733 ], [ -46.774771, -23.663771 ], [ -46.774515994098927, -23.663926580800979 ], [ -46.77454, -23.66418 ] ] ] } },
{ "type": "Feature", "properties": { "loja_id": "AG14", "CD_SETOR": "355030819000594", "fracao": 0.40003609539482715, "pop": 2, "domicilios": 1, "renda_resp": null, "classe_pof": null }, "geometry": { "type": "Polygon", "coordinates": [ [ [ -46.77164162545909, -23.665109242654093 ], [ -46.771864799999946, -23.665755599999951 ], [ -46.772133, -23.665862 ], [ -46.772481399999947, -23.665931699999934 ], [ -46.772783299999958, -23.665507599999959 ], [ -46.773266899999953, -23.665555 ], [ -46.774041099999977, -23.666064899999981 ], [ -46.774457199999972, -23.666130099999972 ], [ -46.774721, -23.666476 ], [ -46.775032, -23.666268 ], [ -46.774917, -23.665188 ], [ -46.774647, -23.66521 ], [ -46.774515994098927, -23.663926580800979 ], [ -46.773999, -23.664242 ], [ -46.772999, -23.663489 ], [ -46.7723, -23.664999 ], [ -46.771999, -23.665221 ], [ -46.77164162545909, -23.665109242654093 ] ] ] } },
{ "type": "Feature", "properties": { "loja_id": "AG14", "CD_SETOR": "355030819000644", "fracao": 0.12560129764073455, "pop": 561, "domicilios": 198, "renda_resp": 1441.45, "classe_pof": "47558" }, "geometry": { "type": "Polygon", "coordinates": [ [ [ -46.78313959999997, -23.67579539999997 ], [ -46.783446858356555, -23.676059838943715 ], [ -46.783543, -23.675543 ], [ -46.784103850430597, -23.675077669078316 ], [ -46.78313959999997, -23.67579539999997 ] ] ] } },
{ "type": "Feature", "properties": { "loja_id": "AG14", "CD_SETOR": "355030819000645", "fracao": 0.29801491720150719, "pop": 123, "domicilios": 49, "renda_resp": 1596.63, "classe_pof": "47558" }, "geometry": { "type": "Polygon", "coordinates": [ [ [ -46.782834, -23.676145 ], [ -46.783230969142117, -23.676502772657681 ], [ -46.783386, -23.676387 ], [ -46.783446858356555, -23.676059838943715 ], [ -46.78313959999997, -23.67579539999997 ], [ -46.782834, -23.676145 ] ] ] } },
{ "type": "Feature", "properties": { "loja_id": "AG09", "CD_SETOR": "355030826000059", "fracao": 1.0, "pop": 199, "domicilios": 116, "renda_resp": 3704.34, "classe_pof": "47560" }, "geometry": { "type": "Polygon", "coordinates": [ [ [ -46.64895359999997, -23.545945299999968 ], [ -46.64945739999996, -23.54593379999994 ], [ -46.649459, -23.546124199999952 ], [ -46.648920299999986, -23.546141099999939 ], [ -46.648926, -23.546336699999983 ], [ -46.649417799999981, -23.546330499999957 ], [ -46.64942039999994, -23.546485699999945 ], [ -46.649770099999962, -23.546456399999951 ], [ -46.649760299999976, -23.545737699999954 ], [ -46.649435399999959, -23.545739 ], [ -46.649412699999978, -23.545570399999967 ], [ -46.648902899999939, -23.545550599999967 ], [ -46.64895359999997, -23.545945299999968 ] ] ] } },
{ "type": "Feature", "properties": { "loja_id": "AG09", "CD_SETOR": "355030826000060", "fracao": 0.99999990108708381, "pop": 220, "domicilios": 128, "renda_resp": 6591.58, "classe_pof": "47561" }, "geometry": { "type": "Polygon", "coordinates": [ [ [ -46.648959799999943, -23.547528599999964 ], [ -46.648981, -23.547848 ], [ -46.649819386942021, -23.547192444783267 ], [ -46.649506, -23.546672599999969 ], [ -46.649216199999955, -23.546962399999924 ], [ -46.649230899999964, -23.547510699999979 ], [ -46.648959799999943, -23.547528599999964 ] ] ] } },
{ "type": "Feature", "properties": { "loja_id": "AG09", "CD_SETOR": "355030826000061", "fracao": 0.99999999999999967, "pop": 351, "domicilios": 209, "renda_resp": 4609.34, "classe_pof": "47560" }, "geometry": { "type": "Polygon", "coordinates": [ [ [ -46.648926, -23.546336699999983 ], [ -46.648959799999943, -23.547528599999964 ], [ -46.649230899999964, -23.547510699999979 ], [ -46.649216199999955, -23.546962399999924 ], [ -46.649770099999962, -23.546456399999951 ], [ -46.64942039999994, -23.546485699999945 ], [ -46.649417799999981, -23.546330499999957 ], [ -46.648926, -23.546336699999983 ] ] ] } },
{ "type": "Feature", "properties": { "loja_id": "AG09", "CD_SETOR": "355030826000079", "fracao": 0.16758337050227942, "pop": 239, "domicilios": 141, "renda_resp": 7316.14, "classe_pof": "47561" }, "geometry": { "type": "Polygon", "coordinates": [ [ [ -46.651174099999935, -23.543985299999971 ], [ -46.65121019999998, -23.54413239999996 ], [ -46.651341799999955, -23.544104599999965 ], [ -46.65136641798405, -23.544188550413086 ], [ -46.651376132852604, -23.543945678944617 ], [ -46.651174099999935, -23.543985299999971 ] ] ] } },
{ "type": "Feature", "properties": { "loja_id": "AG02", "CD_SETOR": "355030826000089", "fracao": 1.0, "pop": 223, "domicilios": 162, "renda_resp": 7674.95, "classe_pof": "47561" }, "geometry": { "type": "Polygon", "coordinates": [ [ [ -46.654569, -23.554477 ], [ -46.655201, -23.554813 ], [ -46.655365399999937, -23.55433969999995 ], [ -46.654975199999967, -23.554127599999958 ], [ -46.655028499999958, -23.554000499999976 ], [ -46.65484749999996, -23.553924299999945 ], [ -46.654569, -23.554477 ] ] ] } },
{ "type": "Feature", "properties": { "loja_id": "AG02", "CD_SETOR": "355030826000090", "fracao": 0.42553365404657223, "pop": 355, "domicilios": 158, "renda_resp": 9568.84, "classe_pof": "47562" }, "geometry": { "type": "Polygon", "coordinates": [ [ [ -46.655237, -23.553495 ], [ -46.656699, -23.554862 ], [ -46.656951116280268, -23.554640989436791 ], [ -46.656269, -23.554029 ], [ -46.655909956891698, -23.553349729382958 ], [ -46.655237, -23.553495 ] ] ] } },
{ "type": "Feature", "properties": { "loja_id": "AG09", "CD_SETOR": "355030826000094", "fracao": 1.0, "pop": 359, "domicilios": 203, "renda_resp": 5696.66, "classe_pof": "47561" }, "geometry": { "type": "Polygon", "coordinates": [ [ [ -46.647687, -23.542777499999946 ], [ -46.647711, -23.543378699999941 ], [ -46.648213, -23.543355099999935 ], [ -46.648211599999968, -23.543459299999942 ], [ -46.648485899999969, -23.543468599999986 ], [ -46.648500899999931, -23.543003499999937 ], [ -46.648829199999973, -23.542993499999969 ], [ -46.648821, -23.54275 ], [ -46.647687, -23.542777499999946 ] ] ] } },
{ "type": "Feature", "properties": { "loja_id": "AG09", "CD_SETOR": "355030826000096", "fracao": 1.0, "pop": 332, "domicilios": 179, "renda_resp": 8014.88, "classe_pof": "47561" }, "geometry": { "type": "Polygon", "coordinates": [ [ [ -46.648878, -23.544647 ], [ -46.650236099999972, -23.544608 ], [ -46.650211, -23.543737 ], [ -46.648851, -23.543773 ], [ -46.648878, -23.544647 ] ] ] } },
{ "type": "Feature", "properties": { "loja_id": "AG09", "CD_SETOR": "355030826000098", "fracao": 1.0, "pop": 462, "domicilios": 284, "renda_resp": 5569.16, "classe_pof": "47561" }, "geometry": { "type": "Polygon", "coordinates": [ [ [ -46.650236099999972, -23.544608 ], [ -46.647761, -23.544675 ], [ -46.647776, -23.545389 ], [ -46.650259, -23.545337 ], [ -46.650236099999972, -23.544608 ] ] ] } },
{ "type": "Feature", "properties": { "loja_id": "AG09", "CD_SETOR": "355030826000099", "fracao": 1.0, "pop": 277, "domicilios": 146, "renda_resp": 6145.2, "classe_pof": "47561" }, "geometry": { "type": "Polygon", "coordinates": [ [ [ -46.647776, -23.545393 ], [ -46.64782, -23.546214 ], [ -46.648921, -23.546181 ], [ -46.648898, -23.545369 ], [ -46.647776, -23.545393 ] ] ] } },
{ "type": "Feature", "properties": { "loja_id": "AG09", "CD_SETOR": "355030826000101", "fracao": 1.0, "pop": 184, "domicilios": 124, "renda_resp": 5891.17, "classe_pof": "47561" }, "geometry": { "type": "Polygon", "coordinates": [ [ [ -46.647841, -23.54721 ], [ -46.647813, -23.547623 ], [ -46.648959, -23.548002 ], [ -46.64895, -23.54714 ], [ -46.647841, -23.54721 ] ] ] } },
{ "type": "Feature", "properties": { "loja_id": "AG02", "CD_SETOR": "355030826000106", "fracao": 1.0, "pop": 255, "domicilios": 128, "renda_resp": 8210.22, "classe_pof": "47561" }, "geometry": { "type": "Polygon", "coordinates": [ [ [ -46.655312, -23.554873 ], [ -46.655766699999958, -23.555181199999932 ], [ -46.655992, -23.554883399999934 ], [ -46.656098799999938, -23.554993499999963 ], [ -46.65623469999997, -23.555153199999946 ], [ -46.655918199999974, -23.55537529999998 ], [ -46.656618, -23.556278 ], [ -46.657439899999986, -23.555559899999938 ], [ -46.655747, -23.553972 ], [ -46.655312, -23.554873 ] ] ] } },
{ "type": "Feature", "properties": { "loja_id": "AG02", "CD_SETOR": "355030826000107", "fracao": 0.9240287543400183, "pop": 262, "domicilios": 163, "renda_resp": 8977.09, "classe_pof": "47562" }, "geometry": { "type": "Polygon", "coordinates": [ [ [ -46.656624, -23.556286 ], [ -46.657013399999983, -23.55678719999997 ], [ -46.65741689999993, -23.556465499999948 ], [ -46.657559799999945, -23.556624 ], [ -46.657133199999976, -23.556941 ], [ -46.657247, -23.557081 ], [ -46.657917492454438, -23.556498489096008 ], [ -46.657856706987104, -23.555948392443444 ], [ -46.657439899999986, -23.555559899999938 ], [ -46.656624, -23.556286 ] ] ] } },
{ "type": "Feature", "properties": { "loja_id": "AG09", "CD_SETOR": "355030826000125", "fracao": 1.0, "pop": 275, "domicilios": 171, "renda_resp": 5338.37, "classe_pof": "47561" }, "geometry": { "type": "Polygon", "coordinates": [ [ [ -46.648920299999986, -23.546141099999939 ], [ -46.649459, -23.546124199999952 ], [ -46.64945739999996, -23.54593379999994 ], [ -46.648914199999979, -23.545946199999957 ], [ -46.648920299999986, -23.546141099999939 ] ] ] } },
{ "type": "Feature", "properties": { "loja_id": "AG09", "CD_SETOR": "355030826000126", "fracao": 0.72246716779441877, "pop": 289, "domicilios": 181, "renda_resp": 6139.87, "classe_pof": "47561" }, "geometry": { "type": "Polygon", "coordinates": [ [ [ -46.649506, -23.546672599999969 ], [ -46.649799399999949, -23.547159099999924 ], [ -46.64981959873159, -23.547192034877639 ], [ -46.650083510491463, -23.546681247904605 ], [ -46.649814799999945, -23.546417199999944 ], [ -46.649506, -23.546672599999969 ] ] ] } },
{ "type": "Feature", "properties": { "loja_id": "AG09", "CD_SETOR": "355030826000127", "fracao": 0.13807424454588027, "pop": 192, "domicilios": 128, "renda_resp": 4691.89, "classe_pof": "47560" }, "geometry": { "type": "Polygon", "coordinates": [ [ [ -46.649389499999984, -23.548137399999973 ], [ -46.649259546271814, -23.548484293871518 ], [ -46.649785408114511, -23.548261854704855 ], [ -46.649389499999984, -23.548137399999973 ] ] ] } },
{ "type": "Feature", "properties": { "loja_id": "AG09", "CD_SETOR": "355030826000129", "fracao": 1.0, "pop": 96, "domicilios": 68, "renda_resp": 7919.25, "classe_pof": "47561" }, "geometry": { "type": "Polygon", "coordinates": [ [ [ -46.650568399999941, -23.543764 ], [ -46.650587399999949, -23.544154799999948 ], [ -46.650971599999934, -23.544154299999938 ], [ -46.650955099999976, -23.543718199999944 ], [ -46.650568399999941, -23.543764 ] ] ] } },
{ "type": "Feature", "properties": { "loja_id": "AG02", "CD_SETOR": "355030826000132", "fracao": 1.0, "pop": 147, "domicilios": 105, "renda_resp": 8778.81, "classe_pof": "47562" }, "geometry": { "type": "Polygon", "coordinates": [ [ [ -46.655918199999974, -23.55537529999998 ], [ -46.65623469999997, -23.555153199999946 ], [ -46.655992, -23.554883399999934 ], [ -46.655766699999958, -23.555181199999932 ], [ -46.655918199999974, -23.55537529999998 ] ] ] } },
{ "type": "Feature", "properties": { "loja_id": "AG02", "CD_SETOR": "355030826000133", "fracao": 0.39564276787460567, "pop": 271, "domicilios": 137, "renda_resp": 11286.1, "classe_pof": "47562" }, "geometry": { "type": "Polygon", "coordinates": [ [ [ -46.657247, -23.557081 ], [ -46.657800810079223, -23.557787832707774 ], [ -46.658017, -23.557399 ], [ -46.657917492454438, -23.556498489096008 ], [ -46.657247, -23.557081 ] ] ] } },
{ "type": "Feature", "properties": { "loja_id": "AG02", "CD_SETOR": "355030826000147", "fracao": 1.0, "pop": 180, "domicilios": 99, "renda_resp": 11616.6, "classe_pof": "47562" }, "geometry": { "type": "Polygon", "coordinates": [ [ [ -46.657133199999976, -23.556941 ], [ -46.657559799999945, -23.556624 ], [ -46.65741689999993, -23.556465499999948 ], [ -46.657013399999983, -23.55678719999997 ], [ -46.657133199999976, -23.556941 ] ] ] } },
{ "type": "Feature", "properties": { "loja_id": "AG09", "CD_SETOR": "355030826000204", "fracao": 0.24784550755945958, "pop": 199, "domicilios": 138, "renda_resp": 6469.76, "classe_pof": "47561" }, "geometry": { "type": "Polygon", "coordinates": [ [ [ -46.650259, -23.545337 ], [ -46.650279, -23.546075 ], [ -46.65028635456693, -23.54628865134001 ], [ -46.650785071686073, -23.545323394030312 ], [ -46.650259, -23.545337 ] ] ] } },
{ "type": "Feature", "properties": { "loja_id": "AG09", "CD_SETOR": "355030826000206", "fracao": 1.0, "pop": 370, "domicilios": 238, "renda_resp": 6982.56, "classe_pof": "47561" }, "geometry": { "type": "Polygon", "coordinates": [ [ [ -46.648902899999939, -23.545550599999967 ], [ -46.649412699999978, -23.545570399999967 ], [ -46.649435399999959, -23.545739 ], [ -46.649891799999978, -23.545738399999948 ], [ -46.64989, -23.545874799999986 ], [ -46.650273399999953, -23.545879099999979 ], [ -46.650259, -23.545337 ], [ -46.648898, -23.545369 ], [ -46.648902899999939, -23.545550599999967 ] ] ] } },
{ "type": "Feature", "properties": { "loja_id": "AG09", "CD_SETOR": "355030826000207", "fracao": 0.87680084541709136, "pop": 100, "domicilios": 50, "renda_resp": 5332.39, "classe_pof": "47561" }, "geometry": { "type": "Polygon", "coordinates": [ [ [ -46.649814799999945, -23.546417199999944 ], [ -46.650083510491463, -23.546681247904605 ], [ -46.65028635456693, -23.54628865134001 ], [ -46.650273399999953, -23.545879099999979 ], [ -46.64989, -23.545874799999986 ], [ -46.649891799999978, -23.545738399999948 ], [ -46.649760299999976, -23.545737699999954 ], [ -46.649770099999962, -23.546456399999951 ], [ -46.649814799999945, -23.546417199999944 ] ] ] } },
{ "type": "Feature", "properties": { "loja_id": "AG09", "CD_SETOR": "355030826000208", "fracao": 0.0068197090331943875, "pop": 75, "domicilios": 38, "renda_resp": 7133.56, "classe_pof": "47561" }, "geometry": { "type": "Polygon", "coordinates": [ [ [ -46.648984029681067, -23.548600836195963 ], [ -46.648756899999967, -23.548533599999935 ], [ -46.648682406001654, -23.548728420927148 ], [ -46.648984029681067, -23.548600836195963 ] ] ] } },
{ "type": "Feature", "properties": { "loja_id": "AG09", "CD_SETOR": "355030826000209", "fracao": 0.91822807409827822, "pop": 229, "domicilios": 136, "renda_resp": 8579.55, "classe_pof": "47562" }, "geometry": { "type": "Polygon", "coordinates": [ [ [ -46.648794299999963, -23.548542699999935 ], [ -46.648984029681067, -23.548600836195963 ], [ -46.649259546271814, -23.548484293871518 ], [ -46.649389499999984, -23.548137399999973 ], [ -46.648959, -23.548002 ], [ -46.648794299999963, -23.548542699999935 ] ] ] } },
{ "type": "Feature", "properties": { "loja_id": "AG02", "CD_SETOR": "355030826000220", "fracao": 0.0010590432866888089, "pop": 191, "domicilios": 110, "renda_resp": 7958.93, "classe_pof": "47561" }, "geometry": { "type": "Polygon", "coordinates": [ [ [ -46.655909956891698, -23.553349729382958 ], [ -46.655899, -23.553329 ], [ -46.655862653157364, -23.55333659661283 ], [ -46.655909956891698, -23.553349729382958 ] ] ] } },
{ "type": "Feature", "properties": { "loja_id": "AG09", "CD_SETOR": "355030826000225", "fracao": 0.87554169168186902, "pop": 173, "domicilios": 84, "renda_resp": 7641.79, "classe_pof": "47561" }, "geometry": { "type": "Polygon", "coordinates": [ [ [ -46.652046773479057, -23.541636142960296 ], [ -46.650878, -23.541669 ], [ -46.651145, -23.542488199999973 ], [ -46.651772637366484, -23.54230476990864 ], [ -46.652046773479057, -23.541636142960296 ] ] ] } },
{ "type": "Feature", "properties": { "loja_id": "AG09", "CD_SETOR": "355030826000235", "fracao": 0.24776099127576789, "pop": 321, "domicilios": 165, "renda_resp": 38103.22, "classe_pof": "47564" }, "geometry": { "type": "Polygon", "coordinates": [ [ [ -46.651224, -23.542727 ], [ -46.651603562069653, -23.542717146759159 ], [ -46.651772637366484, -23.54230476990864 ], [ -46.651145, -23.542488199999973 ], [ -46.651224, -23.542727 ] ] ] } },
{ "type": "Feature", "properties": { "loja_id": "AG09", "CD_SETOR": "355030826000237", "fracao": 0.060186940096912438, "pop": 231, "domicilios": 115, "renda_resp": 13559.7, "classe_pof": "47563" }, "geometry": { "type": "Polygon", "coordinates": [ [ [ -46.651603562069653, -23.542717146759159 ], [ -46.651224, -23.542727 ], [ -46.651292599999984, -23.542934199999927 ], [ -46.651514213430204, -23.542935068227898 ], [ -46.651603562069653, -23.542717146759159 ] ] ] } },
{ "type": "Feature", "properties": { "loja_id": "AG09", "CD_SETOR": "355030826000238", "fracao": 0.049701402827214997, "pop": 280, "domicilios": 163, "renda_resp": 9808.69, "classe_pof": "47562" }, "geometry": { "type": "Polygon", "coordinates": [ [ [ -46.651403235933707, -23.543268101745696 ], [ -46.651514213430204, -23.542935068227898 ], [ -46.651292599999984, -23.542934199999927 ], [ -46.651403235933707, -23.543268101745696 ] ] ] } },
{ "type": "Feature", "properties": { "loja_id": "AG09", "CD_SETOR": "355030826000240", "fracao": 0.99295060395049461, "pop": 113, "domicilios": 62, "renda_resp": 4743.18, "classe_pof": "47560" }, "geometry": { "type": "Polygon", "coordinates": [ [ [ -46.650878, -23.541669 ], [ -46.648787, -23.54172 ], [ -46.648795, -23.541970799999941 ], [ -46.648509499999932, -23.541981799999967 ], [ -46.648506899999973, -23.542163599999984 ], [ -46.648384299999975, -23.542167699999933 ], [ -46.648403799999983, -23.542430299999978 ], [ -46.648809699999958, -23.542423499999924 ], [ -46.648851, -23.543773 ], [ -46.651385619361861, -23.543708516296554 ], [ -46.651403235933707, -23.543268101745696 ], [ -46.650878, -23.541669 ] ] ] } },
{ "type": "Feature", "properties": { "loja_id": "AG02", "CD_SETOR": "355030826000249", "fracao": 0.27818009185749482, "pop": 200, "domicilios": 106, "renda_resp": 7622.98, "classe_pof": "47561" }, "geometry": { "type": "Polygon", "coordinates": [ [ [ -46.657439899999986, -23.555559899999938 ], [ -46.657705699999951, -23.555324299999938 ], [ -46.657796, -23.555399 ], [ -46.656951116280268, -23.554640989436791 ], [ -46.656699, -23.554862 ], [ -46.657439899999986, -23.555559899999938 ] ] ] } },
{ "type": "Feature", "properties": { "loja_id": "AG02", "CD_SETOR": "355030826000250", "fracao": 0.11890564278024648, "pop": 229, "domicilios": 124, "renda_resp": 6357.69, "classe_pof": "47561" }, "geometry": { "type": "Polygon", "coordinates": [ [ [ -46.65747, -23.555589 ], [ -46.657856706987104, -23.555948392443444 ], [ -46.657797810844826, -23.55541538806003 ], [ -46.657705699999951, -23.555324299999938 ], [ -46.65747, -23.555589 ] ] ] } },
{ "type": "Feature", "properties": { "loja_id": "AG09", "CD_SETOR": "355030826000255", "fracao": 1.0, "pop": 124, "domicilios": 63, "renda_resp": 6740.77, "classe_pof": "47561" }, "geometry": { "type": "Polygon", "coordinates": [ [ [ -46.648690299999942, -23.543461099999938 ], [ -46.6487087, -23.543776899999951 ], [ -46.648851, -23.543773 ], [ -46.648829199999973, -23.542993499999969 ], [ -46.648500899999931, -23.543003499999937 ], [ -46.648485899999969, -23.543468599999986 ], [ -46.648690299999942, -23.543461099999938 ] ] ] } },
{ "type": "Feature", "properties": { "loja_id": "AG09", "CD_SETOR": "355030826000256", "fracao": 1.0, "pop": 311, "domicilios": 186, "renda_resp": 5419.38, "classe_pof": "47561" }, "geometry": { "type": "Polygon", "coordinates": [ [ [ -46.647727199999963, -23.543800899999955 ], [ -46.6487087, -23.543776899999951 ], [ -46.648690299999942, -23.543461099999938 ], [ -46.648211599999968, -23.543459299999942 ], [ -46.648213, -23.543355099999935 ], [ -46.647721499999932, -23.543371899999951 ], [ -46.647727199999963, -23.543800899999955 ] ] ] } },
{ "type": "Feature", "properties": { "loja_id": "AG09", "CD_SETOR": "355030826000257", "fracao": 1.0, "pop": 299, "domicilios": 152, "renda_resp": 4944.36, "classe_pof": "47560" }, "geometry": { "type": "Polygon", "coordinates": [ [ [ -46.647727199999963, -23.543800899999955 ], [ -46.647749699999963, -23.544381099999949 ], [ -46.648191199999985, -23.544362699999962 ], [ -46.648201599999943, -23.544664 ], [ -46.648878, -23.544647 ], [ -46.648851, -23.543773 ], [ -46.647727199999963, -23.543800899999955 ] ] ] } },
{ "type": "Feature", "properties": { "loja_id": "AG09", "CD_SETOR": "355030826000258", "fracao": 1.0, "pop": 140, "domicilios": 95, "renda_resp": 4158.36, "classe_pof": "47560" }, "geometry": { "type": "Polygon", "coordinates": [ [ [ -46.647761, -23.544675 ], [ -46.648201599999943, -23.544664 ], [ -46.648191199999985, -23.544362699999962 ], [ -46.64775579999997, -23.544374799999964 ], [ -46.647761, -23.544675 ] ] ] } },
{ "type": "Feature", "properties": { "loja_id": "AG09", "CD_SETOR": "355030826000259", "fracao": 1.0, "pop": 310, "domicilios": 153, "renda_resp": 6766.69, "classe_pof": "47561" }, "geometry": { "type": "Polygon", "coordinates": [ [ [ -46.647826099999975, -23.546253899999957 ], [ -46.64783539999997, -23.546952199999957 ], [ -46.64807159999998, -23.546954399999951 ], [ -46.64856919999994, -23.546807199999936 ], [ -46.648647499999981, -23.546490299999963 ], [ -46.64893, -23.546482 ], [ -46.648921, -23.546181 ], [ -46.647826099999975, -23.546253899999957 ] ] ] } },
{ "type": "Feature", "properties": { "loja_id": "AG09", "CD_SETOR": "355030826000260", "fracao": 1.0, "pop": 139, "domicilios": 85, "renda_resp": 4105.65, "classe_pof": "47560" }, "geometry": { "type": "Polygon", "coordinates": [ [ [ -46.64783539999997, -23.546952199999957 ], [ -46.647838, -23.547167 ], [ -46.64895, -23.54714 ], [ -46.64893, -23.546482 ], [ -46.648647499999981, -23.546490299999963 ], [ -46.64856919999994, -23.546807199999936 ], [ -46.64807159999998, -23.546954399999951 ], [ -46.64783539999997, -23.546952199999957 ] ] ] } },
{ "type": "Feature", "properties": { "loja_id": "AG09", "CD_SETOR": "355030826000263", "fracao": 0.34812395405550989, "pop": 184, "domicilios": 120, "renda_resp": 4390.18, "classe_pof": "47560" }, "geometry": { "type": "Polygon", "coordinates": [ [ [ -46.649391899999955, -23.547526699999935 ], [ -46.64968719999996, -23.547945199999951 ], [ -46.649886553670228, -23.547796914819909 ], [ -46.649819386942021, -23.547192444783267 ], [ -46.649391899999955, -23.547526699999935 ] ] ] } },
{ "type": "Feature", "properties": { "loja_id": "AG09", "CD_SETOR": "355030826000266", "fracao": 0.048974102883806582, "pop": 67, "domicilios": 36, "renda_resp": 8250.35, "classe_pof": "47561" }, "geometry": { "type": "Polygon", "coordinates": [ [ [ -46.64968719999996, -23.547945199999951 ], [ -46.649391899999955, -23.547526699999935 ], [ -46.648981, -23.547848 ], [ -46.648959, -23.548002 ], [ -46.649785408114511, -23.548261854704855 ], [ -46.649934, -23.548199 ], [ -46.649886553670228, -23.547796914819909 ], [ -46.64968719999996, -23.547945199999951 ] ] ] } },
{ "type": "Feature", "properties": { "loja_id": "AG09", "CD_SETOR": "355030826000268", "fracao": 0.38734000430596088, "pop": 99, "domicilios": 75, "renda_resp": 4436.52, "classe_pof": "47560" }, "geometry": { "type": "Polygon", "coordinates": [ [ [ -46.64631, -23.550836 ], [ -46.646500324749503, -23.550893913995289 ], [ -46.647201368760953, -23.550319207355539 ], [ -46.646665, -23.550143 ], [ -46.646393, -23.550606 ], [ -46.64631, -23.550836 ] ] ] } },
{ "type": "Feature", "properties": { "loja_id": "AG09", "CD_SETOR": "355030826000273", "fracao": 0.8657024845240795, "pop": 131, "domicilios": 83, "renda_resp": 7681.27, "classe_pof": "47561" }, "geometry": { "type": "Polygon", "coordinates": [ [ [ -46.650236099999972, -23.544608 ], [ -46.650259, -23.545337 ], [ -46.650785071686073, -23.545323394030312 ], [ -46.651067816975917, -23.544776139472404 ], [ -46.651061599999942, -23.544586299999942 ], [ -46.650236099999972, -23.544608 ] ] ] } },
{ "type": "Feature", "properties": { "loja_id": "AG09", "CD_SETOR": "355030826000274", "fracao": 0.01520904113722139, "pop": 183, "domicilios": 106, "renda_resp": 8182.62, "classe_pof": "47561" }, "geometry": { "type": "Polygon", "coordinates": [ [ [ -46.651063099999931, -23.544623 ], [ -46.651067816975917, -23.544776139472404 ], [ -46.651167371237896, -23.544583450703339 ], [ -46.651063099999931, -23.544623 ] ] ] } },
{ "type": "Feature", "properties": { "loja_id": "AG02", "CD_SETOR": "355030826000275", "fracao": 0.025557961058420411, "pop": 241, "domicilios": 98, "renda_resp": 19994.65, "classe_pof": "47563" }, "geometry": { "type": "Polygon", "coordinates": [ [ [ -46.653936694416991, -23.554150988878146 ], [ -46.654015399999935, -23.554191699999929 ], [ -46.654077068458434, -23.554061571286788 ], [ -46.653936694416991, -23.554150988878146 ] ] ] } },
{ "type": "Feature", "properties": { "loja_id": "AG02", "CD_SETOR": "355030826000278", "fracao": 0.8572556013194127, "pop": 310, "domicilios": 212, "renda_resp": 8982.64, "classe_pof": "47562" }, "geometry": { "type": "Polygon", "coordinates": [ [ [ -46.654024499999935, -23.554154399999952 ], [ -46.65455019999996, -23.554467299999935 ], [ -46.65484749999996, -23.553924299999945 ], [ -46.654547311554211, -23.553762026933914 ], [ -46.654024499999935, -23.554154399999952 ] ] ] } },
{ "type": "Feature", "properties": { "loja_id": "AG09", "CD_SETOR": "355030826000285", "fracao": 0.99999999999999978, "pop": 113, "domicilios": 69, "renda_resp": 8661.01, "classe_pof": "47562" }, "geometry": { "type": "Polygon", "coordinates": [ [ [ -46.650972499999966, -23.544584099999959 ], [ -46.650971599999934, -23.544154299999938 ], [ -46.650587399999949, -23.544154799999948 ], [ -46.650568699999951, -23.543727899999965 ], [ -46.650211, -23.543737 ], [ -46.650236099999972, -23.544608 ], [ -46.650972499999966, -23.544584099999959 ] ] ] } },
{ "type": "Feature", "properties": { "loja_id": "AG09", "CD_SETOR": "355030826000286", "fracao": 0.62416679976521094, "pop": 293, "domicilios": 171, "renda_resp": 8516.13, "classe_pof": "47562" }, "geometry": { "type": "Polygon", "coordinates": [ [ [ -46.650972499999966, -23.544584099999959 ], [ -46.651167371237896, -23.544583450703339 ], [ -46.651366, -23.544199 ], [ -46.651341799999955, -23.544104599999965 ], [ -46.65121019999998, -23.54413239999996 ], [ -46.651174099999935, -23.543985299999971 ], [ -46.651376132852604, -23.543945678944617 ], [ -46.651385619361861, -23.543708516296554 ], [ -46.650955099999976, -23.543718199999944 ], [ -46.650972499999966, -23.544584099999959 ] ] ] } },
{ "type": "Feature", "properties": { "loja_id": "AG09", "CD_SETOR": "355030826000287", "fracao": 1.0, "pop": 36, "domicilios": 26, "renda_resp": 10104.04, "classe_pof": "47562" }, "geometry": { "type": "Polygon", "coordinates": [ [ [ -46.648013399999968, -23.542766799999978 ], [ -46.648294599999986, -23.542758099999958 ], [ -46.648287299999936, -23.542239299999949 ], [ -46.648007099999973, -23.542244199999971 ], [ -46.648013399999968, -23.542766799999978 ] ] ] } },
{ "type": "Feature", "properties": { "loja_id": "AG09", "CD_SETOR": "355030826000288", "fracao": 1.0, "pop": 17, "domicilios": 12, "renda_resp": 15720.0, "classe_pof": "47563" }, "geometry": { "type": "Polygon", "coordinates": [ [ [ -46.648007099999973, -23.542244199999971 ], [ -46.647678299999939, -23.542251099999934 ], [ -46.647687, -23.542777499999946 ], [ -46.648013399999968, -23.542766799999978 ], [ -46.648007099999973, -23.542244199999971 ] ] ] } },
{ "type": "Feature", "properties": { "loja_id": "AG09", "CD_SETOR": "355030826000289", "fracao": 1.0, "pop": 187, "domicilios": 100, "renda_resp": 7123.13, "classe_pof": "47561" }, "geometry": { "type": "Polygon", "coordinates": [ [ [ -46.64768719999995, -23.542249799999979 ], [ -46.648287299999936, -23.542239299999949 ], [ -46.648294599999986, -23.542758099999958 ], [ -46.648821, -23.54275 ], [ -46.648809699999958, -23.542423499999924 ], [ -46.648403799999983, -23.542430299999978 ], [ -46.648384299999975, -23.542167699999933 ], [ -46.648506899999973, -23.542163599999984 ], [ -46.648509499999932, -23.541981799999967 ], [ -46.648795, -23.541970799999941 ], [ -46.648787, -23.54172 ], [ -46.64767, -23.541750099999941 ], [ -46.64768719999995, -23.542249799999979 ] ] ] } },
{ "type": "Feature", "properties": { "loja_id": "AG02", "CD_SETOR": "355030826000291", "fracao": 0.63510577145052727, "pop": 265, "domicilios": 130, "renda_resp": 5612.64, "classe_pof": "47561" }, "geometry": { "type": "Polygon", "coordinates": [ [ [ -46.654547311554211, -23.553762026933914 ], [ -46.655028499999958, -23.554000499999976 ], [ -46.654975199999967, -23.554127599999958 ], [ -46.655365399999937, -23.55433969999995 ], [ -46.655201, -23.554813 ], [ -46.655312, -23.554873 ], [ -46.655747, -23.553972 ], [ -46.655212517053997, -23.55347247568978 ], [ -46.654899, -23.553538 ], [ -46.654547311554211, -23.553762026933914 ] ] ] } },
{ "type": "Feature", "properties": { "loja_id": "AG09", "CD_SETOR": "355030826000299", "fracao": 0.98900760706626478, "pop": 18, "domicilios": 8, "renda_resp": 5366.67, "classe_pof": "47561" }, "geometry": { "type": "Polygon", "coordinates": [ [ [ -46.648500599999977, -23.547850399999948 ], [ -46.647813, -23.547623 ], [ -46.647214, -23.54868 ], [ -46.647895393077548, -23.548909563702363 ], [ -46.648120366923294, -23.548870964162607 ], [ -46.648500599999977, -23.547850399999948 ] ] ] } },
{ "type": "Feature", "properties": { "loja_id": "AG09", "CD_SETOR": "355030826000300", "fracao": 0.79472152597748835, "pop": 207, "domicilios": 126, "renda_resp": 5513.33, "classe_pof": "47561" }, "geometry": { "type": "Polygon", "coordinates": [ [ [ -46.648120366923294, -23.548870964162607 ], [ -46.648682406001654, -23.548728420927148 ], [ -46.648959, -23.548002 ], [ -46.648500599999977, -23.547850399999948 ], [ -46.648120366923294, -23.548870964162607 ] ] ] } },
{ "type": "Feature", "properties": { "loja_id": "AG09", "CD_SETOR": "355030826000301", "fracao": 0.43205680379786665, "pop": 351, "domicilios": 187, "renda_resp": 6297.02, "classe_pof": "47561" }, "geometry": { "type": "Polygon", "coordinates": [ [ [ -46.647214, -23.54868 ], [ -46.646665, -23.550143 ], [ -46.647201368760953, -23.550319207355539 ], [ -46.647348, -23.550199 ], [ -46.647159, -23.54954 ], [ -46.64731, -23.54901 ], [ -46.647895393077548, -23.548909563702363 ], [ -46.647214, -23.54868 ] ] ] } },
{ "type": "Feature", "properties": { "loja_id": "AG01", "CD_SETOR": "355030835000021", "fracao": 0.030205880695165874, "pop": 275, "domicilios": 161, "renda_resp": 14625.23, "classe_pof": "47563" }, "geometry": { "type": "Polygon", "coordinates": [ [ [ -46.67882085118751, -23.595197702682199 ], [ -46.67888279999994, -23.595003599999927 ], [ -46.678663599999936, -23.594940499999943 ], [ -46.67882085118751, -23.595197702682199 ] ] ] } },
{ "type": "Feature", "properties": { "loja_id": "AG08", "CD_SETOR": "355030835000032", "fracao": 0.4989045603606187, "pop": 584, "domicilios": 193, "renda_resp": 9635.06, "classe_pof": "47562" }, "geometry": { "type": "Polygon", "coordinates": [ [ [ -46.686836, -23.608739 ], [ -46.688967, -23.607038 ], [ -46.688245, -23.60627 ], [ -46.690639, -23.60436 ], [ -46.688171, -23.601734 ], [ -46.687802545915297, -23.602038574439455 ], [ -46.68854, -23.603459 ], [ -46.689188, -23.603999 ], [ -46.687484, -23.604484 ], [ -46.687191, -23.605191 ], [ -46.686434, -23.605999 ], [ -46.686234209774106, -23.608102106221121 ], [ -46.686836, -23.608739 ] ] ] } },
{ "type": "Feature", "properties": { "loja_id": "AG08", "CD_SETOR": "355030835000033", "fracao": 0.75968023408971808, "pop": 358, "domicilios": 134, "renda_resp": 7533.68, "classe_pof": "47561" }, "geometry": { "type": "Polygon", "coordinates": [ [ [ -46.687999, -23.601542 ], [ -46.690179, -23.603869 ], [ -46.690851, -23.603336 ], [ -46.690658, -23.602788 ], [ -46.68887684798338, -23.600923117898905 ], [ -46.687999, -23.601542 ] ] ] } },
{ "type": "Feature", "properties": { "loja_id": "AG08", "CD_SETOR": "355030835000034", "fracao": 0.17118767753897504, "pop": 56, "domicilios": 22, "renda_resp": 3609.32, "classe_pof": "47560" }, "geometry": { "type": "MultiPolygon", "coordinates": [ [ [ [ -46.691265668338382, -23.600953036587072 ], [ -46.69188, -23.602605 ], [ -46.693956706747336, -23.602001027139696 ], [ -46.691999, -23.601015 ], [ -46.691265668338382, -23.600953036587072 ] ] ], [ [ [ -46.694068471232086, -23.601968821328175 ], [ -46.69625545199542, -23.601384304731788 ], [ -46.695831080045664, -23.600003208468525 ], [ -46.694999, -23.59992 ], [ -46.694497, -23.600497 ], [ -46.694068471232086, -23.601968821328175 ] ] ] ] } },
{ "type": "Feature", "properties": { "loja_id": "AG01", "CD_SETOR": "355030835000042", "fracao": 0.43831350739588426, "pop": 524, "domicilios": 279, "renda_resp": 13507.76, "classe_pof": "47563" }, "geometry": { "type": "Polygon", "coordinates": [ [ [ -46.678922, -23.59488 ], [ -46.679212, -23.593984 ], [ -46.677572212725529, -23.593543012726446 ], [ -46.677986, -23.593813 ], [ -46.678529614684969, -23.594771086158801 ], [ -46.678922, -23.59488 ] ] ] } },
{ "type": "Feature", "properties": { "loja_id": "AG08", "CD_SETOR": "355030835000054", "fracao": 0.99999999999999967, "pop": 297, "domicilios": 158, "renda_resp": 10395.05, "classe_pof": "47562" }, "geometry": { "type": "Polygon", "coordinates": [ [ [ -46.689124, -23.608251 ], [ -46.690133, -23.607443 ], [ -46.688693, -23.605916 ], [ -46.688245, -23.60627 ], [ -46.688967, -23.607038 ], [ -46.688405, -23.607483 ], [ -46.689124, -23.608251 ] ] ] } },
{ "type": "Feature", "properties": { "loja_id": "AG08", "CD_SETOR": "355030835000055", "fracao": 0.99999999999999967, "pop": 242, "domicilios": 126, "renda_resp": 7763.33, "classe_pof": "47561" }, "geometry": { "type": "Polygon", "coordinates": [ [ [ -46.6917, -23.602664 ], [ -46.690179, -23.603869 ], [ -46.691592, -23.605364 ], [ -46.691839, -23.606044 ], [ -46.692286, -23.605795 ], [ -46.692962299999976, -23.605603499999962 ], [ -46.69188, -23.602605 ], [ -46.6917, -23.602664 ] ] ] } },
{ "type": "Feature", "properties": { "loja_id": "AG08", "CD_SETOR": "355030835000056", "fracao": 1.0, "pop": 95, "domicilios": 51, "renda_resp": 8636.45, "classe_pof": "47562" }, "geometry": { "type": "Polygon", "coordinates": [ [ [ -46.69188, -23.602605 ], [ -46.69299, -23.605685 ], [ -46.693889, -23.605677 ], [ -46.69428, -23.605531 ], [ -46.694753, -23.605198 ], [ -46.693641, -23.602092 ], [ -46.69188, -23.602605 ] ] ] } },
{ "type": "Feature", "properties": { "loja_id": "AG01", "CD_SETOR": "355030835000062", "fracao": 1.0, "pop": 159, "domicilios": 90, "renda_resp": 12178.38, "classe_pof": "47562" }, "geometry": { "type": "Polygon", "coordinates": [ [ [ -46.677128499999981, -23.588045 ], [ -46.677197299999932, -23.587816 ], [ -46.676801499999954, -23.587703899999948 ], [ -46.676721799999939, -23.587947599999946 ], [ -46.677128499999981, -23.588045 ] ] ] } },
{ "type": "Feature", "properties": { "loja_id": "AG01", "CD_SETOR": "355030835000063", "fracao": 0.72522962686127801, "pop": 263, "domicilios": 121, "renda_resp": 10214.25, "classe_pof": "47562" }, "geometry": { "type": "Polygon", "coordinates": [ [ [ -46.674546, -23.587847 ], [ -46.674519, -23.588799 ], [ -46.674894, -23.589799 ], [ -46.675708, -23.590799 ], [ -46.676018, -23.591799 ], [ -46.676534, -23.592265 ], [ -46.676999, -23.593169 ], [ -46.677211741249479, -23.593307810994951 ], [ -46.677765, -23.591564 ], [ -46.67701, -23.591359 ], [ -46.677641, -23.58948 ], [ -46.676339, -23.589147 ], [ -46.676944, -23.587268 ], [ -46.674907, -23.586716 ], [ -46.674546, -23.587847 ] ] ] } },
{ "type": "Feature", "properties": { "loja_id": "AG08", "CD_SETOR": "355030835000073", "fracao": 1.0, "pop": 299, "domicilios": 146, "renda_resp": 17357.03, "classe_pof": "47563" }, "geometry": { "type": "Polygon", "coordinates": [ [ [ -46.691839, -23.606044 ], [ -46.692108, -23.606787 ], [ -46.691193, -23.60752 ], [ -46.692903, -23.609327 ], [ -46.693155, -23.609994 ], [ -46.694405, -23.609614 ], [ -46.692962299999976, -23.605603499999962 ], [ -46.692286, -23.605795 ], [ -46.691839, -23.606044 ] ] ] } },
{ "type": "Feature", "properties": { "loja_id": "AG01", "CD_SETOR": "355030835000077", "fracao": 1.0, "pop": 444, "domicilios": 191, "renda_resp": 22214.1, "classe_pof": "47564" }, "geometry": { "type": "Polygon", "coordinates": [ [ [ -46.681536, -23.585563 ], [ -46.682661, -23.585893 ], [ -46.682201, -23.587512 ], [ -46.683198, -23.587778 ], [ -46.683599, -23.586572 ], [ -46.685545, -23.587109 ], [ -46.685955, -23.585902 ], [ -46.682007, -23.584826 ], [ -46.681536, -23.585563 ] ] ] } },
{ "type": "Feature", "properties": { "loja_id": "AG01", "CD_SETOR": "355030835000079", "fracao": 1.0, "pop": 387, "domicilios": 213, "renda_resp": 29192.11, "classe_pof": "47564" }, "geometry": { "type": "Polygon", "coordinates": [ [ [ -46.680353, -23.582343 ], [ -46.679925, -23.584259 ], [ -46.680921, -23.584529 ], [ -46.681529, -23.582665 ], [ -46.680353, -23.582343 ] ] ] } },
{ "type": "Feature", "properties": { "loja_id": "AG01", "CD_SETOR": "355030835000081", "fracao": 1.0, "pop": 164, "domicilios": 82, "renda_resp": 16871.39, "classe_pof": "47563" }, "geometry": { "type": "Polygon", "coordinates": [ [ [ -46.680052799999942, -23.58244 ], [ -46.679673, -23.583649599999948 ], [ -46.680039299999983, -23.583733099999964 ], [ -46.68032, -23.582491499999943 ], [ -46.680052799999942, -23.58244 ] ] ] } },
{ "type": "Feature", "properties": { "loja_id": "AG01", "CD_SETOR": "355030835000083", "fracao": 1.0, "pop": 260, "domicilios": 159, "renda_resp": 17126.04, "classe_pof": "47563" }, "geometry": { "type": "Polygon", "coordinates": [ [ [ -46.676594, -23.585129 ], [ -46.676008, -23.587014 ], [ -46.676944, -23.587268 ], [ -46.677018299999986, -23.587023 ], [ -46.677606099999934, -23.587193399999926 ], [ -46.677663499999937, -23.587044099999954 ], [ -46.677944199999956, -23.587124899999932 ], [ -46.677958699999984, -23.587072699999965 ], [ -46.678895899999929, -23.587325199999952 ], [ -46.679017899999963, -23.586891899999948 ], [ -46.677214, -23.586407 ], [ -46.677543, -23.585387 ], [ -46.676594, -23.585129 ] ] ] } },
{ "type": "Feature", "properties": { "loja_id": "AG01", "CD_SETOR": "355030835000084", "fracao": 0.65947797336987779, "pop": 231, "domicilios": 117, "renda_resp": 13430.56, "classe_pof": "47563" }, "geometry": { "type": "Polygon", "coordinates": [ [ [ -46.674001953016329, -23.586478833408016 ], [ -46.674907, -23.586716 ], [ -46.675243699999953, -23.585678 ], [ -46.673660299999938, -23.585244799999931 ], [ -46.673791, -23.584839 ], [ -46.675367, -23.585293299999933 ], [ -46.675512899999951, -23.584838 ], [ -46.673486, -23.584282 ], [ -46.673267403987488, -23.584984448195939 ], [ -46.674297, -23.585799 ], [ -46.674001953016329, -23.586478833408016 ] ] ] } },
{ "type": "Feature", "properties": { "loja_id": "AG08", "CD_SETOR": "355030835000100", "fracao": 0.99999999999999978, "pop": 318, "domicilios": 116, "renda_resp": 5379.17, "classe_pof": "47561" }, "geometry": { "type": "Polygon", "coordinates": [ [ [ -46.693265, -23.611637 ], [ -46.691147, -23.613321 ], [ -46.691992, -23.614231 ], [ -46.692066, -23.614485 ], [ -46.693347, -23.614151 ], [ -46.692887, -23.613612 ], [ -46.692964, -23.61356 ], [ -46.695573, -23.612802 ], [ -46.69499, -23.611204 ], [ -46.693422, -23.611683 ], [ -46.69333, -23.611705 ], [ -46.693265, -23.611637 ] ] ] } },
{ "type": "Feature", "properties": { "loja_id": "AG01", "CD_SETOR": "355030835000102", "fracao": 0.99999999999999978, "pop": 268, "domicilios": 109, "renda_resp": 23518.4, "classe_pof": "47564" }, "geometry": { "type": "Polygon", "coordinates": [ [ [ -46.681855, -23.582753 ], [ -46.683088, -23.583094 ], [ -46.683286, -23.582783 ], [ -46.683653, -23.582911 ], [ -46.683959, -23.582898 ], [ -46.684322, -23.582098 ], [ -46.682489, -23.580745 ], [ -46.681855, -23.582753 ] ] ] } },
{ "type": "Feature", "properties": { "loja_id": "AG01", "CD_SETOR": "355030835000103", "fracao": 0.99999999999999989, "pop": 196, "domicilios": 121, "renda_resp": 17041.52, "classe_pof": "47563" }, "geometry": { "type": "Polygon", "coordinates": [ [ [ -46.681244, -23.582587 ], [ -46.681855, -23.582753 ], [ -46.682178, -23.581732 ], [ -46.681567, -23.581576 ], [ -46.681244, -23.582587 ] ] ] } },
{ "type": "Feature", "properties": { "loja_id": "AG01", "CD_SETOR": "355030835000104", "fracao": 1.0, "pop": 203, "domicilios": 85, "renda_resp": 22401.19, "classe_pof": "47564" }, "geometry": { "type": "Polygon", "coordinates": [ [ [ -46.680248, -23.582315 ], [ -46.681244, -23.582587 ], [ -46.681567, -23.581576 ], [ -46.680571, -23.581308 ], [ -46.680248, -23.582315 ] ] ] } },
{ "type": "Feature", "properties": { "loja_id": "AG01", "CD_SETOR": "355030835000105", "fracao": 0.99585446439156833, "pop": 200, "domicilios": 96, "renda_resp": 16742.61, "classe_pof": "47563" }, "geometry": { "type": "Polygon", "coordinates": [ [ [ -46.680059371672172, -23.580676831014497 ], [ -46.679596, -23.582139 ], [ -46.680248, -23.582315 ], [ -46.680571, -23.581308 ], [ -46.681567, -23.581576 ], [ -46.681904, -23.580499 ], [ -46.680250119928154, -23.580540435445236 ], [ -46.680059371672172, -23.580676831014497 ] ] ] } },
{ "type": "Feature", "properties": { "loja_id": "AG01", "CD_SETOR": "355030835000107", "fracao": 1.0, "pop": 321, "domicilios": 161, "renda_resp": 13657.06, "classe_pof": "47563" }, "geometry": { "type": "Polygon", "coordinates": [ [ [ -46.678279, -23.583064 ], [ -46.677543, -23.585387 ], [ -46.678616, -23.585678 ], [ -46.679134, -23.584045 ], [ -46.678994, -23.584008 ], [ -46.679212, -23.583321 ], [ -46.678279, -23.583064 ] ] ] } },
{ "type": "Feature", "properties": { "loja_id": "AG01", "CD_SETOR": "355030835000108", "fracao": 0.99999999999999978, "pop": 292, "domicilios": 143, "renda_resp": 9187.07, "classe_pof": "47562" }, "geometry": { "type": "Polygon", "coordinates": [ [ [ -46.676037, -23.583206 ], [ -46.675512899999951, -23.584838 ], [ -46.676594, -23.585129 ], [ -46.67711, -23.583492 ], [ -46.676037, -23.583206 ] ] ] } },
{ "type": "Feature", "properties": { "loja_id": "AG01", "CD_SETOR": "355030835000109", "fracao": 0.74663357453803603, "pop": 311, "domicilios": 168, "renda_resp": 13726.17, "classe_pof": "47563" }, "geometry": { "type": "Polygon", "coordinates": [ [ [ -46.672930891337046, -23.584131625206457 ], [ -46.675512899999951, -23.584838 ], [ -46.675848, -23.583798 ], [ -46.673949599183722, -23.583275866957766 ], [ -46.673753, -23.583553 ], [ -46.67288, -23.583799 ], [ -46.672930891337046, -23.584131625206457 ] ] ] } },
{ "type": "Feature", "properties": { "loja_id": "AG08", "CD_SETOR": "355030835000119", "fracao": 0.39465948931439565, "pop": 412, "domicilios": 177, "renda_resp": 8822.43, "classe_pof": "47562" }, "geometry": { "type": "Polygon", "coordinates": [ [ [ -46.695716, -23.613526 ], [ -46.692964, -23.61426 ], [ -46.693457, -23.614856 ], [ -46.692956612910351, -23.615193839385348 ], [ -46.694999, -23.614651 ], [ -46.69539, -23.614999 ], [ -46.695359, -23.615359 ], [ -46.694873, -23.615999 ], [ -46.696504, -23.616495 ], [ -46.696999, -23.617335 ], [ -46.698292, -23.615999 ], [ -46.697642, -23.615357 ], [ -46.697731, -23.614731 ], [ -46.698417, -23.614582 ], [ -46.698999, -23.615199 ], [ -46.69913, -23.61413 ], [ -46.699507, -23.613999 ], [ -46.698784208558912, -23.612945287884727 ], [ -46.695716, -23.613526 ] ] ] } },
{ "type": "Feature", "properties": { "loja_id": "AG01", "CD_SETOR": "355030835000122", "fracao": 1.0, "pop": 271, "domicilios": 149, "renda_resp": 14261.94, "classe_pof": "47563" }, "geometry": { "type": "Polygon", "coordinates": [ [ [ -46.676037, -23.583206 ], [ -46.678066, -23.583753 ], [ -46.678279, -23.583064 ], [ -46.676257, -23.582522 ], [ -46.676037, -23.583206 ] ] ] } },
{ "type": "Feature", "properties": { "loja_id": "AG01", "CD_SETOR": "355030835000132", "fracao": 0.16050055487554027, "pop": 379, "domicilios": 242, "renda_resp": 22920.37, "classe_pof": "47564" }, "geometry": { "type": "Polygon", "coordinates": [ [ [ -46.676257, -23.582522 ], [ -46.676482694713187, -23.581811886577544 ], [ -46.675999, -23.581675 ], [ -46.675874161061238, -23.581763159145726 ], [ -46.67623489999994, -23.581869299999944 ], [ -46.676084599999967, -23.582314499999946 ], [ -46.676192899999933, -23.582353899999934 ], [ -46.676257, -23.582522 ] ] ] } },
{ "type": "Feature", "properties": { "loja_id": "AG08", "CD_SETOR": "355030835000158", "fracao": 1.0, "pop": 449, "domicilios": 157, "renda_resp": 2938.05, "classe_pof": "47560" }, "geometry": { "type": "Polygon", "coordinates": [ [ [ -46.694207, -23.613926 ], [ -46.695647, -23.613591 ], [ -46.695814, -23.613486 ], [ -46.695573, -23.612802 ], [ -46.694049, -23.61326 ], [ -46.694207, -23.613926 ] ] ] } },
{ "type": "Feature", "properties": { "loja_id": "AG08", "CD_SETOR": "355030835000159", "fracao": 0.99999999999999978, "pop": 300, "domicilios": 91, "renda_resp": 2550.83, "classe_pof": "47560" }, "geometry": { "type": "Polygon", "coordinates": [ [ [ -46.694207, -23.613926 ], [ -46.694049, -23.61326 ], [ -46.693349, -23.613422 ], [ -46.692887, -23.613612 ], [ -46.693347, -23.614151 ], [ -46.694207, -23.613926 ] ] ] } },
{ "type": "Feature", "properties": { "loja_id": "AG08", "CD_SETOR": "355030835000170", "fracao": 0.023585825905741223, "pop": 348, "domicilios": 123, "renda_resp": 8840.8, "classe_pof": "47562" }, "geometry": { "type": "Polygon", "coordinates": [ [ [ -46.688140899999951, -23.601758899999933 ], [ -46.687995979920153, -23.601548360282486 ], [ -46.687802545915297, -23.602038574439455 ], [ -46.688140899999951, -23.601758899999933 ] ] ] } },
{ "type": "Feature", "properties": { "loja_id": "AG08", "CD_SETOR": "355030835000175", "fracao": 0.03859718262657099, "pop": 307, "domicilios": 119, "renda_resp": 7537.8, "classe_pof": "47561" }, "geometry": { "type": "Polygon", "coordinates": [ [ [ -46.686533, -23.610294 ], [ -46.686067060763932, -23.609861578539824 ], [ -46.685983462701593, -23.610741551120974 ], [ -46.686533, -23.610294 ] ] ] } },
{ "type": "Feature", "properties": { "loja_id": "AG01", "CD_SETOR": "355030835000177", "fracao": 0.27614918633425339, "pop": 251, "domicilios": 109, "renda_resp": 18704.9, "classe_pof": "47563" }, "geometry": { "type": "Polygon", "coordinates": [ [ [ -46.675209457375637, -23.582232558075439 ], [ -46.676257, -23.582522 ], [ -46.676192899999933, -23.582353899999934 ], [ -46.676084599999967, -23.582314499999946 ], [ -46.67623489999994, -23.581869299999944 ], [ -46.675874161061238, -23.581763159145726 ], [ -46.675209457375637, -23.582232558075439 ] ] ] } },
{ "type": "Feature", "properties": { "loja_id": "AG08", "CD_SETOR": "355030835000183", "fracao": 1.0, "pop": 472, "domicilios": 192, "renda_resp": 13090.07, "classe_pof": "47563" }, "geometry": { "type": "Polygon", "coordinates": [ [ [ -46.688693, -23.605916 ], [ -46.690133, -23.607443 ], [ -46.690688, -23.60699 ], [ -46.690188, -23.606454 ], [ -46.691592, -23.605364 ], [ -46.690639, -23.60436 ], [ -46.688693, -23.605916 ] ] ] } },
{ "type": "Feature", "properties": { "loja_id": "AG01", "CD_SETOR": "355030835000184", "fracao": 0.99999999999999989, "pop": 309, "domicilios": 169, "renda_resp": 13226.14, "classe_pof": "47563" }, "geometry": { "type": "Polygon", "coordinates": [ [ [ -46.679567, -23.585933 ], [ -46.681068, -23.586217 ], [ -46.681536, -23.585563 ], [ -46.679833, -23.585097 ], [ -46.679567, -23.585933 ] ] ] } },
{ "type": "Feature", "properties": { "loja_id": "AG01", "CD_SETOR": "355030835000193", "fracao": 0.99999999999999944, "pop": 312, "domicilios": 211, "renda_resp": 24993.83, "classe_pof": "47564" }, "geometry": { "type": "Polygon", "coordinates": [ [ [ -46.676944, -23.587268 ], [ -46.678961, -23.587822 ], [ -46.679238, -23.586951 ], [ -46.679017899999963, -23.586891899999948 ], [ -46.678895899999929, -23.587325199999952 ], [ -46.677958699999984, -23.587072699999965 ], [ -46.677944199999956, -23.587124899999932 ], [ -46.677663499999937, -23.587044099999954 ], [ -46.677606099999934, -23.587193399999926 ], [ -46.677018299999986, -23.587023 ], [ -46.676944, -23.587268 ] ] ] } },
{ "type": "Feature", "properties": { "loja_id": "AG01", "CD_SETOR": "355030835000208", "fracao": 1.0, "pop": 265, "domicilios": 114, "renda_resp": 22040.19, "classe_pof": "47564" }, "geometry": { "type": "Polygon", "coordinates": [ [ [ -46.681898, -23.580529 ], [ -46.681567, -23.581576 ], [ -46.682178, -23.581732 ], [ -46.682489, -23.580745 ], [ -46.684618, -23.5823 ], [ -46.684943, -23.582378 ], [ -46.685296, -23.582163 ], [ -46.6835, -23.580437 ], [ -46.681898, -23.580529 ] ] ] } },
{ "type": "Feature", "properties": { "loja_id": "AG01", "CD_SETOR": "355030835000220", "fracao": 0.28090145162372815, "pop": 137, "domicilios": 66, "renda_resp": 49141.54, "classe_pof": "47564" }, "geometry": { "type": "Polygon", "coordinates": [ [ [ -46.679829, -23.596178 ], [ -46.679999, -23.596353 ], [ -46.681243, -23.595799 ], [ -46.681835148334663, -23.595262150234657 ], [ -46.679829, -23.596178 ] ] ] } },
{ "type": "Feature", "properties": { "loja_id": "AG08", "CD_SETOR": "355030835000233", "fracao": 0.60722008445081799, "pop": 243, "domicilios": 93, "renda_resp": 6599.15, "classe_pof": "47561" }, "geometry": { "type": "Polygon", "coordinates": [ [ [ -46.68887684798338, -23.600923117898905 ], [ -46.690658, -23.602788 ], [ -46.690851, -23.603336 ], [ -46.6917, -23.602664 ], [ -46.69188, -23.602605 ], [ -46.691265668338382, -23.600953036587072 ], [ -46.688999, -23.600837 ], [ -46.68887684798338, -23.600923117898905 ] ] ] } },
{ "type": "Feature", "properties": { "loja_id": "AG01", "CD_SETOR": "355030835000237", "fracao": 1.0, "pop": 140, "domicilios": 56, "renda_resp": 24790.81, "classe_pof": "47564" }, "geometry": { "type": "Polygon", "coordinates": [ [ [ -46.679806, -23.592119 ], [ -46.678869, -23.595047 ], [ -46.680078, -23.595379 ], [ -46.68075, -23.592914 ], [ -46.683719, -23.593729 ], [ -46.683873, -23.593237 ], [ -46.679806, -23.592119 ] ] ] } },
{ "type": "Feature", "properties": { "loja_id": "AG01", "CD_SETOR": "355030835000238", "fracao": 0.99968996462008541, "pop": 89, "domicilios": 35, "renda_resp": 16488.74, "classe_pof": "47563" }, "geometry": { "type": "Polygon", "coordinates": [ [ [ -46.680535, -23.593765 ], [ -46.683455668911648, -23.59454478075855 ], [ -46.683719, -23.593729 ], [ -46.68075, -23.592914 ], [ -46.680535, -23.593765 ] ] ] } },
{ "type": "Feature", "properties": { "loja_id": "AG01", "CD_SETOR": "355030835000239", "fracao": 0.63565151256983177, "pop": 147, "domicilios": 57, "renda_resp": 27494.55, "classe_pof": "47564" }, "geometry": { "type": "Polygon", "coordinates": [ [ [ -46.681021, -23.59564 ], [ -46.681835148334663, -23.595262150234657 ], [ -46.682346, -23.594799 ], [ -46.682999, -23.594553 ], [ -46.683376956699185, -23.594546197536456 ], [ -46.680535, -23.593765 ], [ -46.680078, -23.595379 ], [ -46.681021, -23.59564 ] ] ] } },
{ "type": "Feature", "properties": { "loja_id": "AG01", "CD_SETOR": "355030835000248", "fracao": 0.23996949805033133, "pop": 172, "domicilios": 83, "renda_resp": 13330.88, "classe_pof": "47563" }, "geometry": { "type": "Polygon", "coordinates": [ [ [ -46.683815, -23.593421 ], [ -46.684866094741572, -23.593713590116476 ], [ -46.685286659772025, -23.593315178278676 ], [ -46.685101, -23.593264 ], [ -46.685213, -23.59294 ], [ -46.684076, -23.592627 ], [ -46.683815, -23.593421 ] ] ] } },
{ "type": "Feature", "properties": { "loja_id": "AG01", "CD_SETOR": "355030835000250", "fracao": 1.0, "pop": 240, "domicilios": 92, "renda_resp": 14117.79, "classe_pof": "47563" }, "geometry": { "type": "Polygon", "coordinates": [ [ [ -46.678092599999957, -23.591832499999956 ], [ -46.677990199999954, -23.592172399999978 ], [ -46.678189499999974, -23.592223499999925 ], [ -46.677769, -23.593595499999939 ], [ -46.679212, -23.593984 ], [ -46.679806, -23.592119 ], [ -46.677765, -23.591564 ], [ -46.677715199999966, -23.591723699999932 ], [ -46.678092599999957, -23.591832499999956 ] ] ] } },
{ "type": "Feature", "properties": { "loja_id": "AG01", "CD_SETOR": "355030835000251", "fracao": 0.97259399123740709, "pop": 313, "domicilios": 173, "renda_resp": 14171.66, "classe_pof": "47563" }, "geometry": { "type": "Polygon", "coordinates": [ [ [ -46.677769, -23.593595499999939 ], [ -46.678189499999974, -23.592223499999925 ], [ -46.677990199999954, -23.592172399999978 ], [ -46.678092599999957, -23.591832499999956 ], [ -46.677715199999966, -23.591723699999932 ], [ -46.677211741249479, -23.593307810994951 ], [ -46.677769, -23.593595499999939 ] ] ] } },
{ "type": "Feature", "properties": { "loja_id": "AG08", "CD_SETOR": "355030835000257", "fracao": 0.58323070775845964, "pop": 297, "domicilios": 120, "renda_resp": 6020.61, "classe_pof": "47561" }, "geometry": { "type": "Polygon", "coordinates": [ [ [ -46.686067060763932, -23.609861578539824 ], [ -46.686533, -23.610294 ], [ -46.688156, -23.609022 ], [ -46.687431, -23.608266 ], [ -46.686836, -23.608739 ], [ -46.686234209774106, -23.608102106221121 ], [ -46.686067060763932, -23.609861578539824 ] ] ] } },
{ "type": "Feature", "properties": { "loja_id": "AG08", "CD_SETOR": "355030835000258", "fracao": 0.99998882164858316, "pop": 340, "domicilios": 188, "renda_resp": 16653.83, "classe_pof": "47563" }, "geometry": { "type": "Polygon", "coordinates": [ [ [ -46.685983462701593, -23.610741551120974 ], [ -46.686693, -23.61151 ], [ -46.688272, -23.61026 ], [ -46.687556, -23.6095 ], [ -46.685983462701593, -23.610741551120974 ] ] ] } },
{ "type": "Feature", "properties": { "loja_id": "AG08", "CD_SETOR": "355030835000259", "fracao": 0.99999999999999989, "pop": 225, "domicilios": 106, "renda_resp": 6382.94, "classe_pof": "47561" }, "geometry": { "type": "Polygon", "coordinates": [ [ [ -46.688156, -23.609022 ], [ -46.687556, -23.6095 ], [ -46.688272, -23.61026 ], [ -46.68984, -23.609004 ], [ -46.689124, -23.608251 ], [ -46.688673899999969, -23.608072899999975 ], [ -46.688071, -23.608563599999965 ], [ -46.688156, -23.609022 ] ] ] } },
{ "type": "Feature", "properties": { "loja_id": "AG08", "CD_SETOR": "355030835000260", "fracao": 1.0, "pop": 210, "domicilios": 104, "renda_resp": 10974.94, "classe_pof": "47562" }, "geometry": { "type": "Polygon", "coordinates": [ [ [ -46.688156, -23.609022 ], [ -46.688071, -23.608563599999965 ], [ -46.688673899999969, -23.608072899999975 ], [ -46.689124, -23.608251 ], [ -46.688405, -23.607483 ], [ -46.687431, -23.608266 ], [ -46.688156, -23.609022 ] ] ] } },
{ "type": "Feature", "properties": { "loja_id": "AG08", "CD_SETOR": "355030835000261", "fracao": 0.99999999999999956, "pop": 174, "domicilios": 79, "renda_resp": 12291.1, "classe_pof": "47562" }, "geometry": { "type": "Polygon", "coordinates": [ [ [ -46.690855, -23.608208 ], [ -46.691419, -23.607758 ], [ -46.691193, -23.60752 ], [ -46.692108, -23.606787 ], [ -46.691592, -23.605364 ], [ -46.690188, -23.606454 ], [ -46.690688, -23.60699 ], [ -46.690133, -23.607443 ], [ -46.690855, -23.608208 ] ] ] } },
{ "type": "Feature", "properties": { "loja_id": "AG08", "CD_SETOR": "355030835000262", "fracao": 0.99999999999999989, "pop": 286, "domicilios": 116, "renda_resp": 15858.17, "classe_pof": "47563" }, "geometry": { "type": "Polygon", "coordinates": [ [ [ -46.689124, -23.608251 ], [ -46.68984, -23.609004 ], [ -46.690855, -23.608208 ], [ -46.690133, -23.607443 ], [ -46.689124, -23.608251 ] ] ] } },
{ "type": "Feature", "properties": { "loja_id": "AG08", "CD_SETOR": "355030835000263", "fracao": 0.97963767278053471, "pop": 231, "domicilios": 122, "renda_resp": 14043.73, "classe_pof": "47563" }, "geometry": { "type": "Polygon", "coordinates": [ [ [ -46.693877, -23.60276 ], [ -46.695404, -23.602321 ], [ -46.695613, -23.602913 ], [ -46.694087, -23.603354 ], [ -46.694293, -23.603925 ], [ -46.695382799999948, -23.603590499999942 ], [ -46.695573499999966, -23.604122099999923 ], [ -46.697082899999941, -23.603655299999954 ], [ -46.69665850536817, -23.602402637118782 ], [ -46.696371, -23.601999 ], [ -46.69625545199542, -23.601384304731788 ], [ -46.694068471232086, -23.601968821328175 ], [ -46.694046, -23.602046 ], [ -46.693956706747336, -23.602001027139696 ], [ -46.693641, -23.602092 ], [ -46.693877, -23.60276 ] ] ] } },
{ "type": "Feature", "properties": { "loja_id": "AG08", "CD_SETOR": "355030835000264", "fracao": 0.99348534060610283, "pop": 267, "domicilios": 129, "renda_resp": 10527.39, "classe_pof": "47562" }, "geometry": { "type": "Polygon", "coordinates": [ [ [ -46.694484, -23.604459 ], [ -46.694936, -23.605701 ], [ -46.697358047442862, -23.604818198889394 ], [ -46.697347443192399, -23.604431069823416 ], [ -46.697082899999941, -23.603655299999954 ], [ -46.694484, -23.604459 ] ] ] } },
{ "type": "Feature", "properties": { "loja_id": "AG08", "CD_SETOR": "355030835000265", "fracao": 0.99999999999999989, "pop": 203, "domicilios": 86, "renda_resp": 21004.05, "classe_pof": "47564" }, "geometry": { "type": "Polygon", "coordinates": [ [ [ -46.694935199999975, -23.60249159999994 ], [ -46.695111, -23.603058099999945 ], [ -46.695613, -23.602913 ], [ -46.695404, -23.602321 ], [ -46.694935199999975, -23.60249159999994 ] ] ] } },
{ "type": "Feature", "properties": { "loja_id": "AG08", "CD_SETOR": "355030835000266", "fracao": 1.0, "pop": 292, "domicilios": 96, "renda_resp": 19705.81, "classe_pof": "47563" }, "geometry": { "type": "Polygon", "coordinates": [ [ [ -46.694400599999938, -23.60264479999995 ], [ -46.694559699999957, -23.603217399999952 ], [ -46.695111, -23.603058099999945 ], [ -46.694923799999977, -23.602459099999976 ], [ -46.694400599999938, -23.60264479999995 ] ] ] } },
{ "type": "Feature", "properties": { "loja_id": "AG08", "CD_SETOR": "355030835000267", "fracao": 0.99999999999999978, "pop": 225, "domicilios": 97, "renda_resp": 24095.04, "classe_pof": "47564" }, "geometry": { "type": "Polygon", "coordinates": [ [ [ -46.694087, -23.603354 ], [ -46.694559699999957, -23.603217399999952 ], [ -46.694391499999938, -23.602612099999927 ], [ -46.693877, -23.60276 ], [ -46.694087, -23.603354 ] ] ] } },
{ "type": "Feature", "properties": { "loja_id": "AG01", "CD_SETOR": "355030835000268", "fracao": 1.0, "pop": 208, "domicilios": 91, "renda_resp": 25686.53, "classe_pof": "47564" }, "geometry": { "type": "Polygon", "coordinates": [ [ [ -46.685363, -23.587658 ], [ -46.685156, -23.588308 ], [ -46.686923, -23.588776 ], [ -46.686913, -23.588089 ], [ -46.686657199999956, -23.587481599999926 ], [ -46.686168899999984, -23.58735449999995 ], [ -46.686111599999947, -23.587527099999924 ], [ -46.686187599999982, -23.58755629999996 ], [ -46.686089799999934, -23.587859899999955 ], [ -46.685363, -23.587658 ] ] ] } },
{ "type": "Feature", "properties": { "loja_id": "AG01", "CD_SETOR": "355030835000269", "fracao": 1.0, "pop": 296, "domicilios": 121, "renda_resp": 25213.67, "classe_pof": "47564" }, "geometry": { "type": "Polygon", "coordinates": [ [ [ -46.685363, -23.587658 ], [ -46.686089799999934, -23.587859899999955 ], [ -46.686187599999982, -23.58755629999996 ], [ -46.686111599999947, -23.587527099999924 ], [ -46.686168899999984, -23.58735449999995 ], [ -46.686657199999956, -23.587481599999926 ], [ -46.686603, -23.586881 ], [ -46.68698, -23.586188 ], [ -46.685955, -23.585902 ], [ -46.685363, -23.587658 ] ] ] } },
{ "type": "Feature", "properties": { "loja_id": "AG01", "CD_SETOR": "355030835000271", "fracao": 1.0, "pop": 274, "domicilios": 121, "renda_resp": 34194.22, "classe_pof": "47564" }, "geometry": { "type": "Polygon", "coordinates": [ [ [ -46.682848, -23.588867 ], [ -46.683743, -23.58911 ], [ -46.684109, -23.588027 ], [ -46.685156, -23.588308 ], [ -46.685545, -23.587109 ], [ -46.683599, -23.586572 ], [ -46.682848, -23.588867 ] ] ] } },
{ "type": "Feature", "properties": { "loja_id": "AG01", "CD_SETOR": "355030835000273", "fracao": 0.014388632891924241, "pop": 317, "domicilios": 151, "renda_resp": 28794.67, "classe_pof": "47564" }, "geometry": { "type": "Polygon", "coordinates": [ [ [ -46.674519870639493, -23.587928332803369 ], [ -46.674568, -23.587779 ], [ -46.674489330161464, -23.587752318783956 ], [ -46.674519870639493, -23.587928332803369 ] ] ] } },
{ "type": "Feature", "properties": { "loja_id": "AG01", "CD_SETOR": "355030835000278", "fracao": 1.0, "pop": 371, "domicilios": 146, "renda_resp": 23021.58, "classe_pof": "47564" }, "geometry": { "type": "Polygon", "coordinates": [ [ [ -46.679572, -23.58867319999996 ], [ -46.679774, -23.588957 ], [ -46.67962209999996, -23.589416399999944 ], [ -46.679341399999942, -23.58933449999995 ], [ -46.679275, -23.589543 ], [ -46.680532, -23.589879 ], [ -46.68041, -23.590246 ], [ -46.682277, -23.590746 ], [ -46.68252, -23.589952 ], [ -46.682950099999971, -23.590075499999948 ], [ -46.683052, -23.589769 ], [ -46.684564, -23.59018 ], [ -46.68481, -23.589406 ], [ -46.67975679999995, -23.588036199999976 ], [ -46.679572, -23.58867319999996 ] ] ] } },
{ "type": "Feature", "properties": { "loja_id": "AG01", "CD_SETOR": "355030835000279", "fracao": 1.0, "pop": 277, "domicilios": 158, "renda_resp": 9779.04, "classe_pof": "47562" }, "geometry": { "type": "Polygon", "coordinates": [ [ [ -46.678961, -23.587822 ], [ -46.678162, -23.590328 ], [ -46.680227, -23.590812 ], [ -46.680532, -23.589879 ], [ -46.679275, -23.589543 ], [ -46.679341399999942, -23.58933449999995 ], [ -46.67962209999996, -23.589416399999944 ], [ -46.679774, -23.588957 ], [ -46.679572, -23.58867319999996 ], [ -46.679633, -23.58845969999993 ], [ -46.679335099999946, -23.58837439999996 ], [ -46.67946319999993, -23.587956899999938 ], [ -46.678961, -23.587822 ] ] ] } },
{ "type": "Feature", "properties": { "loja_id": "AG01", "CD_SETOR": "355030835000280", "fracao": 1.0, "pop": 195, "domicilios": 91, "renda_resp": 31948.88, "classe_pof": "47564" }, "geometry": { "type": "Polygon", "coordinates": [ [ [ -46.679746899999941, -23.588071599999974 ], [ -46.67946319999993, -23.587956899999938 ], [ -46.679335099999946, -23.58837439999996 ], [ -46.679633, -23.58845969999993 ], [ -46.679746899999941, -23.588071599999974 ] ] ] } },
{ "type": "Feature", "properties": { "loja_id": "AG01", "CD_SETOR": "355030835000281", "fracao": 1.0, "pop": 149, "domicilios": 57, "renda_resp": 22054.56, "classe_pof": "47564" }, "geometry": { "type": "Polygon", "coordinates": [ [ [ -46.677508199999977, -23.589446299999963 ], [ -46.678369, -23.589687 ], [ -46.678961, -23.587822 ], [ -46.678094, -23.587584 ], [ -46.677508199999977, -23.589446299999963 ] ] ] } },
{ "type": "Feature", "properties": { "loja_id": "AG01", "CD_SETOR": "355030835000282", "fracao": 0.99999999999999978, "pop": 245, "domicilios": 120, "renda_resp": 17657.64, "classe_pof": "47563" }, "geometry": { "type": "Polygon", "coordinates": [ [ [ -46.677508199999977, -23.589446299999963 ], [ -46.678094, -23.587584 ], [ -46.677910099999963, -23.587533499999953 ], [ -46.677755799999943, -23.588035599999948 ], [ -46.677465599999948, -23.58794869999997 ], [ -46.677058599999953, -23.58933259999997 ], [ -46.677508199999977, -23.589446299999963 ] ] ] } },
{ "type": "Feature", "properties": { "loja_id": "AG01", "CD_SETOR": "355030835000283", "fracao": 1.0, "pop": 171, "domicilios": 96, "renda_resp": 15758.55, "classe_pof": "47563" }, "geometry": { "type": "Polygon", "coordinates": [ [ [ -46.677197299999932, -23.587816 ], [ -46.677128499999981, -23.588045 ], [ -46.676721799999939, -23.587947599999946 ], [ -46.676339, -23.589147 ], [ -46.677058599999953, -23.58933259999997 ], [ -46.677465599999948, -23.58794869999997 ], [ -46.677755799999943, -23.588035599999948 ], [ -46.677910099999963, -23.587533499999953 ], [ -46.676944, -23.587268 ], [ -46.676801499999954, -23.587703899999948 ], [ -46.677197299999932, -23.587816 ] ] ] } },
{ "type": "Feature", "properties": { "loja_id": "AG08", "CD_SETOR": "355030835000289", "fracao": 1.0, "pop": 267, "domicilios": 144, "renda_resp": 17793.91, "classe_pof": "47563" }, "geometry": { "type": "Polygon", "coordinates": [ [ [ -46.688206, -23.611649 ], [ -46.687416, -23.612278 ], [ -46.68813, -23.613042 ], [ -46.689714, -23.611792 ], [ -46.688272, -23.61026 ], [ -46.687486, -23.610885 ], [ -46.688206, -23.611649 ] ] ] } },
{ "type": "Feature", "properties": { "loja_id": "AG08", "CD_SETOR": "355030835000290", "fracao": 0.74081962558043246, "pop": 337, "domicilios": 121, "renda_resp": 15492.59, "classe_pof": "47563" }, "geometry": { "type": "Polygon", "coordinates": [ [ [ -46.686249, -23.61321 ], [ -46.688206, -23.611649 ], [ -46.687486, -23.610885 ], [ -46.686693, -23.61151 ], [ -46.685982575574428, -23.610750889185876 ], [ -46.685794243207553, -23.612733290925274 ], [ -46.686249, -23.61321 ] ] ] } },
{ "type": "Feature", "properties": { "loja_id": "AG08", "CD_SETOR": "355030835000291", "fracao": 1.0, "pop": 298, "domicilios": 124, "renda_resp": 7929.26, "classe_pof": "47561" }, "geometry": { "type": "Polygon", "coordinates": [ [ [ -46.690408, -23.608562 ], [ -46.688819199999955, -23.609823499999944 ], [ -46.689525499999945, -23.610595199999977 ], [ -46.691125, -23.60932 ], [ -46.690408, -23.608562 ] ] ] } },
{ "type": "Feature", "properties": { "loja_id": "AG08", "CD_SETOR": "355030835000292", "fracao": 1.0, "pop": 374, "domicilios": 159, "renda_resp": 43930.3, "classe_pof": "47564" }, "geometry": { "type": "Polygon", "coordinates": [ [ [ -46.68899, -23.611024 ], [ -46.689525499999945, -23.610595199999977 ], [ -46.688819199999955, -23.609823499999944 ], [ -46.688272, -23.61026 ], [ -46.68899, -23.611024 ] ] ] } },
{ "type": "Feature", "properties": { "loja_id": "AG08", "CD_SETOR": "355030835000293", "fracao": 1.0, "pop": 248, "domicilios": 104, "renda_resp": 12524.42, "classe_pof": "47563" }, "geometry": { "type": "Polygon", "coordinates": [ [ [ -46.690021399999978, -23.610247699999945 ], [ -46.690458599999943, -23.610712199999959 ], [ -46.690707, -23.610509799999924 ], [ -46.690957499999968, -23.610793399999981 ], [ -46.691651, -23.610236 ], [ -46.69093, -23.609476 ], [ -46.690021399999978, -23.610247699999945 ] ] ] } },
{ "type": "Feature", "properties": { "loja_id": "AG08", "CD_SETOR": "355030835000294", "fracao": 0.99999999999999978, "pop": 173, "domicilios": 65, "renda_resp": 22767.22, "classe_pof": "47564" }, "geometry": { "type": "Polygon", "coordinates": [ [ [ -46.689791699999944, -23.610428799999962 ], [ -46.690467199999944, -23.611188099999925 ], [ -46.690957499999968, -23.610793399999981 ], [ -46.690707, -23.610509799999924 ], [ -46.690458599999943, -23.610712199999959 ], [ -46.689995299999964, -23.610220499999961 ], [ -46.689791699999944, -23.610428799999962 ] ] ] } },
{ "type": "Feature", "properties": { "loja_id": "AG08", "CD_SETOR": "355030835000295", "fracao": 0.85295278713716094, "pop": 284, "domicilios": 134, "renda_resp": 19671.96, "classe_pof": "47563" }, "geometry": { "type": "Polygon", "coordinates": [ [ [ -46.69625259999998, -23.606689899999935 ], [ -46.696533499999937, -23.60756589999994 ], [ -46.69592629999994, -23.607746799999973 ], [ -46.695625, -23.606881199999975 ], [ -46.695393, -23.606952 ], [ -46.695475, -23.607247 ], [ -46.695291, -23.607482 ], [ -46.693922, -23.608268 ], [ -46.694623299999932, -23.61024 ], [ -46.695818, -23.609873 ], [ -46.69615, -23.61078 ], [ -46.696125, -23.610851 ], [ -46.69499, -23.611204 ], [ -46.695814, -23.613486 ], [ -46.698784208558912, -23.612945287884727 ], [ -46.698487, -23.612512 ], [ -46.698496, -23.609999 ], [ -46.698259, -23.60974 ], [ -46.698049, -23.607999 ], [ -46.698121945968666, -23.606625715902638 ], [ -46.697957, -23.606157 ], [ -46.69625259999998, -23.606689899999935 ] ] ] } },
{ "type": "Feature", "properties": { "loja_id": "AG08", "CD_SETOR": "355030835000296", "fracao": 0.99999999999999989, "pop": 196, "domicilios": 115, "renda_resp": 17675.25, "classe_pof": "47563" }, "geometry": { "type": "Polygon", "coordinates": [ [ [ -46.694623299999932, -23.61024 ], [ -46.69499, -23.611204 ], [ -46.696145, -23.610831 ], [ -46.695818, -23.609873 ], [ -46.694623299999932, -23.61024 ] ] ] } },
{ "type": "Feature", "properties": { "loja_id": "AG08", "CD_SETOR": "355030835000297", "fracao": 0.99999999999999989, "pop": 325, "domicilios": 146, "renda_resp": 26852.01, "classe_pof": "47564" }, "geometry": { "type": "Polygon", "coordinates": [ [ [ -46.695925199999976, -23.606789699999975 ], [ -46.696226599999932, -23.607657399999933 ], [ -46.696533499999937, -23.60756589999994 ], [ -46.69625259999998, -23.606689899999935 ], [ -46.695925199999976, -23.606789699999975 ] ] ] } },
{ "type": "Feature", "properties": { "loja_id": "AG08", "CD_SETOR": "355030835000298", "fracao": 1.0, "pop": 309, "domicilios": 160, "renda_resp": 23757.05, "classe_pof": "47564" }, "geometry": { "type": "Polygon", "coordinates": [ [ [ -46.695625, -23.606881199999975 ], [ -46.69592629999994, -23.607746799999973 ], [ -46.696226599999932, -23.607657399999933 ], [ -46.695925199999976, -23.606789699999975 ], [ -46.695625, -23.606881199999975 ] ] ] } },
{ "type": "Feature", "properties": { "loja_id": "AG08", "CD_SETOR": "355030835000299", "fracao": 1.0, "pop": 339, "domicilios": 168, "renda_resp": 10418.72, "classe_pof": "47562" }, "geometry": { "type": "Polygon", "coordinates": [ [ [ -46.693252, -23.606451 ], [ -46.695010299999979, -23.605906599999969 ], [ -46.694776399999967, -23.605773799999941 ], [ -46.6946516, -23.605391399999974 ], [ -46.694753, -23.605198 ], [ -46.69428, -23.605531 ], [ -46.693889, -23.605677 ], [ -46.69299, -23.605685 ], [ -46.693252, -23.606451 ] ] ] } },
{ "type": "Feature", "properties": { "loja_id": "AG08", "CD_SETOR": "355030835000300", "fracao": 1.0, "pop": 205, "domicilios": 101, "renda_resp": 10131.64, "classe_pof": "47562" }, "geometry": { "type": "Polygon", "coordinates": [ [ [ -46.695010299999979, -23.605906599999969 ], [ -46.694753, -23.605198 ], [ -46.6946516, -23.605391399999974 ], [ -46.694776399999967, -23.605773799999941 ], [ -46.695010299999979, -23.605906599999969 ] ] ] } },
{ "type": "Feature", "properties": { "loja_id": "AG01", "CD_SETOR": "355030835000301", "fracao": 0.99999999999999989, "pop": 529, "domicilios": 202, "renda_resp": 26344.42, "classe_pof": "47564" }, "geometry": { "type": "Polygon", "coordinates": [ [ [ -46.684763, -23.585579 ], [ -46.68698, -23.586188 ], [ -46.687457, -23.585845 ], [ -46.68803, -23.585755 ], [ -46.687689899999953, -23.585569 ], [ -46.68762349999998, -23.58569 ], [ -46.687228199999936, -23.585817099999929 ], [ -46.686529399999984, -23.585551199999941 ], [ -46.686736399999972, -23.585076 ], [ -46.685456, -23.584418 ], [ -46.684763, -23.585579 ] ] ] } },
{ "type": "Feature", "properties": { "loja_id": "AG01", "CD_SETOR": "355030835000302", "fracao": 1.0, "pop": 147, "domicilios": 73, "renda_resp": 22685.11, "classe_pof": "47564" }, "geometry": { "type": "Polygon", "coordinates": [ [ [ -46.687689899999953, -23.585569 ], [ -46.686736399999972, -23.585076 ], [ -46.686529399999984, -23.585551199999941 ], [ -46.687228199999936, -23.585817099999929 ], [ -46.68762349999998, -23.58569 ], [ -46.687689899999953, -23.585569 ] ] ] } },
{ "type": "Feature", "properties": { "loja_id": "AG01", "CD_SETOR": "355030835000303", "fracao": 1.0, "pop": 235, "domicilios": 123, "renda_resp": 14160.67, "classe_pof": "47563" }, "geometry": { "type": "Polygon", "coordinates": [ [ [ -46.680921, -23.584529 ], [ -46.682007, -23.584826 ], [ -46.683088, -23.583094 ], [ -46.681529, -23.582665 ], [ -46.680921, -23.584529 ] ] ] } },
{ "type": "Feature", "properties": { "loja_id": "AG08", "CD_SETOR": "355030835000312", "fracao": 0.42542875820468012, "pop": 372, "domicilios": 151, "renda_resp": 29855.3, "classe_pof": "47564" }, "geometry": { "type": "Polygon", "coordinates": [ [ [ -46.688306068109476, -23.614245807014207 ], [ -46.688855, -23.613805 ], [ -46.68813, -23.613042 ], [ -46.687198907994478, -23.613786402568756 ], [ -46.687999, -23.613937 ], [ -46.688306068109476, -23.614245807014207 ] ] ] } },
{ "type": "Feature", "properties": { "loja_id": "AG08", "CD_SETOR": "355030835000314", "fracao": 0.36410296316572571, "pop": 371, "domicilios": 148, "renda_resp": 7582.52, "classe_pof": "47561" }, "geometry": { "type": "Polygon", "coordinates": [ [ [ -46.68813, -23.613042 ], [ -46.687416, -23.612278 ], [ -46.686249, -23.61321 ], [ -46.685794243207553, -23.612733290925274 ], [ -46.685769, -23.612999 ], [ -46.686368, -23.61363 ], [ -46.687198907994478, -23.613786402568756 ], [ -46.68813, -23.613042 ] ] ] } },
{ "type": "Feature", "properties": { "loja_id": "AG08", "CD_SETOR": "355030835000322", "fracao": 1.0, "pop": 211, "domicilios": 92, "renda_resp": 7241.67, "classe_pof": "47561" }, "geometry": { "type": "Polygon", "coordinates": [ [ [ -46.688929, -23.612412 ], [ -46.690359, -23.61395 ], [ -46.691147, -23.613321 ], [ -46.689714, -23.611792 ], [ -46.688929, -23.612412 ] ] ] } },
{ "type": "Feature", "properties": { "loja_id": "AG08", "CD_SETOR": "355030835000323", "fracao": 0.99999999999999989, "pop": 247, "domicilios": 95, "renda_resp": 7396.81, "classe_pof": "47561" }, "geometry": { "type": "Polygon", "coordinates": [ [ [ -46.68813, -23.613042 ], [ -46.689575, -23.614573 ], [ -46.690359, -23.61395 ], [ -46.688929, -23.612412 ], [ -46.68813, -23.613042 ] ] ] } },
{ "type": "Feature", "properties": { "loja_id": "AG08", "CD_SETOR": "355030835000324", "fracao": 0.20246678139680893, "pop": 98, "domicilios": 38, "renda_resp": 6785.86, "classe_pof": "47561" }, "geometry": { "type": "Polygon", "coordinates": [ [ [ -46.688711199999943, -23.61396729999996 ], [ -46.689023299999974, -23.614301399999924 ], [ -46.688701448210772, -23.61454073999333 ], [ -46.68973303932448, -23.614963903324281 ], [ -46.689617, -23.614614 ], [ -46.688855, -23.613805 ], [ -46.688711199999943, -23.61396729999996 ] ] ] } },
{ "type": "Feature", "properties": { "loja_id": "AG08", "CD_SETOR": "355030835000325", "fracao": 0.60081934208507504, "pop": 312, "domicilios": 153, "renda_resp": 14876.57, "classe_pof": "47563" }, "geometry": { "type": "Polygon", "coordinates": [ [ [ -46.689023299999974, -23.614301399999924 ], [ -46.68868619999995, -23.613940499999956 ], [ -46.688306068109476, -23.614245807014207 ], [ -46.688701448210772, -23.61454073999333 ], [ -46.689023299999974, -23.614301399999924 ] ] ] } },
{ "type": "Feature", "properties": { "loja_id": "AG08", "CD_SETOR": "355030835000326", "fracao": 1.0, "pop": 231, "domicilios": 90, "renda_resp": 12358.34, "classe_pof": "47562" }, "geometry": { "type": "Polygon", "coordinates": [ [ [ -46.691278, -23.610535 ], [ -46.689714, -23.611792 ], [ -46.690428, -23.612554 ], [ -46.692, -23.611304 ], [ -46.691278, -23.610535 ] ] ] } },
{ "type": "Feature", "properties": { "loja_id": "AG08", "CD_SETOR": "355030835000327", "fracao": 1.0, "pop": 427, "domicilios": 147, "renda_resp": 23652.2, "classe_pof": "47564" }, "geometry": { "type": "Polygon", "coordinates": [ [ [ -46.691147, -23.613321 ], [ -46.692718, -23.612069 ], [ -46.692, -23.611304 ], [ -46.690428, -23.612554 ], [ -46.691147, -23.613321 ] ] ] } },
{ "type": "Feature", "properties": { "loja_id": "AG01", "CD_SETOR": "355030835000328", "fracao": 0.99999999999999989, "pop": 158, "domicilios": 84, "renda_resp": 13523.45, "classe_pof": "47563" }, "geometry": { "type": "Polygon", "coordinates": [ [ [ -46.686989299999937, -23.585206099999937 ], [ -46.68803, -23.585755 ], [ -46.68820089999997, -23.585456499999967 ], [ -46.687838699999986, -23.585161699999954 ], [ -46.687885, -23.585064799999937 ], [ -46.687226, -23.584740599999972 ], [ -46.686989299999937, -23.585206099999937 ] ] ] } },
{ "type": "Feature", "properties": { "loja_id": "AG01", "CD_SETOR": "355030835000329", "fracao": 1.0, "pop": 276, "domicilios": 126, "renda_resp": 21374.06, "classe_pof": "47564" }, "geometry": { "type": "Polygon", "coordinates": [ [ [ -46.685456, -23.584418 ], [ -46.686989299999937, -23.585206099999937 ], [ -46.687226, -23.584740599999972 ], [ -46.685678399999972, -23.584047099999964 ], [ -46.685456, -23.584418 ] ] ] } },
{ "type": "Feature", "properties": { "loja_id": "AG01", "CD_SETOR": "355030835000330", "fracao": 0.99999999999999989, "pop": 340, "domicilios": 137, "renda_resp": 23677.57, "classe_pof": "47564" }, "geometry": { "type": "Polygon", "coordinates": [ [ [ -46.685154, -23.583679 ], [ -46.684849, -23.584312 ], [ -46.684339, -23.584046 ], [ -46.68424, -23.584438 ], [ -46.683709, -23.585296 ], [ -46.684763, -23.585579 ], [ -46.685678399999972, -23.584047099999964 ], [ -46.686131799999941, -23.584284599999929 ], [ -46.686172899999974, -23.584222499999957 ], [ -46.687885, -23.585064799999937 ], [ -46.687838699999986, -23.585161699999954 ], [ -46.68820089999997, -23.585456499999967 ], [ -46.68803, -23.585755 ], [ -46.688387, -23.585732 ], [ -46.688691, -23.585422 ], [ -46.685514799999964, -23.582373499999953 ], [ -46.685154, -23.583679 ] ] ] } },
{ "type": "Feature", "properties": { "loja_id": "AG01", "CD_SETOR": "355030835000335", "fracao": 0.87615075100330708, "pop": 178, "domicilios": 91, "renda_resp": 13435.51, "classe_pof": "47563" }, "geometry": { "type": "Polygon", "coordinates": [ [ [ -46.679033295528974, -23.58068813185961 ], [ -46.678656, -23.581886 ], [ -46.679596, -23.582139 ], [ -46.680059371672172, -23.580676831014497 ], [ -46.679033295528974, -23.58068813185961 ] ] ] } },
{ "type": "Feature", "properties": { "loja_id": "AG01", "CD_SETOR": "355030835000336", "fracao": 1.0, "pop": 262, "domicilios": 136, "renda_resp": 13575.1, "classe_pof": "47563" }, "geometry": { "type": "Polygon", "coordinates": [ [ [ -46.678656, -23.581886 ], [ -46.678279, -23.583064 ], [ -46.679212, -23.583321 ], [ -46.679596, -23.582139 ], [ -46.678656, -23.581886 ] ] ] } },
{ "type": "Feature", "properties": { "loja_id": "AG08", "CD_SETOR": "355030835000355", "fracao": 0.4290338337360432, "pop": 381, "domicilios": 135, "renda_resp": 6139.98, "classe_pof": "47561" }, "geometry": { "type": "Polygon", "coordinates": [ [ [ -46.690968099999964, -23.613508699999958 ], [ -46.691309599999954, -23.613896699999938 ], [ -46.690859099999955, -23.614258599999971 ], [ -46.690493799999956, -23.613841499999985 ], [ -46.689575, -23.614573 ], [ -46.68973303932448, -23.614963903324281 ], [ -46.689999, -23.615073 ], [ -46.692354, -23.615354 ], [ -46.692956612910351, -23.615193839385348 ], [ -46.693457, -23.614856 ], [ -46.692964, -23.61426 ], [ -46.692066, -23.614485 ], [ -46.691992, -23.614231 ], [ -46.691147, -23.613321 ], [ -46.690968099999964, -23.613508699999958 ] ] ] } },
{ "type": "Feature", "properties": { "loja_id": "AG08", "CD_SETOR": "355030835000356", "fracao": 1.0, "pop": 221, "domicilios": 142, "renda_resp": 16667.41, "classe_pof": "47563" }, "geometry": { "type": "Polygon", "coordinates": [ [ [ -46.690520599999957, -23.613867399999943 ], [ -46.690859099999955, -23.614258599999971 ], [ -46.691106099999956, -23.614059499999943 ], [ -46.690742, -23.613638 ], [ -46.690520599999957, -23.613867399999943 ] ] ] } },
{ "type": "Feature", "properties": { "loja_id": "AG08", "CD_SETOR": "355030835000357", "fracao": 1.0, "pop": 233, "domicilios": 142, "renda_resp": 16778.18, "classe_pof": "47563" }, "geometry": { "type": "Polygon", "coordinates": [ [ [ -46.691106099999956, -23.614059499999943 ], [ -46.691309599999954, -23.613896699999938 ], [ -46.69094089999993, -23.613482399999953 ], [ -46.690742, -23.613638 ], [ -46.691106099999956, -23.614059499999943 ] ] ] } },
{ "type": "Feature", "properties": { "loja_id": "AG01", "CD_SETOR": "355030835000360", "fracao": 0.81060434761649536, "pop": 195, "domicilios": 97, "renda_resp": 14748.59, "classe_pof": "47563" }, "geometry": { "type": "Polygon", "coordinates": [ [ [ -46.677891399999965, -23.582318799999939 ], [ -46.677854199999956, -23.582430899999963 ], [ -46.677954499999942, -23.582455299999932 ], [ -46.677907399999981, -23.582612199999968 ], [ -46.678385599999963, -23.58273429999997 ], [ -46.678656, -23.581886 ], [ -46.677575295967465, -23.581591768920983 ], [ -46.676999, -23.581958 ], [ -46.676892744698051, -23.581927930119818 ], [ -46.67686249999997, -23.58202609999995 ], [ -46.677891399999965, -23.582318799999939 ] ] ] } },
{ "type": "Feature", "properties": { "loja_id": "AG01", "CD_SETOR": "355030835000361", "fracao": 0.63663206975159836, "pop": 193, "domicilios": 106, "renda_resp": 21914.75, "classe_pof": "47564" }, "geometry": { "type": "Polygon", "coordinates": [ [ [ -46.676257, -23.582522 ], [ -46.676483499999961, -23.582386299999936 ], [ -46.676734599999975, -23.582448699999933 ], [ -46.676892744698051, -23.581927930119818 ], [ -46.676482694713187, -23.581811886577544 ], [ -46.676257, -23.582522 ] ] ] } },
{ "type": "Feature", "properties": { "loja_id": "AG01", "CD_SETOR": "355030835000362", "fracao": 0.65068731715630868, "pop": 302, "domicilios": 134, "renda_resp": 15955.24, "classe_pof": "47563" }, "geometry": { "type": "Polygon", "coordinates": [ [ [ -46.676037, -23.583206 ], [ -46.676257, -23.582522 ], [ -46.676175, -23.582494 ], [ -46.675209457375637, -23.582232558075439 ], [ -46.674446894949234, -23.582771055277078 ], [ -46.676037, -23.583206 ] ] ] } },
{ "type": "Feature", "properties": { "loja_id": "AG01", "CD_SETOR": "355030835000363", "fracao": 0.87688589421239382, "pop": 246, "domicilios": 129, "renda_resp": 13989.29, "classe_pof": "47563" }, "geometry": { "type": "Polygon", "coordinates": [ [ [ -46.673949599183722, -23.583275866957766 ], [ -46.675848, -23.583798 ], [ -46.676037, -23.583206 ], [ -46.674446894949234, -23.582771055277078 ], [ -46.674168, -23.582968 ], [ -46.673949599183722, -23.583275866957766 ] ] ] } },
{ "type": "Feature", "properties": { "loja_id": "AG01", "CD_SETOR": "355030835000410", "fracao": 1.0, "pop": 101, "domicilios": 76, "renda_resp": 16712.62, "classe_pof": "47563" }, "geometry": { "type": "Polygon", "coordinates": [ [ [ -46.676384599999949, -23.585815299999986 ], [ -46.675903099999971, -23.585693399999972 ], [ -46.675840099999959, -23.58587929999992 ], [ -46.676323199999956, -23.586006499999939 ], [ -46.676384599999949, -23.585815299999986 ] ] ] } },
{ "type": "Feature", "properties": { "loja_id": "AG01", "CD_SETOR": "355030835000411", "fracao": 1.0, "pop": 208, "domicilios": 105, "renda_resp": 15477.53, "classe_pof": "47563" }, "geometry": { "type": "Polygon", "coordinates": [ [ [ -46.675512899999951, -23.584838 ], [ -46.674907, -23.586716 ], [ -46.676008, -23.587014 ], [ -46.676323199999956, -23.586006499999939 ], [ -46.675840099999959, -23.58587929999992 ], [ -46.675903099999971, -23.585693399999972 ], [ -46.676384599999949, -23.585815299999986 ], [ -46.676594, -23.585129 ], [ -46.675512899999951, -23.584838 ] ] ] } },
{ "type": "Feature", "properties": { "loja_id": "AG01", "CD_SETOR": "355030835000418", "fracao": 0.055399419912429096, "pop": 247, "domicilios": 125, "renda_resp": 22222.14, "classe_pof": "47564" }, "geometry": { "type": "Polygon", "coordinates": [ [ [ -46.678650432252418, -23.594984017096476 ], [ -46.67888279999994, -23.595003599999927 ], [ -46.678922, -23.59488 ], [ -46.678529614684969, -23.594771086158801 ], [ -46.678650432252418, -23.594984017096476 ] ] ] } },
{ "type": "Feature", "properties": { "loja_id": "AG01", "CD_SETOR": "355030835000428", "fracao": 0.68948967213352219, "pop": 447, "domicilios": 210, "renda_resp": 18358.67, "classe_pof": "47563" }, "geometry": { "type": "Polygon", "coordinates": [ [ [ -46.685213, -23.59294 ], [ -46.685101, -23.593264 ], [ -46.685286659772025, -23.593315178278676 ], [ -46.685577593839128, -23.593039567114964 ], [ -46.685213, -23.59294 ] ] ] } },
{ "type": "Feature", "properties": { "loja_id": "AG08", "CD_SETOR": "355030835000429", "fracao": 0.97434067872968999, "pop": 235, "domicilios": 112, "renda_resp": 7375.23, "classe_pof": "47561" }, "geometry": { "type": "Polygon", "coordinates": [ [ [ -46.695010299999979, -23.605906599999969 ], [ -46.693252, -23.606451 ], [ -46.693437899999935, -23.60694449999994 ], [ -46.695195, -23.606418 ], [ -46.695393, -23.606952 ], [ -46.697957, -23.606157 ], [ -46.697755750671298, -23.605587609295249 ], [ -46.697541, -23.605458 ], [ -46.697358047442862, -23.604818198889394 ], [ -46.694936, -23.605701 ], [ -46.695010299999979, -23.605906599999969 ] ] ] } },
{ "type": "Feature", "properties": { "loja_id": "AG08", "CD_SETOR": "355030835000430", "fracao": 1.0, "pop": 44, "domicilios": 23, "renda_resp": 8256.57, "classe_pof": "47561" }, "geometry": { "type": "Polygon", "coordinates": [ [ [ -46.693437899999935, -23.60694449999994 ], [ -46.693922, -23.608268 ], [ -46.695097, -23.607611 ], [ -46.695366, -23.607416 ], [ -46.695483, -23.607201 ], [ -46.695195, -23.606418 ], [ -46.693437899999935, -23.60694449999994 ] ] ] } },
{ "type": "Feature", "properties": { "loja_id": "AG08", "CD_SETOR": "355030835000431", "fracao": 1.0, "pop": 184, "domicilios": 64, "renda_resp": 36884.35, "classe_pof": "47564" }, "geometry": { "type": "Polygon", "coordinates": [ [ [ -46.69255759999993, -23.610884399999978 ], [ -46.69333, -23.611705 ], [ -46.69499, -23.611204 ], [ -46.694688, -23.610413 ], [ -46.694442, -23.610456 ], [ -46.69428, -23.610348 ], [ -46.69255759999993, -23.610884399999978 ] ] ] } },
{ "type": "Feature", "properties": { "loja_id": "AG08", "CD_SETOR": "355030835000432", "fracao": 0.99999999999999978, "pop": 325, "domicilios": 157, "renda_resp": 18470.52, "classe_pof": "47563" }, "geometry": { "type": "Polygon", "coordinates": [ [ [ -46.692718, -23.612069 ], [ -46.693265, -23.611637 ], [ -46.692902599999968, -23.611252099999945 ], [ -46.692354499999965, -23.611681899999958 ], [ -46.692718, -23.612069 ] ] ] } },
{ "type": "Feature", "properties": { "loja_id": "AG08", "CD_SETOR": "355030835000433", "fracao": 0.99999999999999989, "pop": 175, "domicilios": 106, "renda_resp": 17061.22, "classe_pof": "47563" }, "geometry": { "type": "Polygon", "coordinates": [ [ [ -46.692354499999965, -23.611681899999958 ], [ -46.692902599999968, -23.611252099999945 ], [ -46.69255579999998, -23.610882099999962 ], [ -46.692, -23.611304 ], [ -46.692354499999965, -23.611681899999958 ] ] ] } },
{ "type": "Feature", "properties": { "loja_id": "AG08", "CD_SETOR": "355030835000434", "fracao": 1.0, "pop": 317, "domicilios": 131, "renda_resp": 18617.33, "classe_pof": "47563" }, "geometry": { "type": "Polygon", "coordinates": [ [ [ -46.691278, -23.610535 ], [ -46.692, -23.611304 ], [ -46.69255579999998, -23.610882099999962 ], [ -46.692167, -23.610456 ], [ -46.692206, -23.610367 ], [ -46.692531, -23.610183 ], [ -46.692351, -23.60971 ], [ -46.691278, -23.610535 ] ] ] } },
{ "type": "Feature", "properties": { "loja_id": "AG01", "CD_SETOR": "355030835000438", "fracao": 0.80495073199752631, "pop": 325, "domicilios": 130, "renda_resp": 29229.47, "classe_pof": "47564" }, "geometry": { "type": "Polygon", "coordinates": [ [ [ -46.682277, -23.590746 ], [ -46.684491, -23.591344 ], [ -46.684336, -23.591815 ], [ -46.686286982261095, -23.592367533877134 ], [ -46.686999, -23.591693 ], [ -46.688189, -23.59161 ], [ -46.688999, -23.592786 ], [ -46.689139512807735, -23.592712491353062 ], [ -46.689079499999941, -23.592020099999946 ], [ -46.688614, -23.590659499999962 ], [ -46.687364, -23.591037 ], [ -46.687247, -23.590942 ], [ -46.687256899999966, -23.590857499999967 ], [ -46.683052, -23.589769 ], [ -46.682950099999971, -23.590075499999948 ], [ -46.68252, -23.589952 ], [ -46.682277, -23.590746 ] ] ] } },
{ "type": "Feature", "properties": { "loja_id": "AG01", "CD_SETOR": "355030835000444", "fracao": 1.0, "pop": 108, "domicilios": 67, "renda_resp": 19725.97, "classe_pof": "47563" }, "geometry": { "type": "Polygon", "coordinates": [ [ [ -46.673660299999938, -23.585244799999931 ], [ -46.67450649999995, -23.58540249999993 ], [ -46.674614199999951, -23.585075099999987 ], [ -46.673791, -23.584839 ], [ -46.673660299999938, -23.585244799999931 ] ] ] } },
{ "type": "Feature", "properties": { "loja_id": "AG01", "CD_SETOR": "355030835000445", "fracao": 1.0, "pop": 405, "domicilios": 139, "renda_resp": 28111.76, "classe_pof": "47564" }, "geometry": { "type": "Polygon", "coordinates": [ [ [ -46.674432499999966, -23.585447599999949 ], [ -46.675243699999953, -23.585678 ], [ -46.675367, -23.585293299999933 ], [ -46.674614199999951, -23.585075099999987 ], [ -46.67450649999995, -23.58540249999993 ], [ -46.67441, -23.585373899999976 ], [ -46.674432499999966, -23.585447599999949 ] ] ] } },
{ "type": "Feature", "properties": { "loja_id": "AG01", "CD_SETOR": "355030835000446", "fracao": 0.42083556384770671, "pop": 125, "domicilios": 58, "renda_resp": 11803.98, "classe_pof": "47562" }, "geometry": { "type": "Polygon", "coordinates": [ [ [ -46.679829, -23.596178 ], [ -46.681021, -23.59564 ], [ -46.678869, -23.595047 ], [ -46.67882085118751, -23.595197702682199 ], [ -46.679829, -23.596178 ] ] ] } },
{ "type": "Feature", "properties": { "loja_id": "AG01", "CD_SETOR": "355030835000447", "fracao": 0.038058825963626641, "pop": 232, "domicilios": 146, "renda_resp": 19133.27, "classe_pof": "47563" }, "geometry": { "type": "Polygon", "coordinates": [ [ [ -46.683815, -23.593421 ], [ -46.683455668911648, -23.59454478075855 ], [ -46.683999, -23.594535 ], [ -46.684521499466847, -23.594040031345251 ], [ -46.683860899999956, -23.593852399999946 ], [ -46.683815, -23.593421 ] ] ] } },
{ "type": "Feature", "properties": { "loja_id": "AG01", "CD_SETOR": "355030835000448", "fracao": 0.49445516124007655, "pop": 187, "domicilios": 114, "renda_resp": 12002.11, "classe_pof": "47562" }, "geometry": { "type": "Polygon", "coordinates": [ [ [ -46.683815, -23.593421 ], [ -46.683860899999956, -23.593852399999946 ], [ -46.684521499466847, -23.594040031345251 ], [ -46.684866094741572, -23.593713590116476 ], [ -46.683815, -23.593421 ] ] ] } },
{ "type": "Feature", "properties": { "loja_id": "AG01", "CD_SETOR": "355030835000449", "fracao": 1.0, "pop": 336, "domicilios": 200, "renda_resp": 33364.71, "classe_pof": "47564" }, "geometry": { "type": "Polygon", "coordinates": [ [ [ -46.683745, -23.591143299999942 ], [ -46.683435799999984, -23.592069399999961 ], [ -46.68391029999998, -23.592205699999965 ], [ -46.684188099999972, -23.591262499999971 ], [ -46.683745, -23.591143299999942 ] ] ] } },
{ "type": "Feature", "properties": { "loja_id": "AG08", "CD_SETOR": "355030835000450", "fracao": 0.99999999999999989, "pop": 278, "domicilios": 95, "renda_resp": 39611.2, "classe_pof": "47564" }, "geometry": { "type": "Polygon", "coordinates": [ [ [ -46.692384, -23.609775 ], [ -46.692531, -23.610183 ], [ -46.692206, -23.610367 ], [ -46.692167, -23.610456 ], [ -46.69255579999998, -23.610882099999962 ], [ -46.69428, -23.610348 ], [ -46.694442, -23.610456 ], [ -46.694688, -23.610413 ], [ -46.694405, -23.609614 ], [ -46.693155, -23.609994 ], [ -46.692903, -23.609327 ], [ -46.692135, -23.608518 ], [ -46.691621599999962, -23.608924099999971 ], [ -46.692384, -23.609775 ] ] ] } },
{ "type": "Feature", "properties": { "loja_id": "AG08", "CD_SETOR": "355030835000451", "fracao": 1.0, "pop": 323, "domicilios": 136, "renda_resp": 11140.61, "classe_pof": "47562" }, "geometry": { "type": "Polygon", "coordinates": [ [ [ -46.690408, -23.608562 ], [ -46.691125, -23.60932 ], [ -46.69093, -23.609476 ], [ -46.691651, -23.610236 ], [ -46.692351, -23.60971 ], [ -46.691621599999962, -23.608924099999971 ], [ -46.692135, -23.608518 ], [ -46.691419, -23.607758 ], [ -46.690408, -23.608562 ] ] ] } },
{ "type": "Feature", "properties": { "loja_id": "AG01", "CD_SETOR": "355030835000452", "fracao": 0.17292030572982323, "pop": 297, "domicilios": 128, "renda_resp": 17433.8, "classe_pof": "47563" }, "geometry": { "type": "Polygon", "coordinates": [ [ [ -46.674568, -23.587779 ], [ -46.674907, -23.586716 ], [ -46.674001953016329, -23.586478833408016 ], [ -46.673863, -23.586799 ], [ -46.674489330161464, -23.587752318783956 ], [ -46.674568, -23.587779 ] ] ] } },
{ "type": "Feature", "properties": { "loja_id": "AG01", "CD_SETOR": "355030835000454", "fracao": 0.057104341357966146, "pop": 112, "domicilios": 68, "renda_resp": 7600.48, "classe_pof": "47561" }, "geometry": { "type": "Polygon", "coordinates": [ [ [ -46.673267403987488, -23.584984448195939 ], [ -46.673486, -23.584282 ], [ -46.672930891337046, -23.584131625206457 ], [ -46.673033, -23.584799 ], [ -46.673267403987488, -23.584984448195939 ] ] ] } },
{ "type": "Feature", "properties": { "loja_id": "AG01", "CD_SETOR": "355030835000455", "fracao": 0.99999999999999989, "pop": 227, "domicilios": 84, "renda_resp": 21813.86, "classe_pof": "47564" }, "geometry": { "type": "Polygon", "coordinates": [ [ [ -46.684420599999953, -23.588466799999939 ], [ -46.684346199999936, -23.588724299999967 ], [ -46.685022199999935, -23.58891269999998 ], [ -46.685046799999952, -23.588827599999949 ], [ -46.685427, -23.58892539999994 ], [ -46.685404499999947, -23.58900789999996 ], [ -46.685662299999933, -23.589112599999968 ], [ -46.685663599999941, -23.589177 ], [ -46.68606989999995, -23.589202699999923 ], [ -46.687450399999932, -23.589587699999978 ], [ -46.687473, -23.589948699999979 ], [ -46.688194, -23.589715 ], [ -46.687937, -23.589021 ], [ -46.687653, -23.588739 ], [ -46.687067, -23.588797 ], [ -46.68678, -23.588749 ], [ -46.684109, -23.588027 ], [ -46.684001099999932, -23.588346399999974 ], [ -46.684420599999953, -23.588466799999939 ] ] ] } },
{ "type": "Feature", "properties": { "loja_id": "AG01", "CD_SETOR": "355030835000456", "fracao": 0.99999999999999989, "pop": 364, "domicilios": 162, "renda_resp": 25935.3, "classe_pof": "47564" }, "geometry": { "type": "Polygon", "coordinates": [ [ [ -46.683743, -23.58911 ], [ -46.687385, -23.590101 ], [ -46.687473, -23.589948699999979 ], [ -46.687450399999932, -23.589587699999978 ], [ -46.68606989999995, -23.589202699999923 ], [ -46.685663599999941, -23.589177 ], [ -46.685662299999933, -23.589112599999968 ], [ -46.685404499999947, -23.58900789999996 ], [ -46.685427, -23.58892539999994 ], [ -46.685046799999952, -23.588827599999949 ], [ -46.685022199999935, -23.58891269999998 ], [ -46.684654499999965, -23.588838099999972 ], [ -46.684346199999936, -23.588724299999967 ], [ -46.684420599999953, -23.588466799999939 ], [ -46.684001099999932, -23.588346399999974 ], [ -46.683743, -23.58911 ] ] ] } },
{ "type": "Feature", "properties": { "loja_id": "AG08", "CD_SETOR": "355030835000457", "fracao": 0.99999999999999989, "pop": 245, "domicilios": 134, "renda_resp": 19894.86, "classe_pof": "47563" }, "geometry": { "type": "Polygon", "coordinates": [ [ [ -46.694386, -23.604186 ], [ -46.695469799999955, -23.603838699999987 ], [ -46.695382799999948, -23.603590499999942 ], [ -46.694293, -23.603925 ], [ -46.694386, -23.604186 ] ] ] } },
{ "type": "Feature", "properties": { "loja_id": "AG08", "CD_SETOR": "355030835000458", "fracao": 0.99999999999999989, "pop": 212, "domicilios": 117, "renda_resp": 21910.98, "classe_pof": "47564" }, "geometry": { "type": "Polygon", "coordinates": [ [ [ -46.694386, -23.604186 ], [ -46.694484, -23.604459 ], [ -46.695573499999966, -23.604122099999923 ], [ -46.695469799999955, -23.603838699999987 ], [ -46.694386, -23.604186 ] ] ] } },
{ "type": "Feature", "properties": { "loja_id": "AG01", "CD_SETOR": "355030835000461", "fracao": 1.0, "pop": 219, "domicilios": 87, "renda_resp": 10944.2, "classe_pof": "47562" }, "geometry": { "type": "Polygon", "coordinates": [ [ [ -46.68041, -23.590246 ], [ -46.679806, -23.592119 ], [ -46.683873, -23.593237 ], [ -46.684491, -23.591344 ], [ -46.684188099999972, -23.591262499999971 ], [ -46.68391029999998, -23.592205699999965 ], [ -46.683435799999984, -23.592069399999961 ], [ -46.683745, -23.591143299999942 ], [ -46.68041, -23.590246 ] ] ] } },
{ "type": "Feature", "properties": { "loja_id": "AG01", "CD_SETOR": "355030835000464", "fracao": 1.0, "pop": 275, "domicilios": 165, "renda_resp": 17145.62, "classe_pof": "47563" }, "geometry": { "type": "Polygon", "coordinates": [ [ [ -46.679258699999934, -23.583177599999946 ], [ -46.67978729999993, -23.583297799999976 ], [ -46.680052799999942, -23.58244 ], [ -46.68032, -23.582491499999943 ], [ -46.680353, -23.582343 ], [ -46.679596, -23.582139 ], [ -46.679258699999934, -23.583177599999946 ] ] ] } },
{ "type": "Feature", "properties": { "loja_id": "AG08", "CD_SETOR": "355030835000465", "fracao": 1.0, "pop": 159, "domicilios": 62, "renda_resp": 21589.36, "classe_pof": "47564" }, "geometry": { "type": "Polygon", "coordinates": [ [ [ -46.68899, -23.611024 ], [ -46.689714, -23.611792 ], [ -46.690467199999944, -23.611188099999925 ], [ -46.689770399999986, -23.610399799999986 ], [ -46.68899, -23.611024 ] ] ] } },
{ "type": "Feature", "properties": { "loja_id": "AG01", "CD_SETOR": "355030835000473", "fracao": 1.0, "pop": 128, "domicilios": 101, "renda_resp": 16241.14, "classe_pof": "47563" }, "geometry": { "type": "Polygon", "coordinates": [ [ [ -46.677126699999974, -23.584782399999934 ], [ -46.677148299999942, -23.584710199999957 ], [ -46.677466799999934, -23.584796399999963 ], [ -46.677513599999941, -23.584626899999936 ], [ -46.676805099999967, -23.584430699999924 ], [ -46.676727899999946, -23.584673199999941 ], [ -46.677126699999974, -23.584782399999934 ] ] ] } },
{ "type": "Feature", "properties": { "loja_id": "AG01", "CD_SETOR": "355030835000474", "fracao": 0.99999999999999978, "pop": 213, "domicilios": 124, "renda_resp": 11948.93, "classe_pof": "47562" }, "geometry": { "type": "Polygon", "coordinates": [ [ [ -46.677513599999941, -23.584626899999936 ], [ -46.677466799999934, -23.584796399999963 ], [ -46.676727899999946, -23.584673199999941 ], [ -46.676594, -23.585129 ], [ -46.677543, -23.585387 ], [ -46.67805, -23.583822 ], [ -46.678066, -23.583753 ], [ -46.67711, -23.583492 ], [ -46.676805099999967, -23.584430699999924 ], [ -46.677513599999941, -23.584626899999936 ] ] ] } },
{ "type": "Feature", "properties": { "loja_id": "AG01", "CD_SETOR": "355030835000477", "fracao": 1.0, "pop": 212, "domicilios": 103, "renda_resp": 27174.61, "classe_pof": "47564" }, "geometry": { "type": "Polygon", "coordinates": [ [ [ -46.680883499999936, -23.586623699999965 ], [ -46.679995, -23.586388499999938 ], [ -46.679872099999955, -23.586879499999945 ], [ -46.680746299999953, -23.587117 ], [ -46.680883499999936, -23.586623699999965 ] ] ] } },
{ "type": "Feature", "properties": { "loja_id": "AG01", "CD_SETOR": "355030835000478", "fracao": 0.99999999999999989, "pop": 184, "domicilios": 96, "renda_resp": 18706.44, "classe_pof": "47563" }, "geometry": { "type": "Polygon", "coordinates": [ [ [ -46.679567, -23.585933 ], [ -46.678961, -23.587822 ], [ -46.682848, -23.588867 ], [ -46.683198, -23.587778 ], [ -46.682201, -23.587512 ], [ -46.682661, -23.585893 ], [ -46.682611, -23.585858 ], [ -46.681536, -23.585563 ], [ -46.681068, -23.586217 ], [ -46.679567, -23.585933 ] ], [ [ -46.679872099999955, -23.586879499999945 ], [ -46.679995, -23.586388499999938 ], [ -46.680883499999936, -23.586623699999965 ], [ -46.680746299999953, -23.587117 ], [ -46.679872099999955, -23.586879499999945 ] ] ] } },
{ "type": "Feature", "properties": { "loja_id": "AG01", "CD_SETOR": "355030835000479", "fracao": 1.0, "pop": 143, "domicilios": 68, "renda_resp": 13451.61, "classe_pof": "47563" }, "geometry": { "type": "Polygon", "coordinates": [ [ [ -46.678979, -23.591393 ], [ -46.678828, -23.591853 ], [ -46.679806, -23.592119 ], [ -46.679956, -23.591658 ], [ -46.678979, -23.591393 ] ] ] } },
{ "type": "Feature", "properties": { "loja_id": "AG01", "CD_SETOR": "355030835000480", "fracao": 0.99999999999999967, "pop": 164, "domicilios": 74, "renda_resp": 9728.86, "classe_pof": "47562" }, "geometry": { "type": "Polygon", "coordinates": [ [ [ -46.678828, -23.591853 ], [ -46.678979, -23.591393 ], [ -46.679956, -23.591658 ], [ -46.680227, -23.590812 ], [ -46.678162, -23.590328 ], [ -46.678369, -23.589687 ], [ -46.677641, -23.58948 ], [ -46.67701, -23.591359 ], [ -46.678828, -23.591853 ] ] ] } },
{ "type": "Feature", "properties": { "loja_id": "AG01", "CD_SETOR": "355030835000481", "fracao": 0.99999999999999967, "pop": 11, "domicilios": 8, "renda_resp": 59642.86, "classe_pof": "47564" }, "geometry": { "type": "Polygon", "coordinates": [ [ [ -46.684848199999976, -23.592489899999975 ], [ -46.685353899999939, -23.592642099999978 ], [ -46.685508499999969, -23.592151099999967 ], [ -46.685015799999974, -23.592011499999963 ], [ -46.684848199999976, -23.592489899999975 ] ] ] } },
{ "type": "Feature", "properties": { "loja_id": "AG01", "CD_SETOR": "355030835000489", "fracao": 1.0, "pop": 196, "domicilios": 103, "renda_resp": 14575.96, "classe_pof": "47563" }, "geometry": { "type": "Polygon", "coordinates": [ [ [ -46.679567, -23.585933 ], [ -46.677543, -23.585387 ], [ -46.677214, -23.586407 ], [ -46.679238, -23.586951 ], [ -46.679567, -23.585933 ] ] ] } },
{ "type": "Feature", "properties": { "loja_id": "AG01", "CD_SETOR": "355030835000490", "fracao": 1.0, "pop": 140, "domicilios": 73, "renda_resp": 13505.77, "classe_pof": "47563" }, "geometry": { "type": "Polygon", "coordinates": [ [ [ -46.679567, -23.585933 ], [ -46.68009, -23.584308 ], [ -46.679134, -23.584045 ], [ -46.678616, -23.585678 ], [ -46.679567, -23.585933 ] ] ] } },
{ "type": "Feature", "properties": { "loja_id": "AG01", "CD_SETOR": "355030835000493", "fracao": 0.99999999999999989, "pop": 161, "domicilios": 106, "renda_resp": 8423.25, "classe_pof": "47562" }, "geometry": { "type": "Polygon", "coordinates": [ [ [ -46.678994, -23.584008 ], [ -46.679925, -23.584259 ], [ -46.680039299999983, -23.583733099999964 ], [ -46.679673, -23.583649599999948 ], [ -46.67978729999993, -23.583297799999976 ], [ -46.679258699999934, -23.583177599999946 ], [ -46.678994, -23.584008 ] ] ] } },
{ "type": "Feature", "properties": { "loja_id": "AG01", "CD_SETOR": "355030835000494", "fracao": 0.32219370130265823, "pop": 265, "domicilios": 127, "renda_resp": 16388.81, "classe_pof": "47563" }, "geometry": { "type": "Polygon", "coordinates": [ [ [ -46.678656, -23.581886 ], [ -46.679033295528974, -23.58068813185961 ], [ -46.677575295967465, -23.581591768920983 ], [ -46.678656, -23.581886 ] ] ] } },
{ "type": "Feature", "properties": { "loja_id": "AG01", "CD_SETOR": "355030835000495", "fracao": 1.0, "pop": 213, "domicilios": 119, "renda_resp": 13416.02, "classe_pof": "47563" }, "geometry": { "type": "Polygon", "coordinates": [ [ [ -46.683653, -23.582911 ], [ -46.683286, -23.582783 ], [ -46.682007, -23.584826 ], [ -46.683709, -23.585296 ], [ -46.68424, -23.584438 ], [ -46.684339, -23.584046 ], [ -46.684849, -23.584312 ], [ -46.685154, -23.583679 ], [ -46.685514799999964, -23.582373499999953 ], [ -46.685296, -23.582163 ], [ -46.685042, -23.582355 ], [ -46.68478, -23.582364 ], [ -46.684322, -23.582098 ], [ -46.683959, -23.582898 ], [ -46.683653, -23.582911 ] ] ] } },
{ "type": "Feature", "properties": { "loja_id": "AG01", "CD_SETOR": "355030835000496", "fracao": 0.36810325382075243, "pop": 364, "domicilios": 186, "renda_resp": 16579.81, "classe_pof": "47563" }, "geometry": { "type": "Polygon", "coordinates": [ [ [ -46.685508499999969, -23.592151099999967 ], [ -46.685353899999939, -23.592642099999978 ], [ -46.684848199999976, -23.592489899999975 ], [ -46.685015799999974, -23.592011499999963 ], [ -46.684336, -23.591815 ], [ -46.684076, -23.592627 ], [ -46.685577593839128, -23.593039567114964 ], [ -46.686286982261095, -23.592367533877134 ], [ -46.685508499999969, -23.592151099999967 ] ] ] } },
{ "type": "Feature", "properties": { "loja_id": "AG01", "CD_SETOR": "355030835000497", "fracao": 0.5210171458224222, "pop": 227, "domicilios": 88, "renda_resp": 30167.17, "classe_pof": "47564" }, "geometry": { "type": "Polygon", "coordinates": [ [ [ -46.687689, -23.585791 ], [ -46.687316, -23.585905 ], [ -46.68698, -23.586188 ], [ -46.686668, -23.586681 ], [ -46.68659, -23.587278 ], [ -46.686913, -23.588089 ], [ -46.686923, -23.588776 ], [ -46.687554, -23.588717 ], [ -46.68775, -23.588787 ], [ -46.687937, -23.589021 ], [ -46.688194, -23.589715 ], [ -46.687473, -23.589948699999979 ], [ -46.687385, -23.590101 ], [ -46.68481, -23.589406 ], [ -46.684564, -23.59018 ], [ -46.687256899999966, -23.590857499999967 ], [ -46.687247, -23.590942 ], [ -46.687364, -23.591037 ], [ -46.688614, -23.590659499999962 ], [ -46.689079499999941, -23.592020099999946 ], [ -46.689139512807735, -23.592712491353062 ], [ -46.689647, -23.592447 ], [ -46.689933, -23.591799 ], [ -46.690999, -23.590697 ], [ -46.691115, -23.589915 ], [ -46.691029, -23.58877 ], [ -46.690497, -23.587799 ], [ -46.691046, -23.586799 ], [ -46.691021352438348, -23.586693911299022 ], [ -46.690195, -23.586653 ], [ -46.689808, -23.586482 ], [ -46.688691, -23.585422 ], [ -46.688387, -23.585732 ], [ -46.687689, -23.585791 ] ] ] } },
{ "type": "Feature", "properties": { "loja_id": "AG01", "CD_SETOR": "355030835000498", "fracao": 1.0, "pop": 284, "domicilios": 162, "renda_resp": 16715.8, "classe_pof": "47563" }, "geometry": { "type": "Polygon", "coordinates": [ [ [ -46.678279, -23.583064 ], [ -46.678385599999963, -23.58273429999997 ], [ -46.677907399999981, -23.582612199999968 ], [ -46.677954499999942, -23.582455299999932 ], [ -46.677854199999956, -23.582430899999963 ], [ -46.677891399999965, -23.582318799999939 ], [ -46.67686249999997, -23.58202609999995 ], [ -46.676734599999975, -23.582448699999933 ], [ -46.676483499999961, -23.582386299999936 ], [ -46.676257, -23.582522 ], [ -46.678279, -23.583064 ] ] ] } },
{ "type": "Feature", "properties": { "loja_id": "AG01", "CD_SETOR": "355030835000499", "fracao": 1.0, "pop": 275, "domicilios": 126, "renda_resp": 17883.98, "classe_pof": "47563" }, "geometry": { "type": "Polygon", "coordinates": [ [ [ -46.682007, -23.584826 ], [ -46.68009, -23.584308 ], [ -46.679833, -23.585097 ], [ -46.681536, -23.585563 ], [ -46.682007, -23.584826 ] ] ] } },
{ "type": "Feature", "properties": { "loja_id": "AG13", "CD_SETOR": "355030837000020", "fracao": 0.011763841708829818, "pop": 985, "domicilios": 351, "renda_resp": 3761.22, "classe_pof": "47560" }, "geometry": { "type": "Polygon", "coordinates": [ [ [ -46.460351891667415, -23.540100233317514 ], [ -46.460836599999936, -23.539965299999949 ], [ -46.460766536643114, -23.539753753478532 ], [ -46.460369, -23.539999 ], [ -46.460351891667415, -23.540100233317514 ] ] ] } },
{ "type": "Feature", "properties": { "loja_id": "AG13", "CD_SETOR": "355030837000021", "fracao": 0.30415290942972961, "pop": 605, "domicilios": 232, "renda_resp": 5640.67, "classe_pof": "47561" }, "geometry": { "type": "Polygon", "coordinates": [ [ [ -46.460836599999936, -23.539965299999949 ], [ -46.462914799999965, -23.539582799999945 ], [ -46.462977599999931, -23.539467799999947 ], [ -46.462668506947978, -23.53860649707773 ], [ -46.460766536643114, -23.539753753478532 ], [ -46.460836599999936, -23.539965299999949 ] ] ] } },
{ "type": "Feature", "properties": { "loja_id": "AG13", "CD_SETOR": "355030837000049", "fracao": 0.63993243915272624, "pop": 631, "domicilios": 221, "renda_resp": 2654.31, "classe_pof": "47560" }, "geometry": { "type": "Polygon", "coordinates": [ [ [ -46.461972399999979, -23.539794399999945 ], [ -46.460351891667415, -23.540100233317514 ], [ -46.4602, -23.540999 ], [ -46.460711958309801, -23.541930637501292 ], [ -46.461255899999976, -23.542095699999951 ], [ -46.461166399999968, -23.541702399999959 ], [ -46.461220799999978, -23.541561299999952 ], [ -46.460908, -23.541432 ], [ -46.461760399999946, -23.541207199999963 ], [ -46.463582499999973, -23.540031099999968 ], [ -46.462694699999986, -23.539851 ], [ -46.461972399999979, -23.539794399999945 ] ] ] } },
{ "type": "Feature", "properties": { "loja_id": "AG13", "CD_SETOR": "355030837000091", "fracao": 1.0, "pop": 655, "domicilios": 294, "renda_resp": 4121.96, "classe_pof": "47560" }, "geometry": { "type": "Polygon", "coordinates": [ [ [ -46.465879199999961, -23.539951699999957 ], [ -46.465081199999986, -23.540568499999942 ], [ -46.464963199999943, -23.540761199999956 ], [ -46.465578, -23.540913899999961 ], [ -46.466256, -23.540926199999944 ], [ -46.466935899999953, -23.540673199999954 ], [ -46.46754679999998, -23.540203599999931 ], [ -46.467326799999967, -23.540079799999944 ], [ -46.467133899999965, -23.540188299999961 ], [ -46.467017699999985, -23.540144799999958 ], [ -46.467034099999978, -23.539512799999947 ], [ -46.465937599999961, -23.53973979999995 ], [ -46.465879199999961, -23.539951699999957 ] ] ] } },
{ "type": "Feature", "properties": { "loja_id": "AG13", "CD_SETOR": "355030837000092", "fracao": 0.80281846925513101, "pop": 465, "domicilios": 177, "renda_resp": 3122.53, "classe_pof": "47560" }, "geometry": { "type": "Polygon", "coordinates": [ [ [ -46.46494, -23.537355 ], [ -46.465174, -23.537489599999947 ], [ -46.465116, -23.537829199999972 ], [ -46.465327899999977, -23.538601599999936 ], [ -46.465234, -23.53958549999993 ], [ -46.465949099999932, -23.539657399999946 ], [ -46.466236399999957, -23.53703309999997 ], [ -46.465826823107378, -23.536922144017179 ], [ -46.464999, -23.537235 ], [ -46.46494, -23.537355 ] ] ] } },
{ "type": "Feature", "properties": { "loja_id": "AG13", "CD_SETOR": "355030837000093", "fracao": 0.99583688519018621, "pop": 656, "domicilios": 229, "renda_resp": 2507.8, "classe_pof": "47560" }, "geometry": { "type": "Polygon", "coordinates": [ [ [ -46.467139, -23.536142 ], [ -46.466523731767374, -23.536291604825159 ], [ -46.46629619322033, -23.536510685287858 ], [ -46.465937599999961, -23.53973979999995 ], [ -46.467266099999961, -23.539472899999964 ], [ -46.467385299999933, -23.539389899999946 ], [ -46.467781599999967, -23.536108899999924 ], [ -46.467139, -23.536142 ] ] ] } },
{ "type": "Feature", "properties": { "loja_id": "AG13", "CD_SETOR": "355030837000094", "fracao": 0.034130072049414553, "pop": 440, "domicilios": 150, "renda_resp": 2490.32, "classe_pof": "47560" }, "geometry": { "type": "Polygon", "coordinates": [ [ [ -46.466236399999957, -23.53703309999997 ], [ -46.46629619322033, -23.536510685287858 ], [ -46.465826823107378, -23.536922144017179 ], [ -46.466236399999957, -23.53703309999997 ] ] ] } },
{ "type": "Feature", "properties": { "loja_id": "AG13", "CD_SETOR": "355030837000095", "fracao": 0.039268992464473872, "pop": 611, "domicilios": 237, "renda_resp": 4484.97, "classe_pof": "47560" }, "geometry": { "type": "Polygon", "coordinates": [ [ [ -46.466554699999961, -23.536289 ], [ -46.467327, -23.536113 ], [ -46.467173354055262, -23.535764956416266 ], [ -46.466999, -23.535834 ], [ -46.466554699999961, -23.536289 ] ] ] } },
{ "type": "Feature", "properties": { "loja_id": "AG13", "CD_SETOR": "355030837000096", "fracao": 0.061236624250810355, "pop": 844, "domicilios": 291, "renda_resp": 3489.14, "classe_pof": "47560" }, "geometry": { "type": "Polygon", "coordinates": [ [ [ -46.467173354055262, -23.535764956416266 ], [ -46.467327, -23.536113 ], [ -46.467781599999967, -23.536108899999924 ], [ -46.468329, -23.536217 ], [ -46.467909, -23.535764 ], [ -46.467896921222589, -23.535478423591989 ], [ -46.467173354055262, -23.535764956416266 ] ] ] } },
{ "type": "Feature", "properties": { "loja_id": "AG13", "CD_SETOR": "355030837000139", "fracao": 0.97539068233101123, "pop": 704, "domicilios": 252, "renda_resp": 2583.63, "classe_pof": "47560" }, "geometry": { "type": "Polygon", "coordinates": [ [ [ -46.467534299999954, -23.538351099999947 ], [ -46.468950399999983, -23.538163699999931 ], [ -46.468886899999973, -23.53873869999995 ], [ -46.468942399999946, -23.538896199999957 ], [ -46.469126499999959, -23.539017699999928 ], [ -46.469563199999982, -23.538969599999977 ], [ -46.469754, -23.536702 ], [ -46.469401914275629, -23.536581625884164 ], [ -46.468999, -23.536888 ], [ -46.468920037404956, -23.536416875967852 ], [ -46.467781599999967, -23.536108899999924 ], [ -46.467534299999954, -23.538351099999947 ] ] ] } },
{ "type": "Feature", "properties": { "loja_id": "AG13", "CD_SETOR": "355030837000140", "fracao": 0.10093075614069807, "pop": 336, "domicilios": 227, "renda_resp": 2704.61, "classe_pof": "47560" }, "geometry": { "type": "Polygon", "coordinates": [ [ [ -46.467909, -23.535764 ], [ -46.468329, -23.536217 ], [ -46.468858892640796, -23.536052057836478 ], [ -46.467999, -23.535438 ], [ -46.467896921222589, -23.535478423591989 ], [ -46.467909, -23.535764 ] ] ] } },
{ "type": "Feature", "properties": { "loja_id": "AG13", "CD_SETOR": "355030837000188", "fracao": 1.0, "pop": 629, "domicilios": 223, "renda_resp": 9701.27, "classe_pof": "47562" }, "geometry": { "type": "Polygon", "coordinates": [ [ [ -46.469563199999982, -23.538969599999977 ], [ -46.473215699999969, -23.538717 ], [ -46.47313239999994, -23.538060599999937 ], [ -46.471463099999937, -23.538191799999936 ], [ -46.471492699999942, -23.53778739999996 ], [ -46.469702099999949, -23.537575299999961 ], [ -46.469563199999982, -23.538969599999977 ] ] ] } },
{ "type": "Feature", "properties": { "loja_id": "AG13", "CD_SETOR": "355030837000190", "fracao": 1.0, "pop": 1454, "domicilios": 481, "renda_resp": 1635.89, "classe_pof": "47558" }, "geometry": { "type": "Polygon", "coordinates": [ [ [ -46.473334, -23.538702399999977 ], [ -46.471392199999968, -23.538868299999926 ], [ -46.471387799999953, -23.539034199999939 ], [ -46.472327, -23.539138099999953 ], [ -46.472990299999935, -23.539423599999957 ], [ -46.473275199999932, -23.53945919999995 ], [ -46.473736699999961, -23.539728699999952 ], [ -46.474193, -23.539327 ], [ -46.474390699999965, -23.538940699999955 ], [ -46.474084299999959, -23.538713299999976 ], [ -46.47387329999998, -23.538661299999941 ], [ -46.473779699999973, -23.538511099999937 ], [ -46.473334, -23.538702399999977 ] ] ] } },
{ "type": "Feature", "properties": { "loja_id": "AG13", "CD_SETOR": "355030837000191", "fracao": 0.6638077495155994, "pop": 900, "domicilios": 298, "renda_resp": 1689.77, "classe_pof": "47559" }, "geometry": { "type": "Polygon", "coordinates": [ [ [ -46.474055299999975, -23.538002499999944 ], [ -46.473779699999973, -23.538511099999937 ], [ -46.47387329999998, -23.538661299999941 ], [ -46.474084299999959, -23.538713299999976 ], [ -46.474390699999965, -23.538940699999955 ], [ -46.47502065107556, -23.537995555071952 ], [ -46.474999, -23.537917 ], [ -46.474553844853254, -23.537705724439306 ], [ -46.474055299999975, -23.538002499999944 ] ] ] } },
{ "type": "Feature", "properties": { "loja_id": "AG13", "CD_SETOR": "355030837000192", "fracao": 1.0, "pop": 549, "domicilios": 207, "renda_resp": 5250.07, "classe_pof": "47561" }, "geometry": { "type": "Polygon", "coordinates": [ [ [ -46.471598599999936, -23.536735499999971 ], [ -46.471463099999937, -23.538191799999936 ], [ -46.47313239999994, -23.538060599999937 ], [ -46.473215699999969, -23.538717 ], [ -46.473779699999973, -23.538511099999937 ], [ -46.474026899999956, -23.538128099999938 ], [ -46.474055299999975, -23.538002499999944 ], [ -46.473959799999932, -23.538010599999946 ], [ -46.473725399999978, -23.537371299999961 ], [ -46.473011399999962, -23.537380799999941 ], [ -46.472927299999981, -23.536705699999967 ], [ -46.471598599999936, -23.536735499999971 ] ] ] } },
{ "type": "Feature", "properties": { "loja_id": "AG13", "CD_SETOR": "355030837000193", "fracao": 0.47846893390200845, "pop": 930, "domicilios": 323, "renda_resp": 3448.33, "classe_pof": "47560" }, "geometry": { "type": "MultiPolygon", "coordinates": [ [ [ [ -46.468329, -23.536217 ], [ -46.468920037404956, -23.536416875967852 ], [ -46.468858892640796, -23.536052057836478 ], [ -46.468329, -23.536217 ] ] ], [ [ [ -46.469754, -23.536702 ], [ -46.469702099999949, -23.537575299999961 ], [ -46.471492699999942, -23.53778739999996 ], [ -46.471622, -23.536617399999955 ], [ -46.472272540112769, -23.535812365227248 ], [ -46.470999, -23.535803 ], [ -46.470342, -23.536342 ], [ -46.469504, -23.536504 ], [ -46.469401914275629, -23.536581625884164 ], [ -46.469754, -23.536702 ] ] ] ] } },
{ "type": "Feature", "properties": { "loja_id": "AG13", "CD_SETOR": "355030837000227", "fracao": 0.19079580613888436, "pop": 580, "domicilios": 203, "renda_resp": 2750.87, "classe_pof": "47560" }, "geometry": { "type": "Polygon", "coordinates": [ [ [ -46.471622, -23.536617399999955 ], [ -46.471598599999936, -23.536735499999971 ], [ -46.472927299999981, -23.536705699999967 ], [ -46.473011399999962, -23.537380799999941 ], [ -46.473725399999978, -23.537371299999961 ], [ -46.473959799999932, -23.538010599999946 ], [ -46.474335199999985, -23.537882499999967 ], [ -46.474553844853254, -23.537705724439306 ], [ -46.473699, -23.5373 ], [ -46.472272540112769, -23.535812365227248 ], [ -46.471622, -23.536617399999955 ] ] ] } },
{ "type": "Feature", "properties": { "loja_id": "AG13", "CD_SETOR": "355030837000362", "fracao": 0.22460449039887481, "pop": 234, "domicilios": 77, "renda_resp": 1582.77, "classe_pof": "47558" }, "geometry": { "type": "Polygon", "coordinates": [ [ [ -46.461799098253664, -23.545448833973406 ], [ -46.461999, -23.545958 ], [ -46.462293492703935, -23.545915861053182 ], [ -46.462053099999935, -23.54549059999994 ], [ -46.462328099999979, -23.545344199999928 ], [ -46.462396, -23.545157 ], [ -46.461799098253664, -23.545448833973406 ] ] ] } },
{ "type": "Feature", "properties": { "loja_id": "AG13", "CD_SETOR": "355030837000366", "fracao": 0.12467617916956673, "pop": 522, "domicilios": 153, "renda_resp": 1829.48, "classe_pof": "47559" }, "geometry": { "type": "Polygon", "coordinates": [ [ [ -46.462570621706874, -23.5458762061477 ], [ -46.462328099999979, -23.545344199999928 ], [ -46.462053099999935, -23.54549059999994 ], [ -46.462293492703935, -23.545915861053182 ], [ -46.462570621706874, -23.5458762061477 ] ] ] } },
{ "type": "Feature", "properties": { "loja_id": "AG13", "CD_SETOR": "355030837000367", "fracao": 1.0, "pop": 648, "domicilios": 199, "renda_resp": 1425.65, "classe_pof": "47558" }, "geometry": { "type": "Polygon", "coordinates": [ [ [ -46.462500099999943, -23.543356 ], [ -46.46251529999995, -23.543750599999949 ], [ -46.462713799999968, -23.543790699999928 ], [ -46.462177899999972, -23.545082499999978 ], [ -46.461942599999986, -23.545142099999957 ], [ -46.461991399999931, -23.545347599999953 ], [ -46.463016099999948, -23.544847799999957 ], [ -46.463062499999978, -23.544187699999949 ], [ -46.463279599999964, -23.543506899999954 ], [ -46.462602, -23.543351 ], [ -46.462500099999943, -23.543356 ] ] ] } },
{ "type": "Feature", "properties": { "loja_id": "AG13", "CD_SETOR": "355030837000369", "fracao": 0.45111625862889293, "pop": 53, "domicilios": 1, "renda_resp": null, "classe_pof": null }, "geometry": { "type": "Polygon", "coordinates": [ [ [ -46.463062499999978, -23.544187699999949 ], [ -46.463016099999948, -23.544847799999957 ], [ -46.462396, -23.545157 ], [ -46.462324599999931, -23.545271599999978 ], [ -46.462570621706874, -23.5458762061477 ], [ -46.464382, -23.545617 ], [ -46.464999, -23.546376 ], [ -46.465118, -23.546118 ], [ -46.465999, -23.546185 ], [ -46.466636, -23.546363 ], [ -46.467179, -23.54682 ], [ -46.471298, -23.546701 ], [ -46.47223, -23.546768 ], [ -46.472999, -23.547191 ], [ -46.473513, -23.545999 ], [ -46.473267, -23.544999 ], [ -46.475137, -23.544862 ], [ -46.475999, -23.546326 ], [ -46.476616073860498, -23.545849003683756 ], [ -46.475668, -23.544542 ], [ -46.475267, -23.544108 ], [ -46.474318, -23.543332 ], [ -46.473252, -23.54331069999995 ], [ -46.471882199999989, -23.543656 ], [ -46.471387099999959, -23.543673899999931 ], [ -46.467824, -23.542951699999954 ], [ -46.466919, -23.542908 ], [ -46.465965099999949, -23.543052699999972 ], [ -46.46434759999994, -23.543544099999959 ], [ -46.463858899999934, -23.543595799999927 ], [ -46.463279599999964, -23.543506899999954 ], [ -46.463062499999978, -23.544187699999949 ] ] ] } },
{ "type": "Feature", "properties": { "loja_id": "AG13", "CD_SETOR": "355030837000371", "fracao": 0.83228492602957271, "pop": 639, "domicilios": 222, "renda_resp": 2047.34, "classe_pof": "47559" }, "geometry": { "type": "Polygon", "coordinates": [ [ [ -46.46391, -23.538675 ], [ -46.463028899999983, -23.539902199999975 ], [ -46.463855299999977, -23.540121099999965 ], [ -46.465116, -23.537829199999972 ], [ -46.465184799999975, -23.537538499999986 ], [ -46.465133199999975, -23.537429799999924 ], [ -46.464933327004225, -23.537354092203604 ], [ -46.464372, -23.538372 ], [ -46.463831659293426, -23.538446383564398 ], [ -46.46391, -23.538675 ] ] ] } },
{ "type": "Feature", "properties": { "loja_id": "AG13", "CD_SETOR": "355030837000372", "fracao": 0.81585771229173165, "pop": 329, "domicilios": 111, "renda_resp": 2937.1, "classe_pof": "47560" }, "geometry": { "type": "Polygon", "coordinates": [ [ [ -46.462668506947978, -23.53860649707773 ], [ -46.462977599999931, -23.539467799999947 ], [ -46.462914799999965, -23.539582799999945 ], [ -46.461972399999979, -23.539794399999945 ], [ -46.463028899999983, -23.539902199999975 ], [ -46.46389, -23.538765 ], [ -46.463831659293426, -23.538446383564398 ], [ -46.462668506947978, -23.53860649707773 ] ] ] } },
{ "type": "Feature", "properties": { "loja_id": "AG13", "CD_SETOR": "355030837000373", "fracao": 1.0, "pop": 365, "domicilios": 133, "renda_resp": 3719.91, "classe_pof": "47560" }, "geometry": { "type": "Polygon", "coordinates": [ [ [ -46.463855299999977, -23.540121099999965 ], [ -46.464963199999943, -23.540761199999956 ], [ -46.465081199999986, -23.540568499999942 ], [ -46.465879199999961, -23.539951699999957 ], [ -46.465949099999932, -23.539657399999946 ], [ -46.465234, -23.53958549999993 ], [ -46.465327899999977, -23.538601599999936 ], [ -46.465116, -23.537829199999972 ], [ -46.463855299999977, -23.540121099999965 ] ] ] } },
{ "type": "Feature", "properties": { "loja_id": "AG13", "CD_SETOR": "355030837000423", "fracao": 1.0, "pop": 797, "domicilios": 248, "renda_resp": 1635.71, "classe_pof": "47558" }, "geometry": { "type": "Polygon", "coordinates": [ [ [ -46.467534299999954, -23.538351099999947 ], [ -46.467353399999979, -23.539436899999938 ], [ -46.467034099999978, -23.539512799999947 ], [ -46.467017699999985, -23.540144799999958 ], [ -46.467073299999981, -23.54018149999996 ], [ -46.467326799999967, -23.540079799999944 ], [ -46.467888599999981, -23.539627 ], [ -46.468060599999944, -23.539399199999927 ], [ -46.469126499999959, -23.539017699999928 ], [ -46.468896399999949, -23.538788199999939 ], [ -46.468950399999983, -23.538163699999931 ], [ -46.467534299999954, -23.538351099999947 ] ] ] } },
{ "type": "Feature", "properties": { "loja_id": "AG13", "CD_SETOR": "355030837000424", "fracao": 1.0, "pop": 0, "domicilios": 0, "renda_resp": null, "classe_pof": null }, "geometry": { "type": "Polygon", "coordinates": [ [ [ -46.471392199999968, -23.538868299999926 ], [ -46.469126499999959, -23.539017699999928 ], [ -46.468117599999971, -23.539368099999937 ], [ -46.467326799999967, -23.540079799999944 ], [ -46.46754679999998, -23.540203599999931 ], [ -46.468634299999962, -23.539418499999961 ], [ -46.469691099999977, -23.539128899999969 ], [ -46.472020699999973, -23.539145099999928 ], [ -46.472853399999963, -23.539424199999921 ], [ -46.473477, -23.539932 ], [ -46.473736699999961, -23.539728699999952 ], [ -46.473275199999932, -23.53945919999995 ], [ -46.472990299999935, -23.539423599999957 ], [ -46.472327, -23.539138099999953 ], [ -46.471387799999953, -23.539034199999939 ], [ -46.471392199999968, -23.538868299999926 ] ] ] } },
{ "type": "Feature", "properties": { "loja_id": "AG13", "CD_SETOR": "355030837000457", "fracao": 0.23729620584943728, "pop": 622, "domicilios": 227, "renda_resp": 3441.55, "classe_pof": "47560" }, "geometry": { "type": "Polygon", "coordinates": [ [ [ -46.461942599999986, -23.545142099999957 ], [ -46.462177899999972, -23.545082499999978 ], [ -46.462713799999968, -23.543790699999928 ], [ -46.46251529999995, -23.543750599999949 ], [ -46.462500099999943, -23.543356 ], [ -46.462660199999959, -23.543303699999964 ], [ -46.462668, -23.543131 ], [ -46.461852399999941, -23.542405199999955 ], [ -46.461255899999976, -23.542095699999951 ], [ -46.460711958309801, -23.541930637501292 ], [ -46.461193, -23.542806 ], [ -46.460791, -23.543999 ], [ -46.461447, -23.544552 ], [ -46.461799098253664, -23.545448833973406 ], [ -46.461991399999931, -23.545347599999953 ], [ -46.461942599999986, -23.545142099999957 ] ] ] } },
{ "type": "Feature", "properties": { "loja_id": "AG13", "CD_SETOR": "355030837000458", "fracao": 1.0, "pop": 7, "domicilios": 5, "renda_resp": null, "classe_pof": null }, "geometry": { "type": "Polygon", "coordinates": [ [ [ -46.463066399999946, -23.540388799999956 ], [ -46.464766199999985, -23.541096699999962 ], [ -46.463851699999964, -23.541814499999926 ], [ -46.463600699999972, -23.541810399999974 ], [ -46.463580299999933, -23.542012599999964 ], [ -46.463425599999937, -23.54213469999997 ], [ -46.463139399999932, -23.542819899999927 ], [ -46.463351, -23.542874099999946 ], [ -46.463264199999969, -23.543149599999943 ], [ -46.46283, -23.542975899999931 ], [ -46.462668, -23.543131 ], [ -46.462689099999977, -23.543250899999979 ], [ -46.462602, -23.543351 ], [ -46.463499, -23.543555 ], [ -46.464020199999936, -23.543593099999949 ], [ -46.465965099999949, -23.543052699999972 ], [ -46.466919, -23.542908 ], [ -46.467824, -23.542951699999954 ], [ -46.471387099999959, -23.543673899999931 ], [ -46.471882199999989, -23.543656 ], [ -46.473252, -23.54331069999995 ], [ -46.474318, -23.543332 ], [ -46.473261, -23.540549 ], [ -46.473304, -23.540109 ], [ -46.473477, -23.539932 ], [ -46.472853399999963, -23.539424199999921 ], [ -46.472284, -23.539191799999962 ], [ -46.471713699999952, -23.539113799999932 ], [ -46.470690899999965, -23.539105799999952 ], [ -46.469691099999977, -23.539128899999969 ], [ -46.469229599999949, -23.539212099999936 ], [ -46.468634299999962, -23.539418499999961 ], [ -46.468237299999942, -23.53964789999997 ], [ -46.466935899999953, -23.540673199999954 ], [ -46.466256, -23.540926199999944 ], [ -46.465578, -23.540913899999961 ], [ -46.464963199999943, -23.540761199999956 ], [ -46.464320899999962, -23.540341699999935 ], [ -46.463582499999973, -23.540031099999968 ], [ -46.463066399999946, -23.540388799999956 ] ] ] } },
{ "type": "Feature", "properties": { "loja_id": "AG13", "CD_SETOR": "355030837000459", "fracao": 1.0, "pop": 355, "domicilios": 134, "renda_resp": 2745.16, "classe_pof": "47560" }, "geometry": { "type": "Polygon", "coordinates": [ [ [ -46.46283, -23.542975899999931 ], [ -46.463264199999969, -23.543149599999943 ], [ -46.463351, -23.542874099999946 ], [ -46.463139399999932, -23.542819899999927 ], [ -46.463425599999937, -23.54213469999997 ], [ -46.463580299999933, -23.542012599999964 ], [ -46.463600699999972, -23.541810399999974 ], [ -46.463851699999964, -23.541814499999926 ], [ -46.464766199999985, -23.541096699999962 ], [ -46.463066399999946, -23.540388799999956 ], [ -46.461760399999946, -23.541207199999963 ], [ -46.460908, -23.541432 ], [ -46.461220799999978, -23.541561299999952 ], [ -46.461166399999968, -23.541702399999959 ], [ -46.461255899999976, -23.542095699999951 ], [ -46.462092, -23.542560699999964 ], [ -46.462668, -23.543131 ], [ -46.46283, -23.542975899999931 ] ] ] } },
{ "type": "Feature", "properties": { "loja_id": "AG12", "CD_SETOR": "355030838000022", "fracao": 0.084595733519445604, "pop": 658, "domicilios": 257, "renda_resp": 3604.8, "classe_pof": "47560" }, "geometry": { "type": "Polygon", "coordinates": [ [ [ -46.649127, -23.647453 ], [ -46.649253, -23.647561 ], [ -46.649782341168361, -23.648141277415828 ], [ -46.649733, -23.647733 ], [ -46.650052231670919, -23.647308515591018 ], [ -46.649398, -23.647375 ], [ -46.649127, -23.647453 ] ] ] } },
{ "type": "Feature", "properties": { "loja_id": "AG12", "CD_SETOR": "355030838000026", "fracao": 0.48737876619475567, "pop": 0, "domicilios": 0, "renda_resp": null, "classe_pof": null }, "geometry": { "type": "Polygon", "coordinates": [ [ [ -46.644800299999986, -23.6531 ], [ -46.644844, -23.65361 ], [ -46.64497, -23.653754 ], [ -46.645109, -23.653897 ], [ -46.645396178311231, -23.654023286542543 ], [ -46.645727, -23.653727 ], [ -46.6465, -23.6525 ], [ -46.646754295708867, -23.652362915068061 ], [ -46.646717699999954, -23.652310499999945 ], [ -46.645367, -23.653021 ], [ -46.644800299999986, -23.6531 ] ] ] } },
{ "type": "Feature", "properties": { "loja_id": "AG12", "CD_SETOR": "355030838000046", "fracao": 0.91345029120365662, "pop": 580, "domicilios": 219, "renda_resp": 2972.35, "classe_pof": "47560" }, "geometry": { "type": "Polygon", "coordinates": [ [ [ -46.647237, -23.645898 ], [ -46.648537, -23.647263 ], [ -46.649127, -23.647453 ], [ -46.649616, -23.647329 ], [ -46.650052231670919, -23.647308515591018 ], [ -46.650285, -23.646999 ], [ -46.650334584544368, -23.646621934766518 ], [ -46.650041, -23.646474 ], [ -46.64976, -23.646434 ], [ -46.649867, -23.646128 ], [ -46.648972, -23.645615 ], [ -46.649173, -23.64479 ], [ -46.64856, -23.645137 ], [ -46.64856, -23.645648 ], [ -46.648454, -23.645817 ], [ -46.64805, -23.646138 ], [ -46.647237, -23.645898 ] ] ] } },
{ "type": "Feature", "properties": { "loja_id": "AG12", "CD_SETOR": "355030838000052", "fracao": 0.99999999999999978, "pop": 328, "domicilios": 157, "renda_resp": 7470.32, "classe_pof": "47561" }, "geometry": { "type": "Polygon", "coordinates": [ [ [ -46.642975499999977, -23.648570399999986 ], [ -46.644398399999943, -23.649342799999943 ], [ -46.644820799999934, -23.649438599999939 ], [ -46.644909799999944, -23.649311599999976 ], [ -46.645210499999962, -23.649469599999971 ], [ -46.645437, -23.649709 ], [ -46.645149, -23.649216 ], [ -46.64335, -23.648339 ], [ -46.642975499999977, -23.648570399999986 ] ] ] } },
{ "type": "Feature", "properties": { "loja_id": "AG12", "CD_SETOR": "355030838000084", "fracao": 1.0, "pop": 582, "domicilios": 234, "renda_resp": 3479.1, "classe_pof": "47560" }, "geometry": { "type": "Polygon", "coordinates": [ [ [ -46.645718799999941, -23.644037199999957 ], [ -46.644876, -23.644464 ], [ -46.645015, -23.646126 ], [ -46.6452, -23.646873 ], [ -46.647237, -23.645898 ], [ -46.647477, -23.645643 ], [ -46.647035, -23.644853 ], [ -46.648762, -23.644127 ], [ -46.649521, -23.643087 ], [ -46.649454, -23.642978 ], [ -46.648554, -23.643199 ], [ -46.648766, -23.64266 ], [ -46.648018, -23.643244 ], [ -46.647037, -23.643822 ], [ -46.646428, -23.644013 ], [ -46.645718799999941, -23.644037199999957 ] ] ] } },
{ "type": "Feature", "properties": { "loja_id": "AG12", "CD_SETOR": "355030838000085", "fracao": 1.0, "pop": 569, "domicilios": 216, "renda_resp": 3110.49, "classe_pof": "47560" }, "geometry": { "type": "Polygon", "coordinates": [ [ [ -46.647954, -23.641488 ], [ -46.647754, -23.642084 ], [ -46.646452, -23.643545 ], [ -46.645718799999941, -23.644037199999957 ], [ -46.646233, -23.644052 ], [ -46.647037, -23.643822 ], [ -46.648018, -23.643244 ], [ -46.648766, -23.64266 ], [ -46.64903, -23.641995899999976 ], [ -46.648739, -23.642121 ], [ -46.648341, -23.642011 ], [ -46.648433, -23.640973 ], [ -46.647954, -23.641488 ] ] ] } },
{ "type": "Feature", "properties": { "loja_id": "AG12", "CD_SETOR": "355030838000086", "fracao": 1.0, "pop": 344, "domicilios": 121, "renda_resp": 6252.38, "classe_pof": "47561" }, "geometry": { "type": "Polygon", "coordinates": [ [ [ -46.644729, -23.643433 ], [ -46.644876, -23.644464 ], [ -46.645798, -23.643999 ], [ -46.646452, -23.643545 ], [ -46.647754, -23.642084 ], [ -46.647878, -23.641902 ], [ -46.647954, -23.641488 ], [ -46.646921, -23.641758 ], [ -46.646233, -23.642577 ], [ -46.645441, -23.643348 ], [ -46.644729, -23.643433 ] ] ] } },
{ "type": "Feature", "properties": { "loja_id": "AG12", "CD_SETOR": "355030838000087", "fracao": 0.8718722484310365, "pop": 452, "domicilios": 168, "renda_resp": 6423.96, "classe_pof": "47561" }, "geometry": { "type": "Polygon", "coordinates": [ [ [ -46.645871, -23.640343 ], [ -46.645252, -23.640256 ], [ -46.644829399999935, -23.640631099999954 ], [ -46.645585, -23.641199599999933 ], [ -46.645691199999931, -23.641104499999983 ], [ -46.645527199999947, -23.640932299999971 ], [ -46.645731199999943, -23.64104929999996 ], [ -46.645862299999976, -23.64101989999995 ], [ -46.645954299999971, -23.641416699999979 ], [ -46.648234, -23.64058 ], [ -46.648872474548178, -23.640427973826007 ], [ -46.648693, -23.640305 ], [ -46.647875, -23.640124 ], [ -46.647720546505312, -23.640000416863145 ], [ -46.646824, -23.640278 ], [ -46.645871, -23.640343 ] ] ] } },
{ "type": "Feature", "properties": { "loja_id": "AG12", "CD_SETOR": "355030838000088", "fracao": 1.0, "pop": 517, "domicilios": 189, "renda_resp": 1539.53, "classe_pof": "47558" }, "geometry": { "type": "Polygon", "coordinates": [ [ [ -46.64459759999994, -23.640977899999939 ], [ -46.645262899999977, -23.641508 ], [ -46.645422, -23.641407299999969 ], [ -46.645644299999958, -23.641532 ], [ -46.645954299999971, -23.641416699999979 ], [ -46.645862299999976, -23.64101989999995 ], [ -46.645731199999943, -23.64104929999996 ], [ -46.645527199999947, -23.640932299999971 ], [ -46.645691199999931, -23.641104499999983 ], [ -46.645585, -23.641199599999933 ], [ -46.644829399999935, -23.640631099999954 ], [ -46.64459759999994, -23.640977899999939 ] ] ] } },
{ "type": "Feature", "properties": { "loja_id": "AG12", "CD_SETOR": "355030838000089", "fracao": 1.0, "pop": 622, "domicilios": 235, "renda_resp": 8873.17, "classe_pof": "47562" }, "geometry": { "type": "Polygon", "coordinates": [ [ [ -46.64115, -23.637348 ], [ -46.641343, -23.641625 ], [ -46.641921, -23.642104 ], [ -46.642525, -23.642353 ], [ -46.6434, -23.642563 ], [ -46.64378, -23.642895 ], [ -46.643905, -23.643423 ], [ -46.644413, -23.643377 ], [ -46.644729, -23.643433 ], [ -46.644426, -23.642594 ], [ -46.643336, -23.640185 ], [ -46.641893799999934, -23.638075299999965 ], [ -46.641474399999936, -23.637324599999939 ], [ -46.64115, -23.637348 ] ] ] } },
{ "type": "Feature", "properties": { "loja_id": "AG12", "CD_SETOR": "355030838000090", "fracao": 1.0, "pop": 204, "domicilios": 115, "renda_resp": 10351.8, "classe_pof": "47562" }, "geometry": { "type": "Polygon", "coordinates": [ [ [ -46.641343, -23.641625 ], [ -46.641127, -23.644468 ], [ -46.642413, -23.644782 ], [ -46.6429, -23.644523 ], [ -46.643905, -23.643488 ], [ -46.64378, -23.642895 ], [ -46.643469, -23.642613 ], [ -46.642525, -23.642353 ], [ -46.641921, -23.642104 ], [ -46.641343, -23.641625 ] ] ] } },
{ "type": "Feature", "properties": { "loja_id": "AG12", "CD_SETOR": "355030838000095", "fracao": 0.99999999999999989, "pop": 390, "domicilios": 164, "renda_resp": 6007.9, "classe_pof": "47561" }, "geometry": { "type": "Polygon", "coordinates": [ [ [ -46.637915, -23.653904 ], [ -46.638119, -23.653941 ], [ -46.640298, -23.65302 ], [ -46.639745, -23.652182 ], [ -46.637468, -23.653116 ], [ -46.637839, -23.653623 ], [ -46.637915, -23.653904 ] ] ] } },
{ "type": "Feature", "properties": { "loja_id": "AG12", "CD_SETOR": "355030838000097", "fracao": 0.24912680002814161, "pop": 430, "domicilios": 153, "renda_resp": 4515.17, "classe_pof": "47560" }, "geometry": { "type": "Polygon", "coordinates": [ [ [ -46.63686569999993, -23.654653799999949 ], [ -46.637144739193538, -23.655041092924947 ], [ -46.638310186421194, -23.654298124207113 ], [ -46.638068, -23.653952 ], [ -46.637915, -23.653904 ], [ -46.637119, -23.65443 ], [ -46.636961, -23.654633 ], [ -46.63686569999993, -23.654653799999949 ] ] ] } },
{ "type": "Feature", "properties": { "loja_id": "AG12", "CD_SETOR": "355030838000098", "fracao": 0.0021358221599140437, "pop": 426, "domicilios": 185, "renda_resp": 3304.97, "classe_pof": "47560" }, "geometry": { "type": "Polygon", "coordinates": [ [ [ -46.640405, -23.654094 ], [ -46.640302250068771, -23.654132043578873 ], [ -46.640429818288446, -23.654158769703983 ], [ -46.640405, -23.654094 ] ] ] } },
{ "type": "Feature", "properties": { "loja_id": "AG12", "CD_SETOR": "355030838000132", "fracao": 0.40686148899279806, "pop": 482, "domicilios": 173, "renda_resp": 3816.86, "classe_pof": "47560" }, "geometry": { "type": "Polygon", "coordinates": [ [ [ -46.649717261217113, -23.641613826043521 ], [ -46.649195, -23.641845 ], [ -46.64903, -23.641995899999976 ], [ -46.648554, -23.643199 ], [ -46.649454, -23.642978 ], [ -46.649521, -23.643087 ], [ -46.649651, -23.643086 ], [ -46.649788, -23.64288 ], [ -46.650174479336869, -23.642572137577243 ], [ -46.649717261217113, -23.641613826043521 ] ] ] } },
{ "type": "Feature", "properties": { "loja_id": "AG12", "CD_SETOR": "355030838000135", "fracao": 0.29088195231383174, "pop": 579, "domicilios": 225, "renda_resp": 5878.81, "classe_pof": "47561" }, "geometry": { "type": "Polygon", "coordinates": [ [ [ -46.646346, -23.638254599999975 ], [ -46.645696, -23.638122 ], [ -46.645085, -23.638173 ], [ -46.644676, -23.638339 ], [ -46.644311, -23.638597 ], [ -46.645055, -23.63921 ], [ -46.645586, -23.639379 ], [ -46.646517, -23.639458 ], [ -46.646837, -23.639632 ], [ -46.647152905591668, -23.639546225920174 ], [ -46.646469, -23.638999 ], [ -46.646346, -23.638254599999975 ] ] ] } },
{ "type": "Feature", "properties": { "loja_id": "AG12", "CD_SETOR": "355030838000142", "fracao": 1.0, "pop": 124, "domicilios": 61, "renda_resp": 7490.16, "classe_pof": "47561" }, "geometry": { "type": "Polygon", "coordinates": [ [ [ -46.640712, -23.637361 ], [ -46.64064, -23.637558 ], [ -46.63985, -23.638767 ], [ -46.640333, -23.638721 ], [ -46.640685, -23.638901 ], [ -46.641172, -23.638353 ], [ -46.64115, -23.637348 ], [ -46.640712, -23.637361 ] ] ] } },
{ "type": "Feature", "properties": { "loja_id": "AG12", "CD_SETOR": "355030838000143", "fracao": 1.0, "pop": 417, "domicilios": 197, "renda_resp": 6120.37, "classe_pof": "47561" }, "geometry": { "type": "Polygon", "coordinates": [ [ [ -46.640685, -23.638901 ], [ -46.64078, -23.639368 ], [ -46.640695, -23.639502 ], [ -46.639387, -23.640943 ], [ -46.639355, -23.64219 ], [ -46.641304, -23.640442 ], [ -46.641172, -23.638353 ], [ -46.640685, -23.638901 ] ] ] } },
{ "type": "Feature", "properties": { "loja_id": "AG12", "CD_SETOR": "355030838000145", "fracao": 1.0, "pop": 494, "domicilios": 217, "renda_resp": 6863.98, "classe_pof": "47561" }, "geometry": { "type": "Polygon", "coordinates": [ [ [ -46.639258, -23.642487 ], [ -46.639026, -23.642734 ], [ -46.638527, -23.642702 ], [ -46.637684, -23.642194 ], [ -46.637629, -23.642393 ], [ -46.6377, -23.642727 ], [ -46.637911, -23.643221 ], [ -46.637703, -23.643379 ], [ -46.637624, -23.643563 ], [ -46.638528, -23.643881 ], [ -46.638886, -23.644112 ], [ -46.638834699999961, -23.643992099999931 ], [ -46.639296, -23.64381869999994 ], [ -46.639395099999945, -23.643946199999959 ], [ -46.639774, -23.643892 ], [ -46.639573, -23.643374 ], [ -46.639653, -23.642946 ], [ -46.640603, -23.642129 ], [ -46.640007, -23.641594 ], [ -46.639355, -23.64219 ], [ -46.639258, -23.642487 ] ] ] } },
{ "type": "Feature", "properties": { "loja_id": "AG12", "CD_SETOR": "355030838000146", "fracao": 1.0, "pop": 289, "domicilios": 105, "renda_resp": 11972.27, "classe_pof": "47562" }, "geometry": { "type": "Polygon", "coordinates": [ [ [ -46.639595, -23.643453 ], [ -46.639774, -23.643892 ], [ -46.641163, -23.643967 ], [ -46.641254, -23.642807 ], [ -46.640394399999934, -23.64280419999994 ], [ -46.639931, -23.64343 ], [ -46.639595, -23.643453 ] ] ] } },
{ "type": "Feature", "properties": { "loja_id": "AG12", "CD_SETOR": "355030838000147", "fracao": 0.99999999999999978, "pop": 328, "domicilios": 128, "renda_resp": 4595.86, "classe_pof": "47560" }, "geometry": { "type": "Polygon", "coordinates": [ [ [ -46.637624, -23.643563 ], [ -46.635714, -23.643606 ], [ -46.635763, -23.64425 ], [ -46.635931, -23.644809 ], [ -46.635682, -23.644873 ], [ -46.635967, -23.645086 ], [ -46.636226, -23.645208 ], [ -46.636945, -23.645005 ], [ -46.637788, -23.64554 ], [ -46.638055, -23.645469 ], [ -46.638274, -23.645939 ], [ -46.639529, -23.645455 ], [ -46.638886, -23.644112 ], [ -46.638528, -23.643881 ], [ -46.637624, -23.643563 ] ] ] } },
{ "type": "Feature", "properties": { "loja_id": "AG12", "CD_SETOR": "355030838000148", "fracao": 1.0, "pop": 319, "domicilios": 103, "renda_resp": 6115.92, "classe_pof": "47561" }, "geometry": { "type": "Polygon", "coordinates": [ [ [ -46.636945, -23.645005 ], [ -46.635401, -23.645448 ], [ -46.636406, -23.647593 ], [ -46.639845, -23.646143 ], [ -46.639529, -23.645455 ], [ -46.638274, -23.645939 ], [ -46.638055, -23.645469 ], [ -46.637788, -23.64554 ], [ -46.636945, -23.645005 ] ] ] } },
{ "type": "Feature", "properties": { "loja_id": "AG12", "CD_SETOR": "355030838000154", "fracao": 0.017457146802907143, "pop": 516, "domicilios": 190, "renda_resp": 4000.73, "classe_pof": "47560" }, "geometry": { "type": "Polygon", "coordinates": [ [ [ -46.637144739193538, -23.655041092924947 ], [ -46.636971, -23.654755 ], [ -46.63686569999993, -23.654653799999949 ], [ -46.636823988052484, -23.6548760354205 ], [ -46.636999, -23.655134 ], [ -46.637144739193538, -23.655041092924947 ] ] ] } },
{ "type": "Feature", "properties": { "loja_id": "AG12", "CD_SETOR": "355030838000252", "fracao": 0.1025697924918887, "pop": 568, "domicilios": 230, "renda_resp": 4050.72, "classe_pof": "47560" }, "geometry": { "type": "MultiPolygon", "coordinates": [ [ [ [ -46.632824305069391, -23.64076607275403 ], [ -46.634032499999932, -23.640823 ], [ -46.634074, -23.640391 ], [ -46.633539, -23.640317 ], [ -46.633149222043876, -23.640373569773249 ], [ -46.632824305069391, -23.64076607275403 ] ] ], [ [ [ -46.634378, -23.639449 ], [ -46.63446, -23.639336 ], [ -46.634602793478884, -23.639184392139867 ], [ -46.634202140479118, -23.63937525251831 ], [ -46.634378, -23.639449 ] ] ], [ [ [ -46.635208, -23.63881 ], [ -46.63519618569061, -23.638804378682099 ], [ -46.635193312350971, -23.638815303881081 ], [ -46.635208, -23.63881 ] ] ] ] } },
{ "type": "Feature", "properties": { "loja_id": "AG12", "CD_SETOR": "355030838000253", "fracao": 0.79090284627698904, "pop": 622, "domicilios": 226, "renda_resp": 5432.76, "classe_pof": "47561" }, "geometry": { "type": "Polygon", "coordinates": [ [ [ -46.634032499999932, -23.640823 ], [ -46.635513, -23.640897 ], [ -46.635663, -23.641195 ], [ -46.635921, -23.641286 ], [ -46.636401, -23.641118 ], [ -46.636562, -23.640374 ], [ -46.636347, -23.63974 ], [ -46.635816, -23.639194 ], [ -46.635208, -23.63881 ], [ -46.635145, -23.638999 ], [ -46.634602793478884, -23.639184392139867 ], [ -46.634378, -23.639449 ], [ -46.634202140479118, -23.63937525251831 ], [ -46.633149222043876, -23.640373569773249 ], [ -46.633539, -23.640317 ], [ -46.634074, -23.640391 ], [ -46.634032499999932, -23.640823 ] ] ] } },
{ "type": "Feature", "properties": { "loja_id": "AG12", "CD_SETOR": "355030838000254", "fracao": 0.99999999999999944, "pop": 515, "domicilios": 191, "renda_resp": 4622.95, "classe_pof": "47560" }, "geometry": { "type": "Polygon", "coordinates": [ [ [ -46.633154, -23.641952 ], [ -46.633515, -23.642792 ], [ -46.633757, -23.643024 ], [ -46.635663, -23.641195 ], [ -46.635513, -23.640897 ], [ -46.633017, -23.640774 ], [ -46.633154, -23.641952 ] ] ] } },
{ "type": "Feature", "properties": { "loja_id": "AG12", "CD_SETOR": "355030838000255", "fracao": 0.99999999999999989, "pop": 388, "domicilios": 153, "renda_resp": 4888.21, "classe_pof": "47560" }, "geometry": { "type": "Polygon", "coordinates": [ [ [ -46.632125, -23.642384 ], [ -46.632316, -23.6444 ], [ -46.632367, -23.644402 ], [ -46.633757, -23.643024 ], [ -46.633515, -23.642792 ], [ -46.633201, -23.642148 ], [ -46.632125, -23.642384 ] ] ] } },
{ "type": "Feature", "properties": { "loja_id": "AG12", "CD_SETOR": "355030838000282", "fracao": 0.99952574362104329, "pop": 532, "domicilios": 235, "renda_resp": 5874.2, "classe_pof": "47561" }, "geometry": { "type": "Polygon", "coordinates": [ [ [ -46.647492, -23.650819 ], [ -46.649025, -23.651294 ], [ -46.649192868749438, -23.651286683077359 ], [ -46.649183599999965, -23.650889199999938 ], [ -46.647868, -23.650497 ], [ -46.647564, -23.650270299999935 ], [ -46.647655699999973, -23.650003399999946 ], [ -46.646738, -23.64967 ], [ -46.64737, -23.650725 ], [ -46.647492, -23.650819 ] ] ] } },
{ "type": "Feature", "properties": { "loja_id": "AG12", "CD_SETOR": "355030838000287", "fracao": 0.98712859426484667, "pop": 514, "domicilios": 185, "renda_resp": 5008.26, "classe_pof": "47561" }, "geometry": { "type": "Polygon", "coordinates": [ [ [ -46.645644299999958, -23.641532 ], [ -46.645422, -23.641407299999969 ], [ -46.645262899999977, -23.641508 ], [ -46.644572899999957, -23.640944699999974 ], [ -46.644372, -23.641388 ], [ -46.644033, -23.641686 ], [ -46.644729, -23.643433 ], [ -46.645441, -23.643348 ], [ -46.646233, -23.642577 ], [ -46.646921, -23.641758 ], [ -46.647954, -23.641488 ], [ -46.648433, -23.640973 ], [ -46.649266901576496, -23.640698228939286 ], [ -46.648872474548178, -23.640427973826007 ], [ -46.648234, -23.64058 ], [ -46.645644299999958, -23.641532 ] ] ] } },
{ "type": "Feature", "properties": { "loja_id": "AG12", "CD_SETOR": "355030838000293", "fracao": 0.18564207340341207, "pop": 377, "domicilios": 140, "renda_resp": 2493.57, "classe_pof": "47560" }, "geometry": { "type": "Polygon", "coordinates": [ [ [ -46.636467, -23.653927 ], [ -46.635748, -23.652753 ], [ -46.635341, -23.652964 ], [ -46.635258576538021, -23.653249579398867 ], [ -46.635999, -23.65366 ], [ -46.636262692461067, -23.654048686763712 ], [ -46.636467, -23.653927 ] ] ] } },
{ "type": "Feature", "properties": { "loja_id": "AG12", "CD_SETOR": "355030838000305", "fracao": 1.0, "pop": 190, "domicilios": 68, "renda_resp": 4303.32, "classe_pof": "47560" }, "geometry": { "type": "Polygon", "coordinates": [ [ [ -46.64414, -23.64971289999994 ], [ -46.644684, -23.650364 ], [ -46.645226, -23.650556 ], [ -46.645874, -23.651607 ], [ -46.646428, -23.651317 ], [ -46.645437, -23.649709 ], [ -46.64414, -23.64971289999994 ] ] ] } },
{ "type": "Feature", "properties": { "loja_id": "AG12", "CD_SETOR": "355030838000308", "fracao": 0.11809542302631273, "pop": 388, "domicilios": 148, "renda_resp": 3378.45, "classe_pof": "47560" }, "geometry": { "type": "Polygon", "coordinates": [ [ [ -46.649788, -23.64288 ], [ -46.649651, -23.643086 ], [ -46.650185571256984, -23.643704506652742 ], [ -46.650256, -23.642743 ], [ -46.650174479336869, -23.642572137577243 ], [ -46.649788, -23.64288 ] ] ] } },
{ "type": "Feature", "properties": { "loja_id": "AG12", "CD_SETOR": "355030838000319", "fracao": 0.55934341002317967, "pop": 92, "domicilios": 33, "renda_resp": 1341.29, "classe_pof": "47558" }, "geometry": { "type": "Polygon", "coordinates": [ [ [ -46.63417069999997, -23.651403899999927 ], [ -46.633975199999952, -23.650850099999953 ], [ -46.633720932949217, -23.650933038547752 ], [ -46.634013427495567, -23.651449104118754 ], [ -46.63417069999997, -23.651403899999927 ] ] ] } },
{ "type": "Feature", "properties": { "loja_id": "AG12", "CD_SETOR": "355030838000320", "fracao": 0.55900041747058438, "pop": 137, "domicilios": 44, "renda_resp": 1232.44, "classe_pof": "47558" }, "geometry": { "type": "Polygon", "coordinates": [ [ [ -46.634361799999972, -23.651611699999926 ], [ -46.634315, -23.651285 ], [ -46.634013427495567, -23.651449104118754 ], [ -46.634154100673129, -23.651697300438393 ], [ -46.634361799999972, -23.651611699999926 ] ] ] } },
{ "type": "Feature", "properties": { "loja_id": "AG12", "CD_SETOR": "355030838000335", "fracao": 1.0, "pop": 166, "domicilios": 66, "renda_resp": 6844.12, "classe_pof": "47561" }, "geometry": { "type": "Polygon", "coordinates": [ [ [ -46.649013199999956, -23.650370799999958 ], [ -46.647655699999973, -23.650003399999946 ], [ -46.647564, -23.650270299999935 ], [ -46.647868, -23.650497 ], [ -46.648985499999981, -23.65083 ], [ -46.649013199999956, -23.650370799999958 ] ] ] } },
{ "type": "Feature", "properties": { "loja_id": "AG12", "CD_SETOR": "355030838000336", "fracao": 1.0, "pop": 183, "domicilios": 77, "renda_resp": 13526.97, "classe_pof": "47563" }, "geometry": { "type": "Polygon", "coordinates": [ [ [ -46.642364199999975, -23.647785 ], [ -46.641934899999967, -23.647543699999972 ], [ -46.641728, -23.64786249999997 ], [ -46.64215489999998, -23.648104 ], [ -46.642364199999975, -23.647785 ] ] ] } },
{ "type": "Feature", "properties": { "loja_id": "AG12", "CD_SETOR": "355030838000342", "fracao": 0.1183563110321889, "pop": 240, "domicilios": 90, "renda_resp": 5055.67, "classe_pof": "47561" }, "geometry": { "type": "Polygon", "coordinates": [ [ [ -46.650073, -23.644689 ], [ -46.65035, -23.645154 ], [ -46.650495302807968, -23.645399742815385 ], [ -46.650548, -23.644999 ], [ -46.650368961628381, -23.644532756448896 ], [ -46.650073, -23.644689 ] ] ] } },
{ "type": "Feature", "properties": { "loja_id": "AG12", "CD_SETOR": "355030838000413", "fracao": 0.35001401692510592, "pop": 506, "domicilios": 194, "renda_resp": 3369.47, "classe_pof": "47560" }, "geometry": { "type": "Polygon", "coordinates": [ [ [ -46.649169546508013, -23.651328415847804 ], [ -46.647671, -23.650886 ], [ -46.647431, -23.650801 ], [ -46.647878, -23.651548 ], [ -46.648881191259221, -23.651844395798175 ], [ -46.649169546508013, -23.651328415847804 ] ] ] } },
{ "type": "Feature", "properties": { "loja_id": "AG12", "CD_SETOR": "355030838000424", "fracao": 0.0321735905459802, "pop": 306, "domicilios": 104, "renda_resp": 2779.22, "classe_pof": "47560" }, "geometry": { "type": "MultiPolygon", "coordinates": [ [ [ [ -46.649638, -23.65016 ], [ -46.649660698839604, -23.650186138060999 ], [ -46.649672573059135, -23.650123571867194 ], [ -46.649638, -23.65016 ] ] ], [ [ [ -46.649183599999965, -23.650889199999938 ], [ -46.649192868749438, -23.651286683077359 ], [ -46.649461015216652, -23.650806860315274 ], [ -46.649183599999965, -23.650889199999938 ] ] ] ] } },
{ "type": "Feature", "properties": { "loja_id": "AG12", "CD_SETOR": "355030838000425", "fracao": 0.72640556955606383, "pop": 310, "domicilios": 129, "renda_resp": 7881.53, "classe_pof": "47561" }, "geometry": { "type": "Polygon", "coordinates": [ [ [ -46.649013199999956, -23.650370799999958 ], [ -46.648985499999981, -23.65083 ], [ -46.649183599999965, -23.650889199999938 ], [ -46.649461015216652, -23.650806860315274 ], [ -46.649585, -23.650585 ], [ -46.649660698839604, -23.650186138060999 ], [ -46.649013199999956, -23.650370799999958 ] ] ] } },
{ "type": "Feature", "properties": { "loja_id": "AG12", "CD_SETOR": "355030838000426", "fracao": 1.0, "pop": 452, "domicilios": 186, "renda_resp": 4063.25, "classe_pof": "47560" }, "geometry": { "type": "Polygon", "coordinates": [ [ [ -46.645613499999968, -23.649981599999929 ], [ -46.646975, -23.652185 ], [ -46.647958, -23.651693 ], [ -46.646738, -23.64967 ], [ -46.646378699999957, -23.649613099999954 ], [ -46.646239899999955, -23.650029399999941 ], [ -46.646031599999958, -23.649784299999961 ], [ -46.645613499999968, -23.649981599999929 ] ] ] } },
{ "type": "Feature", "properties": { "loja_id": "AG12", "CD_SETOR": "355030838000427", "fracao": 1.0, "pop": 200, "domicilios": 80, "renda_resp": 11171.89, "classe_pof": "47562" }, "geometry": { "type": "Polygon", "coordinates": [ [ [ -46.644404, -23.647972 ], [ -46.645613499999968, -23.649981599999929 ], [ -46.646031599999958, -23.649784299999961 ], [ -46.646239899999955, -23.650029399999941 ], [ -46.646378699999957, -23.649613099999954 ], [ -46.646738, -23.64967 ], [ -46.645796, -23.648175 ], [ -46.645516, -23.648277 ], [ -46.644404, -23.647972 ] ] ] } },
{ "type": "Feature", "properties": { "loja_id": "AG12", "CD_SETOR": "355030838000428", "fracao": 1.0, "pop": 491, "domicilios": 165, "renda_resp": 12759.67, "classe_pof": "47563" }, "geometry": { "type": "Polygon", "coordinates": [ [ [ -46.643328499999939, -23.650349299999963 ], [ -46.64365, -23.650778 ], [ -46.644577, -23.650253 ], [ -46.644082, -23.649699 ], [ -46.643328499999939, -23.650349299999963 ] ] ] } },
{ "type": "Feature", "properties": { "loja_id": "AG12", "CD_SETOR": "355030838000429", "fracao": 1.0, "pop": 296, "domicilios": 108, "renda_resp": 13026.7, "classe_pof": "47563" }, "geometry": { "type": "Polygon", "coordinates": [ [ [ -46.643153599999948, -23.650032799999963 ], [ -46.643328499999939, -23.650349299999963 ], [ -46.644082, -23.649699 ], [ -46.643576, -23.649446499999947 ], [ -46.643153599999948, -23.650032799999963 ] ] ] } },
{ "type": "Feature", "properties": { "loja_id": "AG12", "CD_SETOR": "355030838000430", "fracao": 0.99999999999999978, "pop": 456, "domicilios": 230, "renda_resp": 6057.37, "classe_pof": "47561" }, "geometry": { "type": "Polygon", "coordinates": [ [ [ -46.640868, -23.646944 ], [ -46.641122, -23.647926 ], [ -46.641352, -23.648341 ], [ -46.641713, -23.648406 ], [ -46.642441, -23.648789 ], [ -46.64335, -23.648339 ], [ -46.642364199999975, -23.647785 ], [ -46.64215489999998, -23.648104 ], [ -46.641728, -23.64786249999997 ], [ -46.641934899999967, -23.647543699999972 ], [ -46.641165, -23.647096 ], [ -46.641057, -23.646832 ], [ -46.641089, -23.646724 ], [ -46.640868, -23.646944 ] ] ] } },
{ "type": "Feature", "properties": { "loja_id": "AG12", "CD_SETOR": "355030838000431", "fracao": 0.99999999999999978, "pop": 287, "domicilios": 101, "renda_resp": 9193.4, "classe_pof": "47562" }, "geometry": { "type": "Polygon", "coordinates": [ [ [ -46.642690199999954, -23.649627199999934 ], [ -46.64313489999995, -23.650069899999945 ], [ -46.643576, -23.649446499999947 ], [ -46.643048599999986, -23.649152099999974 ], [ -46.642690199999954, -23.649627199999934 ] ] ] } },
{ "type": "Feature", "properties": { "loja_id": "AG12", "CD_SETOR": "355030838000432", "fracao": 1.0, "pop": 280, "domicilios": 116, "renda_resp": 7507.71, "classe_pof": "47561" }, "geometry": { "type": "Polygon", "coordinates": [ [ [ -46.643676099999936, -23.650750399999932 ], [ -46.644298, -23.651521 ], [ -46.644538, -23.651974 ], [ -46.644726, -23.65251 ], [ -46.644800299999986, -23.6531 ], [ -46.645367, -23.653021 ], [ -46.646975, -23.652185 ], [ -46.646428, -23.651317 ], [ -46.645874, -23.651607 ], [ -46.645226, -23.650556 ], [ -46.644684, -23.650364 ], [ -46.644577, -23.650253 ], [ -46.643676099999936, -23.650750399999932 ] ] ] } },
{ "type": "Feature", "properties": { "loja_id": "AG12", "CD_SETOR": "355030838000437", "fracao": 0.6944944344068037, "pop": 337, "domicilios": 129, "renda_resp": 7063.89, "classe_pof": "47561" }, "geometry": { "type": "Polygon", "coordinates": [ [ [ -46.648508, -23.648154 ], [ -46.64909, -23.648814 ], [ -46.64977650393309, -23.649575949794976 ], [ -46.649886, -23.648999 ], [ -46.649782341168361, -23.648141277415828 ], [ -46.649187, -23.647504 ], [ -46.648508, -23.648154 ] ] ] } },
{ "type": "Feature", "properties": { "loja_id": "AG12", "CD_SETOR": "355030838000438", "fracao": 1.0, "pop": 609, "domicilios": 231, "renda_resp": 3869.74, "classe_pof": "47560" }, "geometry": { "type": "Polygon", "coordinates": [ [ [ -46.646063, -23.646494 ], [ -46.646464, -23.647415 ], [ -46.647231, -23.64831 ], [ -46.64808, -23.647676 ], [ -46.648508, -23.648154 ], [ -46.649187, -23.647504 ], [ -46.648467, -23.647214 ], [ -46.647237, -23.645898 ], [ -46.646063, -23.646494 ] ] ] } },
{ "type": "Feature", "properties": { "loja_id": "AG12", "CD_SETOR": "355030838000439", "fracao": 0.98255319465758473, "pop": 303, "domicilios": 122, "renda_resp": 5122.61, "classe_pof": "47561" }, "geometry": { "type": "Polygon", "coordinates": [ [ [ -46.645935, -23.648371 ], [ -46.646738, -23.64967 ], [ -46.64707, -23.649824 ], [ -46.648737, -23.65032 ], [ -46.649337, -23.65032 ], [ -46.649672573059135, -23.650123571867194 ], [ -46.64977650393309, -23.649575949794976 ], [ -46.64909, -23.648814 ], [ -46.648246, -23.649444 ], [ -46.647622, -23.648746 ], [ -46.647227, -23.648797 ], [ -46.645935, -23.648371 ] ] ] } },
{ "type": "Feature", "properties": { "loja_id": "AG12", "CD_SETOR": "355030838000440", "fracao": 1.0, "pop": 308, "domicilios": 109, "renda_resp": 4208.21, "classe_pof": "47560" }, "geometry": { "type": "Polygon", "coordinates": [ [ [ -46.6452, -23.646873 ], [ -46.645533, -23.647709 ], [ -46.645935, -23.648371 ], [ -46.647227, -23.648797 ], [ -46.647622, -23.648746 ], [ -46.648246, -23.649444 ], [ -46.64909, -23.648814 ], [ -46.64808, -23.647676 ], [ -46.647231, -23.64831 ], [ -46.646464, -23.647415 ], [ -46.646063, -23.646494 ], [ -46.6452, -23.646873 ] ] ] } },
{ "type": "Feature", "properties": { "loja_id": "AG12", "CD_SETOR": "355030838000441", "fracao": 0.99999999999999989, "pop": 313, "domicilios": 164, "renda_resp": 9726.2, "classe_pof": "47562" }, "geometry": { "type": "Polygon", "coordinates": [ [ [ -46.643962, -23.643399 ], [ -46.6429, -23.644523 ], [ -46.642413, -23.644782 ], [ -46.643325, -23.646263 ], [ -46.645, -23.645984 ], [ -46.644839, -23.643963 ], [ -46.644729, -23.643433 ], [ -46.644191, -23.643383 ], [ -46.643962, -23.643399 ] ] ] } },
{ "type": "Feature", "properties": { "loja_id": "AG12", "CD_SETOR": "355030838000442", "fracao": 1.0, "pop": 131, "domicilios": 59, "renda_resp": 6324.24, "classe_pof": "47561" }, "geometry": { "type": "Polygon", "coordinates": [ [ [ -46.643325, -23.646263 ], [ -46.644404, -23.647972 ], [ -46.645516, -23.648277 ], [ -46.645796, -23.648175 ], [ -46.645277, -23.647111 ], [ -46.645, -23.645984 ], [ -46.643325, -23.646263 ] ] ] } },
{ "type": "Feature", "properties": { "loja_id": "AG12", "CD_SETOR": "355030838000443", "fracao": 1.0, "pop": 243, "domicilios": 125, "renda_resp": 7006.13, "classe_pof": "47561" }, "geometry": { "type": "Polygon", "coordinates": [ [ [ -46.642441, -23.648789 ], [ -46.643297099999984, -23.649291899999977 ], [ -46.643530899999973, -23.648877099999943 ], [ -46.642935299999976, -23.648549799999948 ], [ -46.642441, -23.648789 ] ] ] } },
{ "type": "Feature", "properties": { "loja_id": "AG12", "CD_SETOR": "355030838000444", "fracao": 1.0, "pop": 266, "domicilios": 124, "renda_resp": 8491.27, "classe_pof": "47562" }, "geometry": { "type": "Polygon", "coordinates": [ [ [ -46.643297099999984, -23.649291899999977 ], [ -46.644207, -23.649729 ], [ -46.645437, -23.649709 ], [ -46.645210499999962, -23.649469599999971 ], [ -46.644909799999944, -23.649311599999976 ], [ -46.644820799999934, -23.649438599999939 ], [ -46.644398399999943, -23.649342799999943 ], [ -46.643530899999973, -23.648877099999943 ], [ -46.643297099999984, -23.649291899999977 ] ] ] } },
{ "type": "Feature", "properties": { "loja_id": "AG12", "CD_SETOR": "355030838000445", "fracao": 1.0, "pop": 374, "domicilios": 160, "renda_resp": 4433.09, "classe_pof": "47560" }, "geometry": { "type": "Polygon", "coordinates": [ [ [ -46.63837, -23.649997 ], [ -46.639106, -23.651173 ], [ -46.639679, -23.650917 ], [ -46.639933, -23.650727 ], [ -46.640218, -23.650314 ], [ -46.640325, -23.64984 ], [ -46.640338, -23.649235 ], [ -46.63837, -23.649997 ] ] ] } },
{ "type": "Feature", "properties": { "loja_id": "AG12", "CD_SETOR": "355030838000446", "fracao": 0.72459173738176086, "pop": 245, "domicilios": 95, "renda_resp": 4397.62, "classe_pof": "47560" }, "geometry": { "type": "Polygon", "coordinates": [ [ [ -46.639983199999961, -23.647409 ], [ -46.639937, -23.648009 ], [ -46.640322, -23.648983 ], [ -46.64028, -23.650138 ], [ -46.639933, -23.650727 ], [ -46.639679, -23.650917 ], [ -46.639106, -23.651173 ], [ -46.640298, -23.65302 ], [ -46.640834, -23.652835 ], [ -46.641051, -23.652944 ], [ -46.641111, -23.653623 ], [ -46.641058, -23.653748 ], [ -46.640913, -23.653807 ], [ -46.640226, -23.653708 ], [ -46.640429818288446, -23.654158769703983 ], [ -46.641278680373269, -23.654336607198079 ], [ -46.641252, -23.652566299999933 ], [ -46.640853899999968, -23.647728699999949 ], [ -46.640759, -23.647356 ], [ -46.639983199999961, -23.647409 ] ] ] } },
{ "type": "Feature", "properties": { "loja_id": "AG12", "CD_SETOR": "355030838000447", "fracao": 0.13509173350619552, "pop": 207, "domicilios": 90, "renda_resp": 10720.21, "classe_pof": "47562" }, "geometry": { "type": "Polygon", "coordinates": [ [ [ -46.650453854969079, -23.645714937119411 ], [ -46.650171, -23.645838 ], [ -46.65021, -23.645932 ], [ -46.650398419861801, -23.646136497228568 ], [ -46.650453854969079, -23.645714937119411 ] ] ] } },
{ "type": "Feature", "properties": { "loja_id": "AG12", "CD_SETOR": "355030838000448", "fracao": 0.9730795057066669, "pop": 215, "domicilios": 98, "renda_resp": 6725.26, "classe_pof": "47561" }, "geometry": { "type": "Polygon", "coordinates": [ [ [ -46.64959609999994, -23.64504659999994 ], [ -46.649298699999974, -23.645256599999978 ], [ -46.649917199999948, -23.645980699999939 ], [ -46.650097, -23.645812 ], [ -46.650257, -23.64582 ], [ -46.650453854969079, -23.645714937119411 ], [ -46.650495302807968, -23.645399742815385 ], [ -46.650073, -23.644689 ], [ -46.649549, -23.644975 ], [ -46.64959609999994, -23.64504659999994 ] ] ] } },
{ "type": "Feature", "properties": { "loja_id": "AG12", "CD_SETOR": "355030838000449", "fracao": 0.40962446539921538, "pop": 274, "domicilios": 114, "renda_resp": 4870.58, "classe_pof": "47560" }, "geometry": { "type": "Polygon", "coordinates": [ [ [ -46.650358, -23.646118 ], [ -46.650171, -23.645838 ], [ -46.650097, -23.645812 ], [ -46.649917199999948, -23.645980699999939 ], [ -46.649733499999968, -23.645777299999963 ], [ -46.649298699999974, -23.645256599999978 ], [ -46.64959609999994, -23.64504659999994 ], [ -46.649173, -23.64479 ], [ -46.648972, -23.645615 ], [ -46.649867, -23.646128 ], [ -46.64976, -23.646434 ], [ -46.650041, -23.646474 ], [ -46.650334584544368, -23.646621934766518 ], [ -46.650358, -23.646118 ] ] ] } },
{ "type": "Feature", "properties": { "loja_id": "AG12", "CD_SETOR": "355030838000450", "fracao": 1.0, "pop": 227, "domicilios": 107, "renda_resp": 9450.95, "classe_pof": "47562" }, "geometry": { "type": "Polygon", "coordinates": [ [ [ -46.643878099999938, -23.648631299999973 ], [ -46.644769, -23.649071 ], [ -46.645149, -23.649216 ], [ -46.6446797, -23.648467399999952 ], [ -46.644396299999983, -23.648590799999965 ], [ -46.644088799999963, -23.648219 ], [ -46.643878099999938, -23.648631299999973 ] ] ] } },
{ "type": "Feature", "properties": { "loja_id": "AG12", "CD_SETOR": "355030838000451", "fracao": 1.0, "pop": 261, "domicilios": 107, "renda_resp": 8048.29, "classe_pof": "47561" }, "geometry": { "type": "Polygon", "coordinates": [ [ [ -46.642474, -23.647645 ], [ -46.642182, -23.647672 ], [ -46.643878099999938, -23.648631299999973 ], [ -46.644088799999963, -23.648219 ], [ -46.643563, -23.647770199999965 ], [ -46.643788, -23.647041 ], [ -46.642474, -23.647645 ] ] ] } },
{ "type": "Feature", "properties": { "loja_id": "AG12", "CD_SETOR": "355030838000462", "fracao": 0.34840647814570624, "pop": 356, "domicilios": 154, "renda_resp": 3875.18, "classe_pof": "47560" }, "geometry": { "type": "Polygon", "coordinates": [ [ [ -46.649633, -23.643123 ], [ -46.649472099999969, -23.643914699999982 ], [ -46.649771, -23.644319 ], [ -46.649173, -23.64479 ], [ -46.649549, -23.644975 ], [ -46.650368961628381, -23.644532756448896 ], [ -46.650164, -23.643999 ], [ -46.650185571256984, -23.643704506652742 ], [ -46.649633, -23.643123 ] ] ] } },
{ "type": "Feature", "properties": { "loja_id": "AG12", "CD_SETOR": "355030838000463", "fracao": 1.0, "pop": 392, "domicilios": 156, "renda_resp": 6385.67, "classe_pof": "47561" }, "geometry": { "type": "Polygon", "coordinates": [ [ [ -46.649521, -23.643087 ], [ -46.648762, -23.644127 ], [ -46.647035, -23.644853 ], [ -46.647477, -23.645643 ], [ -46.647237, -23.645898 ], [ -46.64805, -23.646138 ], [ -46.648454, -23.645817 ], [ -46.64856, -23.645648 ], [ -46.64856, -23.645137 ], [ -46.649034, -23.644916 ], [ -46.649771, -23.644319 ], [ -46.649472099999969, -23.643914699999982 ], [ -46.649651, -23.643086 ], [ -46.649521, -23.643087 ] ] ] } },
{ "type": "Feature", "properties": { "loja_id": "AG12", "CD_SETOR": "355030838000464", "fracao": 1.0, "pop": 169, "domicilios": 84, "renda_resp": 6231.91, "classe_pof": "47561" }, "geometry": { "type": "Polygon", "coordinates": [ [ [ -46.637222, -23.652283 ], [ -46.637001, -23.652727 ], [ -46.636842, -23.653442 ], [ -46.636713, -23.654333 ], [ -46.63686569999993, -23.654653799999949 ], [ -46.637908, -23.653924 ], [ -46.637885, -23.653707 ], [ -46.637468, -23.653116 ], [ -46.639745, -23.652182 ], [ -46.639106, -23.651173 ], [ -46.63773, -23.651749 ], [ -46.637222, -23.652283 ] ] ] } },
{ "type": "Feature", "properties": { "loja_id": "AG12", "CD_SETOR": "355030838000465", "fracao": 1.0, "pop": 498, "domicilios": 226, "renda_resp": 4880.87, "classe_pof": "47560" }, "geometry": { "type": "Polygon", "coordinates": [ [ [ -46.637334, -23.65213 ], [ -46.635748, -23.652753 ], [ -46.636713, -23.654333 ], [ -46.636943, -23.652908 ], [ -46.637334, -23.65213 ] ] ] } },
{ "type": "Feature", "properties": { "loja_id": "AG12", "CD_SETOR": "355030838000466", "fracao": 0.984762640351591, "pop": 314, "domicilios": 134, "renda_resp": 4390.58, "classe_pof": "47560" }, "geometry": { "type": "Polygon", "coordinates": [ [ [ -46.640749, -23.652859 ], [ -46.639716, -23.65327979999995 ], [ -46.640027994713179, -23.654074585430429 ], [ -46.640405, -23.654094 ], [ -46.640226, -23.653708 ], [ -46.640953, -23.653807 ], [ -46.641091, -23.653707 ], [ -46.641065, -23.653025 ], [ -46.640967, -23.652858 ], [ -46.640749, -23.652859 ] ] ] } },
{ "type": "Feature", "properties": { "loja_id": "AG12", "CD_SETOR": "355030838000467", "fracao": 0.47190042758918233, "pop": 397, "domicilios": 163, "renda_resp": 4397.76, "classe_pof": "47560" }, "geometry": { "type": "Polygon", "coordinates": [ [ [ -46.638068, -23.653952 ], [ -46.638310186421194, -23.654298124207113 ], [ -46.638999, -23.653859 ], [ -46.640027994713179, -23.654074585430429 ], [ -46.639716, -23.65327979999995 ], [ -46.638068, -23.653952 ] ] ] } },
{ "type": "Feature", "properties": { "loja_id": "AG12", "CD_SETOR": "355030838000474", "fracao": 0.0012671101385996425, "pop": 99, "domicilios": 32, "renda_resp": 5176.5, "classe_pof": "47561" }, "geometry": { "type": "Polygon", "coordinates": [ [ [ -46.64637160504509, -23.638261161296519 ], [ -46.646362937404668, -23.638195497011356 ], [ -46.646346, -23.638254599999975 ], [ -46.64637160504509, -23.638261161296519 ] ] ] } },
{ "type": "Feature", "properties": { "loja_id": "AG12", "CD_SETOR": "355030838000488", "fracao": 0.62169251925092428, "pop": 340, "domicilios": 134, "renda_resp": 4768.09, "classe_pof": "47560" }, "geometry": { "type": "Polygon", "coordinates": [ [ [ -46.649287, -23.640712 ], [ -46.648433, -23.640973 ], [ -46.648305, -23.641937 ], [ -46.648399, -23.642057 ], [ -46.648739, -23.642121 ], [ -46.649717261217113, -23.641613826043521 ], [ -46.649287, -23.640712 ] ] ] } },
{ "type": "Feature", "properties": { "loja_id": "AG12", "CD_SETOR": "355030838000489", "fracao": 0.39803981020931334, "pop": 442, "domicilios": 163, "renda_resp": 3922.76, "classe_pof": "47560" }, "geometry": { "type": "Polygon", "coordinates": [ [ [ -46.647152905591668, -23.639546225920174 ], [ -46.646837, -23.639632 ], [ -46.646517, -23.639458 ], [ -46.645586, -23.639379 ], [ -46.645055, -23.63921 ], [ -46.644969, -23.639554 ], [ -46.645626, -23.639775 ], [ -46.645924, -23.639964 ], [ -46.646074, -23.640319 ], [ -46.646824, -23.640278 ], [ -46.647720546505312, -23.640000416863145 ], [ -46.647152905591668, -23.639546225920174 ] ] ] } },
{ "type": "Feature", "properties": { "loja_id": "AG12", "CD_SETOR": "355030838000490", "fracao": 1.0, "pop": 335, "domicilios": 107, "renda_resp": 5210.04, "classe_pof": "47561" }, "geometry": { "type": "Polygon", "coordinates": [ [ [ -46.643224, -23.639997 ], [ -46.644033, -23.641686 ], [ -46.644372, -23.641388 ], [ -46.644624, -23.640861 ], [ -46.645067, -23.640371 ], [ -46.645252, -23.640256 ], [ -46.646074, -23.640319 ], [ -46.645924, -23.639964 ], [ -46.645626, -23.639775 ], [ -46.644969, -23.639554 ], [ -46.645055, -23.63921 ], [ -46.644311, -23.638597 ], [ -46.64396, -23.638981 ], [ -46.64359, -23.639802 ], [ -46.643224, -23.639997 ] ] ] } },
{ "type": "Feature", "properties": { "loja_id": "AG12", "CD_SETOR": "355030838000491", "fracao": 1.0, "pop": 193, "domicilios": 87, "renda_resp": 5804.61, "classe_pof": "47561" }, "geometry": { "type": "Polygon", "coordinates": [ [ [ -46.640603, -23.642129 ], [ -46.641343, -23.641625 ], [ -46.641304, -23.640442 ], [ -46.640007, -23.641594 ], [ -46.640603, -23.642129 ] ] ] } },
{ "type": "Feature", "properties": { "loja_id": "AG12", "CD_SETOR": "355030838000492", "fracao": 1.0, "pop": 275, "domicilios": 124, "renda_resp": 7582.88, "classe_pof": "47561" }, "geometry": { "type": "Polygon", "coordinates": [ [ [ -46.639963, -23.642633 ], [ -46.639653, -23.642946 ], [ -46.639569, -23.643206 ], [ -46.639595, -23.643453 ], [ -46.639931, -23.64343 ], [ -46.640394399999934, -23.64280419999994 ], [ -46.641254, -23.642807 ], [ -46.641343, -23.641625 ], [ -46.639963, -23.642633 ] ] ] } },
{ "type": "Feature", "properties": { "loja_id": "AG12", "CD_SETOR": "355030838000493", "fracao": 1.0, "pop": 251, "domicilios": 88, "renda_resp": 5366.92, "classe_pof": "47561" }, "geometry": { "type": "Polygon", "coordinates": [ [ [ -46.635401, -23.645448 ], [ -46.63371, -23.645902 ], [ -46.633715, -23.646404 ], [ -46.63381, -23.646748 ], [ -46.634365, -23.647551 ], [ -46.635236, -23.6472 ], [ -46.635588, -23.647926 ], [ -46.636406, -23.647593 ], [ -46.635401, -23.645448 ] ] ] } },
{ "type": "Feature", "properties": { "loja_id": "AG12", "CD_SETOR": "355030838000494", "fracao": 1.0, "pop": 340, "domicilios": 106, "renda_resp": 5631.15, "classe_pof": "47561" }, "geometry": { "type": "Polygon", "coordinates": [ [ [ -46.632774, -23.646313 ], [ -46.633004, -23.646545 ], [ -46.633059, -23.647172 ], [ -46.633329, -23.647711 ], [ -46.633277, -23.647838 ], [ -46.633012, -23.648043 ], [ -46.632882, -23.648382 ], [ -46.633127, -23.649206 ], [ -46.63523159999994, -23.648379399999946 ], [ -46.635245, -23.648093 ], [ -46.635588, -23.647926 ], [ -46.635236, -23.6472 ], [ -46.634365, -23.647551 ], [ -46.63381, -23.646748 ], [ -46.633715, -23.646404 ], [ -46.63371, -23.645902 ], [ -46.632774, -23.646313 ] ] ] } },
{ "type": "Feature", "properties": { "loja_id": "AG12", "CD_SETOR": "355030838000496", "fracao": 0.99277665546394156, "pop": 486, "domicilios": 171, "renda_resp": 5869.46, "classe_pof": "47561" }, "geometry": { "type": "Polygon", "coordinates": [ [ [ -46.633026, -23.648945 ], [ -46.632832, -23.649059 ], [ -46.63291, -23.649287 ], [ -46.633409651593006, -23.650465306343204 ], [ -46.633720932949217, -23.650933038547752 ], [ -46.636559, -23.649888 ], [ -46.636706, -23.649348 ], [ -46.635242, -23.64825 ], [ -46.63523159999994, -23.648379399999946 ], [ -46.633127, -23.649206 ], [ -46.633026, -23.648945 ] ] ] } },
{ "type": "Feature", "properties": { "loja_id": "AG12", "CD_SETOR": "355030838000512", "fracao": 0.74526219684919681, "pop": 215, "domicilios": 98, "renda_resp": 9194.01, "classe_pof": "47562" }, "geometry": { "type": "Polygon", "coordinates": [ [ [ -46.640175782654694, -23.635921944590404 ], [ -46.640725299999986, -23.63630709999995 ], [ -46.640887299999974, -23.635933399999942 ], [ -46.64064991032209, -23.635747465949745 ], [ -46.640175782654694, -23.635921944590404 ] ] ] } },
{ "type": "Feature", "properties": { "loja_id": "AG12", "CD_SETOR": "355030838000513", "fracao": 0.14643776018121044, "pop": 271, "domicilios": 122, "renda_resp": 6354.82, "classe_pof": "47561" }, "geometry": { "type": "Polygon", "coordinates": [ [ [ -46.640887299999974, -23.635933399999942 ], [ -46.640725299999986, -23.63630709999995 ], [ -46.641301699999985, -23.636667 ], [ -46.641289176897736, -23.635751611861021 ], [ -46.640999, -23.635619 ], [ -46.64064991032209, -23.635747465949745 ], [ -46.640887299999974, -23.635933399999942 ] ] ] } },
{ "type": "Feature", "properties": { "loja_id": "AG12", "CD_SETOR": "355030838000514", "fracao": 0.64347298925404561, "pop": 482, "domicilios": 193, "renda_resp": 3365.81, "classe_pof": "47560" }, "geometry": { "type": "Polygon", "coordinates": [ [ [ -46.636131338645065, -23.637443442329225 ], [ -46.636157, -23.637833 ], [ -46.636082, -23.638104 ], [ -46.636634, -23.63847 ], [ -46.636917, -23.638882 ], [ -46.638015, -23.639373 ], [ -46.637782, -23.63882 ], [ -46.637831654417091, -23.638252281669498 ], [ -46.637365, -23.637634 ], [ -46.636131338645065, -23.637443442329225 ] ] ] } },
{ "type": "Feature", "properties": { "loja_id": "AG12", "CD_SETOR": "355030838000515", "fracao": 0.16351496899153078, "pop": 258, "domicilios": 98, "renda_resp": 2864.39, "classe_pof": "47560" }, "geometry": { "type": "Polygon", "coordinates": [ [ [ -46.635541787227147, -23.63786860900376 ], [ -46.636082, -23.638104 ], [ -46.636157, -23.637833 ], [ -46.636131338645065, -23.637443442329225 ], [ -46.635999, -23.637423 ], [ -46.635541787227147, -23.63786860900376 ] ] ] } },
{ "type": "Feature", "properties": { "loja_id": "AG12", "CD_SETOR": "355030838000516", "fracao": 0.18089137261291741, "pop": 462, "domicilios": 173, "renda_resp": 2653.73, "classe_pof": "47560" }, "geometry": { "type": "Polygon", "coordinates": [ [ [ -46.635340099999951, -23.638311699999974 ], [ -46.635934099999986, -23.638391899999935 ], [ -46.636455199999951, -23.638561299999935 ], [ -46.636917, -23.638882 ], [ -46.636634, -23.63847 ], [ -46.63595, -23.63803 ], [ -46.635541787227147, -23.63786860900376 ], [ -46.635408, -23.637999 ], [ -46.635340099999951, -23.638311699999974 ] ] ] } },
{ "type": "Feature", "properties": { "loja_id": "AG12", "CD_SETOR": "355030838000517", "fracao": 0.22390515877875142, "pop": 397, "domicilios": 175, "renda_resp": 5692.03, "classe_pof": "47561" }, "geometry": { "type": "Polygon", "coordinates": [ [ [ -46.635208, -23.63881 ], [ -46.636049, -23.63869 ], [ -46.636917, -23.638882 ], [ -46.636455199999951, -23.638561299999935 ], [ -46.635934099999986, -23.638391899999935 ], [ -46.63532703085059, -23.638306868956231 ], [ -46.635208, -23.63881 ] ] ] } },
{ "type": "Feature", "properties": { "loja_id": "AG12", "CD_SETOR": "355030838000518", "fracao": 1.0, "pop": 287, "domicilios": 122, "renda_resp": 6103.63, "classe_pof": "47561" }, "geometry": { "type": "Polygon", "coordinates": [ [ [ -46.636035, -23.641292 ], [ -46.63674, -23.64355 ], [ -46.637624, -23.643563 ], [ -46.637703, -23.643379 ], [ -46.637911, -23.643221 ], [ -46.6377, -23.642727 ], [ -46.637629, -23.642393 ], [ -46.637684, -23.642194 ], [ -46.637064, -23.641564 ], [ -46.636401, -23.641118 ], [ -46.636035, -23.641292 ] ] ] } },
{ "type": "Feature", "properties": { "loja_id": "AG12", "CD_SETOR": "355030838000519", "fracao": 0.99999999999999989, "pop": 329, "domicilios": 120, "renda_resp": 5349.54, "classe_pof": "47561" }, "geometry": { "type": "Polygon", "coordinates": [ [ [ -46.633783, -23.643051 ], [ -46.634146, -23.643318 ], [ -46.634939, -23.643602 ], [ -46.63674, -23.64355 ], [ -46.636035, -23.641292 ], [ -46.635663, -23.641195 ], [ -46.633783, -23.643051 ] ] ] } },
{ "type": "Feature", "properties": { "loja_id": "AG12", "CD_SETOR": "355030838000520", "fracao": 0.99999999999999989, "pop": 339, "domicilios": 163, "renda_resp": 6755.16, "classe_pof": "47561" }, "geometry": { "type": "Polygon", "coordinates": [ [ [ -46.632836, -23.643922 ], [ -46.63305, -23.644199 ], [ -46.633486, -23.643898 ], [ -46.634045799999967, -23.64388619999994 ], [ -46.635153, -23.64404309999998 ], [ -46.635098, -23.643617 ], [ -46.634492, -23.643478 ], [ -46.633757, -23.643024 ], [ -46.632836, -23.643922 ] ] ] } },
{ "type": "Feature", "properties": { "loja_id": "AG12", "CD_SETOR": "355030838000521", "fracao": 0.99999999999999978, "pop": 180, "domicilios": 88, "renda_resp": 4761.68, "classe_pof": "47560" }, "geometry": { "type": "Polygon", "coordinates": [ [ [ -46.632836, -23.643922 ], [ -46.632367, -23.644402 ], [ -46.635213, -23.644468 ], [ -46.635153, -23.64404309999998 ], [ -46.634045799999967, -23.64388619999994 ], [ -46.633486, -23.643898 ], [ -46.63305, -23.644199 ], [ -46.632836, -23.643922 ] ] ] } },
{ "type": "Feature", "properties": { "loja_id": "AG12", "CD_SETOR": "355030838000522", "fracao": 1.0, "pop": 377, "domicilios": 156, "renda_resp": 3108.17, "classe_pof": "47560" }, "geometry": { "type": "Polygon", "coordinates": [ [ [ -46.635098, -23.643617 ], [ -46.635213, -23.644468 ], [ -46.633013, -23.644423 ], [ -46.632843, -23.645053 ], [ -46.632367, -23.645095 ], [ -46.63245, -23.645756 ], [ -46.633961, -23.645338 ], [ -46.63411, -23.645502 ], [ -46.6345, -23.645691 ], [ -46.636226, -23.645208 ], [ -46.635682, -23.644873 ], [ -46.635931, -23.644809 ], [ -46.635763, -23.64425 ], [ -46.635714, -23.643606 ], [ -46.635098, -23.643617 ] ] ] } },
{ "type": "Feature", "properties": { "loja_id": "AG12", "CD_SETOR": "355030838000523", "fracao": 0.99999999999999978, "pop": 467, "domicilios": 168, "renda_resp": 4560.58, "classe_pof": "47560" }, "geometry": { "type": "Polygon", "coordinates": [ [ [ -46.631304799999953, -23.644136399999983 ], [ -46.631634, -23.645443599999961 ], [ -46.632061799999974, -23.646197899999944 ], [ -46.63243639999996, -23.646494 ], [ -46.632683, -23.646313 ], [ -46.633471, -23.645976 ], [ -46.6345, -23.645691 ], [ -46.63411, -23.645502 ], [ -46.633961, -23.645338 ], [ -46.63245, -23.645756 ], [ -46.632367, -23.645095 ], [ -46.632843, -23.645053 ], [ -46.633013, -23.644423 ], [ -46.632316, -23.6444 ], [ -46.632295, -23.644051 ], [ -46.631304799999953, -23.644136399999983 ] ] ] } },
{ "type": "Feature", "properties": { "loja_id": "AG12", "CD_SETOR": "355030838000555", "fracao": 0.70632255536645405, "pop": 344, "domicilios": 154, "renda_resp": 6600.56, "classe_pof": "47561" }, "geometry": { "type": "Polygon", "coordinates": [ [ [ -46.632072295711012, -23.641842548590137 ], [ -46.632123, -23.642355 ], [ -46.632619, -23.642313 ], [ -46.633201, -23.642148 ], [ -46.633017, -23.640774 ], [ -46.632824305069391, -23.64076607275403 ], [ -46.632072295711012, -23.641842548590137 ] ] ] } },
{ "type": "Feature", "properties": { "loja_id": "AG12", "CD_SETOR": "355030838000556", "fracao": 0.43069877762155917, "pop": 341, "domicilios": 118, "renda_resp": 3488.5, "classe_pof": "47560" }, "geometry": { "type": "Polygon", "coordinates": [ [ [ -46.631419203671612, -23.643716812658916 ], [ -46.631484, -23.644118 ], [ -46.632295, -23.644051 ], [ -46.632072295711012, -23.641842548590137 ], [ -46.631963, -23.641999 ], [ -46.631854, -23.642854 ], [ -46.631419203671612, -23.643716812658916 ] ] ] } },
{ "type": "Feature", "properties": { "loja_id": "AG12", "CD_SETOR": "355030838000581", "fracao": 1.0, "pop": 182, "domicilios": 81, "renda_resp": 6340.44, "classe_pof": "47561" }, "geometry": { "type": "Polygon", "coordinates": [ [ [ -46.642182, -23.647672 ], [ -46.642655299999944, -23.647560499999937 ], [ -46.642386199999976, -23.647018599999964 ], [ -46.641223399999944, -23.646853599999933 ], [ -46.641089, -23.646724 ], [ -46.641057, -23.646832 ], [ -46.641165, -23.647096 ], [ -46.642182, -23.647672 ] ] ] } },
{ "type": "Feature", "properties": { "loja_id": "AG12", "CD_SETOR": "355030838000582", "fracao": 0.99999999999999967, "pop": 230, "domicilios": 124, "renda_resp": 5268.28, "classe_pof": "47561" }, "geometry": { "type": "Polygon", "coordinates": [ [ [ -46.641119, -23.646748 ], [ -46.641223399999944, -23.646853599999933 ], [ -46.642386199999976, -23.647018599999964 ], [ -46.642655299999944, -23.647560499999937 ], [ -46.643788, -23.647041 ], [ -46.643325, -23.646263 ], [ -46.641316, -23.646571 ], [ -46.641119, -23.646748 ] ] ] } },
{ "type": "Feature", "properties": { "loja_id": "AG12", "CD_SETOR": "355030838000583", "fracao": 0.99999999999999978, "pop": 366, "domicilios": 141, "renda_resp": 8839.92, "classe_pof": "47562" }, "geometry": { "type": "Polygon", "coordinates": [ [ [ -46.636406, -23.647593 ], [ -46.636784, -23.648393 ], [ -46.637589, -23.64806 ], [ -46.637233, -23.647255 ], [ -46.636406, -23.647593 ] ] ] } },
{ "type": "Feature", "properties": { "loja_id": "AG12", "CD_SETOR": "355030838000584", "fracao": 1.0, "pop": 628, "domicilios": 276, "renda_resp": 5339.8, "classe_pof": "47561" }, "geometry": { "type": "Polygon", "coordinates": [ [ [ -46.640796, -23.645779 ], [ -46.637233, -23.647255 ], [ -46.637589, -23.64806 ], [ -46.637451, -23.648121 ], [ -46.636784, -23.648393 ], [ -46.636406, -23.647593 ], [ -46.635245, -23.648093 ], [ -46.635242, -23.64825 ], [ -46.636706, -23.649348 ], [ -46.636534, -23.65001 ], [ -46.637688, -23.650224 ], [ -46.638552, -23.64996 ], [ -46.640338, -23.649235 ], [ -46.640262, -23.64878 ], [ -46.639937, -23.648009 ], [ -46.639931, -23.647738 ], [ -46.640099, -23.647012 ], [ -46.640796, -23.645779 ] ] ] } },
{ "type": "Feature", "properties": { "loja_id": "AG12", "CD_SETOR": "355030838000585", "fracao": 1.0, "pop": 315, "domicilios": 163, "renda_resp": 7113.24, "classe_pof": "47561" }, "geometry": { "type": "Polygon", "coordinates": [ [ [ -46.636956, -23.652232 ], [ -46.637334, -23.65213 ], [ -46.63773, -23.651749 ], [ -46.637973, -23.651616 ], [ -46.639106, -23.651173 ], [ -46.638664, -23.65048 ], [ -46.636411, -23.651377 ], [ -46.636956, -23.652232 ] ] ] } },
{ "type": "Feature", "properties": { "loja_id": "AG12", "CD_SETOR": "355030838000586", "fracao": 1.0, "pop": 569, "domicilios": 220, "renda_resp": 3636.47, "classe_pof": "47560" }, "geometry": { "type": "Polygon", "coordinates": [ [ [ -46.63837, -23.649997 ], [ -46.634934, -23.651393 ], [ -46.635748, -23.652753 ], [ -46.636956, -23.652232 ], [ -46.636411, -23.651377 ], [ -46.638664, -23.65048 ], [ -46.63837, -23.649997 ] ] ] } },
{ "type": "Feature", "properties": { "loja_id": "AG12", "CD_SETOR": "355030838000591", "fracao": 0.31096069347905669, "pop": 250, "domicilios": 168, "renda_resp": 4790.96, "classe_pof": "47560" }, "geometry": { "type": "Polygon", "coordinates": [ [ [ -46.645923, -23.638151 ], [ -46.646346, -23.638254599999975 ], [ -46.646337, -23.637999 ], [ -46.646041418403385, -23.63775732384353 ], [ -46.645923, -23.638151 ] ] ] } },
{ "type": "Feature", "properties": { "loja_id": "AG12", "CD_SETOR": "355030838000592", "fracao": 0.92128131291092141, "pop": 316, "domicilios": 125, "renda_resp": 5939.83, "classe_pof": "47561" }, "geometry": { "type": "Polygon", "coordinates": [ [ [ -46.643524, -23.637366 ], [ -46.642848, -23.638817 ], [ -46.642557, -23.639011 ], [ -46.643224, -23.639997 ], [ -46.64359, -23.639802 ], [ -46.64396, -23.638981 ], [ -46.644435, -23.63848 ], [ -46.645085, -23.638173 ], [ -46.645923, -23.638151 ], [ -46.646041418403385, -23.63775732384353 ], [ -46.644999, -23.636905 ], [ -46.64456202666117, -23.636814110432063 ], [ -46.644455, -23.637086 ], [ -46.643972, -23.637133 ], [ -46.643524, -23.637366 ] ] ] } },
{ "type": "Feature", "properties": { "loja_id": "AG12", "CD_SETOR": "355030838000594", "fracao": 0.41548644911088561, "pop": 140, "domicilios": 74, "renda_resp": 6939.08, "classe_pof": "47561" }, "geometry": { "type": "Polygon", "coordinates": [ [ [ -46.639715795024095, -23.63609320272079 ], [ -46.640671899999973, -23.636727599999972 ], [ -46.640743, -23.637003899999961 ], [ -46.640867699999944, -23.637003099999951 ], [ -46.640908099999933, -23.637270599999965 ], [ -46.641004899999984, -23.637267699999935 ], [ -46.641008299999953, -23.637351499999959 ], [ -46.641474399999936, -23.637324599999939 ], [ -46.641301699999985, -23.636667 ], [ -46.641207099999974, -23.636598299999942 ], [ -46.640175782654694, -23.635921944590404 ], [ -46.639715795024095, -23.63609320272079 ] ] ] } },
{ "type": "Feature", "properties": { "loja_id": "AG12", "CD_SETOR": "355030838000595", "fracao": 0.68101900506862634, "pop": 239, "domicilios": 101, "renda_resp": 6930.63, "classe_pof": "47561" }, "geometry": { "type": "Polygon", "coordinates": [ [ [ -46.638648324954396, -23.637916189753916 ], [ -46.640578, -23.637651 ], [ -46.640712, -23.637361 ], [ -46.639144632157212, -23.636307388464985 ], [ -46.638999, -23.636362 ], [ -46.638886927082979, -23.636574472291489 ], [ -46.638973, -23.636804 ], [ -46.63936, -23.637305 ], [ -46.638925799999981, -23.636945299999983 ], [ -46.638662217395712, -23.637047912402892 ], [ -46.638648324954396, -23.637916189753916 ] ] ] } },
{ "type": "Feature", "properties": { "loja_id": "AG12", "CD_SETOR": "355030838000597", "fracao": 0.83124029457432858, "pop": 256, "domicilios": 111, "renda_resp": 11568.72, "classe_pof": "47562" }, "geometry": { "type": "Polygon", "coordinates": [ [ [ -46.638075, -23.639428 ], [ -46.638239, -23.639535 ], [ -46.638411299999973, -23.639300399999968 ], [ -46.63818189999995, -23.639011899999954 ], [ -46.638487, -23.638881899999937 ], [ -46.638408899999945, -23.638716299999935 ], [ -46.638456199999951, -23.638406599999939 ], [ -46.638278283646933, -23.638343840088279 ], [ -46.637999, -23.638474 ], [ -46.637831654417091, -23.638252281669498 ], [ -46.637782, -23.63882 ], [ -46.638075, -23.639428 ] ] ] } },
{ "type": "Feature", "properties": { "loja_id": "AG12", "CD_SETOR": "355030838000598", "fracao": 1.0, "pop": 319, "domicilios": 147, "renda_resp": 11565.5, "classe_pof": "47562" }, "geometry": { "type": "Polygon", "coordinates": [ [ [ -46.63818189999995, -23.639011899999954 ], [ -46.638411299999973, -23.639300399999968 ], [ -46.638239, -23.639535 ], [ -46.638641, -23.639676 ], [ -46.63877309999998, -23.639186899999967 ], [ -46.638827499999934, -23.639238899999953 ], [ -46.639089199999944, -23.638985399999964 ], [ -46.638955099999976, -23.638820399999926 ], [ -46.638557899999967, -23.638967 ], [ -46.638487, -23.638881899999937 ], [ -46.63818189999995, -23.639011899999954 ] ] ] } },
{ "type": "Feature", "properties": { "loja_id": "AG12", "CD_SETOR": "355030838000599", "fracao": 0.94713058860046373, "pop": 347, "domicilios": 158, "renda_resp": 7892.77, "classe_pof": "47561" }, "geometry": { "type": "Polygon", "coordinates": [ [ [ -46.638286, -23.638382899999954 ], [ -46.638456199999951, -23.638406599999939 ], [ -46.638408899999945, -23.638716299999935 ], [ -46.638557899999967, -23.638967 ], [ -46.638955099999976, -23.638820399999926 ], [ -46.639089199999944, -23.638985399999964 ], [ -46.638827499999934, -23.639238899999953 ], [ -46.63877309999998, -23.639186899999967 ], [ -46.638641, -23.639676 ], [ -46.63899, -23.639646 ], [ -46.639435, -23.639379 ], [ -46.640578, -23.637651 ], [ -46.638648324954396, -23.637916189753916 ], [ -46.638647, -23.637999 ], [ -46.638286, -23.638382899999954 ] ] ] } },
{ "type": "Feature", "properties": { "loja_id": "AG12", "CD_SETOR": "355030838000608", "fracao": 0.27605942306829723, "pop": 309, "domicilios": 126, "renda_resp": 11306.0, "classe_pof": "47562" }, "geometry": { "type": "Polygon", "coordinates": [ [ [ -46.638662799999963, -23.63705019999998 ], [ -46.638925799999981, -23.636945299999983 ], [ -46.63936, -23.637305 ], [ -46.638973, -23.636804 ], [ -46.638886927082979, -23.636574472291489 ], [ -46.638662799999963, -23.63705019999998 ] ] ] } },
{ "type": "Feature", "properties": { "loja_id": "AG12", "CD_SETOR": "355030838000622", "fracao": 1.0, "pop": 264, "domicilios": 116, "renda_resp": 9249.8, "classe_pof": "47562" }, "geometry": { "type": "Polygon", "coordinates": [ [ [ -46.639725599999963, -23.636678899999929 ], [ -46.640712, -23.637361 ], [ -46.641008299999953, -23.637351499999959 ], [ -46.641004899999984, -23.637267699999935 ], [ -46.640908099999933, -23.637270599999965 ], [ -46.640867699999944, -23.637003099999951 ], [ -46.640743, -23.637003899999961 ], [ -46.640671899999973, -23.636727599999972 ], [ -46.639986499999964, -23.636313699999956 ], [ -46.639725599999963, -23.636678899999929 ] ] ] } },
{ "type": "Feature", "properties": { "loja_id": "AG12", "CD_SETOR": "355030838000623", "fracao": 0.97012409639571451, "pop": 233, "domicilios": 117, "renda_resp": 9315.38, "classe_pof": "47562" }, "geometry": { "type": "Polygon", "coordinates": [ [ [ -46.639341599999973, -23.636433499999946 ], [ -46.639725599999963, -23.636678899999929 ], [ -46.639986499999964, -23.636313699999956 ], [ -46.639715795024095, -23.63609320272079 ], [ -46.639559886398061, -23.636151668637865 ], [ -46.639341599999973, -23.636433499999946 ] ] ] } },
{ "type": "Feature", "properties": { "loja_id": "AG12", "CD_SETOR": "355030838000624", "fracao": 0.18249858452327333, "pop": 161, "domicilios": 65, "renda_resp": 11046.04, "classe_pof": "47562" }, "geometry": { "type": "Polygon", "coordinates": [ [ [ -46.639144632157212, -23.636307388464985 ], [ -46.639364599999965, -23.636404099999929 ], [ -46.639559886398061, -23.636151668637865 ], [ -46.639144632157212, -23.636307388464985 ] ] ] } },
{ "type": "Feature", "properties": { "loja_id": "AG12", "CD_SETOR": "355030838000625", "fracao": 1.0, "pop": 143, "domicilios": 73, "renda_resp": 6616.25, "classe_pof": "47561" }, "geometry": { "type": "Polygon", "coordinates": [ [ [ -46.640121799999974, -23.640099699999951 ], [ -46.640573299999978, -23.639636799999948 ], [ -46.640197899999976, -23.639343399999969 ], [ -46.63977019999993, -23.639791499999944 ], [ -46.640121799999974, -23.640099699999951 ] ] ] } },
{ "type": "Feature", "properties": { "loja_id": "AG12", "CD_SETOR": "355030838000637", "fracao": 1.0, "pop": 208, "domicilios": 90, "renda_resp": 9857.08, "classe_pof": "47562" }, "geometry": { "type": "Polygon", "coordinates": [ [ [ -46.642260299999982, -23.649291 ], [ -46.642546, -23.648859799999965 ], [ -46.641713, -23.648406 ], [ -46.641352, -23.648341 ], [ -46.641865, -23.64902 ], [ -46.642260299999982, -23.649291 ] ] ] } },
{ "type": "Feature", "properties": { "loja_id": "AG12", "CD_SETOR": "355030838000638", "fracao": 1.0, "pop": 229, "domicilios": 89, "renda_resp": 9948.02, "classe_pof": "47562" }, "geometry": { "type": "Polygon", "coordinates": [ [ [ -46.642240699999945, -23.649322499999979 ], [ -46.642690199999954, -23.649627199999934 ], [ -46.643048599999986, -23.649152099999974 ], [ -46.642546, -23.648859799999965 ], [ -46.642240699999945, -23.649322499999979 ] ] ] } },
{ "type": "Feature", "properties": { "loja_id": "AG12", "CD_SETOR": "355030838000643", "fracao": 0.49475514540794124, "pop": 283, "domicilios": 131, "renda_resp": 5194.61, "classe_pof": "47561" }, "geometry": { "type": "Polygon", "coordinates": [ [ [ -46.647781, -23.651823 ], [ -46.647495772856246, -23.652378542531551 ], [ -46.647999, -23.652528 ], [ -46.648131, -23.652416 ], [ -46.6481, -23.652304 ], [ -46.648257, -23.652206 ], [ -46.647958, -23.651693 ], [ -46.647781, -23.651823 ] ] ] } },
{ "type": "Feature", "properties": { "loja_id": "AG12", "CD_SETOR": "355030838000644", "fracao": 0.39839310140405532, "pop": 263, "domicilios": 133, "renda_resp": 4273.54, "classe_pof": "47560" }, "geometry": { "type": "Polygon", "coordinates": [ [ [ -46.646717699999954, -23.652310499999945 ], [ -46.646754295708867, -23.652362915068061 ], [ -46.646999, -23.652231 ], [ -46.647495772856246, -23.652378542531551 ], [ -46.647797, -23.651773 ], [ -46.646717699999954, -23.652310499999945 ] ] ] } },
{ "type": "Feature", "properties": { "loja_id": "AG12", "CD_SETOR": "355030838000645", "fracao": 1.0, "pop": 263, "domicilios": 118, "renda_resp": 3828.32, "classe_pof": "47560" }, "geometry": { "type": "Polygon", "coordinates": [ [ [ -46.643267, -23.637949 ], [ -46.642425, -23.636853 ], [ -46.64173, -23.636675 ], [ -46.642129699999941, -23.636844399999976 ], [ -46.643147, -23.638209299999968 ], [ -46.643267, -23.637949 ] ] ] } },
{ "type": "Feature", "properties": { "loja_id": "AG12", "CD_SETOR": "355030838000646", "fracao": 1.0, "pop": 431, "domicilios": 195, "renda_resp": 4479.34, "classe_pof": "47560" }, "geometry": { "type": "Polygon", "coordinates": [ [ [ -46.642985, -23.638526 ], [ -46.643147, -23.638209299999968 ], [ -46.642129699999941, -23.636844399999976 ], [ -46.64173, -23.636675 ], [ -46.641697, -23.63681 ], [ -46.642887, -23.638449 ], [ -46.642985, -23.638526 ] ] ] } },
{ "type": "Feature", "properties": { "loja_id": "AG12", "CD_SETOR": "355030838000647", "fracao": 1.0, "pop": 247, "domicilios": 100, "renda_resp": 7913.66, "classe_pof": "47561" }, "geometry": { "type": "Polygon", "coordinates": [ [ [ -46.641024, -23.6452 ], [ -46.641163, -23.643967 ], [ -46.639774, -23.643892 ], [ -46.640155, -23.644715 ], [ -46.640387, -23.644721 ], [ -46.640180599999951, -23.644933599999948 ], [ -46.639947099999972, -23.644948 ], [ -46.639979899999958, -23.645226099999945 ], [ -46.640424099999962, -23.645145099999976 ], [ -46.640592399999946, -23.64519979999994 ], [ -46.640796, -23.645779 ], [ -46.641024, -23.6452 ] ] ] } },
{ "type": "Feature", "properties": { "loja_id": "AG12", "CD_SETOR": "355030838000648", "fracao": 1.0, "pop": 263, "domicilios": 112, "renda_resp": 8801.31, "classe_pof": "47562" }, "geometry": { "type": "Polygon", "coordinates": [ [ [ -46.638834699999961, -23.643992099999931 ], [ -46.639845, -23.646143 ], [ -46.640796, -23.645779 ], [ -46.640592399999946, -23.64519979999994 ], [ -46.640424099999962, -23.645145099999976 ], [ -46.639979899999958, -23.645226099999945 ], [ -46.639947099999972, -23.644948 ], [ -46.640180599999951, -23.644933599999948 ], [ -46.640387, -23.644721 ], [ -46.640155, -23.644715 ], [ -46.639774, -23.643892 ], [ -46.639395099999945, -23.643946199999959 ], [ -46.639296, -23.64381869999994 ], [ -46.638834699999961, -23.643992099999931 ] ] ] } },
{ "type": "Feature", "properties": { "loja_id": "AG12", "CD_SETOR": "355030838000657", "fracao": 1.0, "pop": 163, "domicilios": 90, "renda_resp": 9786.77, "classe_pof": "47562" }, "geometry": { "type": "Polygon", "coordinates": [ [ [ -46.643917399999964, -23.648074 ], [ -46.644396299999983, -23.648590799999965 ], [ -46.6446797, -23.648467399999952 ], [ -46.644314, -23.647851199999934 ], [ -46.643917399999964, -23.648074 ] ] ] } },
{ "type": "Feature", "properties": { "loja_id": "AG12", "CD_SETOR": "355030838000660", "fracao": 0.99999999999999978, "pop": 100, "domicilios": 65, "renda_resp": 9033.28, "classe_pof": "47562" }, "geometry": { "type": "Polygon", "coordinates": [ [ [ -46.643917399999964, -23.648074 ], [ -46.644314, -23.647851199999934 ], [ -46.643788, -23.647041 ], [ -46.643563, -23.647770199999965 ], [ -46.643917399999964, -23.648074 ] ] ] } },
{ "type": "Feature", "properties": { "loja_id": "AG12", "CD_SETOR": "355030838000711", "fracao": 1.0, "pop": 496, "domicilios": 216, "renda_resp": 5068.14, "classe_pof": "47561" }, "geometry": { "type": "Polygon", "coordinates": [ [ [ -46.635539899999969, -23.639001599999972 ], [ -46.636252, -23.639607 ], [ -46.636491, -23.64006 ], [ -46.636562, -23.640374 ], [ -46.636401, -23.641118 ], [ -46.637064, -23.641564 ], [ -46.637684, -23.642194 ], [ -46.637568, -23.640396 ], [ -46.637351, -23.639617 ], [ -46.637058, -23.638958 ], [ -46.636049, -23.63869 ], [ -46.635208, -23.63881 ], [ -46.635539899999969, -23.639001599999972 ] ] ] } },
{ "type": "Feature", "properties": { "loja_id": "AG12", "CD_SETOR": "355030838000714", "fracao": 0.039214647080787202, "pop": 318, "domicilios": 113, "renda_resp": 1632.47, "classe_pof": "47558" }, "geometry": { "type": "Polygon", "coordinates": [ [ [ -46.6342353944571, -23.651840730374122 ], [ -46.634451, -23.651703 ], [ -46.634396, -23.651595 ], [ -46.634154100673129, -23.651697300438393 ], [ -46.6342353944571, -23.651840730374122 ] ] ] } },
{ "type": "Feature", "properties": { "loja_id": "AG12", "CD_SETOR": "355030838000770", "fracao": 0.015803030828494363, "pop": 119, "domicilios": 54, "renda_resp": 6307.63, "classe_pof": "47561" }, "geometry": { "type": "Polygon", "coordinates": [ [ [ -46.648257, -23.652206 ], [ -46.6481, -23.652304 ], [ -46.648096210272428, -23.652474406194777 ], [ -46.648343968358255, -23.652336452546919 ], [ -46.648257, -23.652206 ] ] ] } },
{ "type": "Feature", "properties": { "loja_id": "AG12", "CD_SETOR": "355030838000782", "fracao": 1.0, "pop": 224, "domicilios": 97, "renda_resp": 5655.03, "classe_pof": "47561" }, "geometry": { "type": "Polygon", "coordinates": [ [ [ -46.638641, -23.639676 ], [ -46.637058, -23.638958 ], [ -46.637351, -23.639617 ], [ -46.637568, -23.640396 ], [ -46.637684, -23.642194 ], [ -46.638527, -23.642702 ], [ -46.638921, -23.642747 ], [ -46.639198, -23.64261 ], [ -46.639355, -23.64219 ], [ -46.639387, -23.640943 ], [ -46.640121799999974, -23.640099699999951 ], [ -46.63977019999993, -23.639791499999944 ], [ -46.640197899999976, -23.639343399999969 ], [ -46.640573299999978, -23.639636799999948 ], [ -46.64078, -23.639368 ], [ -46.640758, -23.639026 ], [ -46.640454, -23.638754 ], [ -46.640099, -23.638716 ], [ -46.63985, -23.638767 ], [ -46.639314, -23.639497 ], [ -46.63899, -23.639646 ], [ -46.638641, -23.639676 ] ] ] } },
{ "type": "Feature", "properties": { "loja_id": "AG12", "CD_SETOR": "355030838000786", "fracao": 0.010586817038473651, "pop": 132, "domicilios": 52, "renda_resp": 3258.48, "classe_pof": "47560" }, "geometry": { "type": "Polygon", "coordinates": [ [ [ -46.64538326254015, -23.654034853970106 ], [ -46.645153, -23.654148 ], [ -46.644999, -23.654379 ], [ -46.64538326254015, -23.654034853970106 ] ] ] } },
{ "type": "Feature", "properties": { "loja_id": "AG12", "CD_SETOR": "355030838000787", "fracao": 0.71951481771706161, "pop": 0, "domicilios": 0, "renda_resp": null, "classe_pof": null }, "geometry": { "type": "Polygon", "coordinates": [ [ [ -46.640314, -23.646578 ], [ -46.639983199999961, -23.647409 ], [ -46.64018, -23.647439 ], [ -46.640759, -23.647356 ], [ -46.640853899999968, -23.647728699999949 ], [ -46.641252, -23.652566299999933 ], [ -46.641278680373269, -23.654336607198079 ], [ -46.642999, -23.654697 ], [ -46.643463, -23.653999 ], [ -46.643526, -23.652526 ], [ -46.643999, -23.652454 ], [ -46.644692, -23.652999 ], [ -46.644718, -23.653999 ], [ -46.644990805800006, -23.654367918916041 ], [ -46.645153, -23.654148 ], [ -46.645396178311231, -23.654023286542543 ], [ -46.645109, -23.653897 ], [ -46.644844, -23.65361 ], [ -46.644726, -23.65251 ], [ -46.644417, -23.651716 ], [ -46.643042, -23.649955 ], [ -46.641677, -23.648814 ], [ -46.641209, -23.64811 ], [ -46.641064, -23.647762 ], [ -46.640868, -23.646944 ], [ -46.641254, -23.646598 ], [ -46.643325, -23.646263 ], [ -46.642413, -23.644782 ], [ -46.641127, -23.644468 ], [ -46.641068, -23.645055 ], [ -46.640796, -23.645779 ], [ -46.640314, -23.646578 ] ] ] } },
{ "type": "Feature", "properties": { "loja_id": "AG12", "CD_SETOR": "355030838000788", "fracao": 0.16304178721562276, "pop": 783, "domicilios": 306, "renda_resp": 6407.01, "classe_pof": "47561" }, "geometry": { "type": "Polygon", "coordinates": [ [ [ -46.63683019999997, -23.654847299999972 ], [ -46.63686569999993, -23.654653799999949 ], [ -46.636467, -23.653927 ], [ -46.636262692461067, -23.654048686763712 ], [ -46.63683019999997, -23.654847299999972 ] ] ] } },
{ "type": "Feature", "properties": { "loja_id": "AG12", "CD_SETOR": "355030838000801", "fracao": 0.40488870989036918, "pop": 409, "domicilios": 193, "renda_resp": 6178.49, "classe_pof": "47561" }, "geometry": { "type": "Polygon", "coordinates": [ [ [ -46.641335599999934, -23.63686539999998 ], [ -46.64162349999998, -23.637604799999963 ], [ -46.642557, -23.639011 ], [ -46.642848, -23.638817 ], [ -46.642985, -23.638526 ], [ -46.641697, -23.63681 ], [ -46.64173, -23.636675 ], [ -46.642425, -23.636853 ], [ -46.643267, -23.637949 ], [ -46.643524, -23.637366 ], [ -46.643972, -23.637133 ], [ -46.644455, -23.637086 ], [ -46.64456202666117, -23.636814110432063 ], [ -46.643999, -23.636697 ], [ -46.642999, -23.636946 ], [ -46.641999, -23.636076 ], [ -46.641289176897736, -23.635751611861021 ], [ -46.641335599999934, -23.63686539999998 ] ] ] } },
{ "type": "Feature", "properties": { "loja_id": "AG12", "CD_SETOR": "355030838000802", "fracao": 0.068934676152309513, "pop": 324, "domicilios": 123, "renda_resp": 3901.55, "classe_pof": "47560" }, "geometry": { "type": "Polygon", "coordinates": [ [ [ -46.648842, -23.651832 ], [ -46.648208, -23.651641 ], [ -46.647878, -23.651548 ], [ -46.648343968358255, -23.652336452546919 ], [ -46.648842, -23.651832 ] ] ] } },
{ "type": "Feature", "properties": { "loja_id": "AG12", "CD_SETOR": "355030838000804", "fracao": 0.29778063768550056, "pop": 428, "domicilios": 155, "renda_resp": 3775.86, "classe_pof": "47560" }, "geometry": { "type": "Polygon", "coordinates": [ [ [ -46.635258576538021, -23.653249579398867 ], [ -46.635341, -23.652964 ], [ -46.635748, -23.652753 ], [ -46.634934, -23.651393 ], [ -46.634396, -23.651595 ], [ -46.634451, -23.651703 ], [ -46.6342353944571, -23.651840730374122 ], [ -46.634931, -23.653068 ], [ -46.635258576538021, -23.653249579398867 ] ] ] } },
{ "type": "Feature", "properties": { "loja_id": "AG12", "CD_SETOR": "355030838000805", "fracao": 0.068265726950747521, "pop": 23, "domicilios": 9, "renda_resp": 9567.11, "classe_pof": "47562" }, "geometry": { "type": "Polygon", "coordinates": [ [ [ -46.633409651593006, -23.650465306343204 ], [ -46.632832, -23.649059 ], [ -46.633026, -23.648945 ], [ -46.632882, -23.648382 ], [ -46.632958, -23.648138 ], [ -46.633329, -23.647711 ], [ -46.633059, -23.647172 ], [ -46.633004, -23.646545 ], [ -46.63275, -23.646283 ], [ -46.63243639999996, -23.646494 ], [ -46.632182499999942, -23.646321899999975 ], [ -46.631859, -23.645902 ], [ -46.631634, -23.645443599999961 ], [ -46.63128039999998, -23.644139499999941 ], [ -46.631484, -23.644118 ], [ -46.631419203671612, -23.643716812658916 ], [ -46.631277, -23.643999 ], [ -46.631239, -23.646239 ], [ -46.630666, -23.646999 ], [ -46.630999, -23.648031 ], [ -46.631539, -23.647539 ], [ -46.631999, -23.647501 ], [ -46.632622, -23.647999 ], [ -46.632495, -23.648999 ], [ -46.632712, -23.649999 ], [ -46.633409651593006, -23.650465306343204 ] ] ] } },
{ "type": "Feature", "properties": { "loja_id": "AG12", "CD_SETOR": "355030838000807", "fracao": 1.0, "pop": 465, "domicilios": 179, "renda_resp": 6214.92, "classe_pof": "47561" }, "geometry": { "type": "Polygon", "coordinates": [ [ [ -46.633975199999952, -23.650850099999953 ], [ -46.63417069999997, -23.651403899999927 ], [ -46.63423, -23.65128 ], [ -46.634315, -23.651285 ], [ -46.634396, -23.651595 ], [ -46.63731, -23.650465 ], [ -46.638077, -23.650105 ], [ -46.637688, -23.650224 ], [ -46.636534, -23.65001 ], [ -46.636559, -23.649888 ], [ -46.633975199999952, -23.650850099999953 ] ] ] } },
{ "type": "Feature", "properties": { "loja_id": "AG02", "CD_SETOR": "355030845000017", "fracao": 1.0, "pop": 340, "domicilios": 150, "renda_resp": 17219.41, "classe_pof": "47563" }, "geometry": { "type": "Polygon", "coordinates": [ [ [ -46.659332499999948, -23.565431699999976 ], [ -46.660113399999943, -23.56617429999994 ], [ -46.661374, -23.565055499999968 ], [ -46.660614499999951, -23.564323 ], [ -46.659332499999948, -23.565431699999976 ] ] ] } },
{ "type": "Feature", "properties": { "loja_id": "AG02", "CD_SETOR": "355030845000019", "fracao": 0.83453962092651368, "pop": 337, "domicilios": 157, "renda_resp": 17006.9, "classe_pof": "47563" }, "geometry": { "type": "Polygon", "coordinates": [ [ [ -46.660748, -23.566844 ], [ -46.661668499999962, -23.567691199999945 ], [ -46.661868899999945, -23.567509899999944 ], [ -46.661486399999944, -23.567125699999963 ], [ -46.661872043795626, -23.566790146413794 ], [ -46.661804376539727, -23.566368102798922 ], [ -46.661116, -23.566549 ], [ -46.660748, -23.566844 ] ] ] } },
{ "type": "Feature", "properties": { "loja_id": "AG02", "CD_SETOR": "355030845000021", "fracao": 0.0029198873843785441, "pop": 327, "domicilios": 140, "renda_resp": 16217.18, "classe_pof": "47563" }, "geometry": { "type": "Polygon", "coordinates": [ [ [ -46.661938199999952, -23.567446699999952 ], [ -46.661984651988966, -23.567492481244521 ], [ -46.661972272032436, -23.567415268177431 ], [ -46.661938199999952, -23.567446699999952 ] ] ] } },
{ "type": "Feature", "properties": { "loja_id": "AG02", "CD_SETOR": "355030845000038", "fracao": 1.0, "pop": 259, "domicilios": 127, "renda_resp": 15070.74, "classe_pof": "47563" }, "geometry": { "type": "Polygon", "coordinates": [ [ [ -46.657878099999948, -23.565778399999939 ], [ -46.658395099999957, -23.566243499999928 ], [ -46.658997599999964, -23.565720099999965 ], [ -46.658792, -23.565514399999927 ], [ -46.658696, -23.565601399999927 ], [ -46.658537, -23.565422299999963 ], [ -46.658311799999979, -23.565614199999967 ], [ -46.658154899999943, -23.565459699999959 ], [ -46.657878099999948, -23.565778399999939 ] ] ] } },
{ "type": "Feature", "properties": { "loja_id": "AG02", "CD_SETOR": "355030845000040", "fracao": 0.99999999999999978, "pop": 258, "domicilios": 141, "renda_resp": 12903.98, "classe_pof": "47563" }, "geometry": { "type": "Polygon", "coordinates": [ [ [ -46.659144599999934, -23.567049799999946 ], [ -46.660651099999939, -23.568608099999949 ], [ -46.661490199999946, -23.567849899999942 ], [ -46.661181299999953, -23.567549799999941 ], [ -46.660926299999971, -23.567761799999968 ], [ -46.660761699999966, -23.567611499999945 ], [ -46.660468199999968, -23.567865899999966 ], [ -46.660124499999938, -23.567524 ], [ -46.660478499999954, -23.567224399999926 ], [ -46.659907199999964, -23.56663 ], [ -46.660252199999945, -23.566321599999977 ], [ -46.660113399999943, -23.56617429999994 ], [ -46.659144599999934, -23.567049799999946 ] ] ] } },
{ "type": "Feature", "properties": { "loja_id": "AG02", "CD_SETOR": "355030845000041", "fracao": 0.61855702503640697, "pop": 337, "domicilios": 179, "renda_resp": 13337.45, "classe_pof": "47563" }, "geometry": { "type": "Polygon", "coordinates": [ [ [ -46.661668499999962, -23.567691199999945 ], [ -46.660360699999956, -23.56889509999996 ], [ -46.659605099999965, -23.569727399999973 ], [ -46.659996354489465, -23.570136321026574 ], [ -46.661349, -23.569849 ], [ -46.66164938836588, -23.569640256122984 ], [ -46.661248699999931, -23.56921449999993 ], [ -46.66213, -23.568399 ], [ -46.662079989272975, -23.568087090601782 ], [ -46.661668499999962, -23.567691199999945 ] ] ] } },
{ "type": "Feature", "properties": { "loja_id": "AG02", "CD_SETOR": "355030845000042", "fracao": 0.35346323226658627, "pop": 349, "domicilios": 153, "renda_resp": 19318.62, "classe_pof": "47563" }, "geometry": { "type": "Polygon", "coordinates": [ [ [ -46.662120492089841, -23.568450771143883 ], [ -46.661248699999931, -23.56921449999993 ], [ -46.66164938836588, -23.569640256122984 ], [ -46.661939, -23.569439 ], [ -46.662120492089841, -23.568450771143883 ] ] ] } },
{ "type": "Feature", "properties": { "loja_id": "AG02", "CD_SETOR": "355030845000060", "fracao": 0.36534793581591402, "pop": 307, "domicilios": 125, "renda_resp": 15087.22, "classe_pof": "47563" }, "geometry": { "type": "Polygon", "coordinates": [ [ [ -46.659572007474345, -23.563323146005818 ], [ -46.659499, -23.562399 ], [ -46.659372722644306, -23.56226236498469 ], [ -46.658859, -23.562665 ], [ -46.659572007474345, -23.563323146005818 ] ] ] } },
{ "type": "Feature", "properties": { "loja_id": "AG02", "CD_SETOR": "355030845000063", "fracao": 1.0, "pop": 336, "domicilios": 184, "renda_resp": 11021.72, "classe_pof": "47562" }, "geometry": { "type": "Polygon", "coordinates": [ [ [ -46.656493599999976, -23.566508 ], [ -46.657241499999941, -23.567293899999985 ], [ -46.657237499999951, -23.567055599999939 ], [ -46.657163099999934, -23.566969599999926 ], [ -46.657308499999942, -23.566838899999933 ], [ -46.657161699999961, -23.566685399999983 ], [ -46.657641899999931, -23.566262299999941 ], [ -46.657577, -23.566193599999963 ], [ -46.657983699999932, -23.565841699999957 ], [ -46.657618799999966, -23.565537299999956 ], [ -46.656493599999976, -23.566508 ] ] ] } },
{ "type": "Feature", "properties": { "loja_id": "AG02", "CD_SETOR": "355030845000065", "fracao": 0.45551620178373059, "pop": 283, "domicilios": 129, "renda_resp": 11838.56, "classe_pof": "47562" }, "geometry": { "type": "Polygon", "coordinates": [ [ [ -46.659605099999965, -23.569727399999973 ], [ -46.658933199999979, -23.569034499999919 ], [ -46.658831699999951, -23.568927899999945 ], [ -46.658708, -23.569163599999968 ], [ -46.658901399999934, -23.569382799999968 ], [ -46.65868, -23.569583 ], [ -46.658808499999964, -23.569721499999961 ], [ -46.658735591710609, -23.56979576564758 ], [ -46.65934271884818, -23.569984277938115 ], [ -46.659605099999965, -23.569727399999973 ] ] ] } },
{ "type": "Feature", "properties": { "loja_id": "AG02", "CD_SETOR": "355030845000068", "fracao": 0.35698059606239596, "pop": 230, "domicilios": 166, "renda_resp": 11021.66, "classe_pof": "47562" }, "geometry": { "type": "Polygon", "coordinates": [ [ [ -46.659605099999965, -23.569727399999973 ], [ -46.65934271884818, -23.569984277938115 ], [ -46.659996354489465, -23.570136321026574 ], [ -46.659605099999965, -23.569727399999973 ] ] ] } },
{ "type": "Feature", "properties": { "loja_id": "AG02", "CD_SETOR": "355030845000096", "fracao": 1.0, "pop": 266, "domicilios": 149, "renda_resp": 8103.76, "classe_pof": "47561" }, "geometry": { "type": "Polygon", "coordinates": [ [ [ -46.657067299999937, -23.560877599999966 ], [ -46.65757119999995, -23.561366299999975 ], [ -46.657758899999976, -23.561195399999974 ], [ -46.657249199999967, -23.560693499999957 ], [ -46.657067299999937, -23.560877599999966 ] ] ] } },
{ "type": "Feature", "properties": { "loja_id": "AG02", "CD_SETOR": "355030845000097", "fracao": 0.99999999999999989, "pop": 425, "domicilios": 259, "renda_resp": 7133.11, "classe_pof": "47561" }, "geometry": { "type": "Polygon", "coordinates": [ [ [ -46.657758899999976, -23.561195399999974 ], [ -46.65792179999994, -23.561047 ], [ -46.657428899999957, -23.560534199999946 ], [ -46.657249199999967, -23.560693499999957 ], [ -46.657758899999976, -23.561195399999974 ] ] ] } },
{ "type": "Feature", "properties": { "loja_id": "AG02", "CD_SETOR": "355030845000098", "fracao": 0.68985911275870748, "pop": 385, "domicilios": 197, "renda_resp": 14080.97, "classe_pof": "47563" }, "geometry": { "type": "Polygon", "coordinates": [ [ [ -46.655774799999961, -23.561962899999969 ], [ -46.653454566202647, -23.563892611665551 ], [ -46.655017, -23.564282 ], [ -46.654987683509802, -23.564390337621681 ], [ -46.656761, -23.562920399999928 ], [ -46.655774799999961, -23.561962899999969 ] ] ] } },
{ "type": "Feature", "properties": { "loja_id": "AG02", "CD_SETOR": "355030845000099", "fracao": 1.0, "pop": 306, "domicilios": 181, "renda_resp": 12406.39, "classe_pof": "47563" }, "geometry": { "type": "Polygon", "coordinates": [ [ [ -46.656044899999983, -23.563567599999939 ], [ -46.655961699999978, -23.564025399999931 ], [ -46.656279099999949, -23.564417099999947 ], [ -46.655442599999958, -23.565159 ], [ -46.655566699999952, -23.565316099999965 ], [ -46.655535199999974, -23.56554049999994 ], [ -46.657664499999953, -23.563795499999976 ], [ -46.656761, -23.562920399999928 ], [ -46.656044899999983, -23.563567599999939 ] ] ] } },
{ "type": "Feature", "properties": { "loja_id": "AG02", "CD_SETOR": "355030845000100", "fracao": 0.24013070865609612, "pop": 220, "domicilios": 109, "renda_resp": 10481.34, "classe_pof": "47562" }, "geometry": { "type": "Polygon", "coordinates": [ [ [ -46.654814597753656, -23.566132207790513 ], [ -46.655535199999974, -23.56554049999994 ], [ -46.654865696116957, -23.56484113418793 ], [ -46.654646, -23.565653 ], [ -46.654814597753656, -23.566132207790513 ] ] ] } },
{ "type": "Feature", "properties": { "loja_id": "AG02", "CD_SETOR": "355030845000101", "fracao": 0.5079768727990942, "pop": 345, "domicilios": 169, "renda_resp": 12201.41, "classe_pof": "47562" }, "geometry": { "type": "Polygon", "coordinates": [ [ [ -46.655227399999944, -23.566355 ], [ -46.655287, -23.566425099999947 ], [ -46.655437899999981, -23.566290199999962 ], [ -46.655234399999983, -23.566037099999953 ], [ -46.655547199999944, -23.565779899999935 ], [ -46.655535199999974, -23.56554049999994 ], [ -46.654814597753656, -23.566132207790513 ], [ -46.654906, -23.566392 ], [ -46.655088586494109, -23.566467070100167 ], [ -46.655227399999944, -23.566355 ] ] ] } },
{ "type": "Feature", "properties": { "loja_id": "AG02", "CD_SETOR": "355030845000102", "fracao": 0.44255685930585342, "pop": 260, "domicilios": 133, "renda_resp": 13677.32, "classe_pof": "47563" }, "geometry": { "type": "Polygon", "coordinates": [ [ [ -46.656493599999976, -23.566508 ], [ -46.656099899999958, -23.566111499999973 ], [ -46.655535199999974, -23.56554049999994 ], [ -46.655547199999944, -23.565779899999935 ], [ -46.655234399999983, -23.566037099999953 ], [ -46.655437899999981, -23.566290199999962 ], [ -46.655287, -23.566425099999947 ], [ -46.655227399999944, -23.566355 ], [ -46.655088586494109, -23.566467070100167 ], [ -46.656078863343289, -23.566874215240084 ], [ -46.656493599999976, -23.566508 ] ] ] } },
{ "type": "Feature", "properties": { "loja_id": "AG02", "CD_SETOR": "355030845000106", "fracao": 0.98272347153484885, "pop": 279, "domicilios": 126, "renda_resp": 13892.91, "classe_pof": "47563" }, "geometry": { "type": "Polygon", "coordinates": [ [ [ -46.656880599999965, -23.569057099999949 ], [ -46.657864, -23.568179599999951 ], [ -46.657618799999966, -23.567931099999953 ], [ -46.657415899999933, -23.568103199999939 ], [ -46.657319899999948, -23.568009699999955 ], [ -46.656619507171932, -23.568610925830601 ], [ -46.656657219731372, -23.568819698788868 ], [ -46.656880599999965, -23.569057099999949 ] ] ] } },
{ "type": "Feature", "properties": { "loja_id": "AG02", "CD_SETOR": "355030845000172", "fracao": 1.0, "pop": 349, "domicilios": 143, "renda_resp": 17675.62, "classe_pof": "47563" }, "geometry": { "type": "Polygon", "coordinates": [ [ [ -46.660814699999946, -23.566909099999975 ], [ -46.660252199999945, -23.566321599999977 ], [ -46.659907199999964, -23.56663 ], [ -46.660478499999954, -23.567224399999926 ], [ -46.660814699999946, -23.566909099999975 ] ] ] } },
{ "type": "Feature", "properties": { "loja_id": "AG02", "CD_SETOR": "355030845000174", "fracao": 1.0, "pop": 271, "domicilios": 141, "renda_resp": 9654.88, "classe_pof": "47562" }, "geometry": { "type": "Polygon", "coordinates": [ [ [ -46.657241499999941, -23.567293899999985 ], [ -46.658395099999957, -23.566243499999928 ], [ -46.657983699999932, -23.565841699999957 ], [ -46.657577, -23.566193599999963 ], [ -46.657641899999931, -23.566262299999941 ], [ -46.657161699999961, -23.566685399999983 ], [ -46.657308499999942, -23.566838899999933 ], [ -46.657163099999934, -23.566969599999926 ], [ -46.657237499999951, -23.567055599999939 ], [ -46.657241499999941, -23.567293899999985 ] ] ] } },
{ "type": "Feature", "properties": { "loja_id": "AG02", "CD_SETOR": "355030845000183", "fracao": 1.0, "pop": 294, "domicilios": 156, "renda_resp": 14654.0, "classe_pof": "47563" }, "geometry": { "type": "Polygon", "coordinates": [ [ [ -46.660814699999946, -23.566909099999975 ], [ -46.660124499999938, -23.567524 ], [ -46.660468199999968, -23.567865899999966 ], [ -46.660761699999966, -23.567611499999945 ], [ -46.660926299999971, -23.567761799999968 ], [ -46.661181299999953, -23.567549799999941 ], [ -46.661490199999946, -23.567849899999942 ], [ -46.661668499999962, -23.567691199999945 ], [ -46.660814699999946, -23.566909099999975 ] ] ] } },
{ "type": "Feature", "properties": { "loja_id": "AG02", "CD_SETOR": "355030845000195", "fracao": 0.99999999999999978, "pop": 448, "domicilios": 198, "renda_resp": 17901.48, "classe_pof": "47563" }, "geometry": { "type": "Polygon", "coordinates": [ [ [ -46.657618799999966, -23.565537299999956 ], [ -46.657845699999939, -23.565756699999948 ], [ -46.658154899999943, -23.565459699999959 ], [ -46.658311799999979, -23.565614199999967 ], [ -46.658537, -23.565422299999963 ], [ -46.658696, -23.565601399999927 ], [ -46.658792, -23.565514399999927 ], [ -46.658997599999964, -23.565720099999965 ], [ -46.659332499999948, -23.565431699999976 ], [ -46.658578099999943, -23.564694499999966 ], [ -46.657618799999966, -23.565537299999956 ] ] ] } },
{ "type": "Feature", "properties": { "loja_id": "AG02", "CD_SETOR": "355030845000204", "fracao": 1.0, "pop": 213, "domicilios": 118, "renda_resp": 13848.02, "classe_pof": "47563" }, "geometry": { "type": "Polygon", "coordinates": [ [ [ -46.657241499999941, -23.567293899999985 ], [ -46.657994099999939, -23.568064399999965 ], [ -46.659144599999934, -23.567049799999946 ], [ -46.658395099999957, -23.566243499999928 ], [ -46.657241499999941, -23.567293899999985 ] ] ] } },
{ "type": "Feature", "properties": { "loja_id": "AG02", "CD_SETOR": "355030845000205", "fracao": 0.25198640691901852, "pop": 372, "domicilios": 156, "renda_resp": 19740.89, "classe_pof": "47563" }, "geometry": { "type": "Polygon", "coordinates": [ [ [ -46.658129499999973, -23.569581899999932 ], [ -46.658735591710609, -23.56979576564758 ], [ -46.658808499999964, -23.569721499999961 ], [ -46.65868, -23.569583 ], [ -46.658901399999934, -23.569382799999968 ], [ -46.658708, -23.569163599999968 ], [ -46.658831699999951, -23.568927899999945 ], [ -46.658129499999973, -23.569581899999932 ] ] ] } },
{ "type": "Feature", "properties": { "loja_id": "AG02", "CD_SETOR": "355030845000224", "fracao": 0.00054231044465254802, "pop": 367, "domicilios": 164, "renda_resp": 19584.97, "classe_pof": "47563" }, "geometry": { "type": "Polygon", "coordinates": [ [ [ -46.661519480556983, -23.565192423946332 ], [ -46.661479479194725, -23.565128623914081 ], [ -46.66146619999995, -23.565139399999964 ], [ -46.661519480556983, -23.565192423946332 ] ] ] } },
{ "type": "Feature", "properties": { "loja_id": "AG02", "CD_SETOR": "355030845000225", "fracao": 0.0027264234874033845, "pop": 248, "domicilios": 117, "renda_resp": 30274.53, "classe_pof": "47564" }, "geometry": { "type": "Polygon", "coordinates": [ [ [ -46.661374, -23.565055499999968 ], [ -46.661479479194725, -23.565128623914081 ], [ -46.661412760373267, -23.565022210793181 ], [ -46.661374, -23.565055499999968 ] ] ] } },
{ "type": "Feature", "properties": { "loja_id": "AG02", "CD_SETOR": "355030845000238", "fracao": 0.22376566186112376, "pop": 235, "domicilios": 92, "renda_resp": 17405.52, "classe_pof": "47563" }, "geometry": { "type": "Polygon", "coordinates": [ [ [ -46.660614499999951, -23.564323 ], [ -46.66111369999993, -23.56480079999994 ], [ -46.661215508757884, -23.564707603266591 ], [ -46.660975, -23.564324 ], [ -46.660766745973909, -23.564186109785872 ], [ -46.660614499999951, -23.564323 ] ] ] } },
{ "type": "Feature", "properties": { "loja_id": "AG02", "CD_SETOR": "355030845000239", "fracao": 0.047230787081481887, "pop": 220, "domicilios": 99, "renda_resp": 19690.83, "classe_pof": "47563" }, "geometry": { "type": "Polygon", "coordinates": [ [ [ -46.66111369999993, -23.56480079999994 ], [ -46.661412760373267, -23.565022210793181 ], [ -46.661215508757884, -23.564707603266591 ], [ -46.66111369999993, -23.56480079999994 ] ] ] } },
{ "type": "Feature", "properties": { "loja_id": "AG02", "CD_SETOR": "355030845000240", "fracao": 1.0, "pop": 308, "domicilios": 143, "renda_resp": 15512.14, "classe_pof": "47563" }, "geometry": { "type": "Polygon", "coordinates": [ [ [ -46.660113399999943, -23.56617429999994 ], [ -46.660679, -23.566776499999946 ], [ -46.660982699999977, -23.566524399999931 ], [ -46.660864899999979, -23.566384099999937 ], [ -46.661024199999986, -23.566254799999967 ], [ -46.66154169999993, -23.566136299999979 ], [ -46.661565899999971, -23.566071 ], [ -46.661168699999962, -23.565663099999934 ], [ -46.661361399999976, -23.565475699999979 ], [ -46.661234, -23.565325799999979 ], [ -46.661349299999983, -23.565213 ], [ -46.661288899999931, -23.565128499999965 ], [ -46.660113399999943, -23.56617429999994 ] ] ] } },
{ "type": "Feature", "properties": { "loja_id": "AG02", "CD_SETOR": "355030845000241", "fracao": 0.6528719397868803, "pop": 306, "domicilios": 141, "renda_resp": 19203.28, "classe_pof": "47563" }, "geometry": { "type": "Polygon", "coordinates": [ [ [ -46.661349299999983, -23.565213 ], [ -46.661234, -23.565325799999979 ], [ -46.661361399999976, -23.565475699999979 ], [ -46.661168699999962, -23.565663099999934 ], [ -46.661565899999971, -23.566071 ], [ -46.66154169999993, -23.566136299999979 ], [ -46.661024199999986, -23.566254799999967 ], [ -46.660864899999979, -23.566384099999937 ], [ -46.660982699999977, -23.566524399999931 ], [ -46.660679, -23.566776499999946 ], [ -46.660748, -23.566844 ], [ -46.661188, -23.566515 ], [ -46.661804376539727, -23.566368102798922 ], [ -46.661649, -23.565399 ], [ -46.661374, -23.565055499999968 ], [ -46.661288899999931, -23.565128499999965 ], [ -46.661349299999983, -23.565213 ] ] ] } },
{ "type": "Feature", "properties": { "loja_id": "AG02", "CD_SETOR": "355030845000242", "fracao": 0.20466841319171686, "pop": 132, "domicilios": 63, "renda_resp": 18989.52, "classe_pof": "47563" }, "geometry": { "type": "Polygon", "coordinates": [ [ [ -46.661668499999962, -23.567691199999945 ], [ -46.662079989272975, -23.568087090601782 ], [ -46.661938199999952, -23.567446699999952 ], [ -46.661668499999962, -23.567691199999945 ] ] ] } },
{ "type": "Feature", "properties": { "loja_id": "AG02", "CD_SETOR": "355030845000249", "fracao": 0.19713747634379278, "pop": 225, "domicilios": 97, "renda_resp": 18136.04, "classe_pof": "47563" }, "geometry": { "type": "Polygon", "coordinates": [ [ [ -46.659846990931008, -23.563577109867804 ], [ -46.660614499999951, -23.564323 ], [ -46.660766745973909, -23.564186109785872 ], [ -46.659846990931008, -23.563577109867804 ] ] ] } },
{ "type": "Feature", "properties": { "loja_id": "AG02", "CD_SETOR": "355030845000250", "fracao": 1.0, "pop": 205, "domicilios": 92, "renda_resp": 12905.43, "classe_pof": "47563" }, "geometry": { "type": "Polygon", "coordinates": [ [ [ -46.660113399999943, -23.56617429999994 ], [ -46.659477899999956, -23.565569899999957 ], [ -46.659264899999982, -23.565772299999928 ], [ -46.659513599999968, -23.566048099999936 ], [ -46.658987899999943, -23.566535899999966 ], [ -46.659318399999968, -23.566890199999939 ], [ -46.660113399999943, -23.56617429999994 ] ] ] } },
{ "type": "Feature", "properties": { "loja_id": "AG02", "CD_SETOR": "355030845000251", "fracao": 0.99999999999999978, "pop": 200, "domicilios": 105, "renda_resp": 16109.82, "classe_pof": "47563" }, "geometry": { "type": "Polygon", "coordinates": [ [ [ -46.659332499999948, -23.565431699999976 ], [ -46.658395099999957, -23.566243499999928 ], [ -46.659144599999934, -23.567049799999946 ], [ -46.659318399999968, -23.566890199999939 ], [ -46.658987899999943, -23.566535899999966 ], [ -46.659513599999968, -23.566048099999936 ], [ -46.659264899999982, -23.565772299999928 ], [ -46.659477899999956, -23.565569899999957 ], [ -46.659332499999948, -23.565431699999976 ] ] ] } },
{ "type": "Feature", "properties": { "loja_id": "AG02", "CD_SETOR": "355030845000262", "fracao": 0.99999999999999978, "pop": 255, "domicilios": 139, "renda_resp": 11488.24, "classe_pof": "47562" }, "geometry": { "type": "Polygon", "coordinates": [ [ [ -46.658911899999964, -23.567292799999958 ], [ -46.659229899999957, -23.567632499999938 ], [ -46.658983899999953, -23.567859599999959 ], [ -46.659695399999976, -23.568635399999945 ], [ -46.659799499999963, -23.56853129999995 ], [ -46.66000269999995, -23.568739199999982 ], [ -46.66010319999998, -23.568648499999941 ], [ -46.660360699999956, -23.56889509999996 ], [ -46.660651099999939, -23.568608099999949 ], [ -46.659144599999934, -23.567049799999946 ], [ -46.658911899999964, -23.567292799999958 ] ] ] } },
{ "type": "Feature", "properties": { "loja_id": "AG02", "CD_SETOR": "355030845000263", "fracao": 1.0, "pop": 433, "domicilios": 186, "renda_resp": 14109.46, "classe_pof": "47563" }, "geometry": { "type": "Polygon", "coordinates": [ [ [ -46.657994099999939, -23.568064399999965 ], [ -46.659605099999965, -23.569727399999973 ], [ -46.660360699999956, -23.56889509999996 ], [ -46.66010319999998, -23.568648499999941 ], [ -46.66000269999995, -23.568739199999982 ], [ -46.659799499999963, -23.56853129999995 ], [ -46.659695399999976, -23.568635399999945 ], [ -46.658983899999953, -23.567859599999959 ], [ -46.659229899999957, -23.567632499999938 ], [ -46.65888149999995, -23.567267199999939 ], [ -46.657994099999939, -23.568064399999965 ] ] ] } },
{ "type": "Feature", "properties": { "loja_id": "AG02", "CD_SETOR": "355030845000334", "fracao": 0.668289008898165, "pop": 305, "domicilios": 133, "renda_resp": 21157.88, "classe_pof": "47564" }, "geometry": { "type": "Polygon", "coordinates": [ [ [ -46.657428899999957, -23.560534199999946 ], [ -46.65792179999994, -23.561047 ], [ -46.65757119999995, -23.561366299999975 ], [ -46.657061599999963, -23.560859799999939 ], [ -46.655774799999961, -23.561962899999969 ], [ -46.657664499999953, -23.563795499999976 ], [ -46.659372722644306, -23.56226236498469 ], [ -46.65909565998431, -23.561962575367616 ], [ -46.658949299999968, -23.562100899999958 ], [ -46.658823199999972, -23.56197479999997 ], [ -46.65897359639871, -23.56183049850419 ], [ -46.658731, -23.561568 ], [ -46.659026, -23.560399 ], [ -46.658991, -23.559399 ], [ -46.658803564831416, -23.559315581483936 ], [ -46.657428899999957, -23.560534199999946 ] ] ] } },
{ "type": "Feature", "properties": { "loja_id": "AG02", "CD_SETOR": "355030845000335", "fracao": 0.24432864805136517, "pop": 138, "domicilios": 73, "renda_resp": 16271.43, "classe_pof": "47563" }, "geometry": { "type": "Polygon", "coordinates": [ [ [ -46.658823199999972, -23.56197479999997 ], [ -46.658949299999968, -23.562100899999958 ], [ -46.65909565998431, -23.561962575367616 ], [ -46.65897359639871, -23.56183049850419 ], [ -46.658823199999972, -23.56197479999997 ] ] ] } },
{ "type": "Feature", "properties": { "loja_id": "AG02", "CD_SETOR": "355030845000336", "fracao": 0.12785642604924566, "pop": 293, "domicilios": 144, "renda_resp": 12654.93, "classe_pof": "47563" }, "geometry": { "type": "Polygon", "coordinates": [ [ [ -46.656500554557326, -23.567952410812492 ], [ -46.656679399999973, -23.56773939999994 ], [ -46.656412213041037, -23.567463351975132 ], [ -46.656500554557326, -23.567952410812492 ] ] ] } },
{ "type": "Feature", "properties": { "loja_id": "AG02", "CD_SETOR": "355030845000337", "fracao": 0.99247051115309215, "pop": 138, "domicilios": 73, "renda_resp": 13653.41, "classe_pof": "47563" }, "geometry": { "type": "Polygon", "coordinates": [ [ [ -46.656397709374403, -23.567383059224074 ], [ -46.656708099999953, -23.567768 ], [ -46.657241499999941, -23.567293899999985 ], [ -46.65702559999994, -23.567267399999931 ], [ -46.656809199999941, -23.56740289999993 ], [ -46.656599899999947, -23.567213699999957 ], [ -46.656397709374403, -23.567383059224074 ] ] ] } },
{ "type": "Feature", "properties": { "loja_id": "AG02", "CD_SETOR": "355030845000339", "fracao": 0.53398839884099869, "pop": 219, "domicilios": 103, "renda_resp": 12330.05, "classe_pof": "47562" }, "geometry": { "type": "Polygon", "coordinates": [ [ [ -46.656599899999947, -23.567213699999957 ], [ -46.656809199999941, -23.56740289999993 ], [ -46.65702559999994, -23.567267399999931 ], [ -46.657241499999941, -23.567293899999985 ], [ -46.656493599999976, -23.566508 ], [ -46.656078863343289, -23.566874215240084 ], [ -46.656324, -23.566975 ], [ -46.656397709374403, -23.567383059224074 ], [ -46.656599899999947, -23.567213699999957 ] ] ] } },
{ "type": "Feature", "properties": { "loja_id": "AG02", "CD_SETOR": "355030845000340", "fracao": 0.66042033972832692, "pop": 295, "domicilios": 119, "renda_resp": 23701.72, "classe_pof": "47564" }, "geometry": { "type": "Polygon", "coordinates": [ [ [ -46.656500554557326, -23.567952410812492 ], [ -46.656619507171932, -23.568610925830601 ], [ -46.657319899999948, -23.568009699999955 ], [ -46.657415899999933, -23.568103199999939 ], [ -46.657618799999966, -23.567931099999953 ], [ -46.657864, -23.568179599999951 ], [ -46.657994099999939, -23.568064399999965 ], [ -46.657241499999941, -23.567293899999985 ], [ -46.656500554557326, -23.567952410812492 ] ] ] } },
{ "type": "Feature", "properties": { "loja_id": "AG02", "CD_SETOR": "355030845000341", "fracao": 0.16017925063410748, "pop": 175, "domicilios": 84, "renda_resp": 13228.6, "classe_pof": "47563" }, "geometry": { "type": "Polygon", "coordinates": [ [ [ -46.656880599999965, -23.569057099999949 ], [ -46.656657219731372, -23.568819698788868 ], [ -46.656723811595086, -23.569188342735941 ], [ -46.656880599999965, -23.569057099999949 ] ] ] } },
{ "type": "Feature", "properties": { "loja_id": "AG02", "CD_SETOR": "355030845000342", "fracao": 0.75540096815191304, "pop": 235, "domicilios": 91, "renda_resp": 19624.37, "classe_pof": "47563" }, "geometry": { "type": "Polygon", "coordinates": [ [ [ -46.657994099999939, -23.568064399999965 ], [ -46.656723811595086, -23.569188342735941 ], [ -46.656783, -23.569516 ], [ -46.657899, -23.569536 ], [ -46.658108827225256, -23.569601152866838 ], [ -46.657728599999984, -23.569151399999942 ], [ -46.658005299999957, -23.568917 ], [ -46.658418299999937, -23.569312899999943 ], [ -46.658831699999951, -23.568927899999945 ], [ -46.657994099999939, -23.568064399999965 ] ] ] } },
{ "type": "Feature", "properties": { "loja_id": "AG02", "CD_SETOR": "355030845000343", "fracao": 1.0, "pop": 84, "domicilios": 53, "renda_resp": 13148.73, "classe_pof": "47563" }, "geometry": { "type": "Polygon", "coordinates": [ [ [ -46.658418299999937, -23.569312899999943 ], [ -46.658005299999957, -23.568917 ], [ -46.657728599999984, -23.569151399999942 ], [ -46.658129499999973, -23.569581899999932 ], [ -46.658418299999937, -23.569312899999943 ] ] ] } },
{ "type": "Feature", "properties": { "loja_id": "AG02", "CD_SETOR": "355030845000389", "fracao": 1.0, "pop": 256, "domicilios": 128, "renda_resp": 20795.18, "classe_pof": "47564" }, "geometry": { "type": "Polygon", "coordinates": [ [ [ -46.659332499999948, -23.565431699999976 ], [ -46.660614499999951, -23.564323 ], [ -46.66037179999995, -23.564087199999953 ], [ -46.659974099999943, -23.564464199999978 ], [ -46.659798099999932, -23.564288199999961 ], [ -46.65923829999997, -23.564784599999935 ], [ -46.658880899999986, -23.564424399999954 ], [ -46.658578099999943, -23.564694499999966 ], [ -46.659332499999948, -23.565431699999976 ] ] ] } },
{ "type": "Feature", "properties": { "loja_id": "AG02", "CD_SETOR": "355030845000390", "fracao": 0.99672827737128245, "pop": 138, "domicilios": 47, "renda_resp": 26883.06, "classe_pof": "47564" }, "geometry": { "type": "Polygon", "coordinates": [ [ [ -46.657664499999953, -23.563795499999976 ], [ -46.658578099999943, -23.564694499999966 ], [ -46.658880899999986, -23.564424399999954 ], [ -46.65923829999997, -23.564784599999935 ], [ -46.659798099999932, -23.564288199999961 ], [ -46.659974099999943, -23.564464199999978 ], [ -46.66037179999995, -23.564087199999953 ], [ -46.658859, -23.562665 ], [ -46.657664499999953, -23.563795499999976 ] ] ] } },
{ "type": "Feature", "properties": { "loja_id": "AG02", "CD_SETOR": "355030845000420", "fracao": 1.0, "pop": 123, "domicilios": 93, "renda_resp": 11051.14, "classe_pof": "47562" }, "geometry": { "type": "Polygon", "coordinates": [ [ [ -46.658035599999948, -23.564160699999949 ], [ -46.657679299999984, -23.564506 ], [ -46.657869399999981, -23.564691199999974 ], [ -46.657979, -23.564607099999925 ], [ -46.658115699999939, -23.56473619999997 ], [ -46.658368699999983, -23.564483599999953 ], [ -46.658035599999948, -23.564160699999949 ] ] ] } },
{ "type": "Feature", "properties": { "loja_id": "AG02", "CD_SETOR": "355030845000421", "fracao": 0.99999999999999989, "pop": 233, "domicilios": 105, "renda_resp": 13581.2, "classe_pof": "47563" }, "geometry": { "type": "Polygon", "coordinates": [ [ [ -46.657074499999965, -23.564265699999968 ], [ -46.65738239999996, -23.565190899999944 ], [ -46.657618799999966, -23.565537299999956 ], [ -46.658578099999943, -23.564694499999966 ], [ -46.658368699999983, -23.564483599999953 ], [ -46.658115699999939, -23.56473619999997 ], [ -46.657979, -23.564607099999925 ], [ -46.657869399999981, -23.564691199999974 ], [ -46.657679299999984, -23.564506 ], [ -46.658035599999948, -23.564160699999949 ], [ -46.657664499999953, -23.563795499999976 ], [ -46.657074499999965, -23.564265699999968 ] ] ] } },
{ "type": "Feature", "properties": { "loja_id": "AG02", "CD_SETOR": "355030845000422", "fracao": 1.0, "pop": 436, "domicilios": 187, "renda_resp": 20746.74, "classe_pof": "47564" }, "geometry": { "type": "Polygon", "coordinates": [ [ [ -46.655843199999936, -23.565852 ], [ -46.656047399999977, -23.565691799999968 ], [ -46.656234599999948, -23.565892099999921 ], [ -46.65677519999997, -23.565454 ], [ -46.657187, -23.565896799999955 ], [ -46.657618799999966, -23.565537299999956 ], [ -46.65738239999996, -23.565190899999944 ], [ -46.657074499999965, -23.564265699999968 ], [ -46.655535199999974, -23.56554049999994 ], [ -46.655843199999936, -23.565852 ] ] ] } },
{ "type": "Feature", "properties": { "loja_id": "AG02", "CD_SETOR": "355030845000423", "fracao": 0.99999999999999989, "pop": 176, "domicilios": 87, "renda_resp": 15520.84, "classe_pof": "47563" }, "geometry": { "type": "Polygon", "coordinates": [ [ [ -46.655843199999936, -23.565852 ], [ -46.656493599999976, -23.566508 ], [ -46.657187, -23.565896799999955 ], [ -46.65677519999997, -23.565454 ], [ -46.656234599999948, -23.565892099999921 ], [ -46.656047399999977, -23.565691799999968 ], [ -46.655843199999936, -23.565852 ] ] ] } },
{ "type": "Feature", "properties": { "loja_id": "AG02", "CD_SETOR": "355030845000424", "fracao": 1.0, "pop": 148, "domicilios": 97, "renda_resp": 8711.63, "classe_pof": "47562" }, "geometry": { "type": "Polygon", "coordinates": [ [ [ -46.655202699999961, -23.564263799999942 ], [ -46.65576509999994, -23.564867799999941 ], [ -46.656279099999949, -23.564417099999947 ], [ -46.655961699999978, -23.564025399999931 ], [ -46.656047899999976, -23.563513199999935 ], [ -46.655202699999961, -23.564263799999942 ] ] ] } },
{ "type": "Feature", "properties": { "loja_id": "AG02", "CD_SETOR": "355030845000425", "fracao": 0.91150553324324213, "pop": 194, "domicilios": 95, "renda_resp": 10233.33, "classe_pof": "47562" }, "geometry": { "type": "Polygon", "coordinates": [ [ [ -46.655535199999974, -23.56554049999994 ], [ -46.655566699999952, -23.565316099999965 ], [ -46.655442599999958, -23.565159 ], [ -46.65576509999994, -23.564867799999941 ], [ -46.655171199999984, -23.564238499999927 ], [ -46.654987683509802, -23.564390337621681 ], [ -46.654865696116957, -23.56484113418793 ], [ -46.655535199999974, -23.56554049999994 ] ] ] } },
{ "type": "Feature", "properties": { "loja_id": "AG02", "CD_SETOR": "355030845000443", "fracao": 0.4249406426195283, "pop": 167, "domicilios": 90, "renda_resp": 16051.87, "classe_pof": "47563" }, "geometry": { "type": "Polygon", "coordinates": [ [ [ -46.661486399999944, -23.567125699999963 ], [ -46.661868899999945, -23.567509899999944 ], [ -46.661972272032436, -23.567415268177431 ], [ -46.661872043795626, -23.566790146413794 ], [ -46.661486399999944, -23.567125699999963 ] ] ] } },
{ "type": "Feature", "properties": { "loja_id": "AG11", "CD_SETOR": "355030848000001", "fracao": 0.99999999999999967, "pop": 324, "domicilios": 140, "renda_resp": 6721.85, "classe_pof": "47561" }, "geometry": { "type": "Polygon", "coordinates": [ [ [ -46.702984, -23.524798 ], [ -46.703113, -23.526387 ], [ -46.703499, -23.526601 ], [ -46.703922, -23.526962 ], [ -46.704667, -23.527827 ], [ -46.704896599999984, -23.527806399999974 ], [ -46.704718299999968, -23.527281899999938 ], [ -46.704178, -23.526716 ], [ -46.704447, -23.526521 ], [ -46.704393, -23.526167 ], [ -46.704267, -23.52612 ], [ -46.704171, -23.525552 ], [ -46.706216, -23.525221 ], [ -46.705341, -23.524527 ], [ -46.702984, -23.524798 ] ] ] } },
{ "type": "Feature", "properties": { "loja_id": "AG11", "CD_SETOR": "355030848000004", "fracao": 0.99999999999999978, "pop": 326, "domicilios": 134, "renda_resp": 5525.83, "classe_pof": "47561" }, "geometry": { "type": "Polygon", "coordinates": [ [ [ -46.702467, -23.525774 ], [ -46.702767, -23.527197 ], [ -46.703128, -23.528213 ], [ -46.702724, -23.528311 ], [ -46.702942, -23.529132 ], [ -46.702762, -23.530565 ], [ -46.703346, -23.530625 ], [ -46.703441, -23.529849 ], [ -46.703572, -23.529574 ], [ -46.703849, -23.529294 ], [ -46.704276, -23.529119 ], [ -46.703912, -23.528016 ], [ -46.703796, -23.527854 ], [ -46.703524, -23.527794 ], [ -46.703217, -23.526866 ], [ -46.703008, -23.525722 ], [ -46.702467, -23.525774 ] ] ] } },
{ "type": "Feature", "properties": { "loja_id": "AG11", "CD_SETOR": "355030848000005", "fracao": 0.99922552887944271, "pop": 326, "domicilios": 125, "renda_resp": 7367.53, "classe_pof": "47561" }, "geometry": { "type": "Polygon", "coordinates": [ [ [ -46.704276, -23.529119 ], [ -46.70469, -23.529129 ], [ -46.705093, -23.529291 ], [ -46.705454, -23.529688 ], [ -46.705548, -23.530156 ], [ -46.70547, -23.530857 ], [ -46.706166, -23.530931 ], [ -46.70623, -23.530565 ], [ -46.70618, -23.529692 ], [ -46.706115, -23.529365 ], [ -46.70584, -23.528784 ], [ -46.705246, -23.528135 ], [ -46.704848, -23.527811 ], [ -46.704667, -23.527827 ], [ -46.703724, -23.526783 ], [ -46.703113, -23.526387 ], [ -46.703524, -23.527794 ], [ -46.70369, -23.527807 ], [ -46.703855, -23.527922 ], [ -46.704276, -23.529119 ] ] ] } },
{ "type": "Feature", "properties": { "loja_id": "AG11", "CD_SETOR": "355030848000008", "fracao": 1.0, "pop": 408, "domicilios": 153, "renda_resp": 6886.08, "classe_pof": "47561" }, "geometry": { "type": "Polygon", "coordinates": [ [ [ -46.705364, -23.524552 ], [ -46.706751, -23.5256 ], [ -46.705183, -23.526231 ], [ -46.705914, -23.527806 ], [ -46.708401, -23.526773 ], [ -46.708778, -23.526726 ], [ -46.709154699999942, -23.524975599999944 ], [ -46.706424, -23.524412 ], [ -46.705029, -23.524004 ], [ -46.70496, -23.524075 ], [ -46.705364, -23.524552 ] ] ] } },
{ "type": "Feature", "properties": { "loja_id": "AG11", "CD_SETOR": "355030848000012", "fracao": 1.0, "pop": 364, "domicilios": 145, "renda_resp": 9651.59, "classe_pof": "47562" }, "geometry": { "type": "Polygon", "coordinates": [ [ [ -46.700654, -23.527073 ], [ -46.697803, -23.527084 ], [ -46.697841, -23.528125 ], [ -46.700723, -23.528122 ], [ -46.700654, -23.527073 ] ] ] } },
{ "type": "Feature", "properties": { "loja_id": "AG11", "CD_SETOR": "355030848000013", "fracao": 8.730442248199137e-05, "pop": 427, "domicilios": 185, "renda_resp": 7684.58, "classe_pof": "47561" }, "geometry": { "type": "Polygon", "coordinates": [ [ [ -46.699344, -23.52916 ], [ -46.699307058308875, -23.529160515537569 ], [ -46.699342782295929, -23.529183867009177 ], [ -46.699344, -23.52916 ] ] ] } },
{ "type": "Feature", "properties": { "loja_id": "AG11", "CD_SETOR": "355030848000014", "fracao": 0.69804934593597945, "pop": 281, "domicilios": 127, "renda_resp": 6000.21, "classe_pof": "47561" }, "geometry": { "type": "Polygon", "coordinates": [ [ [ -46.701579, -23.530182 ], [ -46.701582, -23.530387 ], [ -46.701921, -23.530341 ], [ -46.702166, -23.529186 ], [ -46.699344, -23.52916 ], [ -46.700599, -23.530005 ], [ -46.700780150946649, -23.530243578365319 ], [ -46.701579, -23.530182 ] ] ] } },
{ "type": "Feature", "properties": { "loja_id": "AG11", "CD_SETOR": "355030848000015", "fracao": 0.347002589863253, "pop": 375, "domicilios": 152, "renda_resp": 7118.65, "classe_pof": "47561" }, "geometry": { "type": "Polygon", "coordinates": [ [ [ -46.702526, -23.528334 ], [ -46.702273059864226, -23.531746659130171 ], [ -46.702599, -23.531952 ], [ -46.702942, -23.529132 ], [ -46.702724, -23.528311 ], [ -46.702526, -23.528334 ] ] ] } },
{ "type": "Feature", "properties": { "loja_id": "AG11", "CD_SETOR": "355030848000017", "fracao": 1.0, "pop": 470, "domicilios": 197, "renda_resp": 11869.09, "classe_pof": "47562" }, "geometry": { "type": "Polygon", "coordinates": [ [ [ -46.703346, -23.530625 ], [ -46.704433, -23.530745 ], [ -46.704538, -23.529934 ], [ -46.704276, -23.529119 ], [ -46.703756, -23.529364 ], [ -46.703441, -23.529849 ], [ -46.703346, -23.530625 ] ] ] } },
{ "type": "Feature", "properties": { "loja_id": "AG11", "CD_SETOR": "355030848000025", "fracao": 0.58454773165977414, "pop": 417, "domicilios": 138, "renda_resp": 19045.26, "classe_pof": "47563" }, "geometry": { "type": "Polygon", "coordinates": [ [ [ -46.708815, -23.526732 ], [ -46.709137, -23.526962 ], [ -46.709752, -23.527991 ], [ -46.710537, -23.528627 ], [ -46.71039, -23.528755 ], [ -46.710295, -23.529028 ], [ -46.710469980987753, -23.529577038366355 ], [ -46.71065, -23.529599 ], [ -46.71225150013138, -23.528074366195966 ], [ -46.711626, -23.527413 ], [ -46.710924, -23.527114 ], [ -46.711296, -23.525391 ], [ -46.709154699999942, -23.524975599999944 ], [ -46.708815, -23.526732 ] ] ] } },
{ "type": "Feature", "properties": { "loja_id": "AG11", "CD_SETOR": "355030848000026", "fracao": 0.99999999999999989, "pop": 382, "domicilios": 170, "renda_resp": 9453.1, "classe_pof": "47562" }, "geometry": { "type": "Polygon", "coordinates": [ [ [ -46.709154699999942, -23.524975599999944 ], [ -46.713338, -23.525749 ], [ -46.713427, -23.524885 ], [ -46.71267, -23.524697 ], [ -46.712055, -23.524406 ], [ -46.711223, -23.5237 ], [ -46.710915, -23.523794 ], [ -46.709259, -23.523686 ], [ -46.709154699999942, -23.524975599999944 ] ] ] } },
{ "type": "Feature", "properties": { "loja_id": "AG11", "CD_SETOR": "355030848000028", "fracao": 1.0, "pop": 315, "domicilios": 138, "renda_resp": 6740.69, "classe_pof": "47561" }, "geometry": { "type": "Polygon", "coordinates": [ [ [ -46.702808, -23.521269 ], [ -46.702912, -23.521399 ], [ -46.702908, -23.522673 ], [ -46.703984, -23.522641 ], [ -46.704067599999973, -23.522621799999971 ], [ -46.703911, -23.522243 ], [ -46.704155, -23.522164 ], [ -46.707359, -23.522438 ], [ -46.707527, -23.521011 ], [ -46.707501, -23.520966 ], [ -46.70476, -23.521478 ], [ -46.704286, -23.520539 ], [ -46.702894, -23.52115 ], [ -46.702808, -23.521269 ] ] ] } },
{ "type": "Feature", "properties": { "loja_id": "AG11", "CD_SETOR": "355030848000030", "fracao": 1.0, "pop": 325, "domicilios": 149, "renda_resp": 3611.15, "classe_pof": "47560" }, "geometry": { "type": "Polygon", "coordinates": [ [ [ -46.698847, -23.51742 ], [ -46.699947, -23.519069 ], [ -46.700046099999952, -23.519028099999957 ], [ -46.700209, -23.519227 ], [ -46.701036, -23.518861 ], [ -46.700294, -23.516738 ], [ -46.699862, -23.516863 ], [ -46.699431, -23.516733 ], [ -46.699287, -23.517041 ], [ -46.699309, -23.517352 ], [ -46.698898, -23.517303 ], [ -46.698847, -23.51742 ] ] ] } },
{ "type": "Feature", "properties": { "loja_id": "AG11", "CD_SETOR": "355030848000031", "fracao": 0.99999999999999978, "pop": 483, "domicilios": 192, "renda_resp": 5045.05, "classe_pof": "47561" }, "geometry": { "type": "Polygon", "coordinates": [ [ [ -46.698687, -23.51798 ], [ -46.697387, -23.518537 ], [ -46.698179, -23.520092 ], [ -46.699512, -23.51951 ], [ -46.698687, -23.51798 ] ] ] } },
{ "type": "Feature", "properties": { "loja_id": "AG11", "CD_SETOR": "355030848000037", "fracao": 0.71617474945026705, "pop": 227, "domicilios": 109, "renda_resp": 9550.28, "classe_pof": "47562" }, "geometry": { "type": "Polygon", "coordinates": [ [ [ -46.69547369999998, -23.526025 ], [ -46.696627, -23.526028 ], [ -46.696586, -23.52496 ], [ -46.694497299837053, -23.524953694667417 ], [ -46.695274, -23.525925 ], [ -46.69547369999998, -23.526025 ] ] ] } },
{ "type": "Feature", "properties": { "loja_id": "AG11", "CD_SETOR": "355030848000044", "fracao": 0.29172647709182703, "pop": 447, "domicilios": 177, "renda_resp": 5621.19, "classe_pof": "47561" }, "geometry": { "type": "Polygon", "coordinates": [ [ [ -46.702273059864226, -23.531746659130171 ], [ -46.702393, -23.530283 ], [ -46.701582, -23.530387 ], [ -46.701579, -23.530182 ], [ -46.700780150946649, -23.530243578365319 ], [ -46.701599, -23.531322 ], [ -46.702273059864226, -23.531746659130171 ] ] ] } },
{ "type": "Feature", "properties": { "loja_id": "AG11", "CD_SETOR": "355030848000055", "fracao": 0.11911280694972572, "pop": 596, "domicilios": 187, "renda_resp": 8431.47, "classe_pof": "47562" }, "geometry": { "type": "Polygon", "coordinates": [ [ [ -46.713516, -23.523987 ], [ -46.713338, -23.525749 ], [ -46.713965636753457, -23.525755678225018 ], [ -46.714432, -23.524599 ], [ -46.714456030351961, -23.523860924871826 ], [ -46.713941, -23.523991 ], [ -46.713516, -23.523987 ] ] ] } },
{ "type": "Feature", "properties": { "loja_id": "AG11", "CD_SETOR": "355030848000056", "fracao": 0.32217025309435515, "pop": 356, "domicilios": 117, "renda_resp": 9171.59, "classe_pof": "47562" }, "geometry": { "type": "Polygon", "coordinates": [ [ [ -46.712084, -23.520686 ], [ -46.712191, -23.52166 ], [ -46.712437, -23.52222 ], [ -46.713444, -23.523273 ], [ -46.713516, -23.523987 ], [ -46.713941, -23.523991 ], [ -46.714456030351961, -23.523860924871826 ], [ -46.71446, -23.523739 ], [ -46.712935, -23.522599 ], [ -46.713434632470189, -23.520916739513563 ], [ -46.711933, -23.520484 ], [ -46.712084, -23.520686 ] ] ] } },
{ "type": "Feature", "properties": { "loja_id": "AG11", "CD_SETOR": "355030848000058", "fracao": 1.0, "pop": 340, "domicilios": 141, "renda_resp": 7420.23, "classe_pof": "47561" }, "geometry": { "type": "Polygon", "coordinates": [ [ [ -46.708361, -23.522515 ], [ -46.710372, -23.522676 ], [ -46.710522, -23.521237 ], [ -46.709512, -23.521158 ], [ -46.709597, -23.52012 ], [ -46.708606, -23.520041 ], [ -46.708361, -23.522515 ] ] ] } },
{ "type": "Feature", "properties": { "loja_id": "AG11", "CD_SETOR": "355030848000059", "fracao": 1.0, "pop": 277, "domicilios": 105, "renda_resp": 6941.8, "classe_pof": "47561" }, "geometry": { "type": "Polygon", "coordinates": [ [ [ -46.707864, -23.519002 ], [ -46.705327, -23.52008 ], [ -46.705944, -23.521249 ], [ -46.707501, -23.520966 ], [ -46.707359, -23.522438 ], [ -46.708361, -23.522515 ], [ -46.708606, -23.520041 ], [ -46.707605, -23.519951 ], [ -46.70767, -23.519334 ], [ -46.707864, -23.519002 ] ] ] } },
{ "type": "Feature", "properties": { "loja_id": "AG11", "CD_SETOR": "355030848000060", "fracao": 0.99817517162279357, "pop": 422, "domicilios": 165, "renda_resp": 6132.03, "classe_pof": "47561" }, "geometry": { "type": "Polygon", "coordinates": [ [ [ -46.707525, -23.51776829999994 ], [ -46.70584, -23.518504 ], [ -46.706402, -23.519615 ], [ -46.707864, -23.519002 ], [ -46.70767, -23.519334 ], [ -46.707605, -23.519951 ], [ -46.710381, -23.520178 ], [ -46.711432, -23.52038 ], [ -46.711492, -23.520249 ], [ -46.710716499486303, -23.519756323396575 ], [ -46.710599, -23.519826 ], [ -46.71056032148384, -23.519657110004026 ], [ -46.707525, -23.51776829999994 ] ] ] } },
{ "type": "Feature", "properties": { "loja_id": "AG11", "CD_SETOR": "355030848000061", "fracao": 0.021828916771164275, "pop": 103, "domicilios": 42, "renda_resp": 4233.26, "classe_pof": "47560" }, "geometry": { "type": "Polygon", "coordinates": [ [ [ -46.707176871440048, -23.515008528208927 ], [ -46.706359, -23.51538 ], [ -46.707137, -23.515915 ], [ -46.707282299999974, -23.516153499999977 ], [ -46.707423638015257, -23.516092222069279 ], [ -46.707882, -23.515599 ], [ -46.707599, -23.515229 ], [ -46.707176871440048, -23.515008528208927 ] ] ] } },
{ "type": "Feature", "properties": { "loja_id": "AG11", "CD_SETOR": "355030848000062", "fracao": 0.36563563726739284, "pop": 287, "domicilios": 110, "renda_resp": 3653.91, "classe_pof": "47560" }, "geometry": { "type": "Polygon", "coordinates": [ [ [ -46.703527, -23.513865 ], [ -46.703858, -23.514539 ], [ -46.704345, -23.514342 ], [ -46.704729, -23.514308 ], [ -46.705657, -23.514888 ], [ -46.704936, -23.515802 ], [ -46.704959, -23.515983 ], [ -46.704665, -23.516104 ], [ -46.705129, -23.517087 ], [ -46.707282299999974, -23.516153499999977 ], [ -46.707137, -23.515915 ], [ -46.706359, -23.51538 ], [ -46.707176871440048, -23.515008528208927 ], [ -46.705872, -23.514327 ], [ -46.704147, -23.514052 ], [ -46.703527, -23.513865 ] ] ] } },
{ "type": "Feature", "properties": { "loja_id": "AG11", "CD_SETOR": "355030848000064", "fracao": 1.0, "pop": 538, "domicilios": 228, "renda_resp": 5805.3, "classe_pof": "47561" }, "geometry": { "type": "Polygon", "coordinates": [ [ [ -46.697717, -23.515548 ], [ -46.698866, -23.517325 ], [ -46.699091, -23.517281 ], [ -46.699309, -23.517352 ], [ -46.699287, -23.517041 ], [ -46.699431, -23.516733 ], [ -46.699862, -23.516863 ], [ -46.700294, -23.516738 ], [ -46.701036, -23.518861 ], [ -46.702988, -23.51801 ], [ -46.701276, -23.514575 ], [ -46.701217, -23.514322 ], [ -46.697854799999959, -23.51498359999993 ], [ -46.697717, -23.515548 ] ] ] } },
{ "type": "Feature", "properties": { "loja_id": "AG11", "CD_SETOR": "355030848000065", "fracao": 1.0, "pop": 351, "domicilios": 160, "renda_resp": 6126.89, "classe_pof": "47561" }, "geometry": { "type": "Polygon", "coordinates": [ [ [ -46.699085, -23.517798 ], [ -46.698847, -23.51742 ], [ -46.698866, -23.517325 ], [ -46.69855, -23.516822 ], [ -46.698427099999954, -23.516895 ], [ -46.698343299999976, -23.517245 ], [ -46.698687, -23.51798 ], [ -46.699085, -23.517798 ] ] ] } },
{ "type": "Feature", "properties": { "loja_id": "AG11", "CD_SETOR": "355030848000104", "fracao": 1.0, "pop": 301, "domicilios": 141, "renda_resp": 6064.19, "classe_pof": "47561" }, "geometry": { "type": "Polygon", "coordinates": [ [ [ -46.700589, -23.525917 ], [ -46.699502, -23.525955 ], [ -46.69956, -23.527078 ], [ -46.700654, -23.527073 ], [ -46.700589, -23.525917 ] ] ] } },
{ "type": "Feature", "properties": { "loja_id": "AG11", "CD_SETOR": "355030848000106", "fracao": 1.0, "pop": 335, "domicilios": 115, "renda_resp": 13529.11, "classe_pof": "47563" }, "geometry": { "type": "Polygon", "coordinates": [ [ [ -46.70054, -23.524869 ], [ -46.700589, -23.525917 ], [ -46.702074, -23.525803 ], [ -46.702112, -23.52488 ], [ -46.702063, -23.524816 ], [ -46.70054, -23.524869 ] ] ] } },
{ "type": "Feature", "properties": { "loja_id": "AG11", "CD_SETOR": "355030848000108", "fracao": 0.99999999999999978, "pop": 586, "domicilios": 193, "renda_resp": 21916.41, "classe_pof": "47564" }, "geometry": { "type": "Polygon", "coordinates": [ [ [ -46.697764, -23.526016 ], [ -46.697803, -23.527084 ], [ -46.69956, -23.527078 ], [ -46.699502, -23.525955 ], [ -46.697764, -23.526016 ] ] ] } },
{ "type": "Feature", "properties": { "loja_id": "AG11", "CD_SETOR": "355030848000110", "fracao": 0.76427513893426446, "pop": 424, "domicilios": 161, "renda_resp": 15678.53, "classe_pof": "47563" }, "geometry": { "type": "Polygon", "coordinates": [ [ [ -46.697843630334191, -23.528203911202432 ], [ -46.699307058308875, -23.529160515537569 ], [ -46.700646, -23.529167 ], [ -46.700723, -23.528122 ], [ -46.697841, -23.528125 ], [ -46.697843630334191, -23.528203911202432 ] ] ] } },
{ "type": "Feature", "properties": { "loja_id": "AG11", "CD_SETOR": "355030848000111", "fracao": 0.99999999999999989, "pop": 230, "domicilios": 121, "renda_resp": 8171.25, "classe_pof": "47561" }, "geometry": { "type": "Polygon", "coordinates": [ [ [ -46.700646, -23.529167 ], [ -46.702166, -23.529186 ], [ -46.701921, -23.530341 ], [ -46.702393, -23.530283 ], [ -46.702526, -23.528334 ], [ -46.700723, -23.528122 ], [ -46.700646, -23.529167 ] ] ] } },
{ "type": "Feature", "properties": { "loja_id": "AG11", "CD_SETOR": "355030848000112", "fracao": 0.81172579407518508, "pop": 145, "domicilios": 62, "renda_resp": 6207.27, "classe_pof": "47561" }, "geometry": { "type": "Polygon", "coordinates": [ [ [ -46.703346, -23.530625 ], [ -46.702762, -23.530565 ], [ -46.702615339379868, -23.531945900168747 ], [ -46.703206175917259, -23.531725327067168 ], [ -46.703346, -23.530625 ] ] ] } },
{ "type": "Feature", "properties": { "loja_id": "AG11", "CD_SETOR": "355030848000114", "fracao": 0.017710945337599718, "pop": 217, "domicilios": 96, "renda_resp": 6098.04, "classe_pof": "47561" }, "geometry": { "type": "Polygon", "coordinates": [ [ [ -46.706166, -23.530931 ], [ -46.705871399999978, -23.530901599999925 ], [ -46.70586808777702, -23.530982152111733 ], [ -46.706176826882142, -23.531154428804456 ], [ -46.706166, -23.530931 ] ] ] } },
{ "type": "Feature", "properties": { "loja_id": "AG11", "CD_SETOR": "355030848000115", "fracao": 1.0, "pop": 320, "domicilios": 141, "renda_resp": 6945.25, "classe_pof": "47561" }, "geometry": { "type": "Polygon", "coordinates": [ [ [ -46.709259, -23.523686 ], [ -46.710915, -23.523794 ], [ -46.711217, -23.523699 ], [ -46.711315, -23.522727 ], [ -46.709365, -23.522592 ], [ -46.709259, -23.523686 ] ] ] } },
{ "type": "Feature", "properties": { "loja_id": "AG11", "CD_SETOR": "355030848000116", "fracao": 0.99999999999999978, "pop": 523, "domicilios": 250, "renda_resp": 7313.23, "classe_pof": "47561" }, "geometry": { "type": "Polygon", "coordinates": [ [ [ -46.704287, -23.520542 ], [ -46.70476, -23.521478 ], [ -46.705944, -23.521249 ], [ -46.705327, -23.52008 ], [ -46.704287, -23.520542 ] ] ] } },
{ "type": "Feature", "properties": { "loja_id": "AG11", "CD_SETOR": "355030848000117", "fracao": 1.0, "pop": 332, "domicilios": 132, "renda_resp": 5345.17, "classe_pof": "47561" }, "geometry": { "type": "Polygon", "coordinates": [ [ [ -46.698687, -23.51798 ], [ -46.699512, -23.51951 ], [ -46.700209, -23.519227 ], [ -46.700046099999952, -23.519028099999957 ], [ -46.699947, -23.519069 ], [ -46.699085, -23.517798 ], [ -46.698687, -23.51798 ] ] ] } },
{ "type": "Feature", "properties": { "loja_id": "AG11", "CD_SETOR": "355030848000118", "fracao": 0.99999999999999978, "pop": 330, "domicilios": 122, "renda_resp": 6430.85, "classe_pof": "47561" }, "geometry": { "type": "Polygon", "coordinates": [ [ [ -46.697387, -23.518537 ], [ -46.69652559999998, -23.518912 ], [ -46.697308, -23.520464 ], [ -46.698179, -23.520092 ], [ -46.697387, -23.518537 ] ] ] } },
{ "type": "Feature", "properties": { "loja_id": "AG11", "CD_SETOR": "355030848000119", "fracao": 0.99999999999999989, "pop": 292, "domicilios": 128, "renda_resp": 10264.16, "classe_pof": "47562" }, "geometry": { "type": "Polygon", "coordinates": [ [ [ -46.695462299999981, -23.524948099999957 ], [ -46.696586, -23.52496 ], [ -46.696559, -23.523911 ], [ -46.695450299999948, -23.523920499999978 ], [ -46.695462299999981, -23.524948099999957 ] ] ] } },
{ "type": "Feature", "properties": { "loja_id": "AG11", "CD_SETOR": "355030848000121", "fracao": 0.0019345095758130048, "pop": 471, "domicilios": 158, "renda_resp": 20735.72, "classe_pof": "47564" }, "geometry": { "type": "Polygon", "coordinates": [ [ [ -46.697841, -23.528125 ], [ -46.697723544882116, -23.528125413232694 ], [ -46.697843630334191, -23.528203911202432 ], [ -46.697841, -23.528125 ] ] ] } },
{ "type": "Feature", "properties": { "loja_id": "AG11", "CD_SETOR": "355030848000124", "fracao": 1.0, "pop": 382, "domicilios": 135, "renda_resp": 16183.85, "classe_pof": "47563" }, "geometry": { "type": "Polygon", "coordinates": [ [ [ -46.711502899999971, -23.521362 ], [ -46.711217, -23.523699 ], [ -46.711271, -23.5238 ], [ -46.711846, -23.524288 ], [ -46.712412, -23.524593 ], [ -46.713427, -23.524885 ], [ -46.713527, -23.523792 ], [ -46.713444, -23.523273 ], [ -46.713135, -23.522889 ], [ -46.712625, -23.522466 ], [ -46.712339, -23.522047 ], [ -46.712135, -23.521395 ], [ -46.712096, -23.520852 ], [ -46.711905, -23.521161 ], [ -46.711502899999971, -23.521362 ] ] ] } },
{ "type": "Feature", "properties": { "loja_id": "AG11", "CD_SETOR": "355030848000141", "fracao": 0.99999999999999967, "pop": 438, "domicilios": 188, "renda_resp": 8864.25, "classe_pof": "47562" }, "geometry": { "type": "Polygon", "coordinates": [ [ [ -46.701809, -23.523756 ], [ -46.699128, -23.523835 ], [ -46.699238, -23.525964 ], [ -46.700401399999976, -23.525923799999926 ], [ -46.700395199999946, -23.525762399999959 ], [ -46.700167599999986, -23.525770499999961 ], [ -46.700138, -23.52544459999995 ], [ -46.700563199999976, -23.525427599999944 ], [ -46.70054, -23.524869 ], [ -46.702063, -23.524816 ], [ -46.701809, -23.523756 ] ] ] } },
{ "type": "Feature", "properties": { "loja_id": "AG11", "CD_SETOR": "355030848000142", "fracao": 1.0, "pop": 189, "domicilios": 98, "renda_resp": 8649.93, "classe_pof": "47562" }, "geometry": { "type": "Polygon", "coordinates": [ [ [ -46.700589, -23.525917 ], [ -46.700563199999976, -23.525427599999944 ], [ -46.700138, -23.52544459999995 ], [ -46.700167599999986, -23.525770499999961 ], [ -46.700395199999946, -23.525762399999959 ], [ -46.700401399999976, -23.525923799999926 ], [ -46.700589, -23.525917 ] ] ] } },
{ "type": "Feature", "properties": { "loja_id": "AG11", "CD_SETOR": "355030848000143", "fracao": 1.0, "pop": 566, "domicilios": 216, "renda_resp": 15986.88, "classe_pof": "47563" }, "geometry": { "type": "Polygon", "coordinates": [ [ [ -46.701947, -23.525836 ], [ -46.702171, -23.527049 ], [ -46.700654, -23.527073 ], [ -46.700723, -23.528122 ], [ -46.702383, -23.528333 ], [ -46.703128, -23.528213 ], [ -46.702718, -23.527023 ], [ -46.702467, -23.525774 ], [ -46.701947, -23.525836 ] ] ] } },
{ "type": "Feature", "properties": { "loja_id": "AG11", "CD_SETOR": "355030848000144", "fracao": 1.0, "pop": 405, "domicilios": 176, "renda_resp": 15961.33, "classe_pof": "47563" }, "geometry": { "type": "Polygon", "coordinates": [ [ [ -46.700654, -23.527073 ], [ -46.702171, -23.527049 ], [ -46.701937, -23.525836 ], [ -46.700589, -23.525917 ], [ -46.700654, -23.527073 ] ] ] } },
{ "type": "Feature", "properties": { "loja_id": "AG11", "CD_SETOR": "355030848000145", "fracao": 0.99998728702795414, "pop": 412, "domicilios": 203, "renda_resp": 7217.97, "classe_pof": "47561" }, "geometry": { "type": "Polygon", "coordinates": [ [ [ -46.704848, -23.527811 ], [ -46.705568, -23.52842 ], [ -46.706023, -23.529122 ], [ -46.706197, -23.529811 ], [ -46.70623, -23.530565 ], [ -46.706168, -23.530657 ], [ -46.706519, -23.530496 ], [ -46.706664, -23.530211 ], [ -46.707556, -23.530453 ], [ -46.707714234731597, -23.530337417414479 ], [ -46.707363, -23.52966 ], [ -46.707237, -23.528834 ], [ -46.705794, -23.528104 ], [ -46.705914, -23.527806 ], [ -46.704848, -23.527811 ] ] ] } },
{ "type": "Feature", "properties": { "loja_id": "AG11", "CD_SETOR": "355030848000146", "fracao": 0.18130927494116292, "pop": 478, "domicilios": 191, "renda_resp": 4942.64, "classe_pof": "47560" }, "geometry": { "type": "Polygon", "coordinates": [ [ [ -46.706168, -23.530657 ], [ -46.706176826882142, -23.531154428804456 ], [ -46.706599, -23.53139 ], [ -46.706873, -23.530873 ], [ -46.707575, -23.530575 ], [ -46.707714234731597, -23.530337417414479 ], [ -46.707556, -23.530453 ], [ -46.706664, -23.530211 ], [ -46.706519, -23.530496 ], [ -46.706168, -23.530657 ] ] ] } },
{ "type": "Feature", "properties": { "loja_id": "AG11", "CD_SETOR": "355030848000147", "fracao": 0.99999999999999989, "pop": 383, "domicilios": 167, "renda_resp": 8165.3, "classe_pof": "47561" }, "geometry": { "type": "Polygon", "coordinates": [ [ [ -46.704944, -23.527802 ], [ -46.705914, -23.527806 ], [ -46.705619, -23.527157 ], [ -46.705186599999934, -23.527335199999978 ], [ -46.704909399999963, -23.526712699999962 ], [ -46.705330899999979, -23.526549499999927 ], [ -46.705183, -23.526231 ], [ -46.706751, -23.5256 ], [ -46.706216, -23.525221 ], [ -46.704171, -23.525552 ], [ -46.704267, -23.52612 ], [ -46.704393, -23.526167 ], [ -46.704447, -23.526521 ], [ -46.704178, -23.526716 ], [ -46.704718299999968, -23.527281899999938 ], [ -46.704944, -23.527802 ] ] ] } },
{ "type": "Feature", "properties": { "loja_id": "AG11", "CD_SETOR": "355030848000148", "fracao": 1.0, "pop": 256, "domicilios": 129, "renda_resp": 9880.94, "classe_pof": "47562" }, "geometry": { "type": "Polygon", "coordinates": [ [ [ -46.705619, -23.527157 ], [ -46.705330899999979, -23.526549499999927 ], [ -46.704909399999963, -23.526712699999962 ], [ -46.705186599999934, -23.527335199999978 ], [ -46.705619, -23.527157 ] ] ] } },
{ "type": "Feature", "properties": { "loja_id": "AG11", "CD_SETOR": "355030848000149", "fracao": 1.0, "pop": 330, "domicilios": 134, "renda_resp": 10939.58, "classe_pof": "47562" }, "geometry": { "type": "Polygon", "coordinates": [ [ [ -46.700305199999946, -23.519183699999918 ], [ -46.696102, -23.520967 ], [ -46.695164599999941, -23.52123529999994 ], [ -46.694645, -23.52269 ], [ -46.696825, -23.522269 ], [ -46.697563, -23.521829 ], [ -46.697627, -23.521879 ], [ -46.697655, -23.522823 ], [ -46.699089, -23.522781 ], [ -46.699125199999969, -23.523682899999983 ], [ -46.699444299999989, -23.523677299999978 ], [ -46.699369899999972, -23.523068899999942 ], [ -46.699538699999948, -23.523066399999941 ], [ -46.699524899999972, -23.522906399999954 ], [ -46.699749099999963, -23.522895 ], [ -46.699768, -23.523218899999957 ], [ -46.700323699999956, -23.523133199999965 ], [ -46.700335, -23.523474599999926 ], [ -46.699948199999938, -23.523486 ], [ -46.699954599999955, -23.523578499999921 ], [ -46.700251499999979, -23.52358449999997 ], [ -46.700207399999954, -23.52369369999996 ], [ -46.700463199999945, -23.523688199999981 ], [ -46.700252, -23.520808 ], [ -46.701178, -23.52052 ], [ -46.701264, -23.520405 ], [ -46.701236, -23.520192 ], [ -46.701349799999946, -23.520108899999968 ], [ -46.700642, -23.519547 ], [ -46.700305199999946, -23.519183699999918 ] ] ] } },
{ "type": "Feature", "properties": { "loja_id": "AG11", "CD_SETOR": "355030848000150", "fracao": 0.99999999999999989, "pop": 595, "domicilios": 200, "renda_resp": 15339.89, "classe_pof": "47563" }, "geometry": { "type": "Polygon", "coordinates": [ [ [ -46.699128, -23.523835 ], [ -46.700469, -23.523792 ], [ -46.700463199999945, -23.523688199999981 ], [ -46.700207399999954, -23.52369369999996 ], [ -46.700251499999979, -23.52358449999997 ], [ -46.699954599999955, -23.523578499999921 ], [ -46.699948199999938, -23.523486 ], [ -46.700335, -23.523474599999926 ], [ -46.700323699999956, -23.523133199999965 ], [ -46.699768, -23.523218899999957 ], [ -46.699749099999963, -23.522895 ], [ -46.699524899999972, -23.522906399999954 ], [ -46.699538699999948, -23.523066399999941 ], [ -46.699369899999972, -23.523068899999942 ], [ -46.699444299999989, -23.523677299999978 ], [ -46.699125199999969, -23.523682899999983 ], [ -46.699128, -23.523835 ] ] ] } },
{ "type": "Feature", "properties": { "loja_id": "AG11", "CD_SETOR": "355030848000151", "fracao": 1.0, "pop": 493, "domicilios": 187, "renda_resp": 19786.02, "classe_pof": "47563" }, "geometry": { "type": "Polygon", "coordinates": [ [ [ -46.697627, -23.521879 ], [ -46.697563, -23.521829 ], [ -46.696825, -23.522269 ], [ -46.696496, -23.522334 ], [ -46.696559, -23.523911 ], [ -46.697691, -23.523878 ], [ -46.697727, -23.524931 ], [ -46.69918279999996, -23.524906 ], [ -46.699089, -23.522781 ], [ -46.697655, -23.522823 ], [ -46.697627, -23.521879 ] ], [ [ -46.696715499999982, -23.523379399999943 ], [ -46.696863299999961, -23.523374399999966 ], [ -46.696863299999961, -23.523281499999936 ], [ -46.696945899999946, -23.523281499999943 ], [ -46.696946199999957, -23.523391 ], [ -46.697141499999937, -23.52338159999994 ], [ -46.697132, -23.522828599999965 ], [ -46.697655499999946, -23.52283789999996 ], [ -46.697671799999966, -23.523317499999962 ], [ -46.697286399999946, -23.523326499999943 ], [ -46.697291899999982, -23.52355939999995 ], [ -46.697152499999959, -23.523567899999932 ], [ -46.697063299999968, -23.523687199999983 ], [ -46.696731799999952, -23.523702099999984 ], [ -46.696715499999982, -23.523379399999943 ] ] ] } },
{ "type": "Feature", "properties": { "loja_id": "AG11", "CD_SETOR": "355030848000152", "fracao": 0.99999999999999978, "pop": 360, "domicilios": 178, "renda_resp": 13002.82, "classe_pof": "47563" }, "geometry": { "type": "Polygon", "coordinates": [ [ [ -46.697132, -23.522828599999965 ], [ -46.697141499999937, -23.52338159999994 ], [ -46.696946199999957, -23.523391 ], [ -46.696945899999946, -23.523281499999943 ], [ -46.696863299999961, -23.523281499999936 ], [ -46.696863299999961, -23.523374399999966 ], [ -46.696715499999982, -23.523379399999943 ], [ -46.696731799999952, -23.523702099999984 ], [ -46.697063299999968, -23.523687199999983 ], [ -46.697152499999959, -23.523567899999932 ], [ -46.697291899999982, -23.52355939999995 ], [ -46.697286399999946, -23.523326499999943 ], [ -46.697671799999966, -23.523317499999962 ], [ -46.697655499999946, -23.52283789999996 ], [ -46.697132, -23.522828599999965 ] ] ] } },
{ "type": "Feature", "properties": { "loja_id": "AG11", "CD_SETOR": "355030848000153", "fracao": 0.99999999999999989, "pop": 501, "domicilios": 201, "renda_resp": 12156.09, "classe_pof": "47562" }, "geometry": { "type": "Polygon", "coordinates": [ [ [ -46.696559, -23.523911 ], [ -46.696627, -23.526028 ], [ -46.699238, -23.525964 ], [ -46.69918279999996, -23.524906 ], [ -46.697727, -23.524931 ], [ -46.697691, -23.523878 ], [ -46.696559, -23.523911 ] ] ] } },
{ "type": "Feature", "properties": { "loja_id": "AG11", "CD_SETOR": "355030848000154", "fracao": 0.41490285597477444, "pop": 456, "domicilios": 205, "renda_resp": 14035.67, "classe_pof": "47563" }, "geometry": { "type": "Polygon", "coordinates": [ [ [ -46.703917799999942, -23.530918899999953 ], [ -46.703819499999952, -23.530912599999965 ], [ -46.703849799999944, -23.530680599999979 ], [ -46.703346, -23.530625 ], [ -46.703206175917259, -23.531725327067168 ], [ -46.703847465484863, -23.531485915364453 ], [ -46.703917799999942, -23.530918899999953 ] ] ] } },
{ "type": "Feature", "properties": { "loja_id": "AG11", "CD_SETOR": "355030848000155", "fracao": 0.27035267658028228, "pop": 223, "domicilios": 94, "renda_resp": 8941.48, "classe_pof": "47562" }, "geometry": { "type": "Polygon", "coordinates": [ [ [ -46.704366945398142, -23.53129197616115 ], [ -46.704433, -23.530745 ], [ -46.703849799999944, -23.530680599999979 ], [ -46.703819499999952, -23.530912599999965 ], [ -46.703917799999942, -23.530918899999953 ], [ -46.703847465484863, -23.531485915364453 ], [ -46.704366945398142, -23.53129197616115 ] ] ] } },
{ "type": "Feature", "properties": { "loja_id": "AG11", "CD_SETOR": "355030848000156", "fracao": 0.21628681089620747, "pop": 246, "domicilios": 113, "renda_resp": 12862.88, "classe_pof": "47563" }, "geometry": { "type": "Polygon", "coordinates": [ [ [ -46.70445959999995, -23.530854499999972 ], [ -46.704995399999973, -23.530905499999964 ], [ -46.704977219362057, -23.531064137622565 ], [ -46.70547, -23.530857 ], [ -46.704433, -23.530745 ], [ -46.70445959999995, -23.530854499999972 ] ] ] } },
{ "type": "Feature", "properties": { "loja_id": "AG11", "CD_SETOR": "355030848000158", "fracao": 0.064660453632783069, "pop": 120, "domicilios": 62, "renda_resp": 10440.07, "classe_pof": "47562" }, "geometry": { "type": "Polygon", "coordinates": [ [ [ -46.704430399999978, -23.531094899999967 ], [ -46.704366945398142, -23.53129197616115 ], [ -46.704798776564758, -23.531130757444533 ], [ -46.704430399999978, -23.531094899999967 ] ] ] } },
{ "type": "Feature", "properties": { "loja_id": "AG11", "CD_SETOR": "355030848000159", "fracao": 0.006195912275751881, "pop": 389, "domicilios": 192, "renda_resp": 9790.73, "classe_pof": "47562" }, "geometry": { "type": "MultiPolygon", "coordinates": [ [ [ [ -46.70586808777702, -23.530982152111733 ], [ -46.705871399999978, -23.530901599999925 ], [ -46.705687015176949, -23.530881112930786 ], [ -46.70586808777702, -23.530982152111733 ] ] ], [ [ [ -46.70547, -23.530857 ], [ -46.705467288266469, -23.530881173960502 ], [ -46.705517809269026, -23.530862312197328 ], [ -46.70547, -23.530857 ] ] ] ] } },
{ "type": "Feature", "properties": { "loja_id": "AG11", "CD_SETOR": "355030848000167", "fracao": 0.27747981058821669, "pop": 507, "domicilios": 198, "renda_resp": 6270.64, "classe_pof": "47561" }, "geometry": { "type": "Polygon", "coordinates": [ [ [ -46.706357, -23.528383 ], [ -46.708273559590516, -23.529383006565961 ], [ -46.708314, -23.529314 ], [ -46.709440435026579, -23.529451433502818 ], [ -46.708645, -23.528796 ], [ -46.708024, -23.528501 ], [ -46.70715, -23.528327 ], [ -46.706357, -23.528383 ] ] ] } },
{ "type": "Feature", "properties": { "loja_id": "AG11", "CD_SETOR": "355030848000168", "fracao": 0.30139663606925648, "pop": 209, "domicilios": 88, "renda_resp": 4283.25, "classe_pof": "47560" }, "geometry": { "type": "Polygon", "coordinates": [ [ [ -46.708273559590516, -23.529383006565961 ], [ -46.707237, -23.528834 ], [ -46.707363, -23.52966 ], [ -46.707721355334129, -23.530325267180217 ], [ -46.708273559590516, -23.529383006565961 ] ] ] } },
{ "type": "Feature", "properties": { "loja_id": "AG11", "CD_SETOR": "355030848000169", "fracao": 0.87064811403587528, "pop": 390, "domicilios": 183, "renda_resp": 7128.2, "classe_pof": "47561" }, "geometry": { "type": "Polygon", "coordinates": [ [ [ -46.705896499999938, -23.527849499999945 ], [ -46.705794, -23.528104 ], [ -46.705964499999936, -23.528183499999948 ], [ -46.706626, -23.527976 ], [ -46.707041, -23.527964 ], [ -46.708131, -23.528167 ], [ -46.709052, -23.528631 ], [ -46.709883, -23.529249 ], [ -46.710114335569052, -23.529533650340969 ], [ -46.710469980987753, -23.529577038366355 ], [ -46.710295, -23.529028 ], [ -46.71039, -23.528755 ], [ -46.710537, -23.528627 ], [ -46.709752, -23.527991 ], [ -46.709137, -23.526962 ], [ -46.708815, -23.526732 ], [ -46.708634, -23.526702 ], [ -46.708401, -23.526773 ], [ -46.705896499999938, -23.527849499999945 ] ] ] } },
{ "type": "Feature", "properties": { "loja_id": "AG11", "CD_SETOR": "355030848000170", "fracao": 0.88400904567099958, "pop": 209, "domicilios": 95, "renda_resp": 4556.0, "classe_pof": "47560" }, "geometry": { "type": "Polygon", "coordinates": [ [ [ -46.706357, -23.528383 ], [ -46.70715, -23.528327 ], [ -46.707884, -23.528457 ], [ -46.708645, -23.528796 ], [ -46.709440435026579, -23.529451433502818 ], [ -46.710114335569052, -23.529533650340969 ], [ -46.709883, -23.529249 ], [ -46.709052, -23.528631 ], [ -46.708131, -23.528167 ], [ -46.707041, -23.527964 ], [ -46.706626, -23.527976 ], [ -46.705964499999936, -23.528183499999948 ], [ -46.706357, -23.528383 ] ] ] } },
{ "type": "Feature", "properties": { "loja_id": "AG11", "CD_SETOR": "355030848000171", "fracao": 1.0, "pop": 248, "domicilios": 122, "renda_resp": 3948.07, "classe_pof": "47560" }, "geometry": { "type": "Polygon", "coordinates": [ [ [ -46.70528, -23.517397 ], [ -46.70317, -23.518329 ], [ -46.702988, -23.51801 ], [ -46.700305199999946, -23.519183699999918 ], [ -46.700819299999978, -23.519701099999956 ], [ -46.702787, -23.521233 ], [ -46.704286, -23.520539 ], [ -46.703715, -23.51942 ], [ -46.707382, -23.517832 ], [ -46.706447, -23.517344 ], [ -46.70583, -23.517279 ], [ -46.70528, -23.517397 ] ] ] } },
{ "type": "Feature", "properties": { "loja_id": "AG11", "CD_SETOR": "355030848000172", "fracao": 1.0, "pop": 226, "domicilios": 97, "renda_resp": 9598.9, "classe_pof": "47562" }, "geometry": { "type": "Polygon", "coordinates": [ [ [ -46.704286, -23.520539 ], [ -46.706402, -23.519615 ], [ -46.70584, -23.518504 ], [ -46.703715, -23.51942 ], [ -46.704286, -23.520539 ] ] ] } },
{ "type": "Feature", "properties": { "loja_id": "AG11", "CD_SETOR": "355030848000173", "fracao": 0.0023107975263923267, "pop": 495, "domicilios": 219, "renda_resp": 14919.72, "classe_pof": "47563" }, "geometry": { "type": "Polygon", "coordinates": [ [ [ -46.696529, -23.515378499999947 ], [ -46.69656939999993, -23.515227599999946 ], [ -46.696616156636416, -23.514966198840785 ], [ -46.696168117049673, -23.515392445202409 ], [ -46.696529, -23.515378499999947 ] ] ] } },
{ "type": "Feature", "properties": { "loja_id": "AG11", "CD_SETOR": "355030848000176", "fracao": 1.0, "pop": 335, "domicilios": 152, "renda_resp": 6909.39, "classe_pof": "47561" }, "geometry": { "type": "Polygon", "coordinates": [ [ [ -46.698027499999966, -23.516642099999963 ], [ -46.697682699999973, -23.518368199999948 ], [ -46.697683499999982, -23.518407799999974 ], [ -46.698687, -23.51798 ], [ -46.698343299999976, -23.517245 ], [ -46.698427099999954, -23.516895 ], [ -46.69855, -23.516822 ], [ -46.698392199999944, -23.516565799999967 ], [ -46.698255, -23.516644 ], [ -46.698027499999966, -23.516642099999963 ] ] ] } },
{ "type": "Feature", "properties": { "loja_id": "AG11", "CD_SETOR": "355030848000177", "fracao": 1.0, "pop": 398, "domicilios": 172, "renda_resp": 4487.94, "classe_pof": "47560" }, "geometry": { "type": "Polygon", "coordinates": [ [ [ -46.697155899999984, -23.518638199999938 ], [ -46.697683499999982, -23.518407799999974 ], [ -46.6980344, -23.516608599999923 ], [ -46.697580899999934, -23.516534799999931 ], [ -46.697155899999984, -23.518638199999938 ] ] ] } },
{ "type": "Feature", "properties": { "loja_id": "AG11", "CD_SETOR": "355030848000178", "fracao": 1.0, "pop": 379, "domicilios": 176, "renda_resp": 5058.03, "classe_pof": "47561" }, "geometry": { "type": "Polygon", "coordinates": [ [ [ -46.696763899999951, -23.518808 ], [ -46.697155899999984, -23.518638199999938 ], [ -46.697580899999934, -23.516534799999931 ], [ -46.697227, -23.516477 ], [ -46.696763899999951, -23.518808 ] ] ] } },
{ "type": "Feature", "properties": { "loja_id": "AG11", "CD_SETOR": "355030848000179", "fracao": 0.99999999999999989, "pop": 339, "domicilios": 146, "renda_resp": 4901.56, "classe_pof": "47560" }, "geometry": { "type": "Polygon", "coordinates": [ [ [ -46.696763899999951, -23.518808 ], [ -46.697227, -23.516477 ], [ -46.696678199999951, -23.516387399999928 ], [ -46.696403799999985, -23.517922 ], [ -46.696735899999965, -23.517979799999978 ], [ -46.696567399999935, -23.51889379999994 ], [ -46.696763899999951, -23.518808 ] ] ] } },
{ "type": "Feature", "properties": { "loja_id": "AG11", "CD_SETOR": "355030848000180", "fracao": 0.67011673520043946, "pop": 383, "domicilios": 171, "renda_resp": 4404.59, "classe_pof": "47560" }, "geometry": { "type": "Polygon", "coordinates": [ [ [ -46.696365699999944, -23.519048799999943 ], [ -46.696555199999978, -23.518970699999947 ], [ -46.696735899999965, -23.517979799999978 ], [ -46.696403799999985, -23.517922 ], [ -46.696678199999951, -23.516387399999928 ], [ -46.696512199999972, -23.516354799999934 ], [ -46.696331645492045, -23.517264849592451 ], [ -46.696408, -23.517599 ], [ -46.696347, -23.518599 ], [ -46.696257992358646, -23.518833185681512 ], [ -46.696365699999944, -23.519048799999943 ] ] ] } },
{ "type": "Feature", "properties": { "loja_id": "AG11", "CD_SETOR": "355030848000181", "fracao": 0.30829819698566846, "pop": 265, "domicilios": 119, "renda_resp": 4433.94, "classe_pof": "47560" }, "geometry": { "type": "Polygon", "coordinates": [ [ [ -46.696505199999933, -23.516390399999981 ], [ -46.696407699999952, -23.516327599999954 ], [ -46.696331199999975, -23.516361699999948 ], [ -46.696236450783246, -23.516848245968045 ], [ -46.696331645492045, -23.517264849592451 ], [ -46.696505199999933, -23.516390399999981 ] ] ] } },
{ "type": "Feature", "properties": { "loja_id": "AG11", "CD_SETOR": "355030848000182", "fracao": 0.99999999999999978, "pop": 288, "domicilios": 124, "renda_resp": 9909.91, "classe_pof": "47562" }, "geometry": { "type": "Polygon", "coordinates": [ [ [ -46.694268, -23.52277 ], [ -46.694288, -23.523913 ], [ -46.696559, -23.523911 ], [ -46.696496, -23.522334 ], [ -46.694268, -23.52277 ] ] ] } },
{ "type": "Feature", "properties": { "loja_id": "AG11", "CD_SETOR": "355030848000183", "fracao": 0.97430010674961143, "pop": 245, "domicilios": 121, "renda_resp": 6012.08, "classe_pof": "47561" }, "geometry": { "type": "Polygon", "coordinates": [ [ [ -46.695462299999981, -23.524948099999957 ], [ -46.695450299999948, -23.523920499999978 ], [ -46.694288, -23.523913 ], [ -46.694276264468726, -23.524677274541158 ], [ -46.694497299837053, -23.524953694667417 ], [ -46.695462299999981, -23.524948099999957 ] ] ] } },
{ "type": "Feature", "properties": { "loja_id": "AG11", "CD_SETOR": "355030848000184", "fracao": 0.24726458592578002, "pop": 403, "domicilios": 151, "renda_resp": 13503.3, "classe_pof": "47563" }, "geometry": { "type": "Polygon", "coordinates": [ [ [ -46.696663448315185, -23.526984020762416 ], [ -46.696627, -23.526028 ], [ -46.69547369999998, -23.526025 ], [ -46.696663448315185, -23.526984020762416 ] ] ] } },
{ "type": "Feature", "properties": { "loja_id": "AG11", "CD_SETOR": "355030848000185", "fracao": 0.0071098016263309834, "pop": 278, "domicilios": 91, "renda_resp": 19987.23, "classe_pof": "47563" }, "geometry": { "type": "Polygon", "coordinates": [ [ [ -46.69547369999998, -23.526025 ], [ -46.695409330313929, -23.526025707421095 ], [ -46.695474114390763, -23.526073917046865 ], [ -46.69547369999998, -23.526025 ] ] ] } },
{ "type": "Feature", "properties": { "loja_id": "AG11", "CD_SETOR": "355030848000196", "fracao": 0.39413084036521723, "pop": 253, "domicilios": 73, "renda_resp": 11298.9, "classe_pof": "47562" }, "geometry": { "type": "Polygon", "coordinates": [ [ [ -46.713194, -23.525728 ], [ -46.711296, -23.525391 ], [ -46.710924, -23.527114 ], [ -46.711626, -23.527413 ], [ -46.71225150013138, -23.528074366195966 ], [ -46.712599, -23.527437 ], [ -46.713599, -23.526665 ], [ -46.713965636753457, -23.525755678225018 ], [ -46.713194, -23.525728 ] ] ] } },
{ "type": "Feature", "properties": { "loja_id": "AG11", "CD_SETOR": "355030848000198", "fracao": 0.99999999999999989, "pop": 382, "domicilios": 142, "renda_resp": 16628.44, "classe_pof": "47563" }, "geometry": { "type": "Polygon", "coordinates": [ [ [ -46.709512, -23.521158 ], [ -46.711502899999971, -23.521362 ], [ -46.711817, -23.52122 ], [ -46.712053, -23.520951 ], [ -46.712084, -23.520686 ], [ -46.711933, -23.520484 ], [ -46.710626, -23.520216 ], [ -46.709597, -23.52012 ], [ -46.709512, -23.521158 ] ] ] } },
{ "type": "Feature", "properties": { "loja_id": "AG11", "CD_SETOR": "355030848000199", "fracao": 0.99999999999999989, "pop": 373, "domicilios": 155, "renda_resp": 10121.31, "classe_pof": "47562" }, "geometry": { "type": "Polygon", "coordinates": [ [ [ -46.710372, -23.522676 ], [ -46.711315, -23.522727 ], [ -46.711502899999971, -23.521362 ], [ -46.710522, -23.521237 ], [ -46.710372, -23.522676 ] ] ] } },
{ "type": "Feature", "properties": { "loja_id": "AG11", "CD_SETOR": "355030848000200", "fracao": 0.97179332160196341, "pop": 261, "domicilios": 98, "renda_resp": 3685.73, "classe_pof": "47560" }, "geometry": { "type": "Polygon", "coordinates": [ [ [ -46.703143, -23.515488 ], [ -46.704118, -23.51506 ], [ -46.704665, -23.516104 ], [ -46.704959, -23.515983 ], [ -46.704936, -23.515802 ], [ -46.705657, -23.514888 ], [ -46.704729, -23.514308 ], [ -46.704345, -23.514342 ], [ -46.703858, -23.514539 ], [ -46.703510145355182, -23.513833546480555 ], [ -46.702898444609303, -23.513623718033266 ], [ -46.70239, -23.513873 ], [ -46.703143, -23.515488 ] ] ] } },
{ "type": "Feature", "properties": { "loja_id": "AG11", "CD_SETOR": "355030848000201", "fracao": 1.0, "pop": 262, "domicilios": 99, "renda_resp": 5953.2, "classe_pof": "47561" }, "geometry": { "type": "Polygon", "coordinates": [ [ [ -46.701977, -23.515995 ], [ -46.70317, -23.518329 ], [ -46.705302, -23.517387 ], [ -46.704118, -23.51506 ], [ -46.701977, -23.515995 ] ] ] } },
{ "type": "Feature", "properties": { "loja_id": "AG11", "CD_SETOR": "355030848000202", "fracao": 0.9379115694539284, "pop": 231, "domicilios": 100, "renda_resp": 11777.14, "classe_pof": "47562" }, "geometry": { "type": "Polygon", "coordinates": [ [ [ -46.694288, -23.523913 ], [ -46.694268, -23.52277 ], [ -46.693083, -23.522757 ], [ -46.693089492328831, -23.523524163641241 ], [ -46.693537764322564, -23.523910489823571 ], [ -46.694288, -23.523913 ] ] ] } },
{ "type": "Feature", "properties": { "loja_id": "AG11", "CD_SETOR": "355030848000203", "fracao": 0.20990676214588197, "pop": 353, "domicilios": 159, "renda_resp": 12324.49, "classe_pof": "47562" }, "geometry": { "type": "Polygon", "coordinates": [ [ [ -46.694288, -23.523913 ], [ -46.693537764322564, -23.523910489823571 ], [ -46.693941, -23.524258 ], [ -46.694276264468726, -23.524677274541158 ], [ -46.694288, -23.523913 ] ] ] } },
{ "type": "Feature", "properties": { "loja_id": "AG11", "CD_SETOR": "355030848000223", "fracao": 0.13280049955190487, "pop": 277, "domicilios": 103, "renda_resp": 7857.39, "classe_pof": "47561" }, "geometry": { "type": "Polygon", "coordinates": [ [ [ -46.711432, -23.52038 ], [ -46.713434632470189, -23.520916739513563 ], [ -46.713529, -23.520599 ], [ -46.71318137037386, -23.520268168074455 ], [ -46.712009, -23.520329299999958 ], [ -46.711492, -23.520249 ], [ -46.711432, -23.52038 ] ] ] } },
{ "type": "Feature", "properties": { "loja_id": "AG11", "CD_SETOR": "355030848000231", "fracao": 0.12691648043281567, "pop": 978, "domicilios": 691, "renda_resp": 7097.94, "classe_pof": "47561" }, "geometry": { "type": "Polygon", "coordinates": [ [ [ -46.693089492328831, -23.523524163641241 ], [ -46.693083, -23.522757 ], [ -46.692187259700503, -23.52274659749494 ], [ -46.693089492328831, -23.523524163641241 ] ] ] } },
{ "type": "Feature", "properties": { "loja_id": "AG11", "CD_SETOR": "355030848000233", "fracao": 0.17991118527209793, "pop": 184, "domicilios": 93, "renda_resp": 5025.25, "classe_pof": "47561" }, "geometry": { "type": "Polygon", "coordinates": [ [ [ -46.692187259700503, -23.52274659749494 ], [ -46.694268, -23.52277 ], [ -46.694645, -23.52269 ], [ -46.695164599999941, -23.52123529999994 ], [ -46.694275817199724, -23.521395217971701 ], [ -46.693599, -23.521925 ], [ -46.692273, -23.522273 ], [ -46.692016, -23.522599 ], [ -46.692187259700503, -23.52274659749494 ] ] ] } },
{ "type": "Feature", "properties": { "loja_id": "AG11", "CD_SETOR": "355030848000240", "fracao": 1.0, "pop": 392, "domicilios": 157, "renda_resp": 17770.14, "classe_pof": "47563" }, "geometry": { "type": "Polygon", "coordinates": [ [ [ -46.702402199999938, -23.523781 ], [ -46.702427299999954, -23.524211699999963 ], [ -46.701928299999963, -23.52422 ], [ -46.702112, -23.52488 ], [ -46.702074, -23.525803 ], [ -46.703008, -23.525722 ], [ -46.702941, -23.523735 ], [ -46.702402199999938, -23.523781 ] ] ] } },
{ "type": "Feature", "properties": { "loja_id": "AG11", "CD_SETOR": "355030848000241", "fracao": 1.0, "pop": 368, "domicilios": 143, "renda_resp": 15989.79, "classe_pof": "47563" }, "geometry": { "type": "Polygon", "coordinates": [ [ [ -46.701809, -23.523756 ], [ -46.701928299999963, -23.52422 ], [ -46.702427299999954, -23.524211699999963 ], [ -46.702404799999954, -23.523744599999919 ], [ -46.701809, -23.523756 ] ] ] } },
{ "type": "Feature", "properties": { "loja_id": "AG11", "CD_SETOR": "355030848000242", "fracao": 0.99651831477203945, "pop": 347, "domicilios": 121, "renda_resp": 25601.7, "classe_pof": "47564" }, "geometry": { "type": "Polygon", "coordinates": [ [ [ -46.696627, -23.526028 ], [ -46.696663448315185, -23.526984020762416 ], [ -46.696751068376514, -23.527083295227008 ], [ -46.697803, -23.527084 ], [ -46.697764, -23.526016 ], [ -46.696627, -23.526028 ] ] ] } },
{ "type": "Feature", "properties": { "loja_id": "AG11", "CD_SETOR": "355030848000243", "fracao": 0.53473785477757274, "pop": 136, "domicilios": 65, "renda_resp": 6303.64, "classe_pof": "47561" }, "geometry": { "type": "Polygon", "coordinates": [ [ [ -46.697841, -23.528125 ], [ -46.697803, -23.527084 ], [ -46.696751068376514, -23.527083295227008 ], [ -46.697599, -23.528044 ], [ -46.697841, -23.528125 ] ] ] } },
{ "type": "Feature", "properties": { "loja_id": "AG11", "CD_SETOR": "355030848000244", "fracao": 1.0, "pop": 424, "domicilios": 169, "renda_resp": 11447.82, "classe_pof": "47562" }, "geometry": { "type": "Polygon", "coordinates": [ [ [ -46.704276, -23.529119 ], [ -46.704524, -23.52987 ], [ -46.705002, -23.529746299999935 ], [ -46.705074, -23.529856499999934 ], [ -46.705061299999954, -23.530352099999963 ], [ -46.704498399999977, -23.530295599999928 ], [ -46.704433, -23.530745 ], [ -46.70547, -23.530857 ], [ -46.705544, -23.529998 ], [ -46.705374, -23.529559 ], [ -46.705093, -23.529291 ], [ -46.70469, -23.529129 ], [ -46.704276, -23.529119 ] ] ] } },
{ "type": "Feature", "properties": { "loja_id": "AG11", "CD_SETOR": "355030848000245", "fracao": 1.0, "pop": 300, "domicilios": 127, "renda_resp": 10749.97, "classe_pof": "47562" }, "geometry": { "type": "Polygon", "coordinates": [ [ [ -46.704524, -23.52987 ], [ -46.704498399999977, -23.530295599999928 ], [ -46.705061299999954, -23.530352099999963 ], [ -46.705074, -23.529856499999934 ], [ -46.705002, -23.529746299999935 ], [ -46.704524, -23.52987 ] ] ] } },
{ "type": "Feature", "properties": { "loja_id": "AG11", "CD_SETOR": "355030848000250", "fracao": 1.0, "pop": 243, "domicilios": 110, "renda_resp": 6382.71, "classe_pof": "47561" }, "geometry": { "type": "Polygon", "coordinates": [ [ [ -46.70715, -23.524578 ], [ -46.709135, -23.524971799999943 ], [ -46.709365, -23.522592 ], [ -46.707359, -23.522438 ], [ -46.70715, -23.524578 ] ] ] } },
{ "type": "Feature", "properties": { "loja_id": "AG11", "CD_SETOR": "355030848000251", "fracao": 1.0, "pop": 220, "domicilios": 105, "renda_resp": 8271.84, "classe_pof": "47562" }, "geometry": { "type": "Polygon", "coordinates": [ [ [ -46.705176, -23.522249 ], [ -46.706177, -23.524299 ], [ -46.70715, -23.524578 ], [ -46.707359, -23.522438 ], [ -46.705176, -23.522249 ] ] ] } },
{ "type": "Feature", "properties": { "loja_id": "AG11", "CD_SETOR": "355030848000252", "fracao": 1.0, "pop": 163, "domicilios": 74, "renda_resp": 5951.28, "classe_pof": "47561" }, "geometry": { "type": "Polygon", "coordinates": [ [ [ -46.702941, -23.523735 ], [ -46.704674, -23.523688 ], [ -46.704483, -23.523362 ], [ -46.704583, -23.523346 ], [ -46.705759, -23.523423 ], [ -46.705176, -23.522249 ], [ -46.704155, -23.522164 ], [ -46.703911, -23.522243 ], [ -46.704067599999973, -23.522621799999971 ], [ -46.702908, -23.522673 ], [ -46.702941, -23.523735 ] ] ] } },
{ "type": "Feature", "properties": { "loja_id": "AG11", "CD_SETOR": "355030848000253", "fracao": 0.99999999999999956, "pop": 212, "domicilios": 100, "renda_resp": 5188.4, "classe_pof": "47561" }, "geometry": { "type": "Polygon", "coordinates": [ [ [ -46.702984, -23.524798 ], [ -46.705341, -23.524527 ], [ -46.70496, -23.524075 ], [ -46.705029, -23.524004 ], [ -46.706177, -23.524299 ], [ -46.705759, -23.523423 ], [ -46.704583, -23.523346 ], [ -46.704483, -23.523362 ], [ -46.704674, -23.523688 ], [ -46.702941, -23.523735 ], [ -46.702984, -23.524798 ] ] ] } },
{ "type": "Feature", "properties": { "loja_id": "AG11", "CD_SETOR": "355030848000256", "fracao": 0.99999999999999978, "pop": 72, "domicilios": 31, "renda_resp": 8110.0, "classe_pof": "47561" }, "geometry": { "type": "Polygon", "coordinates": [ [ [ -46.701523, -23.522712 ], [ -46.701809, -23.523756 ], [ -46.702941, -23.523735 ], [ -46.702912, -23.521399 ], [ -46.702787, -23.521233 ], [ -46.701349799999946, -23.520108899999968 ], [ -46.701236, -23.520192 ], [ -46.701264, -23.520405 ], [ -46.701178, -23.52052 ], [ -46.700252, -23.520808 ], [ -46.700411, -23.522749 ], [ -46.701523, -23.522712 ] ] ] } },
{ "type": "Feature", "properties": { "loja_id": "AG11", "CD_SETOR": "355030848000257", "fracao": 1.0, "pop": 345, "domicilios": 163, "renda_resp": 11163.18, "classe_pof": "47562" }, "geometry": { "type": "Polygon", "coordinates": [ [ [ -46.700411, -23.522749 ], [ -46.700469, -23.523792 ], [ -46.701809, -23.523756 ], [ -46.701523, -23.522712 ], [ -46.700411, -23.522749 ] ] ] } },
{ "type": "Feature", "properties": { "loja_id": "AG11", "CD_SETOR": "355030848000259", "fracao": 0.051035529809585742, "pop": 0, "domicilios": 0, "renda_resp": null, "classe_pof": null }, "geometry": { "type": "Polygon", "coordinates": [ [ [ -46.71177, -23.51943 ], [ -46.711492, -23.520249 ], [ -46.712009, -23.520329299999958 ], [ -46.71318137037386, -23.520268168074455 ], [ -46.713053, -23.520146 ], [ -46.71231, -23.519889 ], [ -46.71177, -23.51943 ] ] ] } },
{ "type": "Feature", "properties": { "loja_id": "AG11", "CD_SETOR": "355030848000261", "fracao": 0.12437167240458345, "pop": 393, "domicilios": 193, "renda_resp": 5156.51, "classe_pof": "47561" }, "geometry": { "type": "MultiPolygon", "coordinates": [ [ [ [ -46.696168117049673, -23.515392445202409 ], [ -46.695951, -23.515599 ], [ -46.696236450783246, -23.516848245968045 ], [ -46.696331199999975, -23.516361699999948 ], [ -46.696407699999952, -23.516327599999954 ], [ -46.698255, -23.516644 ], [ -46.698392199999944, -23.516565799999967 ], [ -46.697717, -23.515548 ], [ -46.69749, -23.515416 ], [ -46.697255, -23.515309 ], [ -46.696168117049673, -23.515392445202409 ] ] ], [ [ [ -46.694275817199724, -23.521395217971701 ], [ -46.696102, -23.520967 ], [ -46.697308, -23.520464 ], [ -46.696555199999978, -23.518970699999947 ], [ -46.696365699999944, -23.519048799999943 ], [ -46.696257992358646, -23.518833185681512 ], [ -46.696141, -23.519141 ], [ -46.695572, -23.519599 ], [ -46.695293, -23.520599 ], [ -46.694275817199724, -23.521395217971701 ] ] ] ] } },
{ "type": "Feature", "properties": { "loja_id": "AG11", "CD_SETOR": "355030848000263", "fracao": 0.13420997444076452, "pop": 36, "domicilios": 14, "renda_resp": 3953.85, "classe_pof": "47560" }, "geometry": { "type": "MultiPolygon", "coordinates": [ [ [ [ -46.707423638015257, -23.516092222069279 ], [ -46.705129, -23.517087 ], [ -46.705302, -23.517387 ], [ -46.70583, -23.517279 ], [ -46.706153, -23.517289 ], [ -46.706611, -23.517395 ], [ -46.707382, -23.517832 ], [ -46.707525, -23.51776829999994 ], [ -46.71056032148384, -23.519657110004026 ], [ -46.710318, -23.518599 ], [ -46.709896, -23.518303 ], [ -46.708211, -23.517988 ], [ -46.707973, -23.517226 ], [ -46.707242, -23.516599 ], [ -46.707264, -23.516264 ], [ -46.707423638015257, -23.516092222069279 ] ] ], [ [ [ -46.711457899999971, -23.520227299999924 ], [ -46.711779493310004, -23.519399532066807 ], [ -46.711599, -23.519233 ], [ -46.710716499486303, -23.519756323396575 ], [ -46.711457899999971, -23.520227299999924 ] ] ] ] } },
{ "type": "Feature", "properties": { "loja_id": "AG11", "CD_SETOR": "355030848000265", "fracao": 0.94947202578587664, "pop": 119, "domicilios": 62, "renda_resp": 10897.74, "classe_pof": "47562" }, "geometry": { "type": "Polygon", "coordinates": [ [ [ -46.704430399999978, -23.531094899999967 ], [ -46.704798776564758, -23.531130757444533 ], [ -46.704977219362057, -23.531064137622565 ], [ -46.704995399999973, -23.530905499999964 ], [ -46.704420299999981, -23.530849899999964 ], [ -46.704430399999978, -23.531094899999967 ] ] ] } },
{ "type": "Feature", "properties": { "loja_id": "AG11", "CD_SETOR": "355030848000267", "fracao": 0.12839828039222559, "pop": 136, "domicilios": 54, "renda_resp": 4349.7, "classe_pof": "47560" }, "geometry": { "type": "Polygon", "coordinates": [ [ [ -46.696541899999943, -23.515378 ], [ -46.697255, -23.515309 ], [ -46.697717, -23.515548 ], [ -46.697854799999959, -23.51498359999993 ], [ -46.701217, -23.514322 ], [ -46.701276, -23.514575 ], [ -46.701977, -23.515995 ], [ -46.703143, -23.515488 ], [ -46.70239, -23.513873 ], [ -46.702898444609303, -23.513623718033266 ], [ -46.702599, -23.513521 ], [ -46.700599, -23.514312 ], [ -46.698599, -23.513841 ], [ -46.697308, -23.514308 ], [ -46.696616156636416, -23.514966198840785 ], [ -46.696541899999943, -23.515378 ] ] ] } },
{ "type": "Feature", "properties": { "loja_id": "AG05", "CD_SETOR": "355030853000001", "fracao": 1.0, "pop": 559, "domicilios": 204, "renda_resp": 7912.41, "classe_pof": "47561" }, "geometry": { "type": "Polygon", "coordinates": [ [ [ -46.595748, -23.561558 ], [ -46.598064, -23.562132 ], [ -46.599469, -23.560298 ], [ -46.597134, -23.559721 ], [ -46.595748, -23.561558 ] ] ] } },
{ "type": "Feature", "properties": { "loja_id": "AG05", "CD_SETOR": "355030853000002", "fracao": 1.0, "pop": 453, "domicilios": 208, "renda_resp": 6837.73, "classe_pof": "47561" }, "geometry": { "type": "Polygon", "coordinates": [ [ [ -46.595748, -23.561558 ], [ -46.597101, -23.559766 ], [ -46.597134, -23.559721 ], [ -46.596031, -23.559458 ], [ -46.596296099999961, -23.559836399999934 ], [ -46.596185199999979, -23.559981499999939 ], [ -46.596269599999971, -23.560030799999932 ], [ -46.595628199999972, -23.560873299999969 ], [ -46.594303, -23.561204 ], [ -46.595748, -23.561558 ] ] ] } },
{ "type": "Feature", "properties": { "loja_id": "AG05", "CD_SETOR": "355030853000003", "fracao": 0.78556158161931833, "pop": 428, "domicilios": 169, "renda_resp": 8730.47, "classe_pof": "47562" }, "geometry": { "type": "Polygon", "coordinates": [ [ [ -46.592621, -23.561377 ], [ -46.593884, -23.563443 ], [ -46.594373, -23.562999 ], [ -46.59447, -23.561999 ], [ -46.594999, -23.561502 ], [ -46.595369, -23.56163 ], [ -46.595521642280431, -23.561857631939109 ], [ -46.595748, -23.561558 ], [ -46.593085, -23.560899 ], [ -46.592621, -23.561377 ] ] ] } },
{ "type": "Feature", "properties": { "loja_id": "AG05", "CD_SETOR": "355030853000004", "fracao": 0.20868384680350879, "pop": 648, "domicilios": 259, "renda_resp": 6399.25, "classe_pof": "47561" }, "geometry": { "type": "MultiPolygon", "coordinates": [ [ [ [ -46.593884, -23.563443 ], [ -46.593999, -23.563506 ], [ -46.594232384888848, -23.563189620487378 ], [ -46.593884, -23.563443 ] ] ], [ [ [ -46.597471112784255, -23.562927909982605 ], [ -46.598064, -23.562132 ], [ -46.595748, -23.561558 ], [ -46.595521642280431, -23.561857631939109 ], [ -46.59577, -23.562228 ], [ -46.596608, -23.562391 ], [ -46.597471112784255, -23.562927909982605 ] ] ] ] } },
{ "type": "Feature", "properties": { "loja_id": "AG05", "CD_SETOR": "355030853000005", "fracao": 0.91155686500101829, "pop": 441, "domicilios": 189, "renda_resp": 5809.82, "classe_pof": "47561" }, "geometry": { "type": "Polygon", "coordinates": [ [ [ -46.599469, -23.560298 ], [ -46.597471112784255, -23.562927909982605 ], [ -46.597841, -23.563158 ], [ -46.598903399749183, -23.563095971645801 ], [ -46.600777, -23.560622 ], [ -46.599469, -23.560298 ] ] ] } },
{ "type": "Feature", "properties": { "loja_id": "AG05", "CD_SETOR": "355030853000006", "fracao": 0.99999999999999989, "pop": 604, "domicilios": 241, "renda_resp": 8709.23, "classe_pof": "47562" }, "geometry": { "type": "Polygon", "coordinates": [ [ [ -46.597134, -23.559721 ], [ -46.600481, -23.560548 ], [ -46.600549, -23.559759 ], [ -46.60019, -23.558809 ], [ -46.600238, -23.558084 ], [ -46.600168, -23.557362 ], [ -46.598064, -23.558649 ], [ -46.597668, -23.559018 ], [ -46.597134, -23.559721 ] ] ] } },
{ "type": "Feature", "properties": { "loja_id": "AG05", "CD_SETOR": "355030853000007", "fracao": 0.99999999999999956, "pop": 511, "domicilios": 242, "renda_resp": 6359.14, "classe_pof": "47561" }, "geometry": { "type": "Polygon", "coordinates": [ [ [ -46.599435, -23.55667509999995 ], [ -46.599624699999936, -23.557138099999975 ], [ -46.597154, -23.558593499999969 ], [ -46.597040799999945, -23.558442899999932 ], [ -46.596783799999969, -23.559027499999953 ], [ -46.59687409999998, -23.559652699999958 ], [ -46.597134, -23.559721 ], [ -46.597668, -23.559018 ], [ -46.598064, -23.558649 ], [ -46.600122, -23.557423 ], [ -46.600168, -23.557362 ], [ -46.599988, -23.555632 ], [ -46.599788799999942, -23.556000599999944 ], [ -46.599839699999961, -23.556117699999959 ], [ -46.599602699999934, -23.556345299999968 ], [ -46.599643699999945, -23.556512199999926 ], [ -46.599435, -23.55667509999995 ] ] ] } },
{ "type": "Feature", "properties": { "loja_id": "AG05", "CD_SETOR": "355030853000008", "fracao": 0.99999999999999978, "pop": 287, "domicilios": 114, "renda_resp": 7795.82, "classe_pof": "47561" }, "geometry": { "type": "Polygon", "coordinates": [ [ [ -46.596733499999971, -23.55870339999996 ], [ -46.596031, -23.559458 ], [ -46.59687409999998, -23.559652699999958 ], [ -46.596783799999969, -23.559027499999953 ], [ -46.596886199999972, -23.55886 ], [ -46.596733499999971, -23.55870339999996 ] ] ] } },
{ "type": "Feature", "properties": { "loja_id": "AG05", "CD_SETOR": "355030853000010", "fracao": 1.0, "pop": 764, "domicilios": 279, "renda_resp": 11981.49, "classe_pof": "47562" }, "geometry": { "type": "Polygon", "coordinates": [ [ [ -46.593740799999978, -23.561065199999977 ], [ -46.594303, -23.561204 ], [ -46.595980699999984, -23.559441699999972 ], [ -46.595629799999983, -23.559161399999933 ], [ -46.593740799999978, -23.561065199999977 ] ] ] } },
{ "type": "Feature", "properties": { "loja_id": "AG05", "CD_SETOR": "355030853000011", "fracao": 1.0, "pop": 322, "domicilios": 132, "renda_resp": 7903.48, "classe_pof": "47561" }, "geometry": { "type": "Polygon", "coordinates": [ [ [ -46.595980699999984, -23.559441699999972 ], [ -46.596322, -23.559106199999974 ], [ -46.595951899999932, -23.558822699999954 ], [ -46.595629799999983, -23.559161399999933 ], [ -46.595980699999984, -23.559441699999972 ] ] ] } },
{ "type": "Feature", "properties": { "loja_id": "AG05", "CD_SETOR": "355030853000012", "fracao": 1.0, "pop": 855, "domicilios": 396, "renda_resp": 4673.0, "classe_pof": "47560" }, "geometry": { "type": "Polygon", "coordinates": [ [ [ -46.595741, -23.558207 ], [ -46.591965, -23.559877 ], [ -46.592712, -23.561274 ], [ -46.595741, -23.558207 ] ] ] } },
{ "type": "Feature", "properties": { "loja_id": "AG05", "CD_SETOR": "355030853000013", "fracao": 0.98908934623539557, "pop": 444, "domicilios": 176, "renda_resp": 3665.66, "classe_pof": "47560" }, "geometry": { "type": "Polygon", "coordinates": [ [ [ -46.591936, -23.560987 ], [ -46.590267437458401, -23.561743962916605 ], [ -46.590299930387751, -23.561991772796983 ], [ -46.590966, -23.563263 ], [ -46.591072, -23.563145 ], [ -46.591216320319951, -23.563379853815626 ], [ -46.591689067175345, -23.563401288214571 ], [ -46.592306, -23.563072 ], [ -46.593202, -23.562327 ], [ -46.592621, -23.561377 ], [ -46.592712, -23.561274 ], [ -46.591965, -23.559877 ], [ -46.591471, -23.560094 ], [ -46.591936, -23.560987 ] ] ] } },
{ "type": "Feature", "properties": { "loja_id": "AG05", "CD_SETOR": "355030853000014", "fracao": 0.23984480533137897, "pop": 351, "domicilios": 153, "renda_resp": 6642.25, "classe_pof": "47561" }, "geometry": { "type": "Polygon", "coordinates": [ [ [ -46.593920294526555, -23.563502432764167 ], [ -46.593202, -23.562327 ], [ -46.592306, -23.563072 ], [ -46.591689067175345, -23.563401288214571 ], [ -46.593920294526555, -23.563502432764167 ] ] ] } },
{ "type": "Feature", "properties": { "loja_id": "AG05", "CD_SETOR": "355030853000019", "fracao": 1.0, "pop": 576, "domicilios": 251, "renda_resp": 6627.48, "classe_pof": "47561" }, "geometry": { "type": "Polygon", "coordinates": [ [ [ -46.599364, -23.562488 ], [ -46.600738, -23.562881 ], [ -46.601704, -23.560853 ], [ -46.600777, -23.560622 ], [ -46.599364, -23.562488 ] ] ] } },
{ "type": "Feature", "properties": { "loja_id": "AG05", "CD_SETOR": "355030853000020", "fracao": 1.0, "pop": 618, "domicilios": 221, "renda_resp": 6133.55, "classe_pof": "47561" }, "geometry": { "type": "Polygon", "coordinates": [ [ [ -46.600168, -23.557362 ], [ -46.600238, -23.558084 ], [ -46.60019, -23.558809 ], [ -46.600549, -23.559759 ], [ -46.600481, -23.560548 ], [ -46.602498, -23.561051 ], [ -46.602683, -23.558822 ], [ -46.600907, -23.558692 ], [ -46.600951, -23.558225 ], [ -46.60133, -23.558218 ], [ -46.601183, -23.557168 ], [ -46.600303, -23.557272 ], [ -46.600168, -23.557362 ] ] ] } },
{ "type": "Feature", "properties": { "loja_id": "AG05", "CD_SETOR": "355030853000022", "fracao": 1.0, "pop": 341, "domicilios": 166, "renda_resp": 4285.63, "classe_pof": "47560" }, "geometry": { "type": "Polygon", "coordinates": [ [ [ -46.600168, -23.557362 ], [ -46.600303, -23.557272 ], [ -46.603389, -23.556911 ], [ -46.603264, -23.556058 ], [ -46.600074, -23.556453 ], [ -46.600168, -23.557362 ] ] ] } },
{ "type": "Feature", "properties": { "loja_id": "AG05", "CD_SETOR": "355030853000023", "fracao": 0.99999999999999989, "pop": 295, "domicilios": 124, "renda_resp": 5352.21, "classe_pof": "47561" }, "geometry": { "type": "Polygon", "coordinates": [ [ [ -46.603141, -23.555199 ], [ -46.603579, -23.558113 ], [ -46.604586, -23.558114 ], [ -46.604523299999983, -23.557699599999978 ], [ -46.604123899999934, -23.557747599999971 ], [ -46.604102199999943, -23.557614199999936 ], [ -46.603643199999972, -23.557679499999949 ], [ -46.603612299999952, -23.55750989999995 ], [ -46.604029, -23.557431799999964 ], [ -46.603946199999939, -23.556727399999946 ], [ -46.604379899999969, -23.55667719999996 ], [ -46.604158, -23.555098 ], [ -46.603141, -23.555199 ] ] ] } },
{ "type": "Feature", "properties": { "loja_id": "AG05", "CD_SETOR": "355030853000024", "fracao": 1.0, "pop": 612, "domicilios": 243, "renda_resp": 9961.06, "classe_pof": "47562" }, "geometry": { "type": "Polygon", "coordinates": [ [ [ -46.604523299999983, -23.557699599999978 ], [ -46.604379899999969, -23.55667719999996 ], [ -46.603946199999939, -23.556727399999946 ], [ -46.604029, -23.557431799999964 ], [ -46.603612299999952, -23.55750989999995 ], [ -46.603643199999972, -23.557679499999949 ], [ -46.604102199999943, -23.557614199999936 ], [ -46.604123899999934, -23.557747599999971 ], [ -46.604523299999983, -23.557699599999978 ] ] ] } },
{ "type": "Feature", "properties": { "loja_id": "AG05", "CD_SETOR": "355030853000025", "fracao": 1.0, "pop": 151, "domicilios": 65, "renda_resp": 2892.41, "classe_pof": "47560" }, "geometry": { "type": "Polygon", "coordinates": [ [ [ -46.596872, -23.555815 ], [ -46.597081, -23.557436 ], [ -46.599208, -23.556158 ], [ -46.599988, -23.555632 ], [ -46.599977, -23.555519 ], [ -46.596872, -23.555815 ] ] ] } },
{ "type": "Feature", "properties": { "loja_id": "AG05", "CD_SETOR": "355030853000027", "fracao": 1.0, "pop": 249, "domicilios": 125, "renda_resp": 4823.44, "classe_pof": "47560" }, "geometry": { "type": "Polygon", "coordinates": [ [ [ -46.592469, -23.557493 ], [ -46.592925, -23.558367 ], [ -46.594203, -23.557799 ], [ -46.593734, -23.556926 ], [ -46.592469, -23.557493 ] ] ] } },
{ "type": "Feature", "properties": { "loja_id": "AG05", "CD_SETOR": "355030853000028", "fracao": 1.0, "pop": 349, "domicilios": 132, "renda_resp": 4314.58, "classe_pof": "47560" }, "geometry": { "type": "Polygon", "coordinates": [ [ [ -46.592925, -23.558367 ], [ -46.591018, -23.559228 ], [ -46.591471, -23.560094 ], [ -46.593382, -23.559239 ], [ -46.592925, -23.558367 ] ] ] } },
{ "type": "Feature", "properties": { "loja_id": "AG05", "CD_SETOR": "355030853000029", "fracao": 0.75080355117081765, "pop": 618, "domicilios": 251, "renda_resp": 5858.41, "classe_pof": "47561" }, "geometry": { "type": "Polygon", "coordinates": [ [ [ -46.589525995832616, -23.558799414111043 ], [ -46.589524, -23.558999 ], [ -46.589857, -23.559999 ], [ -46.589634985864386, -23.560731721304808 ], [ -46.589716, -23.560886 ], [ -46.591471, -23.560094 ], [ -46.590551, -23.558339 ], [ -46.589525995832616, -23.558799414111043 ] ] ] } },
{ "type": "Feature", "properties": { "loja_id": "AG05", "CD_SETOR": "355030853000030", "fracao": 0.0034199417161687438, "pop": 460, "domicilios": 177, "renda_resp": 4822.3, "classe_pof": "47560" }, "geometry": { "type": "Polygon", "coordinates": [ [ [ -46.589716, -23.560886 ], [ -46.589634985864386, -23.560731721304808 ], [ -46.589567984777126, -23.560952845931435 ], [ -46.589716, -23.560886 ] ] ] } },
{ "type": "Feature", "properties": { "loja_id": "AG05", "CD_SETOR": "355030853000031", "fracao": 0.49225491915131886, "pop": 394, "domicilios": 146, "renda_resp": 3898.46, "classe_pof": "47560" }, "geometry": { "type": "Polygon", "coordinates": [ [ [ -46.589567984777126, -23.560952845931435 ], [ -46.590267437458401, -23.561743962916605 ], [ -46.591936, -23.560987 ], [ -46.591471, -23.560094 ], [ -46.589567984777126, -23.560952845931435 ] ] ] } },
{ "type": "Feature", "properties": { "loja_id": "AG05", "CD_SETOR": "355030853000032", "fracao": 0.062084329110250212, "pop": 203, "domicilios": 91, "renda_resp": 4844.02, "classe_pof": "47560" }, "geometry": { "type": "Polygon", "coordinates": [ [ [ -46.590966, -23.563263 ], [ -46.590555, -23.562475 ], [ -46.590299930387751, -23.561991772796983 ], [ -46.590432, -23.562999 ], [ -46.590917779714964, -23.563316856126768 ], [ -46.590966, -23.563263 ] ] ] } },
{ "type": "Feature", "properties": { "loja_id": "AG05", "CD_SETOR": "355030853000040", "fracao": 0.99999999999999978, "pop": 264, "domicilios": 104, "renda_resp": 5518.74, "classe_pof": "47561" }, "geometry": { "type": "Polygon", "coordinates": [ [ [ -46.602839, -23.561135 ], [ -46.603153, -23.560475 ], [ -46.604329, -23.560966 ], [ -46.604797, -23.56001 ], [ -46.603539, -23.559499 ], [ -46.603635, -23.558846 ], [ -46.602683, -23.558822 ], [ -46.602498, -23.561051 ], [ -46.602839, -23.561135 ] ] ] } },
{ "type": "Feature", "properties": { "loja_id": "AG05", "CD_SETOR": "355030853000042", "fracao": 1.0, "pop": 517, "domicilios": 217, "renda_resp": 3479.66, "classe_pof": "47560" }, "geometry": { "type": "Polygon", "coordinates": [ [ [ -46.605892, -23.552722 ], [ -46.602151, -23.553058 ], [ -46.60166, -23.552975 ], [ -46.599708, -23.553135 ], [ -46.599863, -23.554511 ], [ -46.602123, -23.554272 ], [ -46.60224, -23.555289 ], [ -46.606066, -23.554918 ], [ -46.605892, -23.552722 ] ] ] } },
{ "type": "Feature", "properties": { "loja_id": "AG05", "CD_SETOR": "355030853000043", "fracao": 0.99999999999999978, "pop": 559, "domicilios": 218, "renda_resp": 4801.92, "classe_pof": "47560" }, "geometry": { "type": "Polygon", "coordinates": [ [ [ -46.598231, -23.55349 ], [ -46.596634, -23.553787 ], [ -46.596872, -23.555815 ], [ -46.599977, -23.555519 ], [ -46.599708, -23.553135 ], [ -46.599051, -23.552541 ], [ -46.598231, -23.55349 ] ] ] } },
{ "type": "Feature", "properties": { "loja_id": "AG05", "CD_SETOR": "355030853000044", "fracao": 0.99999999999999989, "pop": 482, "domicilios": 183, "renda_resp": 6856.73, "classe_pof": "47561" }, "geometry": { "type": "Polygon", "coordinates": [ [ [ -46.593663, -23.555793 ], [ -46.592465, -23.556293 ], [ -46.592975, -23.557271 ], [ -46.595914, -23.555934 ], [ -46.596872, -23.555815 ], [ -46.596755, -23.554792 ], [ -46.593663, -23.555793 ] ] ] } },
{ "type": "Feature", "properties": { "loja_id": "AG05", "CD_SETOR": "355030853000053", "fracao": 0.20199656567776872, "pop": 868, "domicilios": 295, "renda_resp": 3411.52, "classe_pof": "47560" }, "geometry": { "type": "MultiPolygon", "coordinates": [ [ [ [ -46.604772, -23.552826 ], [ -46.607049, -23.552617 ], [ -46.607894602192843, -23.552539264562988 ], [ -46.60695063643584, -23.551060103998353 ], [ -46.606476, -23.551632 ], [ -46.605748, -23.551195 ], [ -46.604772, -23.552826 ] ] ], [ [ [ -46.609710771917243, -23.553952521022147 ], [ -46.609718, -23.554561 ], [ -46.609978907896718, -23.554537635233675 ], [ -46.609710771917243, -23.553952521022147 ] ] ] ] } },
{ "type": "Feature", "properties": { "loja_id": "AG05", "CD_SETOR": "355030853000054", "fracao": 0.65488574177487013, "pop": 463, "domicilios": 136, "renda_resp": 4168.57, "classe_pof": "47560" }, "geometry": { "type": "Polygon", "coordinates": [ [ [ -46.605669452594256, -23.549184639062567 ], [ -46.604564, -23.550494 ], [ -46.605223, -23.550886 ], [ -46.604056, -23.552897 ], [ -46.604772, -23.552826 ], [ -46.605748, -23.551195 ], [ -46.606476, -23.551632 ], [ -46.60695063643584, -23.551060103998353 ], [ -46.605777, -23.549221 ], [ -46.605669452594256, -23.549184639062567 ] ] ] } },
{ "type": "Feature", "properties": { "loja_id": "AG05", "CD_SETOR": "355030853000057", "fracao": 0.7946650098121778, "pop": 445, "domicilios": 186, "renda_resp": 5862.15, "classe_pof": "47561" }, "geometry": { "type": "Polygon", "coordinates": [ [ [ -46.597142, -23.550752 ], [ -46.595927, -23.551925 ], [ -46.597742, -23.553583 ], [ -46.598231, -23.55349 ], [ -46.599051, -23.552541 ], [ -46.599708, -23.553135 ], [ -46.599875, -23.553123 ], [ -46.599895, -23.552224 ], [ -46.600166, -23.551517 ], [ -46.601061, -23.550238 ], [ -46.602668199999982, -23.548221 ], [ -46.601380815822949, -23.547496738753441 ], [ -46.600999, -23.54755 ], [ -46.600541, -23.548541 ], [ -46.599999, -23.548799 ], [ -46.599531, -23.548468 ], [ -46.599173, -23.547826 ], [ -46.597999, -23.547617 ], [ -46.597198781762664, -23.547793048577798 ], [ -46.596671, -23.549026 ], [ -46.595994, -23.549666 ], [ -46.597142, -23.550752 ] ] ] } },
{ "type": "Feature", "properties": { "loja_id": "AG05", "CD_SETOR": "355030853000058", "fracao": 1.0, "pop": 534, "domicilios": 230, "renda_resp": 4904.21, "classe_pof": "47560" }, "geometry": { "type": "Polygon", "coordinates": [ [ [ -46.595927, -23.551925 ], [ -46.593841, -23.553936 ], [ -46.594665, -23.555469 ], [ -46.596755, -23.554792 ], [ -46.596634, -23.553787 ], [ -46.597742, -23.553583 ], [ -46.595927, -23.551925 ] ] ] } },
{ "type": "Feature", "properties": { "loja_id": "AG05", "CD_SETOR": "355030853000059", "fracao": 1.0, "pop": 628, "domicilios": 243, "renda_resp": 7094.71, "classe_pof": "47561" }, "geometry": { "type": "Polygon", "coordinates": [ [ [ -46.593992, -23.554221 ], [ -46.591905, -23.555226 ], [ -46.592465, -23.556293 ], [ -46.593497, -23.555851 ], [ -46.594665, -23.555469 ], [ -46.593992, -23.554221 ] ] ] } },
{ "type": "Feature", "properties": { "loja_id": "AG05", "CD_SETOR": "355030853000060", "fracao": 0.46742721104873503, "pop": 456, "domicilios": 195, "renda_resp": 5282.35, "classe_pof": "47561" }, "geometry": { "type": "MultiPolygon", "coordinates": [ [ [ [ -46.589658, -23.55874 ], [ -46.589529040656274, -23.55849493026178 ], [ -46.589525995832616, -23.558799414111043 ], [ -46.589658, -23.55874 ] ] ], [ [ [ -46.589782392711726, -23.557406064870065 ], [ -46.592465, -23.556293 ], [ -46.591905, -23.555226 ], [ -46.590315539580651, -23.556485968567291 ], [ -46.589999, -23.556889 ], [ -46.589782392711726, -23.557406064870065 ] ] ] ] } },
{ "type": "Feature", "properties": { "loja_id": "AG05", "CD_SETOR": "355030853000070", "fracao": 0.8021883165286311, "pop": 477, "domicilios": 209, "renda_resp": 4752.36, "classe_pof": "47560" }, "geometry": { "type": "Polygon", "coordinates": [ [ [ -46.607426, -23.554794 ], [ -46.60769, -23.556615 ], [ -46.608228797219695, -23.556828248280159 ], [ -46.608776, -23.555776 ], [ -46.609296, -23.555296 ], [ -46.609862423607844, -23.555097852463259 ], [ -46.61007119637631, -23.554793991368669 ], [ -46.609978907896718, -23.554537635233675 ], [ -46.609718, -23.554561 ], [ -46.609710771917243, -23.553952521022147 ], [ -46.609262179656739, -23.553671627048175 ], [ -46.607968, -23.553785 ], [ -46.608060399999943, -23.554757099999957 ], [ -46.607426, -23.554794 ] ] ] } },
{ "type": "Feature", "properties": { "loja_id": "AG05", "CD_SETOR": "355030853000075", "fracao": 0.068505187929730607, "pop": 611, "domicilios": 266, "renda_resp": 3456.18, "classe_pof": "47560" }, "geometry": { "type": "MultiPolygon", "coordinates": [ [ [ [ -46.594999, -23.548052 ], [ -46.594722299999944, -23.5484044 ], [ -46.595110536043514, -23.548040010566638 ], [ -46.594999, -23.548052 ] ] ], [ [ [ -46.596390099999951, -23.548027399999967 ], [ -46.596256299999936, -23.548543099999954 ], [ -46.596263099999931, -23.548851699999947 ], [ -46.595688399999972, -23.549375599999962 ], [ -46.595994, -23.549666 ], [ -46.596671, -23.549026 ], [ -46.597198781762664, -23.547793048577798 ], [ -46.596215959788971, -23.547921179950318 ], [ -46.596390099999951, -23.548027399999967 ] ] ], [ [ [ -46.601380815822949, -23.547496738753441 ], [ -46.602668199999982, -23.548221 ], [ -46.603233618885454, -23.54754211645691 ], [ -46.602999, -23.547271 ], [ -46.601380815822949, -23.547496738753441 ] ] ] ] } },
{ "type": "Feature", "properties": { "loja_id": "AG05", "CD_SETOR": "355030853000078", "fracao": 0.29901920594641856, "pop": 641, "domicilios": 225, "renda_resp": 4876.88, "classe_pof": "47560" }, "geometry": { "type": "Polygon", "coordinates": [ [ [ -46.590315539580651, -23.556485968567291 ], [ -46.591905, -23.555226 ], [ -46.591018, -23.553939 ], [ -46.590677409030462, -23.554208491632647 ], [ -46.590698, -23.555999 ], [ -46.590315539580651, -23.556485968567291 ] ] ] } },
{ "type": "Feature", "properties": { "loja_id": "AG05", "CD_SETOR": "355030853000088", "fracao": 0.024470084950294773, "pop": 437, "domicilios": 173, "renda_resp": 6053.84, "classe_pof": "47561" }, "geometry": { "type": "Polygon", "coordinates": [ [ [ -46.590678, -23.554208 ], [ -46.591018, -23.553939 ], [ -46.591004563107447, -23.553626930023832 ], [ -46.590675, -23.553999 ], [ -46.590678, -23.554208 ] ] ] } },
{ "type": "Feature", "properties": { "loja_id": "AG05", "CD_SETOR": "355030853000102", "fracao": 0.99999999999999956, "pop": 185, "domicilios": 85, "renda_resp": 6987.18, "classe_pof": "47561" }, "geometry": { "type": "Polygon", "coordinates": [ [ [ -46.596031, -23.559458 ], [ -46.595263, -23.560224 ], [ -46.594303, -23.561204 ], [ -46.595628199999972, -23.560873299999969 ], [ -46.596269599999971, -23.560030799999932 ], [ -46.596185199999979, -23.559981499999939 ], [ -46.596296099999961, -23.559836399999934 ], [ -46.596196, -23.559751499999955 ], [ -46.596237099999939, -23.559699499999969 ], [ -46.596031, -23.559458 ] ] ] } },
{ "type": "Feature", "properties": { "loja_id": "AG05", "CD_SETOR": "355030853000103", "fracao": 0.55601776080713083, "pop": 733, "domicilios": 310, "renda_resp": 9047.31, "classe_pof": "47562" }, "geometry": { "type": "Polygon", "coordinates": [ [ [ -46.603153, -23.560475 ], [ -46.602392, -23.562073 ], [ -46.603223835745254, -23.562408555400737 ], [ -46.603999, -23.561683 ], [ -46.604993429247045, -23.561244002437274 ], [ -46.603153, -23.560475 ] ] ] } },
{ "type": "Feature", "properties": { "loja_id": "AG05", "CD_SETOR": "355030853000104", "fracao": 1.0, "pop": 566, "domicilios": 193, "renda_resp": 12961.49, "classe_pof": "47563" }, "geometry": { "type": "Polygon", "coordinates": [ [ [ -46.595385, -23.550246 ], [ -46.595994, -23.549666 ], [ -46.595533699999976, -23.54922879999998 ], [ -46.594875599999966, -23.549832799999926 ], [ -46.595385, -23.550246 ] ] ] } },
{ "type": "Feature", "properties": { "loja_id": "AG05", "CD_SETOR": "355030853000106", "fracao": 0.69352089064405797, "pop": 528, "domicilios": 166, "renda_resp": 14169.51, "classe_pof": "47563" }, "geometry": { "type": "Polygon", "coordinates": [ [ [ -46.59490349999993, -23.549807 ], [ -46.595533699999976, -23.54922879999998 ], [ -46.594844799999976, -23.548575699999958 ], [ -46.594444, -23.548999 ], [ -46.594807, -23.549192 ], [ -46.594770306444282, -23.549747909486783 ], [ -46.59490349999993, -23.549807 ] ] ] } },
{ "type": "Feature", "properties": { "loja_id": "AG05", "CD_SETOR": "355030853000108", "fracao": 0.94610063426512214, "pop": 413, "domicilios": 181, "renda_resp": 7673.89, "classe_pof": "47561" }, "geometry": { "type": "Polygon", "coordinates": [ [ [ -46.595010299999956, -23.548732599999934 ], [ -46.595346, -23.548998 ], [ -46.596390099999951, -23.548027399999967 ], [ -46.596215959788971, -23.547921179950318 ], [ -46.595803079028514, -23.547965564660579 ], [ -46.595010299999956, -23.548732599999934 ] ] ] } },
{ "type": "Feature", "properties": { "loja_id": "AG05", "CD_SETOR": "355030853000109", "fracao": 0.63913319211557051, "pop": 401, "domicilios": 182, "renda_resp": 7972.93, "classe_pof": "47561" }, "geometry": { "type": "Polygon", "coordinates": [ [ [ -46.594693499999948, -23.548432299999948 ], [ -46.595010299999956, -23.548732599999934 ], [ -46.595803079028514, -23.547965564660579 ], [ -46.595110536043514, -23.548040010566638 ], [ -46.594693499999948, -23.548432299999948 ] ] ] } },
{ "type": "Feature", "properties": { "loja_id": "AG05", "CD_SETOR": "355030853000111", "fracao": 1.0, "pop": 401, "domicilios": 128, "renda_resp": 15956.52, "classe_pof": "47563" }, "geometry": { "type": "Polygon", "coordinates": [ [ [ -46.593528499999934, -23.552497899999928 ], [ -46.594283399999938, -23.551818799999978 ], [ -46.594675199999983, -23.552134599999938 ], [ -46.59504979999997, -23.551752499999964 ], [ -46.595599899999968, -23.552239399999966 ], [ -46.595927, -23.551925 ], [ -46.594754, -23.55086 ], [ -46.593254, -23.552266 ], [ -46.593528499999934, -23.552497899999928 ] ] ] } },
{ "type": "Feature", "properties": { "loja_id": "AG05", "CD_SETOR": "355030853000112", "fracao": 1.0, "pop": 417, "domicilios": 136, "renda_resp": 12438.45, "classe_pof": "47563" }, "geometry": { "type": "Polygon", "coordinates": [ [ [ -46.594460599999934, -23.553285299999967 ], [ -46.595599899999968, -23.552239399999966 ], [ -46.59504979999997, -23.551752499999964 ], [ -46.594675199999983, -23.552134599999938 ], [ -46.594283399999938, -23.551818799999978 ], [ -46.593528499999934, -23.552497899999928 ], [ -46.594460599999934, -23.553285299999967 ] ] ] } },
{ "type": "Feature", "properties": { "loja_id": "AG05", "CD_SETOR": "355030853000113", "fracao": 0.20977964593173196, "pop": 397, "domicilios": 168, "renda_resp": 7376.2, "classe_pof": "47561" }, "geometry": { "type": "Polygon", "coordinates": [ [ [ -46.602392, -23.562073 ], [ -46.602163447849499, -23.562552156279114 ], [ -46.602999, -23.562619 ], [ -46.603223835745254, -23.562408555400737 ], [ -46.602392, -23.562073 ] ] ] } },
{ "type": "Feature", "properties": { "loja_id": "AG05", "CD_SETOR": "355030853000114", "fracao": 0.4304350967287951, "pop": 280, "domicilios": 118, "renda_resp": 3173.52, "classe_pof": "47560" }, "geometry": { "type": "MultiPolygon", "coordinates": [ [ [ [ -46.607491103400484, -23.557026163586087 ], [ -46.607718, -23.557281 ], [ -46.60814, -23.556999 ], [ -46.608228797219695, -23.556828248280159 ], [ -46.60769, -23.556615 ], [ -46.607491103400484, -23.557026163586087 ] ] ], [ [ [ -46.607315785040221, -23.557391150996981 ], [ -46.606956, -23.558118 ], [ -46.603579, -23.558113 ], [ -46.60364, -23.558766 ], [ -46.603539, -23.559499 ], [ -46.604797, -23.56001 ], [ -46.604329, -23.560966 ], [ -46.604993429247045, -23.561244002437274 ], [ -46.605861, -23.560861 ], [ -46.607175, -23.558999 ], [ -46.607461, -23.557538 ], [ -46.607315785040221, -23.557391150996981 ] ] ] ] } },
{ "type": "Feature", "properties": { "loja_id": "AG05", "CD_SETOR": "355030853000117", "fracao": 1.0, "pop": 592, "domicilios": 240, "renda_resp": 9225.5, "classe_pof": "47562" }, "geometry": { "type": "Polygon", "coordinates": [ [ [ -46.592925, -23.558367 ], [ -46.593382, -23.559239 ], [ -46.594668, -23.558661 ], [ -46.594203, -23.557799 ], [ -46.592925, -23.558367 ] ] ] } },
{ "type": "Feature", "properties": { "loja_id": "AG05", "CD_SETOR": "355030853000118", "fracao": 1.0, "pop": 618, "domicilios": 244, "renda_resp": 5738.62, "classe_pof": "47561" }, "geometry": { "type": "Polygon", "coordinates": [ [ [ -46.595121, -23.556322 ], [ -46.596033, -23.558039 ], [ -46.597081, -23.557436 ], [ -46.596872, -23.555815 ], [ -46.595914, -23.555934 ], [ -46.595121, -23.556322 ] ] ] } },
{ "type": "Feature", "properties": { "loja_id": "AG05", "CD_SETOR": "355030853000119", "fracao": 1.0, "pop": 680, "domicilios": 263, "renda_resp": 6843.47, "classe_pof": "47561" }, "geometry": { "type": "Polygon", "coordinates": [ [ [ -46.599863, -23.554511 ], [ -46.600074, -23.556453 ], [ -46.603264, -23.556058 ], [ -46.603141, -23.555199 ], [ -46.60224, -23.555289 ], [ -46.602123, -23.554272 ], [ -46.599863, -23.554511 ] ] ] } },
{ "type": "Feature", "properties": { "loja_id": "AG05", "CD_SETOR": "355030853000120", "fracao": 1.0, "pop": 508, "domicilios": 222, "renda_resp": 6119.72, "classe_pof": "47561" }, "geometry": { "type": "Polygon", "coordinates": [ [ [ -46.596175, -23.55795379999995 ], [ -46.59546, -23.558471 ], [ -46.593085, -23.560899 ], [ -46.593740799999978, -23.561065199999977 ], [ -46.595951899999932, -23.558822699999954 ], [ -46.596322, -23.559106199999974 ], [ -46.596733499999971, -23.55870339999996 ], [ -46.596175, -23.55795379999995 ] ] ] } },
{ "type": "Feature", "properties": { "loja_id": "AG05", "CD_SETOR": "355030853000124", "fracao": 0.99999999999999989, "pop": 470, "domicilios": 166, "renda_resp": 11693.83, "classe_pof": "47562" }, "geometry": { "type": "Polygon", "coordinates": [ [ [ -46.604807899999969, -23.556339 ], [ -46.605236899999966, -23.55628929999995 ], [ -46.605209599999966, -23.555893799999975 ], [ -46.60604989999996, -23.555828799999965 ], [ -46.606053499999973, -23.555506699999967 ], [ -46.60499029999994, -23.555571099999955 ], [ -46.604995699999961, -23.555725599999953 ], [ -46.604747799999984, -23.555743 ], [ -46.604807899999969, -23.556339 ] ] ] } },
{ "type": "Feature", "properties": { "loja_id": "AG05", "CD_SETOR": "355030853000125", "fracao": 0.99999999999999989, "pop": 354, "domicilios": 160, "renda_resp": 6779.05, "classe_pof": "47561" }, "geometry": { "type": "Polygon", "coordinates": [ [ [ -46.604378599999961, -23.556389599999932 ], [ -46.604379899999969, -23.55667719999996 ], [ -46.605207899999982, -23.556588799999929 ], [ -46.605187299999955, -23.556293299999943 ], [ -46.604378599999961, -23.556389599999932 ] ] ] } },
{ "type": "Feature", "properties": { "loja_id": "AG05", "CD_SETOR": "355030853000126", "fracao": 0.99999999999999989, "pop": 405, "domicilios": 179, "renda_resp": 7201.06, "classe_pof": "47561" }, "geometry": { "type": "Polygon", "coordinates": [ [ [ -46.59619669999995, -23.557984399999956 ], [ -46.596639599999953, -23.558613099999945 ], [ -46.596886199999972, -23.55886 ], [ -46.597040799999945, -23.558442899999932 ], [ -46.596790399999982, -23.558089499999937 ], [ -46.596586299999956, -23.558219699999938 ], [ -46.59634489999997, -23.557856799999971 ], [ -46.59619669999995, -23.557984399999956 ] ] ] } },
{ "type": "Feature", "properties": { "loja_id": "AG05", "CD_SETOR": "355030853000127", "fracao": 1.0, "pop": 383, "domicilios": 133, "renda_resp": 10186.88, "classe_pof": "47562" }, "geometry": { "type": "Polygon", "coordinates": [ [ [ -46.595318, -23.549024299999925 ], [ -46.595688399999972, -23.549375599999962 ], [ -46.596263099999931, -23.548851699999947 ], [ -46.596256299999936, -23.548543099999954 ], [ -46.596390099999951, -23.548027399999967 ], [ -46.595318, -23.549024299999925 ] ] ] } },
{ "type": "Feature", "properties": { "loja_id": "AG05", "CD_SETOR": "355030853000128", "fracao": 1.0, "pop": 494, "domicilios": 163, "renda_resp": 12544.67, "classe_pof": "47563" }, "geometry": { "type": "Polygon", "coordinates": [ [ [ -46.605236899999966, -23.55628929999995 ], [ -46.606035599999984, -23.556231899999947 ], [ -46.60604989999996, -23.555828799999965 ], [ -46.605209599999966, -23.555893799999975 ], [ -46.605236899999966, -23.55628929999995 ] ] ] } },
{ "type": "Feature", "properties": { "loja_id": "AG05", "CD_SETOR": "355030853000129", "fracao": 1.0, "pop": 134, "domicilios": 55, "renda_resp": 8569.75, "classe_pof": "47562" }, "geometry": { "type": "Polygon", "coordinates": [ [ [ -46.601991799999951, -23.561684199999942 ], [ -46.602144499999952, -23.561359599999943 ], [ -46.601561699999934, -23.561153399999963 ], [ -46.601415699999968, -23.561461799999964 ], [ -46.601991799999951, -23.561684199999942 ] ] ] } },
{ "type": "Feature", "properties": { "loja_id": "AG05", "CD_SETOR": "355030853000130", "fracao": 0.31415739186214792, "pop": 352, "domicilios": 143, "renda_resp": 8454.46, "classe_pof": "47562" }, "geometry": { "type": "Polygon", "coordinates": [ [ [ -46.600738, -23.562881 ], [ -46.599364, -23.562488 ], [ -46.598903399749183, -23.563095971645801 ], [ -46.600685241134784, -23.56299192221438 ], [ -46.600738, -23.562881 ] ] ] } },
{ "type": "Feature", "properties": { "loja_id": "AG05", "CD_SETOR": "355030853000134", "fracao": 0.99999999999999922, "pop": 617, "domicilios": 246, "renda_resp": 6700.6, "classe_pof": "47561" }, "geometry": { "type": "Polygon", "coordinates": [ [ [ -46.598465899999951, -23.556615599999922 ], [ -46.59634489999997, -23.557856799999971 ], [ -46.596586299999956, -23.558219699999938 ], [ -46.596790399999982, -23.558089499999937 ], [ -46.597154, -23.558593499999969 ], [ -46.599624699999936, -23.557138099999975 ], [ -46.599435, -23.55667509999995 ], [ -46.59912, -23.556792099999942 ], [ -46.599277399999949, -23.557029299999961 ], [ -46.598876, -23.557254799999956 ], [ -46.598465899999951, -23.556615599999922 ] ] ] } },
{ "type": "Feature", "properties": { "loja_id": "AG05", "CD_SETOR": "355030853000135", "fracao": 1.0, "pop": 584, "domicilios": 222, "renda_resp": 7574.07, "classe_pof": "47561" }, "geometry": { "type": "Polygon", "coordinates": [ [ [ -46.598487, -23.556647399999967 ], [ -46.598876, -23.557254799999956 ], [ -46.599277399999949, -23.557029299999961 ], [ -46.59912, -23.556792099999942 ], [ -46.599643699999945, -23.556512199999926 ], [ -46.599602699999934, -23.556345299999968 ], [ -46.599839699999961, -23.556117699999959 ], [ -46.599788799999942, -23.556000599999944 ], [ -46.599988, -23.555632 ], [ -46.598487, -23.556647399999967 ] ] ] } },
{ "type": "Feature", "properties": { "loja_id": "AG05", "CD_SETOR": "355030853000138", "fracao": 1.0, "pop": 549, "domicilios": 241, "renda_resp": 6347.28, "classe_pof": "47561" }, "geometry": { "type": "Polygon", "coordinates": [ [ [ -46.601183, -23.557168 ], [ -46.60133, -23.558218 ], [ -46.600951, -23.558225 ], [ -46.600907, -23.558692 ], [ -46.603635, -23.558846 ], [ -46.603542, -23.557907 ], [ -46.602805199999978, -23.557995499999954 ], [ -46.602722899999947, -23.557398899999953 ], [ -46.603446899999938, -23.557297 ], [ -46.603389, -23.556911 ], [ -46.601183, -23.557168 ] ] ] } },
{ "type": "Feature", "properties": { "loja_id": "AG05", "CD_SETOR": "355030853000139", "fracao": 1.0, "pop": 465, "domicilios": 159, "renda_resp": 16676.99, "classe_pof": "47563" }, "geometry": { "type": "Polygon", "coordinates": [ [ [ -46.603542, -23.557907 ], [ -46.603446899999938, -23.557297 ], [ -46.602722899999947, -23.557398899999953 ], [ -46.602805199999978, -23.557995499999954 ], [ -46.603542, -23.557907 ] ] ] } },
{ "type": "Feature", "properties": { "loja_id": "AG05", "CD_SETOR": "355030853000140", "fracao": 0.99999999999999978, "pop": 519, "domicilios": 227, "renda_resp": 5308.53, "classe_pof": "47561" }, "geometry": { "type": "Polygon", "coordinates": [ [ [ -46.593734, -23.556926 ], [ -46.594668, -23.558661 ], [ -46.596033, -23.558039 ], [ -46.595109, -23.556298 ], [ -46.593734, -23.556926 ] ], [ [ -46.595381399999951, -23.557271599999982 ], [ -46.595610599999937, -23.557710099999955 ], [ -46.59493729999997, -23.558018399999973 ], [ -46.59470529999993, -23.557571399999972 ], [ -46.595381399999951, -23.557271599999982 ] ] ] } },
{ "type": "Feature", "properties": { "loja_id": "AG05", "CD_SETOR": "355030853000141", "fracao": 1.0, "pop": 340, "domicilios": 164, "renda_resp": 8836.85, "classe_pof": "47562" }, "geometry": { "type": "Polygon", "coordinates": [ [ [ -46.59493729999997, -23.558018399999973 ], [ -46.595610599999937, -23.557710099999955 ], [ -46.595381399999951, -23.557271599999982 ], [ -46.59470529999993, -23.557571399999972 ], [ -46.59493729999997, -23.558018399999973 ] ] ] } },
{ "type": "Feature", "properties": { "loja_id": "AG05", "CD_SETOR": "355030853000142", "fracao": 0.0075390274401840544, "pop": 451, "domicilios": 164, "renda_resp": 7058.88, "classe_pof": "47561" }, "geometry": { "type": "Polygon", "coordinates": [ [ [ -46.590917779714964, -23.563316856126768 ], [ -46.590999, -23.56337 ], [ -46.591216320319951, -23.563379853815626 ], [ -46.591072, -23.563145 ], [ -46.590917779714964, -23.563316856126768 ] ] ] } },
{ "type": "Feature", "properties": { "loja_id": "AG05", "CD_SETOR": "355030853000148", "fracao": 0.48193834481336983, "pop": 573, "domicilios": 243, "renda_resp": 10175.08, "classe_pof": "47562" }, "geometry": { "type": "Polygon", "coordinates": [ [ [ -46.602144499999952, -23.561359599999943 ], [ -46.601718299999959, -23.562284299999938 ], [ -46.601132, -23.562055899999969 ], [ -46.600685241134784, -23.56299192221438 ], [ -46.600975, -23.562975 ], [ -46.601999, -23.562539 ], [ -46.602163447849499, -23.562552156279114 ], [ -46.602839, -23.561135 ], [ -46.601704, -23.560853 ], [ -46.601561699999934, -23.561153399999963 ], [ -46.602144499999952, -23.561359599999943 ] ] ] } },
{ "type": "Feature", "properties": { "loja_id": "AG05", "CD_SETOR": "355030853000149", "fracao": 1.0, "pop": 419, "domicilios": 139, "renda_resp": 21081.88, "classe_pof": "47564" }, "geometry": { "type": "Polygon", "coordinates": [ [ [ -46.601718299999959, -23.562284299999938 ], [ -46.601991799999951, -23.561684199999942 ], [ -46.601415699999968, -23.561461799999964 ], [ -46.601132, -23.562055899999969 ], [ -46.601718299999959, -23.562284299999938 ] ] ] } },
{ "type": "Feature", "properties": { "loja_id": "AG05", "CD_SETOR": "355030853000150", "fracao": 0.99999999999999989, "pop": 485, "domicilios": 223, "renda_resp": 6454.2, "classe_pof": "47561" }, "geometry": { "type": "Polygon", "coordinates": [ [ [ -46.591851, -23.557764 ], [ -46.592975, -23.557271 ], [ -46.592465, -23.556293 ], [ -46.591328, -23.55677 ], [ -46.591851, -23.557764 ] ] ] } },
{ "type": "Feature", "properties": { "loja_id": "AG05", "CD_SETOR": "355030853000151", "fracao": 0.90108917127783938, "pop": 506, "domicilios": 230, "renda_resp": 5114.06, "classe_pof": "47561" }, "geometry": { "type": "Polygon", "coordinates": [ [ [ -46.589658, -23.55874 ], [ -46.591851, -23.557764 ], [ -46.591328, -23.55677 ], [ -46.589782392711726, -23.557406064870065 ], [ -46.589534, -23.557999 ], [ -46.589529040656274, -23.55849493026178 ], [ -46.589658, -23.55874 ] ] ] } },
{ "type": "Feature", "properties": { "loja_id": "AG05", "CD_SETOR": "355030853000152", "fracao": 1.0, "pop": 262, "domicilios": 87, "renda_resp": 3345.93, "classe_pof": "47560" }, "geometry": { "type": "Polygon", "coordinates": [ [ [ -46.604564, -23.550494 ], [ -46.602524, -23.55291 ], [ -46.602503, -23.553037 ], [ -46.604056, -23.552897 ], [ -46.605223, -23.550886 ], [ -46.604564, -23.550494 ] ] ] } },
{ "type": "Feature", "properties": { "loja_id": "AG05", "CD_SETOR": "355030853000153", "fracao": 1.0, "pop": 538, "domicilios": 197, "renda_resp": 5974.6, "classe_pof": "47561" }, "geometry": { "type": "Polygon", "coordinates": [ [ [ -46.602388, -23.551790399999952 ], [ -46.603036, -23.552303 ], [ -46.604564, -23.550494 ], [ -46.603777299999933, -23.550031499999935 ], [ -46.602388, -23.551790399999952 ] ] ] } },
{ "type": "Feature", "properties": { "loja_id": "AG05", "CD_SETOR": "355030853000154", "fracao": 1.0, "pop": 485, "domicilios": 189, "renda_resp": 8801.88, "classe_pof": "47562" }, "geometry": { "type": "Polygon", "coordinates": [ [ [ -46.601994799999943, -23.551551 ], [ -46.602733299999954, -23.550628899999932 ], [ -46.603131499999961, -23.55088029999996 ], [ -46.603777299999933, -23.550031499999935 ], [ -46.60319149999998, -23.549688599999971 ], [ -46.602785799999936, -23.550227899999982 ], [ -46.60293269999994, -23.550314299999965 ], [ -46.601994799999943, -23.551551 ] ] ] } },
{ "type": "Feature", "properties": { "loja_id": "AG05", "CD_SETOR": "355030853000155", "fracao": 1.0, "pop": 523, "domicilios": 201, "renda_resp": 8222.92, "classe_pof": "47561" }, "geometry": { "type": "Polygon", "coordinates": [ [ [ -46.602363499999974, -23.551819599999927 ], [ -46.603131499999961, -23.55088029999996 ], [ -46.602733299999954, -23.550628899999932 ], [ -46.601994799999943, -23.551551 ], [ -46.602363499999974, -23.551819599999927 ] ] ] } },
{ "type": "Feature", "properties": { "loja_id": "AG05", "CD_SETOR": "355030853000156", "fracao": 1.0, "pop": 479, "domicilios": 169, "renda_resp": 4029.88, "classe_pof": "47560" }, "geometry": { "type": "Polygon", "coordinates": [ [ [ -46.60166, -23.552975 ], [ -46.602151, -23.553058 ], [ -46.602503, -23.553037 ], [ -46.602551, -23.552871 ], [ -46.603036, -23.552303 ], [ -46.60174, -23.551368 ], [ -46.602616, -23.550286 ], [ -46.602597, -23.550187 ], [ -46.602303, -23.549992 ], [ -46.602742, -23.549428 ], [ -46.602040599999953, -23.549007899999935 ], [ -46.601061, -23.550238 ], [ -46.600227, -23.551414 ], [ -46.600026, -23.551814 ], [ -46.60166, -23.552975 ] ] ] } },
{ "type": "Feature", "properties": { "loja_id": "AG05", "CD_SETOR": "355030853000157", "fracao": 1.0, "pop": 342, "domicilios": 150, "renda_resp": 6247.3, "classe_pof": "47561" }, "geometry": { "type": "Polygon", "coordinates": [ [ [ -46.599875, -23.553123 ], [ -46.60166, -23.552975 ], [ -46.600026, -23.551814 ], [ -46.599856, -23.552507 ], [ -46.599875, -23.553123 ] ] ] } },
{ "type": "Feature", "properties": { "loja_id": "AG05", "CD_SETOR": "355030853000164", "fracao": 0.059060470155692241, "pop": 861, "domicilios": 380, "renda_resp": 5578.19, "classe_pof": "47561" }, "geometry": { "type": "Polygon", "coordinates": [ [ [ -46.605261, -23.549661 ], [ -46.605669452594256, -23.549184639062567 ], [ -46.604937, -23.548937 ], [ -46.604237232263564, -23.549096348013748 ], [ -46.605261, -23.549661 ] ] ] } },
{ "type": "Feature", "properties": { "loja_id": "AG05", "CD_SETOR": "355030853000166", "fracao": 0.39571482487965876, "pop": 586, "domicilios": 240, "renda_resp": 4628.57, "classe_pof": "47560" }, "geometry": { "type": "Polygon", "coordinates": [ [ [ -46.602040599999953, -23.549007899999935 ], [ -46.604564, -23.550494 ], [ -46.605261, -23.549661 ], [ -46.604237232263564, -23.549096348013748 ], [ -46.603804, -23.549195 ], [ -46.603629, -23.547999 ], [ -46.603233618885454, -23.54754211645691 ], [ -46.602040599999953, -23.549007899999935 ] ] ] } },
{ "type": "Feature", "properties": { "loja_id": "AG05", "CD_SETOR": "355030853000168", "fracao": 1.0, "pop": 318, "domicilios": 168, "renda_resp": 4467.05, "classe_pof": "47560" }, "geometry": { "type": "Polygon", "coordinates": [ [ [ -46.592671, -23.55274 ], [ -46.593913199999974, -23.553871799999971 ], [ -46.594491699999935, -23.553311599999976 ], [ -46.593254, -23.552266 ], [ -46.592671, -23.55274 ] ] ] } },
{ "type": "Feature", "properties": { "loja_id": "AG05", "CD_SETOR": "355030853000169", "fracao": 1.0, "pop": 489, "domicilios": 188, "renda_resp": 8559.36, "classe_pof": "47562" }, "geometry": { "type": "Polygon", "coordinates": [ [ [ -46.595994, -23.549666 ], [ -46.594754, -23.55086 ], [ -46.595927, -23.551925 ], [ -46.597142, -23.550752 ], [ -46.595994, -23.549666 ] ] ] } },
{ "type": "Feature", "properties": { "loja_id": "AG05", "CD_SETOR": "355030853000170", "fracao": 1.0, "pop": 353, "domicilios": 169, "renda_resp": 4630.48, "classe_pof": "47560" }, "geometry": { "type": "Polygon", "coordinates": [ [ [ -46.591682, -23.553531 ], [ -46.592228, -23.553954 ], [ -46.592699, -23.554134 ], [ -46.59347, -23.554186 ], [ -46.593611, -23.554339 ], [ -46.593992, -23.554221 ], [ -46.593841, -23.553936 ], [ -46.593913199999974, -23.553871799999971 ], [ -46.592671, -23.55274 ], [ -46.591682, -23.553531 ] ] ] } },
{ "type": "Feature", "properties": { "loja_id": "AG05", "CD_SETOR": "355030853000171", "fracao": 1.0, "pop": 329, "domicilios": 164, "renda_resp": 4337.55, "classe_pof": "47560" }, "geometry": { "type": "Polygon", "coordinates": [ [ [ -46.591018, -23.553939 ], [ -46.591905, -23.555226 ], [ -46.593611, -23.554339 ], [ -46.59347, -23.554186 ], [ -46.593, -23.554187 ], [ -46.592444, -23.554051 ], [ -46.591947, -23.553782 ], [ -46.591682, -23.553531 ], [ -46.591018, -23.553939 ] ] ] } },
{ "type": "Feature", "properties": { "loja_id": "AG05", "CD_SETOR": "355030853000180", "fracao": 0.11777782355733651, "pop": 594, "domicilios": 223, "renda_resp": 9984.38, "classe_pof": "47562" }, "geometry": { "type": "MultiPolygon", "coordinates": [ [ [ [ -46.59517059999996, -23.550453699999935 ], [ -46.595385, -23.550246 ], [ -46.594770306444282, -23.549747909486783 ], [ -46.594739728928815, -23.550211158735582 ], [ -46.59517059999996, -23.550453699999935 ] ] ], [ [ [ -46.594817399999954, -23.548600699999948 ], [ -46.594662926239145, -23.548403317319146 ], [ -46.594536, -23.548536 ], [ -46.594458672067937, -23.548925161410136 ], [ -46.594817399999954, -23.548600699999948 ] ] ] ] } },
{ "type": "Feature", "properties": { "loja_id": "AG05", "CD_SETOR": "355030853000181", "fracao": 0.26982857425495116, "pop": 293, "domicilios": 110, "renda_resp": 4084.62, "classe_pof": "47560" }, "geometry": { "type": "Polygon", "coordinates": [ [ [ -46.591004563107447, -23.553626930023832 ], [ -46.591018, -23.553939 ], [ -46.591682, -23.553531 ], [ -46.593254, -23.552266 ], [ -46.592705948597548, -23.551706058034682 ], [ -46.591004563107447, -23.553626930023832 ] ] ] } },
{ "type": "Feature", "properties": { "loja_id": "AG05", "CD_SETOR": "355030853000185", "fracao": 0.09477831309079586, "pop": 167, "domicilios": 77, "renda_resp": 6199.38, "classe_pof": "47561" }, "geometry": { "type": "Polygon", "coordinates": [ [ [ -46.593313699999953, -23.551982799999955 ], [ -46.593455499999948, -23.551840799999976 ], [ -46.593598699999973, -23.551341799999928 ], [ -46.592955238319476, -23.551619338117742 ], [ -46.593313699999953, -23.551982799999955 ] ] ] } },
{ "type": "Feature", "properties": { "loja_id": "AG05", "CD_SETOR": "355030853000186", "fracao": 0.44628428641634676, "pop": 512, "domicilios": 151, "renda_resp": 13418.08, "classe_pof": "47563" }, "geometry": { "type": "Polygon", "coordinates": [ [ [ -46.593598699999973, -23.551341799999928 ], [ -46.593455499999948, -23.551840799999976 ], [ -46.593313699999953, -23.551982799999955 ], [ -46.592955238319476, -23.551619338117742 ], [ -46.592705948597548, -23.551706058034682 ], [ -46.593254, -23.552266 ], [ -46.59517059999996, -23.550453699999935 ], [ -46.594739728928815, -23.550211158735582 ], [ -46.594707, -23.550707 ], [ -46.59378, -23.550999 ], [ -46.593539880926841, -23.551323739708565 ], [ -46.593598699999973, -23.551341799999928 ] ] ] } },
{ "type": "Feature", "properties": { "loja_id": "AG05", "CD_SETOR": "355030853000187", "fracao": 1.0, "pop": 661, "domicilios": 229, "renda_resp": 2250.66, "classe_pof": "47559" }, "geometry": { "type": "Polygon", "coordinates": [ [ [ -46.592470599999956, -23.558529 ], [ -46.592925, -23.558367 ], [ -46.592469, -23.557493 ], [ -46.592056899999932, -23.557674 ], [ -46.592470599999956, -23.558529 ] ] ] } },
{ "type": "Feature", "properties": { "loja_id": "AG05", "CD_SETOR": "355030853000188", "fracao": 1.0, "pop": 387, "domicilios": 173, "renda_resp": 6244.39, "classe_pof": "47561" }, "geometry": { "type": "Polygon", "coordinates": [ [ [ -46.590551, -23.558339 ], [ -46.591018, -23.559228 ], [ -46.592486299999962, -23.558561899999969 ], [ -46.592056899999932, -23.557674 ], [ -46.590551, -23.558339 ] ] ] } },
{ "type": "Feature", "properties": { "loja_id": "AG05", "CD_SETOR": "355030853000193", "fracao": 0.83691268421352805, "pop": 459, "domicilios": 174, "renda_resp": 5781.24, "classe_pof": "47561" }, "geometry": { "type": "Polygon", "coordinates": [ [ [ -46.605894, -23.552765 ], [ -46.606066, -23.554918 ], [ -46.604158, -23.555098 ], [ -46.604339299999936, -23.556394 ], [ -46.604807899999969, -23.556339 ], [ -46.604747799999984, -23.555743 ], [ -46.604995699999961, -23.555725599999953 ], [ -46.60499029999994, -23.555571099999955 ], [ -46.606053499999973, -23.555506699999967 ], [ -46.606049799999937, -23.555869599999937 ], [ -46.607590499999958, -23.55578619999994 ], [ -46.607426, -23.554794 ], [ -46.608060399999943, -23.554757099999957 ], [ -46.607968, -23.553785 ], [ -46.609262179656739, -23.553671627048175 ], [ -46.608188, -23.552999 ], [ -46.607894602192843, -23.552539264562988 ], [ -46.605894, -23.552765 ] ] ] } },
{ "type": "Feature", "properties": { "loja_id": "AG05", "CD_SETOR": "355030853000194", "fracao": 1.0, "pop": 544, "domicilios": 201, "renda_resp": 9718.76, "classe_pof": "47562" }, "geometry": { "type": "Polygon", "coordinates": [ [ [ -46.604418599999981, -23.556673399999962 ], [ -46.604471099999955, -23.557326899999957 ], [ -46.605442899999957, -23.557218499999976 ], [ -46.605489299999931, -23.556554599999973 ], [ -46.604418599999981, -23.556673399999962 ] ] ] } },
{ "type": "Feature", "properties": { "loja_id": "AG05", "CD_SETOR": "355030853000195", "fracao": 1.0, "pop": 439, "domicilios": 158, "renda_resp": 10371.71, "classe_pof": "47562" }, "geometry": { "type": "Polygon", "coordinates": [ [ [ -46.604523299999983, -23.557699599999978 ], [ -46.605428699999948, -23.55758359999993 ], [ -46.605442899999957, -23.557218499999976 ], [ -46.604471099999955, -23.557326899999957 ], [ -46.604523299999983, -23.557699599999978 ] ] ] } },
{ "type": "Feature", "properties": { "loja_id": "AG05", "CD_SETOR": "355030853000196", "fracao": 0.94543620612713541, "pop": 303, "domicilios": 99, "renda_resp": 15686.58, "classe_pof": "47563" }, "geometry": { "type": "Polygon", "coordinates": [ [ [ -46.606049799999937, -23.555869599999937 ], [ -46.60603169999996, -23.556295699999957 ], [ -46.606894841636141, -23.556295796225371 ], [ -46.606875, -23.555875 ], [ -46.606945799999949, -23.555845199999965 ], [ -46.606049799999937, -23.555869599999937 ] ] ] } },
{ "type": "Feature", "properties": { "loja_id": "AG05", "CD_SETOR": "355030853000197", "fracao": 0.98387861089596984, "pop": 282, "domicilios": 98, "renda_resp": 12795.18, "classe_pof": "47563" }, "geometry": { "type": "Polygon", "coordinates": [ [ [ -46.606007199999965, -23.556776099999983 ], [ -46.606911099999934, -23.556812599999947 ], [ -46.606894841636141, -23.556295796225371 ], [ -46.60603169999996, -23.556295699999957 ], [ -46.606007199999965, -23.556776099999983 ] ] ] } },
{ "type": "Feature", "properties": { "loja_id": "AG05", "CD_SETOR": "355030853000198", "fracao": 1.0, "pop": 362, "domicilios": 136, "renda_resp": 13502.07, "classe_pof": "47563" }, "geometry": { "type": "Polygon", "coordinates": [ [ [ -46.606748399999958, -23.557458599999958 ], [ -46.606770799999936, -23.556808699999976 ], [ -46.606007199999965, -23.556776099999983 ], [ -46.605986199999968, -23.557438499999925 ], [ -46.606748399999958, -23.557458599999958 ] ] ] } },
{ "type": "Feature", "properties": { "loja_id": "AG05", "CD_SETOR": "355030853000199", "fracao": 1.0, "pop": 344, "domicilios": 136, "renda_resp": 11319.59, "classe_pof": "47562" }, "geometry": { "type": "Polygon", "coordinates": [ [ [ -46.60672569999997, -23.558117599999946 ], [ -46.606748399999958, -23.557458599999958 ], [ -46.605986199999968, -23.557438499999925 ], [ -46.605726, -23.558116 ], [ -46.60672569999997, -23.558117599999946 ] ] ] } },
{ "type": "Feature", "properties": { "loja_id": "AG05", "CD_SETOR": "355030853000200", "fracao": 0.71442714033196353, "pop": 142, "domicilios": 104, "renda_resp": 9352.0, "classe_pof": "47562" }, "geometry": { "type": "MultiPolygon", "coordinates": [ [ [ [ -46.60672569999997, -23.558117599999946 ], [ -46.606956, -23.558118 ], [ -46.607315785040221, -23.557391150996981 ], [ -46.606928, -23.556999 ], [ -46.606919221086969, -23.556812823024828 ], [ -46.606770799999936, -23.556808699999976 ], [ -46.60672569999997, -23.558117599999946 ] ] ], [ [ [ -46.607584799999984, -23.556831099999954 ], [ -46.607310726446791, -23.556823574213265 ], [ -46.607491103400484, -23.557026163586087 ], [ -46.607584799999984, -23.556831099999954 ] ] ] ] } },
{ "type": "Feature", "properties": { "loja_id": "AG05", "CD_SETOR": "355030853000201", "fracao": 0.54405588076651745, "pop": 359, "domicilios": 110, "renda_resp": 17663.34, "classe_pof": "47563" }, "geometry": { "type": "MultiPolygon", "coordinates": [ [ [ [ -46.606945799999949, -23.555845199999965 ], [ -46.607366, -23.555999 ], [ -46.607247, -23.556752 ], [ -46.607310726446791, -23.556823574213265 ], [ -46.607584799999984, -23.556831099999954 ], [ -46.607709099999965, -23.556545399999948 ], [ -46.607590499999958, -23.55578619999994 ], [ -46.606945799999949, -23.555845199999965 ] ] ], [ [ [ -46.606911099999934, -23.556812599999947 ], [ -46.606919221086969, -23.556812823024828 ], [ -46.60691460010446, -23.556714824141 ], [ -46.606911099999934, -23.556812599999947 ] ] ] ] } },
{ "type": "Feature", "properties": { "loja_id": "AG05", "CD_SETOR": "355030853000202", "fracao": 0.99999999999999956, "pop": 184, "domicilios": 59, "renda_resp": 4297.74, "classe_pof": "47560" }, "geometry": { "type": "Polygon", "coordinates": [ [ [ -46.601994599999955, -23.551504799999975 ], [ -46.60293269999994, -23.550314299999965 ], [ -46.602785799999936, -23.550227899999982 ], [ -46.60319149999998, -23.549688599999971 ], [ -46.602742, -23.549428 ], [ -46.602303, -23.549992 ], [ -46.602597, -23.550187 ], [ -46.602616, -23.550286 ], [ -46.60174, -23.551368 ], [ -46.601994599999955, -23.551504799999975 ] ] ] } },
{ "type": "Feature", "properties": { "loja_id": "AG05", "CD_SETOR": "355030853000203", "fracao": 1.0, "pop": 113, "domicilios": 43, "renda_resp": 4514.1, "classe_pof": "47560" }, "geometry": { "type": "Polygon", "coordinates": [ [ [ -46.605187299999955, -23.556293299999943 ], [ -46.605207899999982, -23.556588799999929 ], [ -46.605489299999931, -23.556554599999973 ], [ -46.605428699999948, -23.55758359999993 ], [ -46.604523299999983, -23.557699599999978 ], [ -46.604586, -23.558114 ], [ -46.605726, -23.558116 ], [ -46.605982, -23.557578 ], [ -46.606035599999984, -23.556231899999947 ], [ -46.605187299999955, -23.556293299999943 ] ] ] } },
{ "type": "Feature", "properties": { "loja_id": "AG15", "CD_SETOR": "355030854000008", "fracao": 0.0023675589416914389, "pop": 147, "domicilios": 130, "renda_resp": 9941.24, "classe_pof": "47562" }, "geometry": { "type": "Polygon", "coordinates": [ [ [ -46.710230718587766, -23.579267015290043 ], [ -46.709952, -23.579079 ], [ -46.709822207716137, -23.579219834089258 ], [ -46.710230718587766, -23.579267015290043 ] ] ] } },
{ "type": "Feature", "properties": { "loja_id": "AG15", "CD_SETOR": "355030854000027", "fracao": 0.13543788038811094, "pop": 195, "domicilios": 60, "renda_resp": 18995.06, "classe_pof": "47563" }, "geometry": { "type": "MultiPolygon", "coordinates": [ [ [ [ -46.709952, -23.579079 ], [ -46.708639, -23.578276 ], [ -46.708314, -23.577974 ], [ -46.708073, -23.577599 ], [ -46.70763, -23.577863 ], [ -46.706991646027959, -23.578584739837488 ], [ -46.70817, -23.579029 ], [ -46.709822207716137, -23.579219834089258 ], [ -46.709952, -23.579079 ] ] ], [ [ [ -46.706536, -23.578407 ], [ -46.70649629773115, -23.57839529828729 ], [ -46.706591687980328, -23.57843394584312 ], [ -46.706536, -23.578407 ] ] ] ] } },
{ "type": "Feature", "properties": { "loja_id": "AG15", "CD_SETOR": "355030854000028", "fracao": 0.5676420227442609, "pop": 163, "domicilios": 85, "renda_resp": 19806.38, "classe_pof": "47563" }, "geometry": { "type": "Polygon", "coordinates": [ [ [ -46.702265, -23.576903 ], [ -46.702518, -23.576935 ], [ -46.702687562337381, -23.577473142159143 ], [ -46.703125, -23.577325 ], [ -46.704499, -23.575756 ], [ -46.704923, -23.576276 ], [ -46.705732, -23.576699 ], [ -46.705988, -23.577699 ], [ -46.706329898751314, -23.578167355524858 ], [ -46.706493, -23.577256 ], [ -46.706417, -23.575958 ], [ -46.70648, -23.575626 ], [ -46.70674, -23.575308 ], [ -46.706977, -23.575244 ], [ -46.706142, -23.573643 ], [ -46.705782, -23.573373 ], [ -46.704435, -23.57272 ], [ -46.702406, -23.576267 ], [ -46.702193, -23.576831 ], [ -46.702265, -23.576903 ] ] ] } },
{ "type": "Feature", "properties": { "loja_id": "AG03", "CD_SETOR": "355030854000029", "fracao": 0.0017081070337728987, "pop": 139, "domicilios": 52, "renda_resp": 13289.39, "classe_pof": "47563" }, "geometry": { "type": "Polygon", "coordinates": [ [ [ -46.700917, -23.57225 ], [ -46.700574209939568, -23.572616378847979 ], [ -46.701793678133178, -23.572327327791367 ], [ -46.700917, -23.57225 ] ] ] } },
{ "type": "Feature", "properties": { "loja_id": "AG15", "CD_SETOR": "355030854000029", "fracao": 0.18292906600731978, "pop": 139, "domicilios": 52, "renda_resp": 13289.39, "classe_pof": "47563" }, "geometry": { "type": "Polygon", "coordinates": [ [ [ -46.700917, -23.57225 ], [ -46.699034282657649, -23.574044250124643 ], [ -46.699499, -23.574085 ], [ -46.700107, -23.574699 ], [ -46.699981, -23.575181 ], [ -46.699186, -23.575699 ], [ -46.699499, -23.576302 ], [ -46.700499, -23.576465 ], [ -46.701499, -23.576144 ], [ -46.701867, -23.577067 ], [ -46.7013, -23.5775 ], [ -46.701499, -23.578191 ], [ -46.701977370010283, -23.577679457249321 ], [ -46.70231, -23.576455 ], [ -46.704435, -23.57272 ], [ -46.703859, -23.572452 ], [ -46.702979, -23.572224 ], [ -46.701892, -23.572336 ], [ -46.700917, -23.57225 ] ] ] } },
{ "type": "Feature", "properties": { "loja_id": "AG08", "CD_SETOR": "355030854000053", "fracao": 0.0034085688504278725, "pop": 199, "domicilios": 68, "renda_resp": 16293.84, "classe_pof": "47563" }, "geometry": { "type": "Polygon", "coordinates": [ [ [ -46.696039, -23.600573 ], [ -46.696098796859118, -23.600550915610757 ], [ -46.695999, -23.60002 ], [ -46.695831080045664, -23.600003208468525 ], [ -46.696039, -23.600573 ] ] ] } },
{ "type": "Feature", "properties": { "loja_id": "AG15", "CD_SETOR": "355030854000119", "fracao": 0.99094627356181386, "pop": 190, "domicilios": 106, "renda_resp": 8173.73, "classe_pof": "47561" }, "geometry": { "type": "Polygon", "coordinates": [ [ [ -46.706536, -23.578407 ], [ -46.706991646027959, -23.578584739837488 ], [ -46.70763, -23.577863 ], [ -46.708073, -23.577599 ], [ -46.706977, -23.575244 ], [ -46.70674, -23.575308 ], [ -46.706594, -23.575455 ], [ -46.70648, -23.575626 ], [ -46.706417, -23.575958 ], [ -46.706493, -23.577256 ], [ -46.706329898751314, -23.578167355524858 ], [ -46.706536, -23.578407 ] ] ] } },
{ "type": "Feature", "properties": { "loja_id": "AG15", "CD_SETOR": "355030854000121", "fracao": 0.031505980995411131, "pop": 131, "domicilios": 67, "renda_resp": 21619.41, "classe_pof": "47564" }, "geometry": { "type": "Polygon", "coordinates": [ [ [ -46.702518, -23.576935 ], [ -46.702185, -23.576868 ], [ -46.701977370010283, -23.577679457249321 ], [ -46.70222, -23.57742 ], [ -46.702499, -23.577537 ], [ -46.702687562337381, -23.577473142159143 ], [ -46.702518, -23.576935 ] ] ] } },
{ "type": "Feature", "properties": { "loja_id": "AG08", "CD_SETOR": "355030854000157", "fracao": 0.024490294312797065, "pop": 529, "domicilios": 177, "renda_resp": 30590.3, "classe_pof": "47564" }, "geometry": { "type": "MultiPolygon", "coordinates": [ [ [ [ -46.696039, -23.600573 ], [ -46.696182886737503, -23.600998266649498 ], [ -46.696098796859118, -23.600550915610757 ], [ -46.696039, -23.600573 ] ] ], [ [ [ -46.69665850536817, -23.602402637118782 ], [ -46.697347443192399, -23.604431069823416 ], [ -46.6973, -23.602699 ], [ -46.69665850536817, -23.602402637118782 ] ] ] ] } },
{ "type": "Feature", "properties": { "loja_id": "AG08", "CD_SETOR": "355030854000163", "fracao": 0.0066282827467882867, "pop": 0, "domicilios": 0, "renda_resp": null, "classe_pof": null }, "geometry": { "type": "Polygon", "coordinates": [ [ [ -46.697755750671298, -23.605587609295249 ], [ -46.697957, -23.606157 ], [ -46.698121945968666, -23.606625715902638 ], [ -46.698164, -23.605834 ], [ -46.697755750671298, -23.605587609295249 ] ] ] } },
{ "type": "Feature", "properties": { "loja_id": "AG10", "CD_SETOR": "355030860000008", "fracao": 0.37400990669172818, "pop": 354, "domicilios": 166, "renda_resp": 7656.47, "classe_pof": "47561" }, "geometry": { "type": "Polygon", "coordinates": [ [ [ -46.682459, -23.538808 ], [ -46.682983461733912, -23.53954093254843 ], [ -46.683525278296194, -23.538399690491243 ], [ -46.683366, -23.538181 ], [ -46.682459, -23.538808 ] ] ] } },
{ "type": "Feature", "properties": { "loja_id": "AG10", "CD_SETOR": "355030860000010", "fracao": 1.0, "pop": 435, "domicilios": 188, "renda_resp": 9076.25, "classe_pof": "47562" }, "geometry": { "type": "Polygon", "coordinates": [ [ [ -46.681650099999956, -23.535675799999972 ], [ -46.679755, -23.53692 ], [ -46.680645, -23.538168 ], [ -46.682488499999977, -23.536939799999978 ], [ -46.681650099999956, -23.535675799999972 ] ] ] } },
{ "type": "Feature", "properties": { "loja_id": "AG10", "CD_SETOR": "355030860000013", "fracao": 1.0, "pop": 454, "domicilios": 219, "renda_resp": 7154.71, "classe_pof": "47561" }, "geometry": { "type": "Polygon", "coordinates": [ [ [ -46.675298, -23.539868 ], [ -46.676007, -23.541252 ], [ -46.677409, -23.540315 ], [ -46.676518, -23.539055 ], [ -46.675298, -23.539868 ] ] ] } },
{ "type": "Feature", "properties": { "loja_id": "AG10", "CD_SETOR": "355030860000014", "fracao": 0.83272810554179089, "pop": 461, "domicilios": 202, "renda_resp": 11959.3, "classe_pof": "47562" }, "geometry": { "type": "Polygon", "coordinates": [ [ [ -46.676021, -23.541288 ], [ -46.676252, -23.541954 ], [ -46.676556, -23.541934 ], [ -46.676854, -23.541732 ], [ -46.677176, -23.54166 ], [ -46.678156, -23.541559 ], [ -46.678478, -23.541745 ], [ -46.679066, -23.541763 ], [ -46.679398532460766, -23.541706219053086 ], [ -46.679999, -23.541034 ], [ -46.680636241761206, -23.540970913821301 ], [ -46.680314, -23.540793 ], [ -46.680165, -23.540785 ], [ -46.678969, -23.541262 ], [ -46.678798, -23.541239 ], [ -46.678652, -23.541092 ], [ -46.678165, -23.541366 ], [ -46.677595, -23.541418 ], [ -46.676951, -23.540609 ], [ -46.676021, -23.541288 ] ] ] } },
{ "type": "Feature", "properties": { "loja_id": "AG10", "CD_SETOR": "355030860000016", "fracao": 0.049632989221482432, "pop": 482, "domicilios": 227, "renda_resp": 10726.72, "classe_pof": "47562" }, "geometry": { "type": "Polygon", "coordinates": [ [ [ -46.677242, -23.542407 ], [ -46.677144, -23.542566 ], [ -46.677232010864259, -23.542907784848559 ], [ -46.677414, -23.542414 ], [ -46.677873270539813, -23.542303382663356 ], [ -46.677242, -23.542407 ] ] ] } },
{ "type": "Feature", "properties": { "loja_id": "AG10", "CD_SETOR": "355030860000018", "fracao": 0.016567469774616591, "pop": 307, "domicilios": 160, "renda_resp": 7982.96, "classe_pof": "47561" }, "geometry": { "type": "Polygon", "coordinates": [ [ [ -46.682297586523958, -23.540990803724281 ], [ -46.68255513099276, -23.540834512852314 ], [ -46.682433, -23.540663 ], [ -46.682424199999957, -23.540684299999953 ], [ -46.682297586523958, -23.540990803724281 ] ] ] } },
{ "type": "Feature", "properties": { "loja_id": "AG10", "CD_SETOR": "355030860000025", "fracao": 1.0, "pop": 374, "domicilios": 186, "renda_resp": 12450.06, "classe_pof": "47563" }, "geometry": { "type": "Polygon", "coordinates": [ [ [ -46.682971, -23.536619 ], [ -46.683439899999939, -23.536306899999939 ], [ -46.682575899999961, -23.535085199999969 ], [ -46.682089899999937, -23.535404499999963 ], [ -46.682971, -23.536619 ] ] ] } },
{ "type": "Feature", "properties": { "loja_id": "AG10", "CD_SETOR": "355030860000029", "fracao": 1.0, "pop": 549, "domicilios": 256, "renda_resp": 13895.83, "classe_pof": "47563" }, "geometry": { "type": "Polygon", "coordinates": [ [ [ -46.677011, -23.536895 ], [ -46.67793, -23.536277 ], [ -46.677576199999976, -23.535777599999957 ], [ -46.677153099999941, -23.536063399999939 ], [ -46.676839799999982, -23.535625799999934 ], [ -46.677071799999965, -23.535483199999923 ], [ -46.676842199999953, -23.535146 ], [ -46.676113, -23.535639 ], [ -46.677011, -23.536895 ] ] ] } },
{ "type": "Feature", "properties": { "loja_id": "AG10", "CD_SETOR": "355030860000031", "fracao": 1.0, "pop": 464, "domicilios": 207, "renda_resp": 9864.59, "classe_pof": "47562" }, "geometry": { "type": "Polygon", "coordinates": [ [ [ -46.674555199999986, -23.538509099999946 ], [ -46.672541599999931, -23.539858799999937 ], [ -46.672845, -23.540248 ], [ -46.673119, -23.540313 ], [ -46.673657, -23.540972 ], [ -46.675298, -23.539868 ], [ -46.674555199999986, -23.538509099999946 ] ] ] } },
{ "type": "Feature", "properties": { "loja_id": "AG10", "CD_SETOR": "355030860000032", "fracao": 0.40652630392405631, "pop": 314, "domicilios": 134, "renda_resp": 12330.43, "classe_pof": "47562" }, "geometry": { "type": "MultiPolygon", "coordinates": [ [ [ [ -46.673747299999945, -23.540956499999936 ], [ -46.674205701530553, -23.54153992023107 ], [ -46.674403, -23.541596 ], [ -46.674601, -23.541999 ], [ -46.674761871814596, -23.542095046319158 ], [ -46.675075, -23.54189 ], [ -46.674108, -23.540666 ], [ -46.673747299999945, -23.540956499999936 ] ] ], [ [ [ -46.673451, -23.541152499999953 ], [ -46.6732216559096, -23.541260212306735 ], [ -46.67362091032561, -23.541373698427176 ], [ -46.673451, -23.541152499999953 ] ] ] ] } },
{ "type": "Feature", "properties": { "loja_id": "AG10", "CD_SETOR": "355030860000033", "fracao": 0.57434463062345154, "pop": 450, "domicilios": 193, "renda_resp": 11656.38, "classe_pof": "47562" }, "geometry": { "type": "Polygon", "coordinates": [ [ [ -46.674108, -23.540666 ], [ -46.675075, -23.54189 ], [ -46.674761871814596, -23.542095046319158 ], [ -46.675477, -23.542522 ], [ -46.675999, -23.543524 ], [ -46.676466530459663, -23.543531481289339 ], [ -46.676373, -23.542518 ], [ -46.676167, -23.541665 ], [ -46.675298, -23.539868 ], [ -46.674108, -23.540666 ] ] ] } },
{ "type": "Feature", "properties": { "loja_id": "AG10", "CD_SETOR": "355030860000046", "fracao": 1.0, "pop": 406, "domicilios": 164, "renda_resp": 15246.72, "classe_pof": "47563" }, "geometry": { "type": "Polygon", "coordinates": [ [ [ -46.677036, -23.535015 ], [ -46.67796, -23.534409 ], [ -46.677066, -23.533159 ], [ -46.676145, -23.533772 ], [ -46.677036, -23.535015 ] ] ] } },
{ "type": "Feature", "properties": { "loja_id": "AG10", "CD_SETOR": "355030860000047", "fracao": 1.0, "pop": 488, "domicilios": 187, "renda_resp": 15051.79, "classe_pof": "47563" }, "geometry": { "type": "Polygon", "coordinates": [ [ [ -46.674156, -23.535086 ], [ -46.672544, -23.536157 ], [ -46.674479, -23.53856 ], [ -46.674555199999986, -23.538509099999946 ], [ -46.674318, -23.537525 ], [ -46.674156, -23.535086 ] ] ] } },
{ "type": "Feature", "properties": { "loja_id": "AG10", "CD_SETOR": "355030860000063", "fracao": 0.0088262195348088827, "pop": 393, "domicilios": 179, "renda_resp": 10947.46, "classe_pof": "47562" }, "geometry": { "type": "Polygon", "coordinates": [ [ [ -46.684650099999942, -23.533706 ], [ -46.684764742448628, -23.533866541077238 ], [ -46.684734081853513, -23.53365500423747 ], [ -46.684650099999942, -23.533706 ] ] ] } },
{ "type": "Feature", "properties": { "loja_id": "AG10", "CD_SETOR": "355030860000070", "fracao": 1.0, "pop": 168, "domicilios": 77, "renda_resp": 4825.71, "classe_pof": "47560" }, "geometry": { "type": "Polygon", "coordinates": [ [ [ -46.677748, -23.529398 ], [ -46.677011099999959, -23.529831199999933 ], [ -46.677101, -23.529993 ], [ -46.677309, -23.52997 ], [ -46.677355, -23.53025 ], [ -46.677153, -23.530875 ], [ -46.676842, -23.531559 ], [ -46.676212, -23.531971 ], [ -46.677066, -23.533159 ], [ -46.678913, -23.531936 ], [ -46.678208, -23.530917 ], [ -46.677962, -23.529852 ], [ -46.677748, -23.529398 ] ] ] } },
{ "type": "Feature", "properties": { "loja_id": "AG10", "CD_SETOR": "355030860000074", "fracao": 1.0, "pop": 213, "domicilios": 89, "renda_resp": 8448.1, "classe_pof": "47562" }, "geometry": { "type": "Polygon", "coordinates": [ [ [ -46.672544, -23.536157 ], [ -46.671238, -23.537021 ], [ -46.672204, -23.53824 ], [ -46.673505, -23.537373 ], [ -46.672544, -23.536157 ] ] ] } },
{ "type": "Feature", "properties": { "loja_id": "AG10", "CD_SETOR": "355030860000120", "fracao": 0.033059584560480894, "pop": 413, "domicilios": 172, "renda_resp": 8815.76, "classe_pof": "47562" }, "geometry": { "type": "Polygon", "coordinates": [ [ [ -46.681981, -23.529965 ], [ -46.682150942782236, -23.529862248826607 ], [ -46.681651631620582, -23.529501078422218 ], [ -46.681981, -23.529965 ] ] ] } },
{ "type": "Feature", "properties": { "loja_id": "AG10", "CD_SETOR": "355030860000122", "fracao": 0.57198771898988332, "pop": 312, "domicilios": 139, "renda_resp": 9401.88, "classe_pof": "47562" }, "geometry": { "type": "Polygon", "coordinates": [ [ [ -46.680165799999941, -23.528492 ], [ -46.680194599999936, -23.528534 ], [ -46.680083799999977, -23.528604599999937 ], [ -46.679829299999938, -23.52822 ], [ -46.679535, -23.528444 ], [ -46.680135, -23.529294 ], [ -46.680886841618268, -23.52883196288079 ], [ -46.680555125438467, -23.528249207761057 ], [ -46.680165799999941, -23.528492 ] ] ] } },
{ "type": "Feature", "properties": { "loja_id": "AG10", "CD_SETOR": "355030860000123", "fracao": 0.53777373297051156, "pop": 419, "domicilios": 160, "renda_resp": 15156.98, "classe_pof": "47563" }, "geometry": { "type": "Polygon", "coordinates": [ [ [ -46.670488055953356, -23.533836472352696 ], [ -46.672046, -23.532801 ], [ -46.67288, -23.532284 ], [ -46.670129967628398, -23.532824047941968 ], [ -46.669937, -23.532999 ], [ -46.670488055953356, -23.533836472352696 ] ] ] } },
{ "type": "Feature", "properties": { "loja_id": "AG10", "CD_SETOR": "355030860000139", "fracao": 0.58357742113590916, "pop": 272, "domicilios": 111, "renda_resp": 16625.06, "classe_pof": "47563" }, "geometry": { "type": "Polygon", "coordinates": [ [ [ -46.671586, -23.534952 ], [ -46.6711, -23.534337 ], [ -46.670583587961865, -23.534678487979544 ], [ -46.670571, -23.535428 ], [ -46.670662282866871, -23.535567813618094 ], [ -46.671586, -23.534952 ] ] ] } },
{ "type": "Feature", "properties": { "loja_id": "AG10", "CD_SETOR": "355030860000141", "fracao": 0.99999999999999978, "pop": 177, "domicilios": 120, "renda_resp": 8718.37, "classe_pof": "47562" }, "geometry": { "type": "Polygon", "coordinates": [ [ [ -46.678092, -23.540292 ], [ -46.67848, -23.540831 ], [ -46.678582, -23.540985 ], [ -46.67888, -23.540625 ], [ -46.678756, -23.540288 ], [ -46.678498, -23.540159 ], [ -46.678092, -23.540292 ] ] ] } },
{ "type": "Feature", "properties": { "loja_id": "AG10", "CD_SETOR": "355030860000142", "fracao": 1.0, "pop": 330, "domicilios": 137, "renda_resp": 14160.06, "classe_pof": "47563" }, "geometry": { "type": "Polygon", "coordinates": [ [ [ -46.681273899999951, -23.538981799999934 ], [ -46.681536, -23.539413 ], [ -46.682459, -23.538808 ], [ -46.682299599999965, -23.538584699999944 ], [ -46.682108199999966, -23.538701499999949 ], [ -46.681981099999973, -23.538523599999962 ], [ -46.681273899999951, -23.538981799999934 ] ] ] } },
{ "type": "Feature", "properties": { "loja_id": "AG10", "CD_SETOR": "355030860000143", "fracao": 1.0, "pop": 363, "domicilios": 196, "renda_resp": 10868.35, "classe_pof": "47562" }, "geometry": { "type": "Polygon", "coordinates": [ [ [ -46.677011, -23.536895 ], [ -46.677903, -23.538145 ], [ -46.678823, -23.537527 ], [ -46.67793, -23.536277 ], [ -46.677011, -23.536895 ] ] ] } },
{ "type": "Feature", "properties": { "loja_id": "AG10", "CD_SETOR": "355030860000144", "fracao": 0.99999999999999989, "pop": 237, "domicilios": 107, "renda_resp": 11773.32, "classe_pof": "47562" }, "geometry": { "type": "Polygon", "coordinates": [ [ [ -46.676931199999956, -23.536990299999953 ], [ -46.677096099999979, -23.537251699999967 ], [ -46.676968, -23.53733109999996 ], [ -46.67710029999995, -23.537522 ], [ -46.67693369999995, -23.537626399999969 ], [ -46.677332199999967, -23.53819609999994 ], [ -46.677587699999947, -23.538093499999945 ], [ -46.677717599999937, -23.538266199999953 ], [ -46.677903, -23.538145 ], [ -46.677011, -23.536895 ], [ -46.676931199999956, -23.536990299999953 ] ] ] } },
{ "type": "Feature", "properties": { "loja_id": "AG10", "CD_SETOR": "355030860000145", "fracao": 0.99999999999999989, "pop": 267, "domicilios": 146, "renda_resp": 10107.16, "classe_pof": "47562" }, "geometry": { "type": "Polygon", "coordinates": [ [ [ -46.676951, -23.540609 ], [ -46.677595, -23.541418 ], [ -46.678165, -23.541366 ], [ -46.678652, -23.541092 ], [ -46.677882, -23.540001 ], [ -46.676951, -23.540609 ] ] ] } },
{ "type": "Feature", "properties": { "loja_id": "AG10", "CD_SETOR": "355030860000148", "fracao": 1.0, "pop": 139, "domicilios": 61, "renda_resp": 19722.95, "classe_pof": "47563" }, "geometry": { "type": "Polygon", "coordinates": [ [ [ -46.681771399999953, -23.537465399999977 ], [ -46.682075399999974, -23.53789809999995 ], [ -46.682331699999963, -23.537735 ], [ -46.682257899999968, -23.53762579999994 ], [ -46.682186599999966, -23.537670899999966 ], [ -46.681933899999933, -23.537309399999966 ], [ -46.681771399999953, -23.537465399999977 ] ] ] } },
{ "type": "Feature", "properties": { "loja_id": "AG10", "CD_SETOR": "355030860000149", "fracao": 0.82041758034279455, "pop": 359, "domicilios": 151, "renda_resp": 11933.04, "classe_pof": "47562" }, "geometry": { "type": "Polygon", "coordinates": [ [ [ -46.683126199999947, -23.537765799999928 ], [ -46.683366, -23.538181 ], [ -46.683639, -23.53802 ], [ -46.683809057459015, -23.537801951179876 ], [ -46.684069224113891, -23.537253943321993 ], [ -46.683989899999972, -23.537303399999924 ], [ -46.683941199999936, -23.537230499999957 ], [ -46.683126199999947, -23.537765799999928 ] ] ] } },
{ "type": "Feature", "properties": { "loja_id": "AG10", "CD_SETOR": "355030860000150", "fracao": 0.99999999999999978, "pop": 427, "domicilios": 206, "renda_resp": 12528.88, "classe_pof": "47563" }, "geometry": { "type": "Polygon", "coordinates": [ [ [ -46.682493699999952, -23.536897799999959 ], [ -46.682971, -23.536619 ], [ -46.682089899999937, -23.535404499999963 ], [ -46.681650099999956, -23.535675799999972 ], [ -46.682493699999952, -23.536897799999959 ] ] ] } },
{ "type": "Feature", "properties": { "loja_id": "AG10", "CD_SETOR": "355030860000151", "fracao": 1.0, "pop": 322, "domicilios": 175, "renda_resp": 12186.43, "classe_pof": "47562" }, "geometry": { "type": "Polygon", "coordinates": [ [ [ -46.680502599999954, -23.534583699999928 ], [ -46.680762199999947, -23.535094299999972 ], [ -46.680598599999939, -23.535192699999982 ], [ -46.68091069999997, -23.535696 ], [ -46.681078699999944, -23.535845899999959 ], [ -46.681580799999949, -23.535581799999928 ], [ -46.68073279999993, -23.534434799999929 ], [ -46.680502599999954, -23.534583699999928 ] ] ] } },
{ "type": "Feature", "properties": { "loja_id": "AG10", "CD_SETOR": "355030860000152", "fracao": 0.99999999999999978, "pop": 224, "domicilios": 128, "renda_resp": 8584.27, "classe_pof": "47562" }, "geometry": { "type": "Polygon", "coordinates": [ [ [ -46.679056599999967, -23.535941899999948 ], [ -46.679278499999953, -23.535804799999937 ], [ -46.67940939999994, -23.535988399999948 ], [ -46.679887099999974, -23.535672199999958 ], [ -46.679543799999976, -23.535204 ], [ -46.678855, -23.53566 ], [ -46.679056599999967, -23.535941899999948 ] ] ] } },
{ "type": "Feature", "properties": { "loja_id": "AG10", "CD_SETOR": "355030860000159", "fracao": 1.0, "pop": 239, "domicilios": 114, "renda_resp": 11905.08, "classe_pof": "47562" }, "geometry": { "type": "Polygon", "coordinates": [ [ [ -46.681798499999957, -23.533987199999956 ], [ -46.68132369999995, -23.534292099999959 ], [ -46.681562399999962, -23.534606099999959 ], [ -46.682020899999941, -23.534301299999985 ], [ -46.681798499999957, -23.533987199999956 ] ] ] } },
{ "type": "Feature", "properties": { "loja_id": "AG10", "CD_SETOR": "355030860000160", "fracao": 1.0, "pop": 179, "domicilios": 81, "renda_resp": 20191.9, "classe_pof": "47563" }, "geometry": { "type": "Polygon", "coordinates": [ [ [ -46.678888, -23.533799 ], [ -46.679454899999939, -23.53459 ], [ -46.679931899999985, -23.534267099999962 ], [ -46.679384899999945, -23.53347279999997 ], [ -46.678888, -23.533799 ] ] ] } },
{ "type": "Feature", "properties": { "loja_id": "AG10", "CD_SETOR": "355030860000162", "fracao": 1.0, "pop": 394, "domicilios": 170, "renda_resp": 13689.32, "classe_pof": "47563" }, "geometry": { "type": "Polygon", "coordinates": [ [ [ -46.674156, -23.535086 ], [ -46.674266, -23.536869 ], [ -46.677036, -23.535015 ], [ -46.676145, -23.533772 ], [ -46.674156, -23.535086 ] ] ] } },
{ "type": "Feature", "properties": { "loja_id": "AG10", "CD_SETOR": "355030860000163", "fracao": 0.35546385625792271, "pop": 310, "domicilios": 140, "renda_resp": 10117.04, "classe_pof": "47562" }, "geometry": { "type": "Polygon", "coordinates": [ [ [ -46.671827699999938, -23.539952599999936 ], [ -46.67157659999998, -23.539570699999963 ], [ -46.671393704875328, -23.539690726254445 ], [ -46.671555677023925, -23.540137623274472 ], [ -46.671827699999938, -23.539952599999936 ] ] ] } },
{ "type": "Feature", "properties": { "loja_id": "AG10", "CD_SETOR": "355030860000164", "fracao": 0.26597217204480644, "pop": 438, "domicilios": 191, "renda_resp": 14751.61, "classe_pof": "47563" }, "geometry": { "type": "Polygon", "coordinates": [ [ [ -46.672593, -23.540868 ], [ -46.672055, -23.540185 ], [ -46.671689434079646, -23.540431505986803 ], [ -46.672067, -23.540932 ], [ -46.672368463668683, -23.541017692406953 ], [ -46.672593, -23.540868 ] ] ] } },
{ "type": "Feature", "properties": { "loja_id": "AG10", "CD_SETOR": "355030860000171", "fracao": 1.0, "pop": 192, "domicilios": 118, "renda_resp": 8821.15, "classe_pof": "47562" }, "geometry": { "type": "Polygon", "coordinates": [ [ [ -46.681176199999982, -23.533194299999927 ], [ -46.681497099999945, -23.533649099999934 ], [ -46.681953699999951, -23.533348499999928 ], [ -46.681555199999934, -23.532944299999944 ], [ -46.681176199999982, -23.533194299999927 ] ] ] } },
{ "type": "Feature", "properties": { "loja_id": "AG10", "CD_SETOR": "355030860000173", "fracao": 0.83442971537631738, "pop": 247, "domicilios": 109, "renda_resp": 14557.06, "classe_pof": "47563" }, "geometry": { "type": "Polygon", "coordinates": [ [ [ -46.671238, -23.537021 ], [ -46.671545299999934, -23.536816699999971 ], [ -46.671682199999964, -23.536050899999964 ], [ -46.670942681021401, -23.535997283783395 ], [ -46.670802719770016, -23.5364624849622 ], [ -46.671238, -23.537021 ] ] ] } },
{ "type": "Feature", "properties": { "loja_id": "AG10", "CD_SETOR": "355030860000179", "fracao": 0.99783944853219353, "pop": 317, "domicilios": 139, "renda_resp": 13349.37, "classe_pof": "47563" }, "geometry": { "type": "Polygon", "coordinates": [ [ [ -46.683520299999941, -23.532126 ], [ -46.684030699999937, -23.53182529999998 ], [ -46.683630531586104, -23.53125071179198 ], [ -46.683564002184212, -23.53124521581616 ], [ -46.683450299999947, -23.531314099999982 ], [ -46.683406199999979, -23.53125579999994 ], [ -46.683052, -23.531470899999931 ], [ -46.683520299999941, -23.532126 ] ] ] } },
{ "type": "Feature", "properties": { "loja_id": "AG10", "CD_SETOR": "355030860000194", "fracao": 0.84948520336971867, "pop": 318, "domicilios": 154, "renda_resp": 11083.01, "classe_pof": "47562" }, "geometry": { "type": "Polygon", "coordinates": [ [ [ -46.682433, -23.540663 ], [ -46.682764731666801, -23.540445699892146 ], [ -46.682841, -23.539841 ], [ -46.682983461733912, -23.53954093254843 ], [ -46.682459, -23.538808 ], [ -46.681536, -23.539413 ], [ -46.682433, -23.540663 ] ] ] } },
{ "type": "Feature", "properties": { "loja_id": "AG10", "CD_SETOR": "355030860000196", "fracao": 0.99998255423247417, "pop": 15, "domicilios": 10, "renda_resp": 4692.9, "classe_pof": "47560" }, "geometry": { "type": "Polygon", "coordinates": [ [ [ -46.679845199999932, -23.528255199999929 ], [ -46.680083799999977, -23.528604599999937 ], [ -46.680555125438467, -23.528249207761057 ], [ -46.680286, -23.527886 ], [ -46.679845199999932, -23.528255199999929 ] ] ] } },
{ "type": "Feature", "properties": { "loja_id": "AG10", "CD_SETOR": "355030860000197", "fracao": 0.22361896764870282, "pop": 350, "domicilios": 154, "renda_resp": 14370.11, "classe_pof": "47563" }, "geometry": { "type": "Polygon", "coordinates": [ [ [ -46.6711, -23.534337 ], [ -46.670642, -23.533734 ], [ -46.670488055953356, -23.533836472352696 ], [ -46.670595, -23.533999 ], [ -46.670583587961865, -23.534678487979544 ], [ -46.6711, -23.534337 ] ] ] } },
{ "type": "Feature", "properties": { "loja_id": "AG10", "CD_SETOR": "355030860000202", "fracao": 1.0, "pop": 250, "domicilios": 120, "renda_resp": 14511.08, "classe_pof": "47563" }, "geometry": { "type": "Polygon", "coordinates": [ [ [ -46.676859799999932, -23.535179299999982 ], [ -46.677071799999965, -23.535483199999923 ], [ -46.676839799999982, -23.535625799999934 ], [ -46.677153099999941, -23.536063399999939 ], [ -46.677576199999976, -23.535777599999957 ], [ -46.677036, -23.535015 ], [ -46.676859799999932, -23.535179299999982 ] ] ] } },
{ "type": "Feature", "properties": { "loja_id": "AG10", "CD_SETOR": "355030860000203", "fracao": 1.0, "pop": 243, "domicilios": 105, "renda_resp": 13239.0, "classe_pof": "47563" }, "geometry": { "type": "Polygon", "coordinates": [ [ [ -46.678506899999945, -23.535173499999932 ], [ -46.678244499999948, -23.534806599999964 ], [ -46.677931799999953, -23.535009799999948 ], [ -46.677980799999943, -23.535088499999972 ], [ -46.677866699999988, -23.535165299999957 ], [ -46.678066199999932, -23.535443899999965 ], [ -46.678506899999945, -23.535173499999932 ] ] ] } },
{ "type": "Feature", "properties": { "loja_id": "AG10", "CD_SETOR": "355030860000206", "fracao": 0.6613366101044188, "pop": 317, "domicilios": 156, "renda_resp": 10413.74, "classe_pof": "47562" }, "geometry": { "type": "Polygon", "coordinates": [ [ [ -46.673427399999987, -23.541124 ], [ -46.67362091032561, -23.541373698427176 ], [ -46.674205701530553, -23.54153992023107 ], [ -46.673725699999977, -23.540926299999963 ], [ -46.673427399999987, -23.541124 ] ] ] } },
{ "type": "Feature", "properties": { "loja_id": "AG10", "CD_SETOR": "355030860000210", "fracao": 1.0, "pop": 215, "domicilios": 112, "renda_resp": 10511.62, "classe_pof": "47562" }, "geometry": { "type": "Polygon", "coordinates": [ [ [ -46.679511799999943, -23.530945199999959 ], [ -46.679208799999969, -23.530400799999935 ], [ -46.678756399999941, -23.530673799999931 ], [ -46.67912229999996, -23.531193699999953 ], [ -46.679511799999943, -23.530945199999959 ] ] ] } },
{ "type": "Feature", "properties": { "loja_id": "AG10", "CD_SETOR": "355030860000213", "fracao": 1.0, "pop": 300, "domicilios": 115, "renda_resp": 17989.61, "classe_pof": "47563" }, "geometry": { "type": "Polygon", "coordinates": [ [ [ -46.671946, -23.532868 ], [ -46.672905, -23.534072 ], [ -46.673838, -23.533452 ], [ -46.67288, -23.532284 ], [ -46.671946, -23.532868 ] ] ] } },
{ "type": "Feature", "properties": { "loja_id": "AG10", "CD_SETOR": "355030860000218", "fracao": 1.0, "pop": 277, "domicilios": 145, "renda_resp": 10158.06, "classe_pof": "47562" }, "geometry": { "type": "Polygon", "coordinates": [ [ [ -46.675564, -23.53235 ], [ -46.67446, -23.534081 ], [ -46.674156, -23.535086 ], [ -46.677066, -23.533159 ], [ -46.676212, -23.531971 ], [ -46.675564, -23.53235 ] ] ] } },
{ "type": "Feature", "properties": { "loja_id": "AG10", "CD_SETOR": "355030860000219", "fracao": 1.0, "pop": 228, "domicilios": 104, "renda_resp": 18468.62, "classe_pof": "47563" }, "geometry": { "type": "Polygon", "coordinates": [ [ [ -46.679127499999936, -23.539844599999977 ], [ -46.679556, -23.540419 ], [ -46.679916399999968, -23.540240699999959 ], [ -46.679802099999961, -23.54003489999997 ], [ -46.679906299999971, -23.539902899999952 ], [ -46.679637899999939, -23.539526 ], [ -46.679127499999936, -23.539844599999977 ] ] ] } },
{ "type": "Feature", "properties": { "loja_id": "AG10", "CD_SETOR": "355030860000220", "fracao": 1.0, "pop": 312, "domicilios": 123, "renda_resp": 17459.1, "classe_pof": "47563" }, "geometry": { "type": "Polygon", "coordinates": [ [ [ -46.679127499999936, -23.539844599999977 ], [ -46.679637899999939, -23.539526 ], [ -46.679906299999971, -23.539902899999952 ], [ -46.679802099999961, -23.54003489999997 ], [ -46.679916399999968, -23.540240699999959 ], [ -46.680611, -23.540022 ], [ -46.679723, -23.53878 ], [ -46.678803, -23.53939 ], [ -46.679127499999936, -23.539844599999977 ] ] ] } },
{ "type": "Feature", "properties": { "loja_id": "AG10", "CD_SETOR": "355030860000221", "fracao": 0.99999999999999989, "pop": 398, "domicilios": 176, "renda_resp": 16279.96, "classe_pof": "47563" }, "geometry": { "type": "Polygon", "coordinates": [ [ [ -46.679723, -23.53878 ], [ -46.680611, -23.540022 ], [ -46.681536, -23.539413 ], [ -46.681428499999981, -23.539262199999936 ], [ -46.680980899999952, -23.539516399999972 ], [ -46.680542, -23.538922799999963 ], [ -46.680706099999959, -23.538812099999973 ], [ -46.680482799999936, -23.538494399999941 ], [ -46.680749499999934, -23.538313 ], [ -46.680645, -23.538168 ], [ -46.679723, -23.53878 ] ] ] } },
{ "type": "Feature", "properties": { "loja_id": "AG10", "CD_SETOR": "355030860000222", "fracao": 1.0, "pop": 318, "domicilios": 146, "renda_resp": 13177.31, "classe_pof": "47563" }, "geometry": { "type": "Polygon", "coordinates": [ [ [ -46.681428499999981, -23.539262199999936 ], [ -46.680749499999934, -23.538313 ], [ -46.680482799999936, -23.538494399999941 ], [ -46.680706099999959, -23.538812099999973 ], [ -46.680542, -23.538922799999963 ], [ -46.680980899999952, -23.539516399999972 ], [ -46.681428499999981, -23.539262199999936 ] ] ] } },
{ "type": "Feature", "properties": { "loja_id": "AG10", "CD_SETOR": "355030860000223", "fracao": 1.0, "pop": 296, "domicilios": 149, "renda_resp": 16044.95, "classe_pof": "47563" }, "geometry": { "type": "Polygon", "coordinates": [ [ [ -46.678823, -23.537527 ], [ -46.679723, -23.53878 ], [ -46.680521099999964, -23.538250299999959 ], [ -46.680376799999976, -23.538055 ], [ -46.68019209999995, -23.538175299999985 ], [ -46.680020299999967, -23.538029299999945 ], [ -46.679947299999988, -23.53807219999992 ], [ -46.679346, -23.537185399999942 ], [ -46.678823, -23.537527 ] ] ] } },
{ "type": "Feature", "properties": { "loja_id": "AG10", "CD_SETOR": "355030860000224", "fracao": 0.99999999999999989, "pop": 372, "domicilios": 158, "renda_resp": 16065.57, "classe_pof": "47563" }, "geometry": { "type": "Polygon", "coordinates": [ [ [ -46.679366699999953, -23.537217199999922 ], [ -46.679947299999988, -23.53807219999992 ], [ -46.680020299999967, -23.538029299999945 ], [ -46.68019209999995, -23.538175299999985 ], [ -46.680376799999976, -23.538055 ], [ -46.680521099999964, -23.538250299999959 ], [ -46.680645, -23.538168 ], [ -46.679755, -23.53692 ], [ -46.679366699999953, -23.537217199999922 ] ] ] } },
{ "type": "Feature", "properties": { "loja_id": "AG10", "CD_SETOR": "355030860000225", "fracao": 1.0, "pop": 311, "domicilios": 133, "renda_resp": 12077.52, "classe_pof": "47562" }, "geometry": { "type": "Polygon", "coordinates": [ [ [ -46.677533, -23.538387 ], [ -46.678081, -23.539158 ], [ -46.677529, -23.539518 ], [ -46.677882, -23.540001 ], [ -46.678803, -23.53939 ], [ -46.677903, -23.538145 ], [ -46.677533, -23.538387 ] ] ] } },
{ "type": "Feature", "properties": { "loja_id": "AG10", "CD_SETOR": "355030860000226", "fracao": 0.99999999999999956, "pop": 323, "domicilios": 148, "renda_resp": 8107.98, "classe_pof": "47561" }, "geometry": { "type": "Polygon", "coordinates": [ [ [ -46.676518, -23.539055 ], [ -46.677409, -23.540315 ], [ -46.677882, -23.540001 ], [ -46.677529, -23.539518 ], [ -46.678081, -23.539158 ], [ -46.677533, -23.538387 ], [ -46.676518, -23.539055 ] ] ] } },
{ "type": "Feature", "properties": { "loja_id": "AG10", "CD_SETOR": "355030860000227", "fracao": 1.0, "pop": 280, "domicilios": 138, "renda_resp": 11673.77, "classe_pof": "47562" }, "geometry": { "type": "Polygon", "coordinates": [ [ [ -46.680485, -23.540104 ], [ -46.679997, -23.540172 ], [ -46.679647, -23.540407 ], [ -46.679526, -23.54039 ], [ -46.679309899999971, -23.540608299999963 ], [ -46.679391399999986, -23.540728499999936 ], [ -46.67957389999998, -23.540758599999943 ], [ -46.680278199999982, -23.540460199999924 ], [ -46.680894399999943, -23.54076079999993 ], [ -46.681091899999963, -23.54075859999995 ], [ -46.681373199999939, -23.540490199999969 ], [ -46.681327799999963, -23.540293099999932 ], [ -46.681536, -23.539413 ], [ -46.680485, -23.540104 ] ] ] } },
{ "type": "Feature", "properties": { "loja_id": "AG10", "CD_SETOR": "355030860000228", "fracao": 0.76858420442623587, "pop": 216, "domicilios": 112, "renda_resp": 12797.67, "classe_pof": "47563" }, "geometry": { "type": "Polygon", "coordinates": [ [ [ -46.679061899999965, -23.54094 ], [ -46.678652, -23.541092 ], [ -46.678798, -23.541239 ], [ -46.678969, -23.541262 ], [ -46.680229, -23.540779 ], [ -46.680636241761206, -23.540970913821301 ], [ -46.680999, -23.540935 ], [ -46.681345129507285, -23.541017033530398 ], [ -46.681537, -23.540456 ], [ -46.681351, -23.540228 ], [ -46.681373199999939, -23.540490199999969 ], [ -46.681091899999963, -23.54075859999995 ], [ -46.680894399999943, -23.54076079999993 ], [ -46.680278199999982, -23.540460199999924 ], [ -46.67957389999998, -23.540758599999943 ], [ -46.679391399999986, -23.540728499999936 ], [ -46.679309899999971, -23.540608299999963 ], [ -46.679061899999965, -23.54094 ] ] ] } },
{ "type": "Feature", "properties": { "loja_id": "AG10", "CD_SETOR": "355030860000229", "fracao": 1.0, "pop": 168, "domicilios": 92, "renda_resp": 12127.69, "classe_pof": "47562" }, "geometry": { "type": "Polygon", "coordinates": [ [ [ -46.678073799999936, -23.54026679999998 ], [ -46.678551, -23.54016 ], [ -46.678756, -23.540288 ], [ -46.67888, -23.540625 ], [ -46.678582, -23.540985 ], [ -46.678652, -23.541092 ], [ -46.679061899999965, -23.54094 ], [ -46.679309899999971, -23.540608299999963 ], [ -46.678608199999985, -23.539519199999969 ], [ -46.677882, -23.540001 ], [ -46.678073799999936, -23.54026679999998 ] ] ] } },
{ "type": "Feature", "properties": { "loja_id": "AG10", "CD_SETOR": "355030860000230", "fracao": 1.0, "pop": 182, "domicilios": 92, "renda_resp": 15541.68, "classe_pof": "47563" }, "geometry": { "type": "Polygon", "coordinates": [ [ [ -46.678633, -23.539547099999936 ], [ -46.678998299999932, -23.540119899999972 ], [ -46.679223, -23.539978 ], [ -46.678803, -23.53939 ], [ -46.678633, -23.539547099999936 ] ] ] } },
{ "type": "Feature", "properties": { "loja_id": "AG10", "CD_SETOR": "355030860000231", "fracao": 1.0, "pop": 175, "domicilios": 87, "renda_resp": 8026.48, "classe_pof": "47561" }, "geometry": { "type": "Polygon", "coordinates": [ [ [ -46.679309899999971, -23.540608299999963 ], [ -46.679526, -23.54039 ], [ -46.679223, -23.539978 ], [ -46.678998299999932, -23.540119899999972 ], [ -46.679309899999971, -23.540608299999963 ] ] ] } },
{ "type": "Feature", "properties": { "loja_id": "AG10", "CD_SETOR": "355030860000232", "fracao": 0.4119586417279858, "pop": 250, "domicilios": 108, "renda_resp": 14924.94, "classe_pof": "47563" }, "geometry": { "type": "Polygon", "coordinates": [ [ [ -46.681351, -23.540228 ], [ -46.681532, -23.540526 ], [ -46.681345129507285, -23.541017033530398 ], [ -46.681999, -23.541172 ], [ -46.682157074641935, -23.541076073039473 ], [ -46.681934599999977, -23.541002899999967 ], [ -46.682116699999938, -23.540557899999946 ], [ -46.682433, -23.540663 ], [ -46.681536, -23.539413 ], [ -46.681351, -23.540228 ] ] ] } },
{ "type": "Feature", "properties": { "loja_id": "AG10", "CD_SETOR": "355030860000233", "fracao": 0.96099484758005638, "pop": 258, "domicilios": 142, "renda_resp": 10469.68, "classe_pof": "47562" }, "geometry": { "type": "Polygon", "coordinates": [ [ [ -46.682424199999957, -23.540684299999953 ], [ -46.682116699999938, -23.540557899999946 ], [ -46.681934599999977, -23.541002899999967 ], [ -46.682157074641935, -23.541076073039473 ], [ -46.682297586523958, -23.540990803724281 ], [ -46.682424199999957, -23.540684299999953 ] ] ] } },
{ "type": "Feature", "properties": { "loja_id": "AG10", "CD_SETOR": "355030860000234", "fracao": 1.0, "pop": 384, "domicilios": 164, "renda_resp": 12565.25, "classe_pof": "47563" }, "geometry": { "type": "Polygon", "coordinates": [ [ [ -46.680645, -23.538168 ], [ -46.681115599999941, -23.538826899999936 ], [ -46.681618199999946, -23.538499199999929 ], [ -46.681736499999943, -23.538682099999956 ], [ -46.681981099999973, -23.538523599999962 ], [ -46.682108199999966, -23.538701499999949 ], [ -46.682299599999965, -23.538584699999944 ], [ -46.681571, -23.537557 ], [ -46.680645, -23.538168 ] ] ] } },
{ "type": "Feature", "properties": { "loja_id": "AG10", "CD_SETOR": "355030860000235", "fracao": 1.0, "pop": 134, "domicilios": 100, "renda_resp": 7869.94, "classe_pof": "47561" }, "geometry": { "type": "Polygon", "coordinates": [ [ [ -46.681241599999964, -23.539003299999933 ], [ -46.681736499999943, -23.538682099999956 ], [ -46.681618199999946, -23.538499199999929 ], [ -46.681115599999941, -23.538826899999936 ], [ -46.681241599999964, -23.539003299999933 ] ] ] } },
{ "type": "Feature", "properties": { "loja_id": "AG10", "CD_SETOR": "355030860000236", "fracao": 1.0, "pop": 460, "domicilios": 160, "renda_resp": 21274.19, "classe_pof": "47564" }, "geometry": { "type": "Polygon", "coordinates": [ [ [ -46.67793, -23.536277 ], [ -46.678117099999952, -23.536538799999953 ], [ -46.678482299999985, -23.536304299999983 ], [ -46.678567699999981, -23.536432399999963 ], [ -46.67870929999998, -23.536338 ], [ -46.679248799999982, -23.537091 ], [ -46.678922899999975, -23.53730569999993 ], [ -46.67899, -23.537418199999927 ], [ -46.679755, -23.53692 ], [ -46.678855, -23.53566 ], [ -46.67793, -23.536277 ] ] ] } },
{ "type": "Feature", "properties": { "loja_id": "AG10", "CD_SETOR": "355030860000237", "fracao": 0.99999999999999978, "pop": 385, "domicilios": 175, "renda_resp": 13514.79, "classe_pof": "47563" }, "geometry": { "type": "Polygon", "coordinates": [ [ [ -46.678117099999952, -23.536538799999953 ], [ -46.678823, -23.537527 ], [ -46.67899, -23.537418199999927 ], [ -46.678922899999975, -23.53730569999993 ], [ -46.679248799999982, -23.537091 ], [ -46.67870929999998, -23.536338 ], [ -46.678567699999981, -23.536432399999963 ], [ -46.678482299999985, -23.536304299999983 ], [ -46.678117099999952, -23.536538799999953 ] ] ] } },
{ "type": "Feature", "properties": { "loja_id": "AG10", "CD_SETOR": "355030860000238", "fracao": 1.0, "pop": 414, "domicilios": 158, "renda_resp": 15706.98, "classe_pof": "47563" }, "geometry": { "type": "Polygon", "coordinates": [ [ [ -46.67698, -23.538748 ], [ -46.677717599999937, -23.538266199999953 ], [ -46.677587699999947, -23.538093499999945 ], [ -46.677332199999967, -23.53819609999994 ], [ -46.67693369999995, -23.537626399999969 ], [ -46.67710029999995, -23.537522 ], [ -46.676968, -23.53733109999996 ], [ -46.677096099999979, -23.537251699999967 ], [ -46.676911, -23.536959599999932 ], [ -46.676085, -23.537503 ], [ -46.67698, -23.538748 ] ] ] } },
{ "type": "Feature", "properties": { "loja_id": "AG10", "CD_SETOR": "355030860000239", "fracao": 1.0, "pop": 174, "domicilios": 73, "renda_resp": 8201.36, "classe_pof": "47561" }, "geometry": { "type": "Polygon", "coordinates": [ [ [ -46.674555199999986, -23.538509099999946 ], [ -46.675298, -23.539868 ], [ -46.67698, -23.538748 ], [ -46.676085, -23.537503 ], [ -46.674555199999986, -23.538509099999946 ] ] ] } },
{ "type": "Feature", "properties": { "loja_id": "AG10", "CD_SETOR": "355030860000240", "fracao": 0.32122503583108641, "pop": 176, "domicilios": 67, "renda_resp": 12156.94, "classe_pof": "47562" }, "geometry": { "type": "Polygon", "coordinates": [ [ [ -46.679353, -23.54172 ], [ -46.678688, -23.541776 ], [ -46.678283, -23.541682 ], [ -46.678156, -23.541559 ], [ -46.677751699999931, -23.541591699999962 ], [ -46.677841699999931, -23.541966399999982 ], [ -46.677649499999973, -23.542004599999924 ], [ -46.677716399999952, -23.542319499999959 ], [ -46.679137, -23.541999 ], [ -46.679353, -23.54172 ] ] ] } },
{ "type": "Feature", "properties": { "loja_id": "AG10", "CD_SETOR": "355030860000241", "fracao": 1.0, "pop": 311, "domicilios": 146, "renda_resp": 13216.91, "classe_pof": "47563" }, "geometry": { "type": "Polygon", "coordinates": [ [ [ -46.676587899999959, -23.54195829999998 ], [ -46.677204, -23.542427 ], [ -46.677716399999952, -23.542319499999959 ], [ -46.677649499999973, -23.542004599999924 ], [ -46.677841699999931, -23.541966399999982 ], [ -46.677751699999931, -23.541591699999962 ], [ -46.676854, -23.541732 ], [ -46.676587899999959, -23.54195829999998 ] ] ] } },
{ "type": "Feature", "properties": { "loja_id": "AG10", "CD_SETOR": "355030860000243", "fracao": 0.17346261525686243, "pop": 252, "domicilios": 99, "renda_resp": 8190.04, "classe_pof": "47561" }, "geometry": { "type": "Polygon", "coordinates": [ [ [ -46.676259499999958, -23.541989 ], [ -46.676466530459663, -23.543531481289339 ], [ -46.676999, -23.54354 ], [ -46.677232010864259, -23.542907784848559 ], [ -46.677144, -23.542566 ], [ -46.677204, -23.542427 ], [ -46.676556, -23.541934 ], [ -46.676259499999958, -23.541989 ] ] ] } },
{ "type": "Feature", "properties": { "loja_id": "AG10", "CD_SETOR": "355030860000245", "fracao": 0.10807699730974164, "pop": 223, "domicilios": 135, "renda_resp": 10245.76, "classe_pof": "47562" }, "geometry": { "type": "Polygon", "coordinates": [ [ [ -46.68255513099276, -23.540834512852314 ], [ -46.682729, -23.540729 ], [ -46.682764731666801, -23.540445699892146 ], [ -46.682433, -23.540663 ], [ -46.68255513099276, -23.540834512852314 ] ] ] } },
{ "type": "Feature", "properties": { "loja_id": "AG10", "CD_SETOR": "355030860000248", "fracao": 0.020620317328649787, "pop": 299, "domicilios": 137, "renda_resp": 12155.38, "classe_pof": "47562" }, "geometry": { "type": "Polygon", "coordinates": [ [ [ -46.683809057459015, -23.537801951179876 ], [ -46.683639, -23.53802 ], [ -46.683366, -23.538181 ], [ -46.683525278296194, -23.538399690491243 ], [ -46.683809057459015, -23.537801951179876 ] ] ] } },
{ "type": "Feature", "properties": { "loja_id": "AG10", "CD_SETOR": "355030860000250", "fracao": 0.99999999999999989, "pop": 192, "domicilios": 116, "renda_resp": 9215.28, "classe_pof": "47562" }, "geometry": { "type": "Polygon", "coordinates": [ [ [ -46.681959799999959, -23.537338599999934 ], [ -46.682186599999966, -23.537670899999966 ], [ -46.682257899999968, -23.53762579999994 ], [ -46.682331699999963, -23.537735 ], [ -46.682401199999958, -23.53769369999997 ], [ -46.682611499999958, -23.537993299999986 ], [ -46.682547099999965, -23.538038499999967 ], [ -46.682592899999975, -23.53811619999993 ], [ -46.682905199999944, -23.537920299999936 ], [ -46.683056399999941, -23.538137699999925 ], [ -46.683254699999964, -23.538013899999957 ], [ -46.682488499999977, -23.536939799999978 ], [ -46.681959799999959, -23.537338599999934 ] ] ] } },
{ "type": "Feature", "properties": { "loja_id": "AG10", "CD_SETOR": "355030860000251", "fracao": 0.99999999999999967, "pop": 272, "domicilios": 150, "renda_resp": 11934.99, "classe_pof": "47562" }, "geometry": { "type": "Polygon", "coordinates": [ [ [ -46.681571, -23.537557 ], [ -46.682459, -23.538808 ], [ -46.682626299999981, -23.538697799999973 ], [ -46.682389399999977, -23.538243899999934 ], [ -46.682592899999975, -23.53811619999993 ], [ -46.682547099999965, -23.538038499999967 ], [ -46.682611499999958, -23.537993299999986 ], [ -46.682401199999958, -23.53769369999997 ], [ -46.682075399999974, -23.53789809999995 ], [ -46.681749199999956, -23.537435399999936 ], [ -46.681571, -23.537557 ] ] ] } },
{ "type": "Feature", "properties": { "loja_id": "AG10", "CD_SETOR": "355030860000252", "fracao": 0.99999999999999978, "pop": 154, "domicilios": 85, "renda_resp": 11106.81, "classe_pof": "47562" }, "geometry": { "type": "Polygon", "coordinates": [ [ [ -46.682389399999977, -23.538243899999934 ], [ -46.682626299999981, -23.538697799999973 ], [ -46.683366, -23.538181 ], [ -46.683254699999964, -23.538013899999957 ], [ -46.683056399999941, -23.538137699999925 ], [ -46.682905199999944, -23.537920299999936 ], [ -46.682389399999977, -23.538243899999934 ] ] ] } },
{ "type": "Feature", "properties": { "loja_id": "AG10", "CD_SETOR": "355030860000253", "fracao": 1.0, "pop": 183, "domicilios": 93, "renda_resp": 12120.88, "classe_pof": "47562" }, "geometry": { "type": "Polygon", "coordinates": [ [ [ -46.682488499999977, -23.536939799999978 ], [ -46.683092199999983, -23.537787399999957 ], [ -46.68358969999997, -23.537460899999928 ], [ -46.68321039999995, -23.536931199999973 ], [ -46.683296299999938, -23.536875799999969 ], [ -46.683244299999956, -23.5368 ], [ -46.68347609999995, -23.536648799999956 ], [ -46.68330519999995, -23.536396699999955 ], [ -46.682488499999977, -23.536939799999978 ] ] ] } },
{ "type": "Feature", "properties": { "loja_id": "AG10", "CD_SETOR": "355030860000254", "fracao": 0.99999999999999989, "pop": 117, "domicilios": 86, "renda_resp": 10260.1, "classe_pof": "47562" }, "geometry": { "type": "Polygon", "coordinates": [ [ [ -46.683326799999975, -23.536426699999936 ], [ -46.68347609999995, -23.536648799999956 ], [ -46.683244299999956, -23.5368 ], [ -46.683296299999938, -23.536875799999969 ], [ -46.68321039999995, -23.536931199999973 ], [ -46.683298599999944, -23.537061699999974 ], [ -46.683725, -23.536776299999929 ], [ -46.683404, -23.536331 ], [ -46.683326799999975, -23.536426699999936 ] ] ] } },
{ "type": "Feature", "properties": { "loja_id": "AG10", "CD_SETOR": "355030860000255", "fracao": 1.0, "pop": 184, "domicilios": 108, "renda_resp": 13427.18, "classe_pof": "47563" }, "geometry": { "type": "Polygon", "coordinates": [ [ [ -46.68358969999997, -23.537460899999928 ], [ -46.683941199999936, -23.537230499999957 ], [ -46.683989899999972, -23.537303399999924 ], [ -46.684068399999951, -23.537252799999973 ], [ -46.683725, -23.536776299999929 ], [ -46.683298599999944, -23.537061699999974 ], [ -46.68358969999997, -23.537460899999928 ] ] ] } },
{ "type": "Feature", "properties": { "loja_id": "AG10", "CD_SETOR": "355030860000256", "fracao": 1.0, "pop": 373, "domicilios": 138, "renda_resp": 19494.6, "classe_pof": "47563" }, "geometry": { "type": "Polygon", "coordinates": [ [ [ -46.680282599999941, -23.535748499999954 ], [ -46.680750499999931, -23.535460199999939 ], [ -46.680598599999939, -23.535192699999982 ], [ -46.680762199999947, -23.535094299999972 ], [ -46.680502599999954, -23.534583699999928 ], [ -46.679781, -23.535047 ], [ -46.680282599999941, -23.535748499999954 ] ] ] } },
{ "type": "Feature", "properties": { "loja_id": "AG10", "CD_SETOR": "355030860000257", "fracao": 0.99999999999999978, "pop": 188, "domicilios": 102, "renda_resp": 11783.16, "classe_pof": "47562" }, "geometry": { "type": "Polygon", "coordinates": [ [ [ -46.680676, -23.536301 ], [ -46.681650099999956, -23.535675799999972 ], [ -46.681580799999949, -23.535581799999928 ], [ -46.681078699999944, -23.535845899999959 ], [ -46.680750499999931, -23.535460199999939 ], [ -46.680282599999941, -23.535748499999954 ], [ -46.680676, -23.536301 ] ] ] } },
{ "type": "Feature", "properties": { "loja_id": "AG10", "CD_SETOR": "355030860000258", "fracao": 1.0, "pop": 292, "domicilios": 117, "renda_resp": 16278.59, "classe_pof": "47563" }, "geometry": { "type": "Polygon", "coordinates": [ [ [ -46.679755, -23.53692 ], [ -46.680089, -23.536694199999939 ], [ -46.679811899999947, -23.536293599999958 ], [ -46.67997239999994, -23.53618849999998 ], [ -46.679681899999935, -23.535808 ], [ -46.67940939999994, -23.535988399999948 ], [ -46.679278499999953, -23.535804799999937 ], [ -46.679056599999967, -23.535941899999948 ], [ -46.679755, -23.53692 ] ] ] } },
{ "type": "Feature", "properties": { "loja_id": "AG10", "CD_SETOR": "355030860000259", "fracao": 1.0, "pop": 400, "domicilios": 153, "renda_resp": 16815.58, "classe_pof": "47563" }, "geometry": { "type": "Polygon", "coordinates": [ [ [ -46.679887099999974, -23.535672199999958 ], [ -46.679681899999935, -23.535808 ], [ -46.67997239999994, -23.53618849999998 ], [ -46.679811899999947, -23.536293599999958 ], [ -46.680089, -23.536694199999939 ], [ -46.680676, -23.536301 ], [ -46.679781, -23.535047 ], [ -46.679543799999976, -23.535204 ], [ -46.679887099999974, -23.535672199999958 ] ] ] } },
{ "type": "Feature", "properties": { "loja_id": "AG10", "CD_SETOR": "355030860000260", "fracao": 1.0, "pop": 284, "domicilios": 142, "renda_resp": 10990.56, "classe_pof": "47562" }, "geometry": { "type": "Polygon", "coordinates": [ [ [ -46.677036, -23.535015 ], [ -46.67769519999996, -23.535945599999934 ], [ -46.678112099999964, -23.535688199999981 ], [ -46.678054499999973, -23.53559209999997 ], [ -46.678343899999959, -23.535418 ], [ -46.678624099999979, -23.535814 ], [ -46.678855, -23.53566 ], [ -46.678506899999945, -23.535173499999932 ], [ -46.678066199999932, -23.535443899999965 ], [ -46.677866699999988, -23.535165299999957 ], [ -46.677980799999943, -23.535088499999972 ], [ -46.677931799999953, -23.535009799999948 ], [ -46.678244499999948, -23.534806599999964 ], [ -46.67796, -23.534409 ], [ -46.677036, -23.535015 ] ] ] } },
{ "type": "Feature", "properties": { "loja_id": "AG10", "CD_SETOR": "355030860000261", "fracao": 1.0, "pop": 221, "domicilios": 88, "renda_resp": 20700.83, "classe_pof": "47564" }, "geometry": { "type": "Polygon", "coordinates": [ [ [ -46.67793, -23.536277 ], [ -46.678624099999979, -23.535814 ], [ -46.678343899999959, -23.535418 ], [ -46.678054499999973, -23.53559209999997 ], [ -46.678112099999964, -23.535688199999981 ], [ -46.67769519999996, -23.535945599999934 ], [ -46.67793, -23.536277 ] ] ] } },
{ "type": "Feature", "properties": { "loja_id": "AG10", "CD_SETOR": "355030860000262", "fracao": 1.0, "pop": 177, "domicilios": 72, "renda_resp": 18662.86, "classe_pof": "47563" }, "geometry": { "type": "Polygon", "coordinates": [ [ [ -46.676085, -23.537503 ], [ -46.677011, -23.536895 ], [ -46.676113, -23.535639 ], [ -46.675192, -23.536241 ], [ -46.676085, -23.537503 ] ] ] } },
{ "type": "Feature", "properties": { "loja_id": "AG10", "CD_SETOR": "355030860000263", "fracao": 1.0, "pop": 366, "domicilios": 164, "renda_resp": 12806.99, "classe_pof": "47563" }, "geometry": { "type": "Polygon", "coordinates": [ [ [ -46.674266, -23.536869 ], [ -46.674366, -23.537819 ], [ -46.674555199999986, -23.538509099999946 ], [ -46.676085, -23.537503 ], [ -46.675192, -23.536241 ], [ -46.674266, -23.536869 ] ] ] } },
{ "type": "Feature", "properties": { "loja_id": "AG10", "CD_SETOR": "355030860000275", "fracao": 0.5467689331580311, "pop": 283, "domicilios": 126, "renda_resp": 8468.47, "classe_pof": "47562" }, "geometry": { "type": "Polygon", "coordinates": [ [ [ -46.684609, -23.535548 ], [ -46.683404, -23.536331 ], [ -46.684069224113891, -23.537253943321993 ], [ -46.684665, -23.535999 ], [ -46.684730291287202, -23.53571866350828 ], [ -46.684609, -23.535548 ] ] ] } },
{ "type": "Feature", "properties": { "loja_id": "AG10", "CD_SETOR": "355030860000278", "fracao": 0.03429122435303094, "pop": 322, "domicilios": 133, "renda_resp": 11289.49, "classe_pof": "47562" }, "geometry": { "type": "Polygon", "coordinates": [ [ [ -46.684730291287202, -23.53571866350828 ], [ -46.684797549487115, -23.535429880731719 ], [ -46.684609, -23.535548 ], [ -46.684730291287202, -23.53571866350828 ] ] ] } },
{ "type": "Feature", "properties": { "loja_id": "AG10", "CD_SETOR": "355030860000280", "fracao": 1.0, "pop": 422, "domicilios": 162, "renda_resp": 16211.63, "classe_pof": "47563" }, "geometry": { "type": "Polygon", "coordinates": [ [ [ -46.681681899999944, -23.533822599999947 ], [ -46.682575899999961, -23.535085199999969 ], [ -46.683365699999968, -23.534554 ], [ -46.683153, -23.534303399999935 ], [ -46.682673799999975, -23.534094 ], [ -46.682479299999962, -23.533892099999946 ], [ -46.682267899999943, -23.533940699999956 ], [ -46.68201659999994, -23.533594499999936 ], [ -46.681681899999944, -23.533822599999947 ] ] ] } },
{ "type": "Feature", "properties": { "loja_id": "AG10", "CD_SETOR": "355030860000281", "fracao": 1.0, "pop": 191, "domicilios": 77, "renda_resp": 11230.57, "classe_pof": "47562" }, "geometry": { "type": "Polygon", "coordinates": [ [ [ -46.682038899999952, -23.533624299999932 ], [ -46.682267899999943, -23.533940699999956 ], [ -46.682479299999962, -23.533892099999946 ], [ -46.682673799999975, -23.534094 ], [ -46.682976799999949, -23.534211799999976 ], [ -46.682683299999951, -23.53381429999996 ], [ -46.682781399999953, -23.533748 ], [ -46.682471899999939, -23.533284199999962 ], [ -46.682038899999952, -23.533624299999932 ] ] ] } },
{ "type": "Feature", "properties": { "loja_id": "AG10", "CD_SETOR": "355030860000282", "fracao": 1.0, "pop": 272, "domicilios": 120, "renda_resp": 14261.42, "classe_pof": "47563" }, "geometry": { "type": "Polygon", "coordinates": [ [ [ -46.682496199999946, -23.533319399999979 ], [ -46.682781399999953, -23.533748 ], [ -46.682683299999951, -23.53381429999996 ], [ -46.682976799999949, -23.534211799999976 ], [ -46.683153, -23.534303399999935 ], [ -46.683365699999968, -23.534554 ], [ -46.683719699999983, -23.534307499999954 ], [ -46.68282, -23.533047 ], [ -46.682496199999946, -23.533319399999979 ] ] ] } },
{ "type": "Feature", "properties": { "loja_id": "AG10", "CD_SETOR": "355030860000283", "fracao": 1.0, "pop": 380, "domicilios": 186, "renda_resp": 10092.05, "classe_pof": "47562" }, "geometry": { "type": "Polygon", "coordinates": [ [ [ -46.681681899999944, -23.533822599999947 ], [ -46.68073279999993, -23.534434799999929 ], [ -46.681650099999956, -23.535675799999972 ], [ -46.682575899999961, -23.535085199999969 ], [ -46.682460399999968, -23.534922 ], [ -46.682011399999965, -23.535214199999924 ], [ -46.681681299999987, -23.534753 ], [ -46.682129099999941, -23.534454099999945 ], [ -46.682020899999941, -23.534301299999985 ], [ -46.681562399999962, -23.534606099999959 ], [ -46.68132369999995, -23.534292099999959 ], [ -46.681798499999957, -23.533987199999956 ], [ -46.681681899999944, -23.533822599999947 ] ] ] } },
{ "type": "Feature", "properties": { "loja_id": "AG10", "CD_SETOR": "355030860000284", "fracao": 0.99999999999999989, "pop": 257, "domicilios": 102, "renda_resp": 11416.87, "classe_pof": "47562" }, "geometry": { "type": "Polygon", "coordinates": [ [ [ -46.682129099999941, -23.534454099999945 ], [ -46.681681299999987, -23.534753 ], [ -46.682011399999965, -23.535214199999924 ], [ -46.682460399999968, -23.534922 ], [ -46.682129099999941, -23.534454099999945 ] ] ] } },
{ "type": "Feature", "properties": { "loja_id": "AG10", "CD_SETOR": "355030860000285", "fracao": 0.99999999999999978, "pop": 361, "domicilios": 177, "renda_resp": 11178.44, "classe_pof": "47562" }, "geometry": { "type": "Polygon", "coordinates": [ [ [ -46.679384899999945, -23.53347279999997 ], [ -46.680188599999951, -23.534617699999956 ], [ -46.680649, -23.534322599999932 ], [ -46.67985, -23.533167299999942 ], [ -46.679384899999945, -23.53347279999997 ] ] ] } },
{ "type": "Feature", "properties": { "loja_id": "AG10", "CD_SETOR": "355030860000286", "fracao": 1.0, "pop": 235, "domicilios": 113, "renda_resp": 10931.67, "classe_pof": "47562" }, "geometry": { "type": "Polygon", "coordinates": [ [ [ -46.679485499999942, -23.534566799999933 ], [ -46.679781, -23.535047 ], [ -46.68073279999993, -23.534434799999929 ], [ -46.680649, -23.534322599999932 ], [ -46.680188599999951, -23.534617699999956 ], [ -46.67994269999997, -23.534259299999974 ], [ -46.679485499999942, -23.534566799999933 ] ] ] } },
{ "type": "Feature", "properties": { "loja_id": "AG10", "CD_SETOR": "355030860000287", "fracao": 0.99999999999999978, "pop": 98, "domicilios": 42, "renda_resp": 9858.23, "classe_pof": "47562" }, "geometry": { "type": "Polygon", "coordinates": [ [ [ -46.677266399999951, -23.533070399999929 ], [ -46.677415799999949, -23.533282699999976 ], [ -46.67747339999994, -23.533246499999958 ], [ -46.677520899999934, -23.533324499999939 ], [ -46.677614799999958, -23.533263399999957 ], [ -46.677848799999936, -23.533606 ], [ -46.678061299999968, -23.533469199999956 ], [ -46.678202599999963, -23.533680599999968 ], [ -46.678293099999962, -23.533617299999946 ], [ -46.67872159999996, -23.533776699999979 ], [ -46.678827499999954, -23.533715099999938 ], [ -46.677987, -23.532549 ], [ -46.677266399999951, -23.533070399999929 ] ] ] } },
{ "type": "Feature", "properties": { "loja_id": "AG10", "CD_SETOR": "355030860000288", "fracao": 1.0, "pop": 256, "domicilios": 111, "renda_resp": 11725.17, "classe_pof": "47562" }, "geometry": { "type": "Polygon", "coordinates": [ [ [ -46.67796, -23.534409 ], [ -46.678888, -23.533799 ], [ -46.678827499999954, -23.533715099999938 ], [ -46.67872159999996, -23.533776699999979 ], [ -46.678293099999962, -23.533617299999946 ], [ -46.678202599999963, -23.533680599999968 ], [ -46.678061299999968, -23.533469199999956 ], [ -46.677848799999936, -23.533606 ], [ -46.677614799999958, -23.533263399999957 ], [ -46.677520899999934, -23.533324499999939 ], [ -46.67747339999994, -23.533246499999958 ], [ -46.677415799999949, -23.533282699999976 ], [ -46.677235, -23.533047 ], [ -46.677066, -23.533159 ], [ -46.67796, -23.534409 ] ] ] } },
{ "type": "Feature", "properties": { "loja_id": "AG10", "CD_SETOR": "355030860000289", "fracao": 1.0, "pop": 262, "domicilios": 117, "renda_resp": 9498.69, "classe_pof": "47562" }, "geometry": { "type": "Polygon", "coordinates": [ [ [ -46.672384299999976, -23.538469699999943 ], [ -46.672763599999946, -23.53822369999995 ], [ -46.673057799999981, -23.538631499999948 ], [ -46.673504099999946, -23.538329899999955 ], [ -46.673209099999958, -23.537924099999938 ], [ -46.67367, -23.537578499999942 ], [ -46.673505, -23.537373 ], [ -46.672204, -23.53824 ], [ -46.672384299999976, -23.538469699999943 ] ] ] } },
{ "type": "Feature", "properties": { "loja_id": "AG10", "CD_SETOR": "355030860000290", "fracao": 0.99999999999999967, "pop": 284, "domicilios": 118, "renda_resp": 15008.55, "classe_pof": "47563" }, "geometry": { "type": "Polygon", "coordinates": [ [ [ -46.673153, -23.539449 ], [ -46.674479, -23.53856 ], [ -46.67367, -23.537578499999942 ], [ -46.673209099999958, -23.537924099999938 ], [ -46.673504099999946, -23.538329899999955 ], [ -46.673057799999981, -23.538631499999948 ], [ -46.672763599999946, -23.53822369999995 ], [ -46.672384299999976, -23.538469699999943 ], [ -46.673153, -23.539449 ] ] ] } },
{ "type": "Feature", "properties": { "loja_id": "AG10", "CD_SETOR": "355030860000291", "fracao": 0.69435439905108887, "pop": 315, "domicilios": 140, "renda_resp": 13075.6, "classe_pof": "47563" }, "geometry": { "type": "Polygon", "coordinates": [ [ [ -46.671547399999952, -23.539587699999966 ], [ -46.672055, -23.540185 ], [ -46.673153, -23.539449 ], [ -46.672204, -23.53824 ], [ -46.671166226058915, -23.538924318626229 ], [ -46.671393704875328, -23.539690726254445 ], [ -46.671547399999952, -23.539587699999966 ] ] ] } },
{ "type": "Feature", "properties": { "loja_id": "AG10", "CD_SETOR": "355030860000292", "fracao": 0.18178774789196894, "pop": 268, "domicilios": 127, "renda_resp": 11530.0, "classe_pof": "47562" }, "geometry": { "type": "Polygon", "coordinates": [ [ [ -46.672055, -23.540185 ], [ -46.67185939999996, -23.53993319999995 ], [ -46.671555677023925, -23.540137623274472 ], [ -46.671689434079646, -23.540431505986803 ], [ -46.672055, -23.540185 ] ] ] } },
{ "type": "Feature", "properties": { "loja_id": "AG10", "CD_SETOR": "355030860000293", "fracao": 0.96138827875692412, "pop": 289, "domicilios": 104, "renda_resp": 14364.0, "classe_pof": "47563" }, "geometry": { "type": "Polygon", "coordinates": [ [ [ -46.672055, -23.540185 ], [ -46.672807159333644, -23.541142392361476 ], [ -46.6732216559096, -23.541260212306735 ], [ -46.673657, -23.540972 ], [ -46.673119, -23.540313 ], [ -46.672845, -23.540248 ], [ -46.672541599999931, -23.539858799999937 ], [ -46.672055, -23.540185 ] ] ] } },
{ "type": "Feature", "properties": { "loja_id": "AG10", "CD_SETOR": "355030860000294", "fracao": 0.043885115752426707, "pop": 412, "domicilios": 150, "renda_resp": 21890.22, "classe_pof": "47564" }, "geometry": { "type": "Polygon", "coordinates": [ [ [ -46.672593, -23.540868 ], [ -46.672368463668683, -23.541017692406953 ], [ -46.672807159333644, -23.541142392361476 ], [ -46.672593, -23.540868 ] ] ] } },
{ "type": "Feature", "properties": { "loja_id": "AG10", "CD_SETOR": "355030860000318", "fracao": 0.56031753560605213, "pop": 346, "domicilios": 135, "renda_resp": 14030.14, "classe_pof": "47563" }, "geometry": { "type": "Polygon", "coordinates": [ [ [ -46.68405, -23.532866499999951 ], [ -46.684550399999978, -23.532539 ], [ -46.684734854958542, -23.532798084328974 ], [ -46.684987854782371, -23.532267783997824 ], [ -46.684716, -23.531887 ], [ -46.683764, -23.532467 ], [ -46.68405, -23.532866499999951 ] ] ] } },
{ "type": "Feature", "properties": { "loja_id": "AG10", "CD_SETOR": "355030860000319", "fracao": 0.6594301919016915, "pop": 419, "domicilios": 176, "renda_resp": 15431.42, "classe_pof": "47563" }, "geometry": { "type": "Polygon", "coordinates": [ [ [ -46.684650099999942, -23.533706 ], [ -46.684734081853513, -23.53365500423747 ], [ -46.684639, -23.532999 ], [ -46.684734854958542, -23.532798084328974 ], [ -46.684550399999978, -23.532539 ], [ -46.68405, -23.532866499999951 ], [ -46.684650099999942, -23.533706 ] ] ] } },
{ "type": "Feature", "properties": { "loja_id": "AG10", "CD_SETOR": "355030860000322", "fracao": 1.0, "pop": 457, "domicilios": 172, "renda_resp": 11699.07, "classe_pof": "47562" }, "geometry": { "type": "Polygon", "coordinates": [ [ [ -46.681924, -23.531788 ], [ -46.682383699999946, -23.532432799999981 ], [ -46.682902, -23.532124 ], [ -46.683139399999959, -23.532473299999932 ], [ -46.682633299999964, -23.532784099999958 ], [ -46.68282, -23.533047 ], [ -46.683764, -23.532467 ], [ -46.68287, -23.531216 ], [ -46.681924, -23.531788 ] ] ] } },
{ "type": "Feature", "properties": { "loja_id": "AG10", "CD_SETOR": "355030860000323", "fracao": 1.0, "pop": 232, "domicilios": 106, "renda_resp": 8713.74, "classe_pof": "47562" }, "geometry": { "type": "Polygon", "coordinates": [ [ [ -46.682633299999964, -23.532784099999958 ], [ -46.683139399999959, -23.532473299999932 ], [ -46.682902, -23.532124 ], [ -46.682383699999946, -23.532432799999981 ], [ -46.682633299999964, -23.532784099999958 ] ] ] } },
{ "type": "Feature", "properties": { "loja_id": "AG10", "CD_SETOR": "355030860000324", "fracao": 1.0, "pop": 445, "domicilios": 183, "renda_resp": 12637.01, "classe_pof": "47563" }, "geometry": { "type": "Polygon", "coordinates": [ [ [ -46.681953699999951, -23.533348499999928 ], [ -46.681497099999945, -23.533649099999934 ], [ -46.681639699999948, -23.533850699999959 ], [ -46.68282, -23.533047 ], [ -46.682079299999941, -23.532005899999948 ], [ -46.681864799999971, -23.532188599999923 ], [ -46.681989199999975, -23.532358699999975 ], [ -46.681777499999953, -23.532493199999976 ], [ -46.682022099999983, -23.53285209999995 ], [ -46.681642499999953, -23.533032599999945 ], [ -46.681953699999951, -23.533348499999928 ] ] ] } },
{ "type": "Feature", "properties": { "loja_id": "AG10", "CD_SETOR": "355030860000325", "fracao": 0.99999999999999978, "pop": 318, "domicilios": 128, "renda_resp": 12686.93, "classe_pof": "47563" }, "geometry": { "type": "Polygon", "coordinates": [ [ [ -46.681176199999982, -23.533194299999927 ], [ -46.681555199999934, -23.532944299999944 ], [ -46.681642499999953, -23.533032599999945 ], [ -46.682022099999983, -23.53285209999995 ], [ -46.681777499999953, -23.532493199999976 ], [ -46.681989199999975, -23.532358699999975 ], [ -46.681864799999971, -23.532188599999923 ], [ -46.682079299999941, -23.532005899999948 ], [ -46.681924, -23.531788 ], [ -46.680768099999966, -23.532561799999939 ], [ -46.681176199999982, -23.533194299999927 ] ] ] } },
{ "type": "Feature", "properties": { "loja_id": "AG10", "CD_SETOR": "355030860000326", "fracao": 1.0, "pop": 289, "domicilios": 141, "renda_resp": 9349.15, "classe_pof": "47562" }, "geometry": { "type": "Polygon", "coordinates": [ [ [ -46.67985, -23.533167299999942 ], [ -46.680071299999952, -23.533486 ], [ -46.680494799999963, -23.533199099999933 ], [ -46.680794, -23.533633199999937 ], [ -46.680808499999955, -23.533543899999923 ], [ -46.681227799999931, -23.533267499999969 ], [ -46.680768099999966, -23.532561799999939 ], [ -46.67985, -23.533167299999942 ] ] ] } },
{ "type": "Feature", "properties": { "loja_id": "AG10", "CD_SETOR": "355030860000327", "fracao": 0.99999999999999978, "pop": 284, "domicilios": 125, "renda_resp": 10959.5, "classe_pof": "47562" }, "geometry": { "type": "Polygon", "coordinates": [ [ [ -46.680808499999955, -23.533543899999923 ], [ -46.681156, -23.534162299999931 ], [ -46.681639699999948, -23.533850699999959 ], [ -46.681227799999931, -23.533267499999969 ], [ -46.680808499999955, -23.533543899999923 ] ] ] } },
{ "type": "Feature", "properties": { "loja_id": "AG10", "CD_SETOR": "355030860000328", "fracao": 1.0, "pop": 199, "domicilios": 97, "renda_resp": 11604.72, "classe_pof": "47562" }, "geometry": { "type": "Polygon", "coordinates": [ [ [ -46.680474, -23.534069099999957 ], [ -46.680902099999969, -23.533790199999938 ], [ -46.680494799999963, -23.533199099999933 ], [ -46.680071299999952, -23.533486 ], [ -46.680474, -23.534069099999957 ] ] ] } },
{ "type": "Feature", "properties": { "loja_id": "AG10", "CD_SETOR": "355030860000329", "fracao": 0.99999999999999978, "pop": 150, "domicilios": 90, "renda_resp": 6820.88, "classe_pof": "47561" }, "geometry": { "type": "Polygon", "coordinates": [ [ [ -46.680474, -23.534069099999957 ], [ -46.68073279999993, -23.534434799999929 ], [ -46.681156, -23.534162299999931 ], [ -46.680902099999969, -23.533790199999938 ], [ -46.680474, -23.534069099999957 ] ] ] } },
{ "type": "Feature", "properties": { "loja_id": "AG10", "CD_SETOR": "355030860000330", "fracao": 0.99999999999999989, "pop": 411, "domicilios": 211, "renda_resp": 9439.67, "classe_pof": "47562" }, "geometry": { "type": "Polygon", "coordinates": [ [ [ -46.678913, -23.531936 ], [ -46.679811, -23.533193 ], [ -46.680735, -23.532584 ], [ -46.680170799999985, -23.531788699999932 ], [ -46.679744399999947, -23.532077899999926 ], [ -46.679690099999959, -23.531997799999935 ], [ -46.679303899999979, -23.532188 ], [ -46.679236699999933, -23.532100799999963 ], [ -46.679305299999953, -23.532049299999986 ], [ -46.679117399999939, -23.531800199999964 ], [ -46.678913, -23.531936 ] ] ] } },
{ "type": "Feature", "properties": { "loja_id": "AG10", "CD_SETOR": "355030860000331", "fracao": 1.0, "pop": 365, "domicilios": 150, "renda_resp": 14202.22, "classe_pof": "47563" }, "geometry": { "type": "Polygon", "coordinates": [ [ [ -46.679138599999938, -23.531830699999936 ], [ -46.679305299999953, -23.532049299999986 ], [ -46.679236699999933, -23.532100799999963 ], [ -46.679303899999979, -23.532188 ], [ -46.679690099999959, -23.531997799999935 ], [ -46.679744399999947, -23.532077899999926 ], [ -46.680170799999985, -23.531788699999932 ], [ -46.679839, -23.531321 ], [ -46.679138599999938, -23.531830699999936 ] ] ] } },
{ "type": "Feature", "properties": { "loja_id": "AG10", "CD_SETOR": "355030860000332", "fracao": 1.0, "pop": 208, "domicilios": 95, "renda_resp": 9087.58, "classe_pof": "47562" }, "geometry": { "type": "Polygon", "coordinates": [ [ [ -46.675419, -23.53236 ], [ -46.672905, -23.534072 ], [ -46.673857, -23.535284 ], [ -46.674156, -23.535086 ], [ -46.67446, -23.534081 ], [ -46.675473, -23.532427 ], [ -46.675419, -23.53236 ] ] ] } },
{ "type": "Feature", "properties": { "loja_id": "AG10", "CD_SETOR": "355030860000333", "fracao": 1.0, "pop": 239, "domicilios": 81, "renda_resp": 21144.16, "classe_pof": "47564" }, "geometry": { "type": "Polygon", "coordinates": [ [ [ -46.672248, -23.534509 ], [ -46.673212, -23.535709 ], [ -46.673857, -23.535284 ], [ -46.672905, -23.534072 ], [ -46.672248, -23.534509 ] ] ] } },
{ "type": "Feature", "properties": { "loja_id": "AG10", "CD_SETOR": "355030860000334", "fracao": 1.0, "pop": 219, "domicilios": 112, "renda_resp": 14787.66, "classe_pof": "47563" }, "geometry": { "type": "Polygon", "coordinates": [ [ [ -46.671586, -23.534952 ], [ -46.672196199999973, -23.53571959999994 ], [ -46.672870599999953, -23.535284 ], [ -46.672248, -23.534509 ], [ -46.671586, -23.534952 ] ] ] } },
{ "type": "Feature", "properties": { "loja_id": "AG10", "CD_SETOR": "355030860000335", "fracao": 0.99999999999999978, "pop": 145, "domicilios": 96, "renda_resp": 11044.54, "classe_pof": "47562" }, "geometry": { "type": "Polygon", "coordinates": [ [ [ -46.672196199999973, -23.53571959999994 ], [ -46.672544, -23.536157 ], [ -46.673212, -23.535709 ], [ -46.672870599999953, -23.535284 ], [ -46.672196199999973, -23.53571959999994 ] ] ] } },
{ "type": "Feature", "properties": { "loja_id": "AG10", "CD_SETOR": "355030860000336", "fracao": 0.83456209692862471, "pop": 396, "domicilios": 169, "renda_resp": 12003.22, "classe_pof": "47562" }, "geometry": { "type": "Polygon", "coordinates": [ [ [ -46.670942681021401, -23.535997283783395 ], [ -46.671682199999964, -23.536050899999964 ], [ -46.671786899999972, -23.535496 ], [ -46.672015599999952, -23.535491699999962 ], [ -46.671586, -23.534952 ], [ -46.670662282866871, -23.535567813618094 ], [ -46.670942681021401, -23.535997283783395 ] ] ] } },
{ "type": "Feature", "properties": { "loja_id": "AG10", "CD_SETOR": "355030860000337", "fracao": 0.082215777299130738, "pop": 166, "domicilios": 55, "renda_resp": 19079.25, "classe_pof": "47563" }, "geometry": { "type": "Polygon", "coordinates": [ [ [ -46.671238, -23.537021 ], [ -46.670802719770016, -23.5364624849622 ], [ -46.670709, -23.536709 ], [ -46.670987349270568, -23.537190977511639 ], [ -46.671238, -23.537021 ] ] ] } },
{ "type": "Feature", "properties": { "loja_id": "AG10", "CD_SETOR": "355030860000338", "fracao": 1.0, "pop": 223, "domicilios": 92, "renda_resp": 13096.89, "classe_pof": "47563" }, "geometry": { "type": "Polygon", "coordinates": [ [ [ -46.672162699999944, -23.536038799999972 ], [ -46.67234869999993, -23.536285599999935 ], [ -46.672544, -23.536157 ], [ -46.672015599999952, -23.535491699999962 ], [ -46.671786899999972, -23.535496 ], [ -46.671743899999967, -23.535723699999942 ], [ -46.672162699999944, -23.536038799999972 ] ] ] } },
{ "type": "Feature", "properties": { "loja_id": "AG10", "CD_SETOR": "355030860000339", "fracao": 0.99999999999999978, "pop": 223, "domicilios": 93, "renda_resp": 12854.74, "classe_pof": "47563" }, "geometry": { "type": "Polygon", "coordinates": [ [ [ -46.671682199999964, -23.536050899999964 ], [ -46.672114799999974, -23.536439599999937 ], [ -46.67234869999993, -23.536285599999935 ], [ -46.672162699999944, -23.536038799999972 ], [ -46.671743899999967, -23.535723699999942 ], [ -46.671682199999964, -23.536050899999964 ] ] ] } },
{ "type": "Feature", "properties": { "loja_id": "AG10", "CD_SETOR": "355030860000340", "fracao": 0.99999999999999978, "pop": 233, "domicilios": 94, "renda_resp": 13833.33, "classe_pof": "47563" }, "geometry": { "type": "Polygon", "coordinates": [ [ [ -46.672114799999974, -23.536439599999937 ], [ -46.671682199999964, -23.536050899999964 ], [ -46.671545299999934, -23.536816699999971 ], [ -46.672114799999974, -23.536439599999937 ] ] ] } },
{ "type": "Feature", "properties": { "loja_id": "AG10", "CD_SETOR": "355030860000341", "fracao": 0.37182150987925922, "pop": 191, "domicilios": 105, "renda_resp": 9065.29, "classe_pof": "47562" }, "geometry": { "type": "Polygon", "coordinates": [ [ [ -46.672204, -23.53824 ], [ -46.671238, -23.537021 ], [ -46.670987349270568, -23.537190977511639 ], [ -46.671454, -23.537999 ], [ -46.671166226058915, -23.538924318626229 ], [ -46.672204, -23.53824 ] ] ] } },
{ "type": "Feature", "properties": { "loja_id": "AG10", "CD_SETOR": "355030860000370", "fracao": 0.096217353033415054, "pop": 240, "domicilios": 114, "renda_resp": 9199.67, "classe_pof": "47562" }, "geometry": { "type": "Polygon", "coordinates": [ [ [ -46.684300943194827, -23.531306092690041 ], [ -46.684716, -23.531887 ], [ -46.684987854782371, -23.532267783997824 ], [ -46.685222, -23.531777 ], [ -46.684663, -23.531336 ], [ -46.684300943194827, -23.531306092690041 ] ] ] } },
{ "type": "Feature", "properties": { "loja_id": "AG10", "CD_SETOR": "355030860000371", "fracao": 0.48321943468083783, "pop": 203, "domicilios": 77, "renda_resp": 10335.43, "classe_pof": "47562" }, "geometry": { "type": "Polygon", "coordinates": [ [ [ -46.681033, -23.530541 ], [ -46.681528, -23.531233 ], [ -46.68193871883031, -23.530989244822543 ], [ -46.68234, -23.529999 ], [ -46.682150942782236, -23.529862248826607 ], [ -46.681033, -23.530541 ] ] ] } },
{ "type": "Feature", "properties": { "loja_id": "AG10", "CD_SETOR": "355030860000372", "fracao": 0.0014583289087837382, "pop": 306, "domicilios": 128, "renda_resp": 14727.65, "classe_pof": "47563" }, "geometry": { "type": "Polygon", "coordinates": [ [ [ -46.68287, -23.531216 ], [ -46.682910973697282, -23.531191267766577 ], [ -46.682848739424514, -23.531186126316875 ], [ -46.68287, -23.531216 ] ] ] } },
{ "type": "Feature", "properties": { "loja_id": "AG10", "CD_SETOR": "355030860000373", "fracao": 1.0, "pop": 316, "domicilios": 140, "renda_resp": 9798.84, "classe_pof": "47562" }, "geometry": { "type": "Polygon", "coordinates": [ [ [ -46.679839, -23.531321 ], [ -46.680735, -23.532584 ], [ -46.681924, -23.531788 ], [ -46.681033, -23.530541 ], [ -46.679839, -23.531321 ] ], [ [ -46.680570299999943, -23.531710599999936 ], [ -46.681029399999943, -23.531416 ], [ -46.681163799999979, -23.531603299999968 ], [ -46.680671, -23.531918799999964 ], [ -46.680570299999943, -23.531710599999936 ] ] ] } },
{ "type": "Feature", "properties": { "loja_id": "AG10", "CD_SETOR": "355030860000374", "fracao": 1.0, "pop": 144, "domicilios": 63, "renda_resp": 9086.39, "classe_pof": "47562" }, "geometry": { "type": "Polygon", "coordinates": [ [ [ -46.680671, -23.531918799999964 ], [ -46.681163799999979, -23.531603299999968 ], [ -46.681029399999943, -23.531416 ], [ -46.68053869999995, -23.531732799999919 ], [ -46.680671, -23.531918799999964 ] ] ] } },
{ "type": "Feature", "properties": { "loja_id": "AG10", "CD_SETOR": "355030860000375", "fracao": 0.65492524737861746, "pop": 191, "domicilios": 85, "renda_resp": 10421.95, "classe_pof": "47562" }, "geometry": { "type": "Polygon", "coordinates": [ [ [ -46.681528, -23.531233 ], [ -46.681924, -23.531788 ], [ -46.68287, -23.531216 ], [ -46.681891, -23.531107 ], [ -46.68193871883031, -23.530989244822543 ], [ -46.681528, -23.531233 ] ] ] } },
{ "type": "Feature", "properties": { "loja_id": "AG10", "CD_SETOR": "355030860000376", "fracao": 0.91098286081280255, "pop": 179, "domicilios": 72, "renda_resp": 7019.99, "classe_pof": "47561" }, "geometry": { "type": "Polygon", "coordinates": [ [ [ -46.681033, -23.530541 ], [ -46.681981, -23.529965 ], [ -46.681651631620582, -23.529501078422218 ], [ -46.680999, -23.529029 ], [ -46.680886841618268, -23.52883196288079 ], [ -46.680135, -23.529294 ], [ -46.681033, -23.530541 ] ] ] } },
{ "type": "Feature", "properties": { "loja_id": "AG10", "CD_SETOR": "355030860000377", "fracao": 1.0, "pop": 244, "domicilios": 122, "renda_resp": 8855.42, "classe_pof": "47562" }, "geometry": { "type": "Polygon", "coordinates": [ [ [ -46.678064, -23.530226 ], [ -46.678208, -23.530917 ], [ -46.678913, -23.531936 ], [ -46.681033, -23.530541 ], [ -46.680135, -23.529294 ], [ -46.679034, -23.530017 ], [ -46.678064, -23.530226 ] ], [ [ -46.679173399999968, -23.530420499999931 ], [ -46.679542899999944, -23.530923399999949 ], [ -46.67912229999996, -23.531193699999953 ], [ -46.678756399999941, -23.530673799999931 ], [ -46.679173399999968, -23.530420499999931 ] ] ] } },
{ "type": "Feature", "properties": { "loja_id": "AG10", "CD_SETOR": "355030860000378", "fracao": 1.0, "pop": 251, "domicilios": 112, "renda_resp": 8841.67, "classe_pof": "47562" }, "geometry": { "type": "Polygon", "coordinates": [ [ [ -46.675778399999956, -23.530627199999969 ], [ -46.676124899999941, -23.530916199999982 ], [ -46.676174099999969, -23.530868199999926 ], [ -46.676357799999948, -23.531016299999973 ], [ -46.675973399999975, -23.531230499999928 ], [ -46.675879, -23.531122 ], [ -46.675999399999966, -23.531037799999975 ], [ -46.675580899999943, -23.53069719999996 ], [ -46.67464, -23.531237 ], [ -46.67491519999993, -23.531633699999933 ], [ -46.67525779999994, -23.531432899999967 ], [ -46.67553479999998, -23.531810499999953 ], [ -46.675178499999959, -23.532013 ], [ -46.675473, -23.532427 ], [ -46.676842, -23.531559 ], [ -46.677355, -23.53025 ], [ -46.677309, -23.52997 ], [ -46.677101, -23.529993 ], [ -46.677011099999959, -23.529831199999933 ], [ -46.675778399999956, -23.530627199999969 ] ] ] } },
{ "type": "Feature", "properties": { "loja_id": "AG10", "CD_SETOR": "355030860000379", "fracao": 1.0, "pop": 180, "domicilios": 104, "renda_resp": 8250.02, "classe_pof": "47561" }, "geometry": { "type": "Polygon", "coordinates": [ [ [ -46.675605299999972, -23.530726299999969 ], [ -46.675999399999966, -23.531037799999975 ], [ -46.675879, -23.531122 ], [ -46.675973399999975, -23.531230499999928 ], [ -46.676357799999948, -23.531016299999973 ], [ -46.676174099999969, -23.530868199999926 ], [ -46.676124899999941, -23.530916199999982 ], [ -46.675750499999936, -23.530600099999948 ], [ -46.675605299999972, -23.530726299999969 ] ] ] } },
{ "type": "Feature", "properties": { "loja_id": "AG10", "CD_SETOR": "355030860000380", "fracao": 1.0, "pop": 134, "domicilios": 103, "renda_resp": 8401.79, "classe_pof": "47562" }, "geometry": { "type": "Polygon", "coordinates": [ [ [ -46.675178499999959, -23.532013 ], [ -46.67553479999998, -23.531810499999953 ], [ -46.67525779999994, -23.531432899999967 ], [ -46.67491519999993, -23.531633699999933 ], [ -46.675178499999959, -23.532013 ] ] ] } },
{ "type": "Feature", "properties": { "loja_id": "AG10", "CD_SETOR": "355030860000381", "fracao": 0.99999999999999967, "pop": 496, "domicilios": 213, "renda_resp": 7900.45, "classe_pof": "47561" }, "geometry": { "type": "Polygon", "coordinates": [ [ [ -46.67464, -23.531237 ], [ -46.67288, -23.532284 ], [ -46.673739199999943, -23.533328 ], [ -46.674113299999931, -23.532948799999922 ], [ -46.6740511, -23.532859499999972 ], [ -46.674492, -23.53197769999997 ], [ -46.674744099999941, -23.532299899999938 ], [ -46.674918199999979, -23.532189099999972 ], [ -46.675159599999972, -23.532544599999937 ], [ -46.675419, -23.53236 ], [ -46.67464, -23.531237 ] ] ] } },
{ "type": "Feature", "properties": { "loja_id": "AG10", "CD_SETOR": "355030860000382", "fracao": 1.0, "pop": 234, "domicilios": 112, "renda_resp": 11701.32, "classe_pof": "47562" }, "geometry": { "type": "Polygon", "coordinates": [ [ [ -46.673838, -23.533452 ], [ -46.675159599999972, -23.532544599999937 ], [ -46.674918199999979, -23.532189099999972 ], [ -46.674744099999941, -23.532299899999938 ], [ -46.674492, -23.53197769999997 ], [ -46.6740511, -23.532859499999972 ], [ -46.674113299999931, -23.532948799999922 ], [ -46.673739199999943, -23.533328 ], [ -46.673838, -23.533452 ] ] ] } },
{ "type": "Feature", "properties": { "loja_id": "AG10", "CD_SETOR": "355030860000383", "fracao": 1.0, "pop": 363, "domicilios": 152, "renda_resp": 13034.72, "classe_pof": "47563" }, "geometry": { "type": "Polygon", "coordinates": [ [ [ -46.670642, -23.533734 ], [ -46.671407599999952, -23.534726299999932 ], [ -46.671648699999935, -23.534568899999954 ], [ -46.671519799999942, -23.534391399999954 ], [ -46.671776399999942, -23.534226299999947 ], [ -46.671488199999942, -23.53385889999992 ], [ -46.672188, -23.533392 ], [ -46.671993499999985, -23.533148899999961 ], [ -46.672098299999959, -23.533075499999939 ], [ -46.671946, -23.532868 ], [ -46.670642, -23.533734 ] ] ] } },
{ "type": "Feature", "properties": { "loja_id": "AG10", "CD_SETOR": "355030860000384", "fracao": 1.0, "pop": 328, "domicilios": 147, "renda_resp": 8806.85, "classe_pof": "47562" }, "geometry": { "type": "Polygon", "coordinates": [ [ [ -46.671586, -23.534952 ], [ -46.672905, -23.534072 ], [ -46.672098299999959, -23.533075499999939 ], [ -46.671993499999985, -23.533148899999961 ], [ -46.672188, -23.533392 ], [ -46.671488199999942, -23.53385889999992 ], [ -46.671776399999942, -23.534226299999947 ], [ -46.671519799999942, -23.534391399999954 ], [ -46.671648699999935, -23.534568899999954 ], [ -46.671407599999952, -23.534726299999932 ], [ -46.671586, -23.534952 ] ] ] } },
{ "type": "Feature", "properties": { "loja_id": "AG10", "CD_SETOR": "355030860000441", "fracao": 0.0061583266139476345, "pop": 351, "domicilios": 152, "renda_resp": 7609.97, "classe_pof": "47561" }, "geometry": { "type": "Polygon", "coordinates": [ [ [ -46.680308199999956, -23.527932199999952 ], [ -46.680551271776679, -23.528242437656068 ], [ -46.680330640078182, -23.527854830936771 ], [ -46.680308199999956, -23.527932199999952 ] ] ] } },
{ "type": "Feature", "properties": { "loja_id": "AG10", "CD_SETOR": "355030860000442", "fracao": 0.99999999999999967, "pop": 198, "domicilios": 95, "renda_resp": 7857.22, "classe_pof": "47561" }, "geometry": { "type": "Polygon", "coordinates": [ [ [ -46.677748, -23.529398 ], [ -46.678064, -23.530226 ], [ -46.679034, -23.530017 ], [ -46.680135, -23.529294 ], [ -46.679535, -23.528444 ], [ -46.678291, -23.529171 ], [ -46.677748, -23.529398 ] ] ] } },
{ "type": "Feature", "properties": { "loja_id": "AG10", "CD_SETOR": "355030860000451", "fracao": 0.99999999999999967, "pop": 347, "domicilios": 116, "renda_resp": 20637.51, "classe_pof": "47563" }, "geometry": { "type": "Polygon", "coordinates": [ [ [ -46.68318869999996, -23.534679 ], [ -46.684044799999981, -23.535909 ], [ -46.684609, -23.535548 ], [ -46.683719699999983, -23.534307499999954 ], [ -46.68318869999996, -23.534679 ] ] ] } },
{ "type": "Feature", "properties": { "loja_id": "AG10", "CD_SETOR": "355030860000452", "fracao": 0.99999999999999989, "pop": 520, "domicilios": 216, "renda_resp": 18186.98, "classe_pof": "47563" }, "geometry": { "type": "Polygon", "coordinates": [ [ [ -46.683439899999939, -23.536306899999939 ], [ -46.684044799999981, -23.535909 ], [ -46.68318869999996, -23.534679 ], [ -46.682575899999961, -23.535085199999969 ], [ -46.683439899999939, -23.536306899999939 ] ] ] } },
{ "type": "Feature", "properties": { "loja_id": "AG10", "CD_SETOR": "355030860000453", "fracao": 1.0, "pop": 388, "domicilios": 190, "renda_resp": 16502.38, "classe_pof": "47563" }, "geometry": { "type": "Polygon", "coordinates": [ [ [ -46.678404599999965, -23.534160399999962 ], [ -46.678872599999977, -23.534863499999972 ], [ -46.678470299999958, -23.535122199999932 ], [ -46.678855, -23.53566 ], [ -46.679781, -23.535047 ], [ -46.678888, -23.533799 ], [ -46.678404599999965, -23.534160399999962 ] ] ] } },
{ "type": "Feature", "properties": { "loja_id": "AG10", "CD_SETOR": "355030860000454", "fracao": 1.0, "pop": 310, "domicilios": 122, "renda_resp": 18452.92, "classe_pof": "47563" }, "geometry": { "type": "Polygon", "coordinates": [ [ [ -46.67796, -23.534409 ], [ -46.678470299999958, -23.535122199999932 ], [ -46.678872599999977, -23.534863499999972 ], [ -46.678383199999985, -23.53413079999995 ], [ -46.67796, -23.534409 ] ] ] } },
{ "type": "Feature", "properties": { "loja_id": "AG10", "CD_SETOR": "355030860000455", "fracao": 0.84197879246284524, "pop": 407, "domicilios": 180, "renda_resp": 12340.77, "classe_pof": "47562" }, "geometry": { "type": "Polygon", "coordinates": [ [ [ -46.683052099999948, -23.533372899999964 ], [ -46.683477499999981, -23.533116199999927 ], [ -46.68351389999998, -23.533169799999943 ], [ -46.683606699999984, -23.533117099999973 ], [ -46.683849599999974, -23.533468199999959 ], [ -46.683337799999947, -23.533774099999953 ], [ -46.684609, -23.535548 ], [ -46.684797549487115, -23.535429880731719 ], [ -46.684917, -23.534917 ], [ -46.684764742448628, -23.533866541077238 ], [ -46.683764, -23.532467 ], [ -46.68282, -23.533047 ], [ -46.683052099999948, -23.533372899999964 ] ] ] } },
{ "type": "Feature", "properties": { "loja_id": "AG10", "CD_SETOR": "355030860000456", "fracao": 0.99999999999999956, "pop": 223, "domicilios": 98, "renda_resp": 13479.9, "classe_pof": "47563" }, "geometry": { "type": "Polygon", "coordinates": [ [ [ -46.683337799999947, -23.533774099999953 ], [ -46.683849599999974, -23.533468199999959 ], [ -46.683606699999984, -23.533117099999973 ], [ -46.68351389999998, -23.533169799999943 ], [ -46.683477499999981, -23.533116199999927 ], [ -46.683052099999948, -23.533372899999964 ], [ -46.683337799999947, -23.533774099999953 ] ] ] } },
{ "type": "Feature", "properties": { "loja_id": "AG10", "CD_SETOR": "355030860000459", "fracao": 0.40622168483494303, "pop": 267, "domicilios": 126, "renda_resp": 13339.62, "classe_pof": "47563" }, "geometry": { "type": "MultiPolygon", "coordinates": [ [ [ [ -46.68287, -23.531216 ], [ -46.683052, -23.531470899999931 ], [ -46.683406199999979, -23.53125579999994 ], [ -46.683450299999947, -23.531314099999982 ], [ -46.683564002184212, -23.53124521581616 ], [ -46.68287, -23.531216 ] ] ], [ [ [ -46.683977599999935, -23.531749099999946 ], [ -46.684425399999952, -23.531480899999959 ], [ -46.684300943194827, -23.531306092690041 ], [ -46.683630531586104, -23.53125071179198 ], [ -46.683977599999935, -23.531749099999946 ] ] ] ] } },
{ "type": "Feature", "properties": { "loja_id": "AG10", "CD_SETOR": "355030860000460", "fracao": 1.0, "pop": 267, "domicilios": 103, "renda_resp": 20228.65, "classe_pof": "47563" }, "geometry": { "type": "Polygon", "coordinates": [ [ [ -46.684030699999937, -23.53182529999998 ], [ -46.683520299999941, -23.532126 ], [ -46.683764, -23.532467 ], [ -46.684716, -23.531887 ], [ -46.684425399999952, -23.531480899999959 ], [ -46.683977599999935, -23.531749099999946 ], [ -46.684030699999937, -23.53182529999998 ] ] ] } },
{ "type": "Feature", "properties": { "loja_id": "AG10", "CD_SETOR": "355030860000465", "fracao": 1.0, "pop": 347, "domicilios": 152, "renda_resp": 17916.19, "classe_pof": "47563" }, "geometry": { "type": "Polygon", "coordinates": [ [ [ -46.678231299999936, -23.538599099999939 ], [ -46.678732599999933, -23.538290499999963 ], [ -46.67911289999995, -23.538807199999951 ], [ -46.678611299999943, -23.539124699999949 ], [ -46.678803, -23.53939 ], [ -46.679723, -23.53878 ], [ -46.678823, -23.537527 ], [ -46.677903, -23.538145 ], [ -46.678231299999936, -23.538599099999939 ] ] ] } },
{ "type": "Feature", "properties": { "loja_id": "AG10", "CD_SETOR": "355030860000466", "fracao": 1.0, "pop": 337, "domicilios": 151, "renda_resp": 11547.64, "classe_pof": "47562" }, "geometry": { "type": "Polygon", "coordinates": [ [ [ -46.678611299999943, -23.539124699999949 ], [ -46.67911289999995, -23.538807199999951 ], [ -46.678732599999933, -23.538290499999963 ], [ -46.678231299999936, -23.538599099999939 ], [ -46.678611299999943, -23.539124699999949 ] ] ] } },
{ "type": "Feature", "properties": { "loja_id": "AG10", "CD_SETOR": "355030860000467", "fracao": 1.0, "pop": 344, "domicilios": 132, "renda_resp": 17054.71, "classe_pof": "47563" }, "geometry": { "type": "Polygon", "coordinates": [ [ [ -46.678305199999954, -23.532990499999979 ], [ -46.678751699999964, -23.532696099999953 ], [ -46.678582499999948, -23.532459499999952 ], [ -46.678658899999959, -23.532406699999971 ], [ -46.678709899999944, -23.532477699999966 ], [ -46.678795399999956, -23.53241949999995 ], [ -46.678877299999954, -23.53253409999996 ], [ -46.679112, -23.532379399999968 ], [ -46.679308499999934, -23.532641499999947 ], [ -46.678455799999938, -23.533199299999978 ], [ -46.678888, -23.533799 ], [ -46.679811, -23.533193 ], [ -46.678913, -23.531936 ], [ -46.677987, -23.532549 ], [ -46.678305199999954, -23.532990499999979 ] ] ] } },
{ "type": "Feature", "properties": { "loja_id": "AG10", "CD_SETOR": "355030860000468", "fracao": 1.0, "pop": 232, "domicilios": 76, "renda_resp": 32816.01, "classe_pof": "47564" }, "geometry": { "type": "Polygon", "coordinates": [ [ [ -46.678455799999938, -23.533199299999978 ], [ -46.679308499999934, -23.532641499999947 ], [ -46.679112, -23.532379399999968 ], [ -46.678877299999954, -23.53253409999996 ], [ -46.678795399999956, -23.53241949999995 ], [ -46.678582499999948, -23.532459499999952 ], [ -46.678751699999964, -23.532696099999953 ], [ -46.678305199999954, -23.532990499999979 ], [ -46.678455799999938, -23.533199299999978 ] ] ] } },
{ "type": "Feature", "properties": { "loja_id": "AG03", "CD_SETOR": "355030862000003", "fracao": 0.99999999999999944, "pop": 263, "domicilios": 139, "renda_resp": 9137.06, "classe_pof": "47562" }, "geometry": { "type": "Polygon", "coordinates": [ [ [ -46.686524, -23.562993 ], [ -46.687477, -23.563567 ], [ -46.687627099999986, -23.563352199999944 ], [ -46.687425099999984, -23.563235599999931 ], [ -46.687548899999967, -23.563035399999929 ], [ -46.687329, -23.562889499999983 ], [ -46.688113299999941, -23.561771899999929 ], [ -46.688421499999954, -23.561963599999952 ], [ -46.688548499999968, -23.561784699999979 ], [ -46.688045, -23.561484 ], [ -46.687336799999969, -23.562470799999968 ], [ -46.687028, -23.562276699999931 ], [ -46.686524, -23.562993 ] ] ] } },
{ "type": "Feature", "properties": { "loja_id": "AG03", "CD_SETOR": "355030862000004", "fracao": 1.0, "pop": 431, "domicilios": 244, "renda_resp": 8608.13, "classe_pof": "47562" }, "geometry": { "type": "Polygon", "coordinates": [ [ [ -46.687059899999952, -23.562296699999937 ], [ -46.687336799999969, -23.562470799999968 ], [ -46.688045, -23.561484 ], [ -46.687728, -23.561295 ], [ -46.687059899999952, -23.562296699999937 ] ] ] } },
{ "type": "Feature", "properties": { "loja_id": "AG03", "CD_SETOR": "355030862000005", "fracao": 1.0, "pop": 285, "domicilios": 133, "renda_resp": 9865.68, "classe_pof": "47562" }, "geometry": { "type": "Polygon", "coordinates": [ [ [ -46.688677, -23.561859 ], [ -46.687163, -23.56402 ], [ -46.688134, -23.564599 ], [ -46.689648, -23.562443 ], [ -46.688677, -23.561859 ] ] ] } },
{ "type": "Feature", "properties": { "loja_id": "AG03", "CD_SETOR": "355030862000006", "fracao": 1.0, "pop": 399, "domicilios": 203, "renda_resp": 9988.47, "classe_pof": "47562" }, "geometry": { "type": "Polygon", "coordinates": [ [ [ -46.689409, -23.564721 ], [ -46.690611, -23.563019 ], [ -46.689844899999969, -23.56256 ], [ -46.689668899999965, -23.56283569999994 ], [ -46.689978499999938, -23.563017299999952 ], [ -46.689144099999972, -23.564201399999945 ], [ -46.6887397, -23.563952899999943 ], [ -46.688544699999966, -23.564205 ], [ -46.689409, -23.564721 ] ] ] } },
{ "type": "Feature", "properties": { "loja_id": "AG03", "CD_SETOR": "355030862000007", "fracao": 1.0, "pop": 397, "domicilios": 148, "renda_resp": 12961.1, "classe_pof": "47563" }, "geometry": { "type": "Polygon", "coordinates": [ [ [ -46.692222, -23.558958 ], [ -46.689648, -23.562443 ], [ -46.690611, -23.563019 ], [ -46.692867799999931, -23.559809399999942 ], [ -46.692407799999955, -23.558988699999933 ], [ -46.692222, -23.558958 ] ] ] } },
{ "type": "Feature", "properties": { "loja_id": "AG03", "CD_SETOR": "355030862000008", "fracao": 0.46294622305817301, "pop": 299, "domicilios": 142, "renda_resp": 7964.93, "classe_pof": "47561" }, "geometry": { "type": "Polygon", "coordinates": [ [ [ -46.689399131229315, -23.55997350032073 ], [ -46.69085, -23.560835 ], [ -46.691941, -23.559344 ], [ -46.691767007548556, -23.559064354934975 ], [ -46.690753, -23.559253 ], [ -46.689399131229315, -23.55997350032073 ] ] ] } },
{ "type": "Feature", "properties": { "loja_id": "AG03", "CD_SETOR": "355030862000010", "fracao": 0.050680730656975675, "pop": 511, "domicilios": 219, "renda_resp": 17105.53, "classe_pof": "47563" }, "geometry": { "type": "Polygon", "coordinates": [ [ [ -46.687060059598551, -23.560894220683547 ], [ -46.687728, -23.561295 ], [ -46.688440617612187, -23.560281743845277 ], [ -46.687699, -23.560254 ], [ -46.687060059598551, -23.560894220683547 ] ] ] } },
{ "type": "Feature", "properties": { "loja_id": "AG03", "CD_SETOR": "355030862000012", "fracao": 0.33612619105166275, "pop": 442, "domicilios": 224, "renda_resp": 14430.61, "classe_pof": "47563" }, "geometry": { "type": "Polygon", "coordinates": [ [ [ -46.684625, -23.561859 ], [ -46.685576, -23.562425 ], [ -46.68566519999996, -23.562299899999982 ], [ -46.685569, -23.562245699999949 ], [ -46.68572869999997, -23.562005699999929 ], [ -46.685373499999976, -23.561794499999966 ], [ -46.685660286960584, -23.561437258831539 ], [ -46.684824846951678, -23.561583040511501 ], [ -46.684625, -23.561859 ] ] ] } },
{ "type": "Feature", "properties": { "loja_id": "AG03", "CD_SETOR": "355030862000014", "fracao": 1.0, "pop": 430, "domicilios": 192, "renda_resp": 11247.42, "classe_pof": "47562" }, "geometry": { "type": "Polygon", "coordinates": [ [ [ -46.68649, -23.562012499999977 ], [ -46.686583, -23.56207419999992 ], [ -46.686424399999964, -23.562291199999951 ], [ -46.686507099999972, -23.562339 ], [ -46.686374699999931, -23.562530899999953 ], [ -46.686563299999932, -23.56265959999995 ], [ -46.686366299999975, -23.562897699999951 ], [ -46.686524, -23.562993 ], [ -46.687728, -23.561295 ], [ -46.687523399999975, -23.561171499999944 ], [ -46.687217, -23.561600499999933 ], [ -46.686945599999945, -23.561410299999974 ], [ -46.68649, -23.562012499999977 ] ] ] } },
{ "type": "Feature", "properties": { "loja_id": "AG03", "CD_SETOR": "355030862000015", "fracao": 1.0, "pop": 399, "domicilios": 213, "renda_resp": 11807.17, "classe_pof": "47562" }, "geometry": { "type": "Polygon", "coordinates": [ [ [ -46.685445199999947, -23.56268209999995 ], [ -46.685590799999943, -23.562762799999959 ], [ -46.685460399999954, -23.562955 ], [ -46.685774199999969, -23.563160799999931 ], [ -46.685022099999969, -23.564229599999976 ], [ -46.684843199999932, -23.564128199999974 ], [ -46.684648099999947, -23.564401699999966 ], [ -46.685287, -23.564784 ], [ -46.686524, -23.562993 ], [ -46.685576, -23.562425 ], [ -46.685445199999947, -23.56268209999995 ] ] ] } },
{ "type": "Feature", "properties": { "loja_id": "AG03", "CD_SETOR": "355030862000017", "fracao": 0.99999999999999989, "pop": 300, "domicilios": 140, "renda_resp": 10947.4, "classe_pof": "47562" }, "geometry": { "type": "Polygon", "coordinates": [ [ [ -46.687195, -23.565928 ], [ -46.689073, -23.56706 ], [ -46.689977, -23.565701 ], [ -46.68909, -23.565171 ], [ -46.688776, -23.56561 ], [ -46.687823, -23.565041 ], [ -46.687195, -23.565928 ] ] ] } },
{ "type": "Feature", "properties": { "loja_id": "AG03", "CD_SETOR": "355030862000018", "fracao": 0.99999999999999967, "pop": 334, "domicilios": 146, "renda_resp": 10430.44, "classe_pof": "47562" }, "geometry": { "type": "Polygon", "coordinates": [ [ [ -46.689409, -23.564721 ], [ -46.690289, -23.565248 ], [ -46.691533, -23.563568 ], [ -46.690611, -23.563019 ], [ -46.689409, -23.564721 ] ] ] } },
{ "type": "Feature", "properties": { "loja_id": "AG03", "CD_SETOR": "355030862000019", "fracao": 0.99999999999999956, "pop": 244, "domicilios": 139, "renda_resp": 8980.53, "classe_pof": "47562" }, "geometry": { "type": "Polygon", "coordinates": [ [ [ -46.690611, -23.563019 ], [ -46.692516, -23.564177 ], [ -46.692688, -23.563926 ], [ -46.692249, -23.562979 ], [ -46.69216, -23.562886 ], [ -46.691997, -23.5629 ], [ -46.692125, -23.562715 ], [ -46.69188, -23.562179 ], [ -46.692731, -23.561814 ], [ -46.693261, -23.561281 ], [ -46.693245, -23.560768 ], [ -46.692867799999931, -23.559809399999942 ], [ -46.690611, -23.563019 ] ] ] } },
{ "type": "Feature", "properties": { "loja_id": "AG03", "CD_SETOR": "355030862000020", "fracao": 0.99999999999999978, "pop": 266, "domicilios": 129, "renda_resp": 9858.94, "classe_pof": "47562" }, "geometry": { "type": "Polygon", "coordinates": [ [ [ -46.692516, -23.564177 ], [ -46.693023, -23.564916 ], [ -46.694046, -23.566367 ], [ -46.694325, -23.565935 ], [ -46.69445, -23.565224 ], [ -46.694189, -23.563316 ], [ -46.694281, -23.56275 ], [ -46.692731, -23.561814 ], [ -46.69188, -23.562179 ], [ -46.692125, -23.562715 ], [ -46.691997, -23.5629 ], [ -46.69216, -23.562886 ], [ -46.692249, -23.562979 ], [ -46.692688, -23.563926 ], [ -46.692516, -23.564177 ] ] ] } },
{ "type": "Feature", "properties": { "loja_id": "AG03", "CD_SETOR": "355030862000034", "fracao": 0.14776900514520547, "pop": 528, "domicilios": 198, "renda_resp": 21653.58, "classe_pof": "47564" }, "geometry": { "type": "MultiPolygon", "coordinates": [ [ [ [ -46.68411969999994, -23.564085599999942 ], [ -46.684134948805443, -23.564060185325452 ], [ -46.68411315314772, -23.564081650997664 ], [ -46.68411969999994, -23.564085599999942 ] ] ], [ [ [ -46.684772299999963, -23.562810799999969 ], [ -46.684906599999977, -23.562618299999926 ], [ -46.684829, -23.562573599999951 ], [ -46.684977, -23.562371799999941 ], [ -46.684511467042135, -23.562100087368279 ], [ -46.684474, -23.562199 ], [ -46.684656793827109, -23.562755583613203 ], [ -46.684772299999963, -23.562810799999969 ] ] ] ] } },
{ "type": "Feature", "properties": { "loja_id": "AG03", "CD_SETOR": "355030862000035", "fracao": 1.0, "pop": 503, "domicilios": 257, "renda_resp": 14908.86, "classe_pof": "47563" }, "geometry": { "type": "Polygon", "coordinates": [ [ [ -46.684320699999944, -23.564205799999968 ], [ -46.684648099999947, -23.564401699999966 ], [ -46.684843199999932, -23.564128199999974 ], [ -46.685022099999969, -23.564229599999976 ], [ -46.685774199999969, -23.563160799999931 ], [ -46.685460399999954, -23.562955 ], [ -46.685590799999943, -23.562762799999959 ], [ -46.685410699999984, -23.562657699999921 ], [ -46.684320699999944, -23.564205799999968 ] ] ] } },
{ "type": "Feature", "properties": { "loja_id": "AG03", "CD_SETOR": "355030862000036", "fracao": 0.067989541126779546, "pop": 109, "domicilios": 55, "renda_resp": 10468.47, "classe_pof": "47562" }, "geometry": { "type": "Polygon", "coordinates": [ [ [ -46.684320699999944, -23.564205799999968 ], [ -46.68411315314772, -23.564081650997664 ], [ -46.683994, -23.564199 ], [ -46.683963150467335, -23.56472187426116 ], [ -46.684320699999944, -23.564205799999968 ] ] ] } },
{ "type": "Feature", "properties": { "loja_id": "AG03", "CD_SETOR": "355030862000037", "fracao": 0.99999999999999956, "pop": 325, "domicilios": 161, "renda_resp": 13002.58, "classe_pof": "47563" }, "geometry": { "type": "Polygon", "coordinates": [ [ [ -46.684275, -23.566241 ], [ -46.685315, -23.566683 ], [ -46.686111899999958, -23.565543199999976 ], [ -46.685930599999949, -23.565430199999977 ], [ -46.685813199999984, -23.565601699999942 ], [ -46.685690399999942, -23.565520199999984 ], [ -46.685639399999957, -23.565592699999971 ], [ -46.685215099999937, -23.565337799999948 ], [ -46.6853402, -23.565151899999929 ], [ -46.685122099999944, -23.565020599999961 ], [ -46.684275, -23.566241 ] ] ] } },
{ "type": "Feature", "properties": { "loja_id": "AG03", "CD_SETOR": "355030862000038", "fracao": 0.98800676045197233, "pop": 399, "domicilios": 225, "renda_resp": 13809.36, "classe_pof": "47563" }, "geometry": { "type": "Polygon", "coordinates": [ [ [ -46.683342002985249, -23.56722036841418 ], [ -46.686283, -23.568781 ], [ -46.687017, -23.567397 ], [ -46.683676, -23.565991 ], [ -46.683192683381982, -23.566765120041573 ], [ -46.683342002985249, -23.56722036841418 ] ] ] } },
{ "type": "Feature", "properties": { "loja_id": "AG03", "CD_SETOR": "355030862000039", "fracao": 0.99999999999999989, "pop": 313, "domicilios": 142, "renda_resp": 11604.38, "classe_pof": "47562" }, "geometry": { "type": "Polygon", "coordinates": [ [ [ -46.686361, -23.567123 ], [ -46.688487, -23.567905 ], [ -46.689073, -23.56706 ], [ -46.687195, -23.565928 ], [ -46.686361, -23.567123 ] ] ] } },
{ "type": "Feature", "properties": { "loja_id": "AG03", "CD_SETOR": "355030862000042", "fracao": 1.0, "pop": 251, "domicilios": 126, "renda_resp": 7817.3, "classe_pof": "47561" }, "geometry": { "type": "Polygon", "coordinates": [ [ [ -46.690289, -23.565248 ], [ -46.69338, -23.567099 ], [ -46.693854, -23.56747 ], [ -46.695531, -23.567613 ], [ -46.695504, -23.566671 ], [ -46.694164, -23.56654 ], [ -46.692516, -23.564177 ], [ -46.691533, -23.563568 ], [ -46.690289, -23.565248 ] ] ] } },
{ "type": "Feature", "properties": { "loja_id": "AG03", "CD_SETOR": "355030862000043", "fracao": 1.0, "pop": 180, "domicilios": 92, "renda_resp": 7655.19, "classe_pof": "47561" }, "geometry": { "type": "Polygon", "coordinates": [ [ [ -46.69549, -23.566121 ], [ -46.695531, -23.567613 ], [ -46.698215, -23.56766 ], [ -46.698162, -23.566809 ], [ -46.696446, -23.566721 ], [ -46.696449, -23.566187 ], [ -46.69549, -23.566121 ] ] ] } },
{ "type": "Feature", "properties": { "loja_id": "AG03", "CD_SETOR": "355030862000044", "fracao": 1.0, "pop": 245, "domicilios": 129, "renda_resp": 10929.54, "classe_pof": "47562" }, "geometry": { "type": "Polygon", "coordinates": [ [ [ -46.695407, -23.562757 ], [ -46.695436299999983, -23.564370499999939 ], [ -46.695850299999961, -23.564434299999956 ], [ -46.695849399999986, -23.564711899999963 ], [ -46.695434199999966, -23.564716799999925 ], [ -46.69549, -23.566121 ], [ -46.696449, -23.566187 ], [ -46.696487, -23.562812 ], [ -46.695407, -23.562757 ] ] ] } },
{ "type": "Feature", "properties": { "loja_id": "AG03", "CD_SETOR": "355030862000045", "fracao": 1.0, "pop": 287, "domicilios": 122, "renda_resp": 18311.25, "classe_pof": "47563" }, "geometry": { "type": "Polygon", "coordinates": [ [ [ -46.695633699999973, -23.561304499999949 ], [ -46.69564029999998, -23.561476599999938 ], [ -46.695765399999971, -23.561475199999954 ], [ -46.695778699999948, -23.561673299999935 ], [ -46.695981599999982, -23.561672899999959 ], [ -46.695988199999931, -23.561928099999932 ], [ -46.695840499999974, -23.561932699999947 ], [ -46.695874, -23.562588499999944 ], [ -46.695669899999984, -23.56259329999995 ], [ -46.695667299999968, -23.562770299999951 ], [ -46.696487, -23.562812 ], [ -46.696501, -23.55967 ], [ -46.69534, -23.560945 ], [ -46.695369899999946, -23.561328099999969 ], [ -46.695633699999973, -23.561304499999949 ] ] ] } },
{ "type": "Feature", "properties": { "loja_id": "AG03", "CD_SETOR": "355030862000046", "fracao": 0.77193514046589939, "pop": 306, "domicilios": 137, "renda_resp": 13599.95, "classe_pof": "47563" }, "geometry": { "type": "Polygon", "coordinates": [ [ [ -46.695451, -23.559891 ], [ -46.696806, -23.559368 ], [ -46.696501, -23.55967 ], [ -46.696505, -23.56116 ], [ -46.697924, -23.561168 ], [ -46.697893, -23.559874 ], [ -46.698803970208246, -23.559879541819441 ], [ -46.698796, -23.559199 ], [ -46.698402, -23.558497 ], [ -46.69710331714203, -23.557948703593091 ], [ -46.695451, -23.559891 ] ] ] } },
{ "type": "Feature", "properties": { "loja_id": "AG03", "CD_SETOR": "355030862000064", "fracao": 0.061354662342610417, "pop": 267, "domicilios": 138, "renda_resp": 8697.4, "classe_pof": "47562" }, "geometry": { "type": "Polygon", "coordinates": [ [ [ -46.683676, -23.565991 ], [ -46.683336494757135, -23.565843943268991 ], [ -46.683007, -23.566199 ], [ -46.683192683381982, -23.566765120041573 ], [ -46.683676, -23.565991 ] ] ] } },
{ "type": "Feature", "properties": { "loja_id": "AG03", "CD_SETOR": "355030862000065", "fracao": 0.066974131360025696, "pop": 266, "domicilios": 117, "renda_resp": 14322.15, "classe_pof": "47563" }, "geometry": { "type": "Polygon", "coordinates": [ [ [ -46.683994, -23.568634 ], [ -46.684493, -23.567833 ], [ -46.683342002985249, -23.56722036841418 ], [ -46.683766036126407, -23.568513148550583 ], [ -46.683994, -23.568634 ] ] ] } },
{ "type": "Feature", "properties": { "loja_id": "AG03", "CD_SETOR": "355030862000067", "fracao": 0.99999999999999989, "pop": 253, "domicilios": 113, "renda_resp": 11319.28, "classe_pof": "47562" }, "geometry": { "type": "Polygon", "coordinates": [ [ [ -46.686463799999956, -23.568437599999982 ], [ -46.686283, -23.568781 ], [ -46.688132, -23.569758 ], [ -46.689165, -23.568097 ], [ -46.688487, -23.567905 ], [ -46.688375499999957, -23.568064899999968 ], [ -46.688099299999976, -23.567987299999967 ], [ -46.688041099999964, -23.568122 ], [ -46.687845299999935, -23.568064599999953 ], [ -46.687756799999931, -23.568271599999942 ], [ -46.687347299999942, -23.568128099999967 ], [ -46.687037199999963, -23.568697699999969 ], [ -46.686463799999956, -23.568437599999982 ] ] ] } },
{ "type": "Feature", "properties": { "loja_id": "AG03", "CD_SETOR": "355030862000070", "fracao": 1.0, "pop": 413, "domicilios": 162, "renda_resp": 10242.96, "classe_pof": "47562" }, "geometry": { "type": "Polygon", "coordinates": [ [ [ -46.694945, -23.568635 ], [ -46.695184, -23.571457 ], [ -46.695559, -23.571494 ], [ -46.696411, -23.57124 ], [ -46.696584, -23.570404 ], [ -46.697418, -23.569754 ], [ -46.697307, -23.569581 ], [ -46.696944, -23.568353 ], [ -46.696824, -23.568206 ], [ -46.695531, -23.567613 ], [ -46.695542, -23.568438 ], [ -46.6956072, -23.568586199999967 ], [ -46.694945, -23.568635 ] ] ] } },
{ "type": "Feature", "properties": { "loja_id": "AG03", "CD_SETOR": "355030862000074", "fracao": 1.0, "pop": 142, "domicilios": 66, "renda_resp": 12575.75, "classe_pof": "47563" }, "geometry": { "type": "Polygon", "coordinates": [ [ [ -46.696867099999963, -23.561774299999968 ], [ -46.696877799999982, -23.562897899999939 ], [ -46.697247899999979, -23.56289269999996 ], [ -46.69725109999996, -23.563031299999977 ], [ -46.69713489999998, -23.563033499999957 ], [ -46.697134499999947, -23.563171699999938 ], [ -46.697241899999938, -23.563169 ], [ -46.697242099999983, -23.56331 ], [ -46.697030699999971, -23.563314799999944 ], [ -46.697098499999981, -23.563877599999955 ], [ -46.696467, -23.563879 ], [ -46.696454, -23.565267 ], [ -46.698078, -23.565383 ], [ -46.697924, -23.561168 ], [ -46.696505, -23.56116 ], [ -46.696498, -23.561784 ], [ -46.696867099999963, -23.561774299999968 ] ] ] } },
{ "type": "Feature", "properties": { "loja_id": "AG03", "CD_SETOR": "355030862000076", "fracao": 1.0, "pop": 428, "domicilios": 191, "renda_resp": 17194.03, "classe_pof": "47563" }, "geometry": { "type": "Polygon", "coordinates": [ [ [ -46.697893, -23.559874 ], [ -46.698019, -23.56433 ], [ -46.698335799999938, -23.564313899999949 ], [ -46.698338899999953, -23.564077099999967 ], [ -46.698542499999974, -23.564062199999967 ], [ -46.698454899999945, -23.5612 ], [ -46.698395399999981, -23.561200699999969 ], [ -46.698384399999952, -23.560935799999982 ], [ -46.698498499999978, -23.560932899999948 ], [ -46.698413799999969, -23.559877199999956 ], [ -46.697893, -23.559874 ] ] ] } },
{ "type": "Feature", "properties": { "loja_id": "AG03", "CD_SETOR": "355030862000077", "fracao": 0.25375717008096221, "pop": 532, "domicilios": 203, "renda_resp": 23204.44, "classe_pof": "47564" }, "geometry": { "type": "Polygon", "coordinates": [ [ [ -46.698653, -23.562639 ], [ -46.699113, -23.562631 ], [ -46.699107, -23.562373 ], [ -46.700212399999941, -23.562294799999965 ], [ -46.700221999999357, -23.562112782699742 ], [ -46.698699, -23.561398 ], [ -46.698612554988109, -23.561187795821549 ], [ -46.698653, -23.562639 ] ] ] } },
{ "type": "Feature", "properties": { "loja_id": "AG03", "CD_SETOR": "355030862000097", "fracao": 0.31837158633831675, "pop": 333, "domicilios": 110, "renda_resp": 20355.62, "classe_pof": "47563" }, "geometry": { "type": "MultiPolygon", "coordinates": [ [ [ [ -46.684706, -23.571419 ], [ -46.684699, -23.571574 ], [ -46.685047176336404, -23.571514810794824 ], [ -46.684806, -23.571393 ], [ -46.684706, -23.571419 ] ] ], [ [ [ -46.686412, -23.572532 ], [ -46.687638, -23.570556 ], [ -46.686452, -23.569932 ], [ -46.685555144852778, -23.571428455793981 ], [ -46.685699, -23.571404 ], [ -46.686124, -23.571775 ], [ -46.686412, -23.572532 ] ] ] ] } },
{ "type": "Feature", "properties": { "loja_id": "AG03", "CD_SETOR": "355030862000098", "fracao": 0.047567413402446225, "pop": 364, "domicilios": 155, "renda_resp": 13859.58, "classe_pof": "47563" }, "geometry": { "type": "Polygon", "coordinates": [ [ [ -46.687692424196896, -23.575687016599801 ], [ -46.688178, -23.574884 ], [ -46.687051277263954, -23.574325211558623 ], [ -46.687457, -23.575441 ], [ -46.687692424196896, -23.575687016599801 ] ] ] } },
{ "type": "Feature", "properties": { "loja_id": "AG03", "CD_SETOR": "355030862000102", "fracao": 0.99273296752208007, "pop": 324, "domicilios": 121, "renda_resp": 10915.23, "classe_pof": "47562" }, "geometry": { "type": "Polygon", "coordinates": [ [ [ -46.68911, -23.57375 ], [ -46.689194, -23.573614 ], [ -46.692422148796958, -23.575346127696175 ], [ -46.69288357335838, -23.575293630945964 ], [ -46.693469, -23.574395 ], [ -46.690068, -23.572579 ], [ -46.689689, -23.572439 ], [ -46.688934, -23.573657 ], [ -46.68911, -23.57375 ] ] ] } },
{ "type": "Feature", "properties": { "loja_id": "AG03", "CD_SETOR": "355030862000103", "fracao": 0.70530408202667938, "pop": 396, "domicilios": 152, "renda_resp": 15245.07, "classe_pof": "47563" }, "geometry": { "type": "Polygon", "coordinates": [ [ [ -46.690635, -23.570939 ], [ -46.689689, -23.572439 ], [ -46.690068, -23.572579 ], [ -46.694308836901065, -23.574835177928108 ], [ -46.695699, -23.574388 ], [ -46.696699, -23.574324 ], [ -46.696799049203811, -23.574236144207482 ], [ -46.691901, -23.571684 ], [ -46.690886, -23.571006 ], [ -46.690635, -23.570939 ] ] ] } },
{ "type": "Feature", "properties": { "loja_id": "AG01", "CD_SETOR": "355030862000113", "fracao": 0.14746463025815457, "pop": 130, "domicilios": 52, "renda_resp": 12967.0, "classe_pof": "47563" }, "geometry": { "type": "Polygon", "coordinates": [ [ [ -46.680250119928154, -23.580540435445236 ], [ -46.682132, -23.580493 ], [ -46.6835, -23.580437 ], [ -46.681578677974549, -23.578671347471076 ], [ -46.681326, -23.578799 ], [ -46.681287, -23.579799 ], [ -46.680250119928154, -23.580540435445236 ] ] ] } },
{ "type": "Feature", "properties": { "loja_id": "AG01", "CD_SETOR": "355030862000114", "fracao": 0.30903539937647156, "pop": 233, "domicilios": 85, "renda_resp": 12908.6, "classe_pof": "47563" }, "geometry": { "type": "Polygon", "coordinates": [ [ [ -46.68158, -23.578673 ], [ -46.6835, -23.580437 ], [ -46.684321599999976, -23.581226599999979 ], [ -46.685167, -23.579839 ], [ -46.683515874191436, -23.578760837054833 ], [ -46.682977, -23.578822 ], [ -46.681999, -23.578459 ], [ -46.68158, -23.578673 ] ] ] } },
{ "type": "Feature", "properties": { "loja_id": "AG01", "CD_SETOR": "355030862000116", "fracao": 1.0, "pop": 501, "domicilios": 211, "renda_resp": 14039.23, "classe_pof": "47563" }, "geometry": { "type": "Polygon", "coordinates": [ [ [ -46.685202, -23.579855 ], [ -46.686122799999964, -23.580341899999947 ], [ -46.68585, -23.580727599999928 ], [ -46.686523699999952, -23.58104109999994 ], [ -46.686644299999955, -23.580912399999939 ], [ -46.686931099999981, -23.581068199999947 ], [ -46.686984099999961, -23.580981599999973 ], [ -46.687112299999967, -23.581051599999967 ], [ -46.68717179999993, -23.580949299999919 ], [ -46.687354699999958, -23.581028599999957 ], [ -46.687538599999982, -23.580702599999942 ], [ -46.685333, -23.57956 ], [ -46.685202, -23.579855 ] ] ] } },
{ "type": "Feature", "properties": { "loja_id": "AG01", "CD_SETOR": "355030862000117", "fracao": 1.0, "pop": 414, "domicilios": 183, "renda_resp": 15691.03, "classe_pof": "47563" }, "geometry": { "type": "Polygon", "coordinates": [ [ [ -46.686329499999943, -23.581335099999926 ], [ -46.686568299999976, -23.581458 ], [ -46.686403599999956, -23.581756499999972 ], [ -46.686933899999985, -23.582021299999955 ], [ -46.687694, -23.580785 ], [ -46.687538599999982, -23.580702599999942 ], [ -46.687354699999958, -23.581028599999957 ], [ -46.68717179999993, -23.580949299999919 ], [ -46.687112299999967, -23.581051599999967 ], [ -46.686984099999961, -23.580981599999973 ], [ -46.686931099999981, -23.581068199999947 ], [ -46.686644299999955, -23.580912399999939 ], [ -46.686329499999943, -23.581335099999926 ] ] ] } },
{ "type": "Feature", "properties": { "loja_id": "AG01", "CD_SETOR": "355030862000118", "fracao": 0.12760480757565826, "pop": 229, "domicilios": 97, "renda_resp": 20347.37, "classe_pof": "47563" }, "geometry": { "type": "Polygon", "coordinates": [ [ [ -46.685333, -23.57956 ], [ -46.687912628466385, -23.580900724116145 ], [ -46.68794, -23.580859 ], [ -46.687323, -23.580475 ], [ -46.687221, -23.579799 ], [ -46.686695, -23.579104 ], [ -46.68647, -23.578329 ], [ -46.686228515487315, -23.578071109587796 ], [ -46.685333, -23.57956 ] ] ] } },
{ "type": "Feature", "properties": { "loja_id": "AG01", "CD_SETOR": "355030862000119", "fracao": 0.77481573512474944, "pop": 625, "domicilios": 266, "renda_resp": 22172.53, "classe_pof": "47564" }, "geometry": { "type": "Polygon", "coordinates": [ [ [ -46.68674, -23.582335 ], [ -46.688275099999942, -23.583136199999952 ], [ -46.688572190308555, -23.582694954438281 ], [ -46.687618, -23.581799 ], [ -46.687607954334993, -23.581647199288476 ], [ -46.687272, -23.58147 ], [ -46.68674, -23.582335 ] ] ] } },
{ "type": "Feature", "properties": { "loja_id": "AG01", "CD_SETOR": "355030862000120", "fracao": 1.0, "pop": 381, "domicilios": 148, "renda_resp": 28439.28, "classe_pof": "47564" }, "geometry": { "type": "Polygon", "coordinates": [ [ [ -46.684321599999976, -23.581226599999979 ], [ -46.688867, -23.585595 ], [ -46.6892, -23.585376 ], [ -46.689352, -23.585042 ], [ -46.688122, -23.583813 ], [ -46.688503, -23.583255 ], [ -46.684405599999934, -23.581093099999968 ], [ -46.684321599999976, -23.581226599999979 ] ] ] } },
{ "type": "Feature", "properties": { "loja_id": "AG03", "CD_SETOR": "355030862000123", "fracao": 1.0, "pop": 277, "domicilios": 131, "renda_resp": 12270.27, "classe_pof": "47562" }, "geometry": { "type": "Polygon", "coordinates": [ [ [ -46.688677, -23.561859 ], [ -46.689307, -23.562239 ], [ -46.689799599999958, -23.561615199999945 ], [ -46.689695099999938, -23.561542099999937 ], [ -46.690205499999941, -23.560865299999925 ], [ -46.689640399999973, -23.560511099999928 ], [ -46.688677, -23.561859 ] ] ] } },
{ "type": "Feature", "properties": { "loja_id": "AG03", "CD_SETOR": "355030862000124", "fracao": 0.77645721026325831, "pop": 412, "domicilios": 203, "renda_resp": 14604.87, "classe_pof": "47563" }, "geometry": { "type": "Polygon", "coordinates": [ [ [ -46.6879, -23.561397 ], [ -46.688178, -23.561033299999952 ], [ -46.688399299999958, -23.561162199999952 ], [ -46.688563899999963, -23.560930299999931 ], [ -46.688678599999946, -23.56100239999995 ], [ -46.68915469999996, -23.560327899999944 ], [ -46.688959497642699, -23.560207459895324 ], [ -46.688795, -23.560295 ], [ -46.688440617612187, -23.560281743845277 ], [ -46.687728, -23.561295 ], [ -46.6879, -23.561397 ] ] ] } },
{ "type": "Feature", "properties": { "loja_id": "AG03", "CD_SETOR": "355030862000125", "fracao": 1.0, "pop": 227, "domicilios": 130, "renda_resp": 11839.51, "classe_pof": "47562" }, "geometry": { "type": "Polygon", "coordinates": [ [ [ -46.687627099999986, -23.563352199999944 ], [ -46.688677, -23.561859 ], [ -46.688548499999968, -23.561784699999979 ], [ -46.688421499999954, -23.561963599999952 ], [ -46.688113299999941, -23.561771899999929 ], [ -46.687329, -23.562889499999983 ], [ -46.687548899999967, -23.563035399999929 ], [ -46.687425099999984, -23.563235599999931 ], [ -46.687627099999986, -23.563352199999944 ] ] ] } },
{ "type": "Feature", "properties": { "loja_id": "AG03", "CD_SETOR": "355030862000126", "fracao": 1.0, "pop": 327, "domicilios": 182, "renda_resp": 11189.78, "classe_pof": "47562" }, "geometry": { "type": "Polygon", "coordinates": [ [ [ -46.688544699999966, -23.564205 ], [ -46.6887397, -23.563952899999943 ], [ -46.689144099999972, -23.564201399999945 ], [ -46.689978499999938, -23.563017299999952 ], [ -46.689668899999965, -23.56283569999994 ], [ -46.689844899999969, -23.56256 ], [ -46.689648, -23.562443 ], [ -46.688451, -23.564149 ], [ -46.688544699999966, -23.564205 ] ] ] } },
{ "type": "Feature", "properties": { "loja_id": "AG03", "CD_SETOR": "355030862000127", "fracao": 0.037673064407280382, "pop": 408, "domicilios": 197, "renda_resp": 15335.55, "classe_pof": "47563" }, "geometry": { "type": "Polygon", "coordinates": [ [ [ -46.691767007548556, -23.559064354934975 ], [ -46.691941, -23.559344 ], [ -46.692222, -23.558958 ], [ -46.692127470965772, -23.558801217915878 ], [ -46.691767007548556, -23.559064354934975 ] ] ] } },
{ "type": "Feature", "properties": { "loja_id": "AG03", "CD_SETOR": "355030862000128", "fracao": 0.013784418170291364, "pop": 207, "domicilios": 98, "renda_resp": 5868.59, "classe_pof": "47561" }, "geometry": { "type": "Polygon", "coordinates": [ [ [ -46.684625, -23.561859 ], [ -46.684824846951678, -23.561583040511501 ], [ -46.684699, -23.561605 ], [ -46.684625, -23.561859 ] ] ] } },
{ "type": "Feature", "properties": { "loja_id": "AG03", "CD_SETOR": "355030862000129", "fracao": 0.59338013539312573, "pop": 287, "domicilios": 171, "renda_resp": 11700.43, "classe_pof": "47562" }, "geometry": { "type": "Polygon", "coordinates": [ [ [ -46.68566519999996, -23.562299899999982 ], [ -46.686215, -23.561538099999943 ], [ -46.686377901970019, -23.561312033445223 ], [ -46.685660286960584, -23.561437258831539 ], [ -46.685373499999976, -23.561794499999966 ], [ -46.68572869999997, -23.562005699999929 ], [ -46.685569, -23.562245699999949 ], [ -46.68566519999996, -23.562299899999982 ] ] ] } },
{ "type": "Feature", "properties": { "loja_id": "AG03", "CD_SETOR": "355030862000130", "fracao": 0.99999999999999967, "pop": 228, "domicilios": 99, "renda_resp": 15788.92, "classe_pof": "47563" }, "geometry": { "type": "Polygon", "coordinates": [ [ [ -46.686237, -23.565356 ], [ -46.687195, -23.565928 ], [ -46.688134, -23.564599 ], [ -46.687163, -23.56402 ], [ -46.686237, -23.565356 ] ] ] } },
{ "type": "Feature", "properties": { "loja_id": "AG03", "CD_SETOR": "355030862000131", "fracao": 1.0, "pop": 337, "domicilios": 153, "renda_resp": 13701.13, "classe_pof": "47563" }, "geometry": { "type": "Polygon", "coordinates": [ [ [ -46.688451, -23.564149 ], [ -46.687823, -23.565041 ], [ -46.688776, -23.56561 ], [ -46.68909, -23.565171 ], [ -46.689977, -23.565701 ], [ -46.690289, -23.565248 ], [ -46.688451, -23.564149 ] ] ] } },
{ "type": "Feature", "properties": { "loja_id": "AG03", "CD_SETOR": "355030862000134", "fracao": 0.68725257631617498, "pop": 298, "domicilios": 175, "renda_resp": 12452.37, "classe_pof": "47563" }, "geometry": { "type": "Polygon", "coordinates": [ [ [ -46.684513199999969, -23.562101099999946 ], [ -46.684977, -23.562371799999941 ], [ -46.684829, -23.562573599999951 ], [ -46.684906599999977, -23.562618299999926 ], [ -46.684772299999963, -23.562810799999969 ], [ -46.684656793827109, -23.562755583613203 ], [ -46.684853, -23.563353 ], [ -46.68411969999994, -23.564085599999942 ], [ -46.684320699999944, -23.564205799999968 ], [ -46.685576, -23.562425 ], [ -46.684625, -23.561859 ], [ -46.684513199999969, -23.562101099999946 ] ] ] } },
{ "type": "Feature", "properties": { "loja_id": "AG03", "CD_SETOR": "355030862000135", "fracao": 0.74233719077778415, "pop": 261, "domicilios": 165, "renda_resp": 14964.36, "classe_pof": "47563" }, "geometry": { "type": "Polygon", "coordinates": [ [ [ -46.683426599999962, -23.565882799999933 ], [ -46.683625099999972, -23.565585 ], [ -46.683909299999982, -23.565672599999971 ], [ -46.684244699999965, -23.565175799999963 ], [ -46.684323799999959, -23.565220499999949 ], [ -46.684713899999963, -23.564666 ], [ -46.684354, -23.564453599999982 ], [ -46.684457299999963, -23.564287399999955 ], [ -46.684320699999944, -23.564205799999968 ], [ -46.683963150467335, -23.56472187426116 ], [ -46.683935, -23.565199 ], [ -46.683336494757135, -23.565843943268991 ], [ -46.683426599999962, -23.565882799999933 ] ] ] } },
{ "type": "Feature", "properties": { "loja_id": "AG03", "CD_SETOR": "355030862000136", "fracao": 0.99999999999999978, "pop": 269, "domicilios": 114, "renda_resp": 12986.89, "classe_pof": "47563" }, "geometry": { "type": "Polygon", "coordinates": [ [ [ -46.685158299999955, -23.56504149999995 ], [ -46.6853402, -23.565151899999929 ], [ -46.685215099999937, -23.565337799999948 ], [ -46.685639399999957, -23.565592699999971 ], [ -46.685690399999942, -23.565520199999984 ], [ -46.685813199999984, -23.565601699999942 ], [ -46.685930599999949, -23.565430199999977 ], [ -46.686111899999958, -23.565543199999976 ], [ -46.686237, -23.565356 ], [ -46.685287, -23.564784 ], [ -46.685158299999955, -23.56504149999995 ] ] ] } },
{ "type": "Feature", "properties": { "loja_id": "AG03", "CD_SETOR": "355030862000137", "fracao": 0.99999999999999978, "pop": 350, "domicilios": 168, "renda_resp": 11482.61, "classe_pof": "47562" }, "geometry": { "type": "Polygon", "coordinates": [ [ [ -46.686237, -23.565356 ], [ -46.685315, -23.566683 ], [ -46.686361, -23.567123 ], [ -46.687195, -23.565928 ], [ -46.686237, -23.565356 ] ] ] } },
{ "type": "Feature", "properties": { "loja_id": "AG03", "CD_SETOR": "355030862000138", "fracao": 0.99999999999999989, "pop": 275, "domicilios": 153, "renda_resp": 9050.49, "classe_pof": "47562" }, "geometry": { "type": "Polygon", "coordinates": [ [ [ -46.688487, -23.567905 ], [ -46.689604, -23.568153 ], [ -46.690915, -23.568112 ], [ -46.689073, -23.56706 ], [ -46.688487, -23.567905 ] ] ] } },
{ "type": "Feature", "properties": { "loja_id": "AG03", "CD_SETOR": "355030862000140", "fracao": 0.99999999999999989, "pop": 168, "domicilios": 85, "renda_resp": 12629.54, "classe_pof": "47563" }, "geometry": { "type": "Polygon", "coordinates": [ [ [ -46.695434199999966, -23.564716799999925 ], [ -46.695849399999986, -23.564711899999963 ], [ -46.695850299999961, -23.564434299999956 ], [ -46.695436299999983, -23.564370499999939 ], [ -46.695434199999966, -23.564716799999925 ] ] ] } },
{ "type": "Feature", "properties": { "loja_id": "AG03", "CD_SETOR": "355030862000141", "fracao": 1.0, "pop": 338, "domicilios": 158, "renda_resp": 12213.82, "classe_pof": "47562" }, "geometry": { "type": "Polygon", "coordinates": [ [ [ -46.695369899999946, -23.561328099999969 ], [ -46.695407, -23.562757 ], [ -46.695667299999968, -23.562770299999951 ], [ -46.695669899999984, -23.56259329999995 ], [ -46.695874, -23.562588499999944 ], [ -46.695840499999974, -23.561932699999947 ], [ -46.695988199999931, -23.561928099999932 ], [ -46.695981599999982, -23.561672899999959 ], [ -46.695778699999948, -23.561673299999935 ], [ -46.695765399999971, -23.561475199999954 ], [ -46.69564029999998, -23.561476599999938 ], [ -46.695633699999973, -23.561304499999949 ], [ -46.695369899999946, -23.561328099999969 ] ] ] } },
{ "type": "Feature", "properties": { "loja_id": "AG03", "CD_SETOR": "355030862000151", "fracao": 1.0, "pop": 173, "domicilios": 101, "renda_resp": 7230.04, "classe_pof": "47561" }, "geometry": { "type": "Polygon", "coordinates": [ [ [ -46.692773, -23.567771 ], [ -46.690915, -23.568112 ], [ -46.690197, -23.568147 ], [ -46.690228, -23.568565 ], [ -46.689709, -23.569377 ], [ -46.691151, -23.570133 ], [ -46.6922, -23.568434 ], [ -46.692773, -23.567771 ] ] ] } },
{ "type": "Feature", "properties": { "loja_id": "AG03", "CD_SETOR": "355030862000152", "fracao": 1.0, "pop": 413, "domicilios": 227, "renda_resp": 17804.24, "classe_pof": "47563" }, "geometry": { "type": "Polygon", "coordinates": [ [ [ -46.696498, -23.561784 ], [ -46.696467, -23.563879 ], [ -46.697098499999981, -23.563877599999955 ], [ -46.697030699999971, -23.563314799999944 ], [ -46.697242099999983, -23.56331 ], [ -46.697241899999938, -23.563169 ], [ -46.697134499999947, -23.563171699999938 ], [ -46.69713489999998, -23.563033499999957 ], [ -46.69725109999996, -23.563031299999977 ], [ -46.697247899999979, -23.56289269999996 ], [ -46.696877799999982, -23.562897899999939 ], [ -46.696867099999963, -23.561774299999968 ], [ -46.696498, -23.561784 ] ] ] } },
{ "type": "Feature", "properties": { "loja_id": "AG03", "CD_SETOR": "355030862000153", "fracao": 1.0, "pop": 303, "domicilios": 164, "renda_resp": 9190.05, "classe_pof": "47562" }, "geometry": { "type": "Polygon", "coordinates": [ [ [ -46.698531199999934, -23.563293199999979 ], [ -46.699132, -23.563283799999965 ], [ -46.69912039999997, -23.562890799999934 ], [ -46.698519099999949, -23.562900899999931 ], [ -46.698531199999934, -23.563293199999979 ] ] ] } },
{ "type": "Feature", "properties": { "loja_id": "AG03", "CD_SETOR": "355030862000154", "fracao": 0.46620317632554703, "pop": 463, "domicilios": 164, "renda_resp": 19599.91, "classe_pof": "47563" }, "geometry": { "type": "Polygon", "coordinates": [ [ [ -46.699107, -23.562373 ], [ -46.69916, -23.564273 ], [ -46.698019, -23.56433 ], [ -46.698078, -23.565383 ], [ -46.701918, -23.56492 ], [ -46.703370961553411, -23.56514803041901 ], [ -46.702942, -23.564199 ], [ -46.701994, -23.563905 ], [ -46.700606, -23.562293 ], [ -46.700221999999357, -23.562112782699742 ], [ -46.700212399999941, -23.562294799999965 ], [ -46.699107, -23.562373 ] ] ] } },
{ "type": "Feature", "properties": { "loja_id": "AG03", "CD_SETOR": "355030862000161", "fracao": 0.00082698493000154746, "pop": 276, "domicilios": 93, "renda_resp": 18430.31, "classe_pof": "47563" }, "geometry": { "type": "Polygon", "coordinates": [ [ [ -46.684679727034052, -23.571545545913036 ], [ -46.684706, -23.571419 ], [ -46.684594678470383, -23.571419982321761 ], [ -46.684679727034052, -23.571545545913036 ] ] ] } },
{ "type": "Feature", "properties": { "loja_id": "AG03", "CD_SETOR": "355030862000163", "fracao": 0.027007960226582802, "pop": 330, "domicilios": 120, "renda_resp": 13682.79, "classe_pof": "47563" }, "geometry": { "type": "Polygon", "coordinates": [ [ [ -46.693469, -23.574395 ], [ -46.693071, -23.574986 ], [ -46.69288357335838, -23.575293630945964 ], [ -46.694308836901065, -23.574835177928108 ], [ -46.693469, -23.574395 ] ] ] } },
{ "type": "Feature", "properties": { "loja_id": "AG01", "CD_SETOR": "355030862000167", "fracao": 0.29459891676494132, "pop": 331, "domicilios": 131, "renda_resp": 11909.7, "classe_pof": "47562" }, "geometry": { "type": "Polygon", "coordinates": [ [ [ -46.683515874191436, -23.578760837054833 ], [ -46.685167, -23.579839 ], [ -46.686228515487315, -23.578071109587796 ], [ -46.685999, -23.577826 ], [ -46.683999, -23.578706 ], [ -46.683515874191436, -23.578760837054833 ] ] ] } },
{ "type": "Feature", "properties": { "loja_id": "AG01", "CD_SETOR": "355030862000168", "fracao": 0.11484194338402581, "pop": 262, "domicilios": 116, "renda_resp": 17422.26, "classe_pof": "47563" }, "geometry": { "type": "MultiPolygon", "coordinates": [ [ [ [ -46.687304, -23.581486 ], [ -46.687607954334993, -23.581647199288476 ], [ -46.687591, -23.581391 ], [ -46.687912628466385, -23.580900724116145 ], [ -46.687694, -23.580785 ], [ -46.687304, -23.581486 ] ] ], [ [ [ -46.68829489999996, -23.583105 ], [ -46.688503, -23.583255 ], [ -46.688699694217462, -23.582947492204777 ], [ -46.688683, -23.582799 ], [ -46.688572190308555, -23.582694954438281 ], [ -46.68829489999996, -23.583105 ] ] ] ] } },
{ "type": "Feature", "properties": { "loja_id": "AG03", "CD_SETOR": "355030862000170", "fracao": 0.99999999999999989, "pop": 742, "domicilios": 341, "renda_resp": 14682.66, "classe_pof": "47563" }, "geometry": { "type": "Polygon", "coordinates": [ [ [ -46.686502, -23.568448399999966 ], [ -46.687037199999963, -23.568697699999969 ], [ -46.687347299999942, -23.568128099999967 ], [ -46.687756799999931, -23.568271599999942 ], [ -46.687845299999935, -23.568064599999953 ], [ -46.688041099999964, -23.568122 ], [ -46.688099299999976, -23.567987299999967 ], [ -46.688375499999957, -23.568064899999968 ], [ -46.688487, -23.567905 ], [ -46.687017, -23.567397 ], [ -46.686502, -23.568448399999966 ] ] ] } },
{ "type": "Feature", "properties": { "loja_id": "AG03", "CD_SETOR": "355030862000175", "fracao": 0.99999999999999978, "pop": 241, "domicilios": 127, "renda_resp": 16050.37, "classe_pof": "47563" }, "geometry": { "type": "Polygon", "coordinates": [ [ [ -46.683426599999962, -23.565882799999933 ], [ -46.684275, -23.566241 ], [ -46.685287, -23.564784 ], [ -46.684457299999963, -23.564287399999955 ], [ -46.684354, -23.564453599999982 ], [ -46.684713899999963, -23.564666 ], [ -46.684323799999959, -23.565220499999949 ], [ -46.684244699999965, -23.565175799999963 ], [ -46.683909299999982, -23.565672599999971 ], [ -46.683625099999972, -23.565585 ], [ -46.683426599999962, -23.565882799999933 ] ] ] } },
{ "type": "Feature", "properties": { "loja_id": "AG03", "CD_SETOR": "355030862000176", "fracao": 0.99999999999999989, "pop": 299, "domicilios": 129, "renda_resp": 15596.81, "classe_pof": "47563" }, "geometry": { "type": "Polygon", "coordinates": [ [ [ -46.689648, -23.562443 ], [ -46.690438499999978, -23.561391699999934 ], [ -46.689993799999968, -23.561137799999983 ], [ -46.689695099999938, -23.561542099999937 ], [ -46.689799599999958, -23.561615199999945 ], [ -46.689307, -23.562239 ], [ -46.689648, -23.562443 ] ] ] } },
{ "type": "Feature", "properties": { "loja_id": "AG03", "CD_SETOR": "355030862000177", "fracao": 0.99999999999999989, "pop": 219, "domicilios": 113, "renda_resp": 13608.45, "classe_pof": "47563" }, "geometry": { "type": "Polygon", "coordinates": [ [ [ -46.689673899999946, -23.560532 ], [ -46.690205499999941, -23.560865299999925 ], [ -46.689993799999968, -23.561137799999983 ], [ -46.690438499999978, -23.561391699999934 ], [ -46.69085, -23.560835 ], [ -46.689835, -23.560231 ], [ -46.689673899999946, -23.560532 ] ] ] } },
{ "type": "Feature", "properties": { "loja_id": "AG03", "CD_SETOR": "355030862000178", "fracao": 1.0, "pop": 403, "domicilios": 218, "renda_resp": 17625.87, "classe_pof": "47563" }, "geometry": { "type": "Polygon", "coordinates": [ [ [ -46.6879, -23.561397 ], [ -46.688677, -23.561859 ], [ -46.68894309999996, -23.56148619999993 ], [ -46.688178, -23.561033299999952 ], [ -46.6879, -23.561397 ] ] ] } },
{ "type": "Feature", "properties": { "loja_id": "AG03", "CD_SETOR": "355030862000179", "fracao": 0.89363525790019205, "pop": 390, "domicilios": 165, "renda_resp": 12011.87, "classe_pof": "47562" }, "geometry": { "type": "Polygon", "coordinates": [ [ [ -46.68915469999996, -23.560327899999944 ], [ -46.688678599999946, -23.56100239999995 ], [ -46.688563899999963, -23.560930299999931 ], [ -46.688399299999958, -23.561162199999952 ], [ -46.68894309999996, -23.56148619999993 ], [ -46.689835, -23.560231 ], [ -46.689399131229315, -23.55997350032073 ], [ -46.688959497642699, -23.560207459895324 ], [ -46.68915469999996, -23.560327899999944 ] ] ] } },
{ "type": "Feature", "properties": { "loja_id": "AG03", "CD_SETOR": "355030862000180", "fracao": 1.0, "pop": 272, "domicilios": 140, "renda_resp": 9172.92, "classe_pof": "47562" }, "geometry": { "type": "Polygon", "coordinates": [ [ [ -46.685576, -23.562425 ], [ -46.686366299999975, -23.562897699999951 ], [ -46.686563299999932, -23.56265959999995 ], [ -46.686374699999931, -23.562530899999953 ], [ -46.686507099999972, -23.562339 ], [ -46.686424399999964, -23.562291199999951 ], [ -46.686583, -23.56207419999992 ], [ -46.68649, -23.562012499999977 ], [ -46.686656899999946, -23.561792 ], [ -46.686215, -23.561538099999943 ], [ -46.685576, -23.562425 ] ] ] } },
{ "type": "Feature", "properties": { "loja_id": "AG03", "CD_SETOR": "355030862000181", "fracao": 0.76679074106638656, "pop": 181, "domicilios": 88, "renda_resp": 12771.51, "classe_pof": "47563" }, "geometry": { "type": "Polygon", "coordinates": [ [ [ -46.686215, -23.561538099999943 ], [ -46.686656899999946, -23.561792 ], [ -46.686945599999945, -23.561410299999974 ], [ -46.687217, -23.561600499999933 ], [ -46.687523399999975, -23.561171499999944 ], [ -46.687060059598551, -23.560894220683547 ], [ -46.686699, -23.561256 ], [ -46.686377901970019, -23.561312033445223 ], [ -46.686215, -23.561538099999943 ] ] ] } },
{ "type": "Feature", "properties": { "loja_id": "AG03", "CD_SETOR": "355030862000182", "fracao": 1.0, "pop": 264, "domicilios": 163, "renda_resp": 10354.37, "classe_pof": "47562" }, "geometry": { "type": "Polygon", "coordinates": [ [ [ -46.685464199999956, -23.564888499999938 ], [ -46.685598599999935, -23.564717 ], [ -46.685930399999961, -23.564912399999965 ], [ -46.686816699999952, -23.563621 ], [ -46.686475, -23.56341609999998 ], [ -46.686549399999933, -23.563316 ], [ -46.686381599999947, -23.563200099999957 ], [ -46.685287, -23.564784 ], [ -46.685464199999956, -23.564888499999938 ] ] ] } },
{ "type": "Feature", "properties": { "loja_id": "AG03", "CD_SETOR": "355030862000183", "fracao": 1.0, "pop": 359, "domicilios": 182, "renda_resp": 13144.39, "classe_pof": "47563" }, "geometry": { "type": "Polygon", "coordinates": [ [ [ -46.686410099999932, -23.563220899999976 ], [ -46.686549399999933, -23.563316 ], [ -46.686475, -23.56341609999998 ], [ -46.686816699999952, -23.563621 ], [ -46.685930399999961, -23.564912399999965 ], [ -46.685598599999935, -23.564717 ], [ -46.685464199999956, -23.564888499999938 ], [ -46.686237, -23.565356 ], [ -46.687477, -23.563567 ], [ -46.686524, -23.562993 ], [ -46.686410099999932, -23.563220899999976 ] ] ] } },
{ "type": "Feature", "properties": { "loja_id": "AG03", "CD_SETOR": "355030862000184", "fracao": 0.99999999999999978, "pop": 204, "domicilios": 98, "renda_resp": 8490.18, "classe_pof": "47562" }, "geometry": { "type": "Polygon", "coordinates": [ [ [ -46.694727, -23.560195 ], [ -46.693142, -23.561371 ], [ -46.692731, -23.561814 ], [ -46.694281, -23.56275 ], [ -46.694189, -23.563316 ], [ -46.694446299999981, -23.56505929999997 ], [ -46.695059, -23.56502 ], [ -46.695445099999972, -23.565085299999961 ], [ -46.695436299999983, -23.564370499999939 ], [ -46.695003399999962, -23.564348 ], [ -46.694991499999958, -23.563798199999944 ], [ -46.695431, -23.563799899999928 ], [ -46.69534, -23.560945 ], [ -46.696806, -23.559368 ], [ -46.694727, -23.560195 ] ] ] } },
{ "type": "Feature", "properties": { "loja_id": "AG03", "CD_SETOR": "355030862000185", "fracao": 0.99999999999999978, "pop": 200, "domicilios": 99, "renda_resp": 6955.44, "classe_pof": "47561" }, "geometry": { "type": "Polygon", "coordinates": [ [ [ -46.694446299999981, -23.56505929999997 ], [ -46.694325, -23.565935 ], [ -46.694046, -23.566367 ], [ -46.694164, -23.56654 ], [ -46.695504, -23.566671 ], [ -46.695445099999972, -23.565085299999961 ], [ -46.695059, -23.56502 ], [ -46.694446299999981, -23.56505929999997 ] ] ] } },
{ "type": "Feature", "properties": { "loja_id": "AG03", "CD_SETOR": "355030862000186", "fracao": 1.0, "pop": 220, "domicilios": 160, "renda_resp": 19423.76, "classe_pof": "47563" }, "geometry": { "type": "Polygon", "coordinates": [ [ [ -46.695436299999983, -23.564370499999939 ], [ -46.695431, -23.563799899999928 ], [ -46.694991499999958, -23.563798199999944 ], [ -46.695003399999962, -23.564348 ], [ -46.695436299999983, -23.564370499999939 ] ] ] } },
{ "type": "Feature", "properties": { "loja_id": "AG03", "CD_SETOR": "355030862000187", "fracao": 0.46881883514952843, "pop": 249, "domicilios": 82, "renda_resp": 27996.79, "classe_pof": "47564" }, "geometry": { "type": "Polygon", "coordinates": [ [ [ -46.692131, -23.558822 ], [ -46.692222, -23.558958 ], [ -46.692407799999955, -23.558988699999933 ], [ -46.692867799999931, -23.559809399999942 ], [ -46.693245, -23.560768 ], [ -46.693261, -23.561281 ], [ -46.693572, -23.561044 ], [ -46.694032, -23.560095 ], [ -46.694106, -23.559363 ], [ -46.694038, -23.558855 ], [ -46.694710995853256, -23.558180862792618 ], [ -46.693699, -23.558024 ], [ -46.692699, -23.558384 ], [ -46.692131, -23.558822 ] ] ] } },
{ "type": "Feature", "properties": { "loja_id": "AG03", "CD_SETOR": "355030862000188", "fracao": 0.4756506548114684, "pop": 265, "domicilios": 83, "renda_resp": 19778.59, "classe_pof": "47563" }, "geometry": { "type": "Polygon", "coordinates": [ [ [ -46.694710995853256, -23.558180862792618 ], [ -46.694038, -23.558855 ], [ -46.694106, -23.559363 ], [ -46.694032, -23.560095 ], [ -46.693572, -23.561044 ], [ -46.694316, -23.560443 ], [ -46.695451, -23.559891 ], [ -46.69710331714203, -23.557948703593091 ], [ -46.696699, -23.557778 ], [ -46.695699, -23.558334 ], [ -46.694710995853256, -23.558180862792618 ] ] ] } },
{ "type": "Feature", "properties": { "loja_id": "AG03", "CD_SETOR": "355030862000194", "fracao": 0.0016450320228228511, "pop": 255, "domicilios": 133, "renda_resp": 9767.2, "classe_pof": "47562" }, "geometry": { "type": "Polygon", "coordinates": [ [ [ -46.684605199999964, -23.561890099999964 ], [ -46.68460689165822, -23.561848166648634 ], [ -46.684569924908416, -23.561945758875328 ], [ -46.684605199999964, -23.561890099999964 ] ] ] } },
{ "type": "Feature", "properties": { "loja_id": "AG03", "CD_SETOR": "355030862000197", "fracao": 1.0, "pop": 179, "domicilios": 112, "renda_resp": 8117.89, "classe_pof": "47561" }, "geometry": { "type": "Polygon", "coordinates": [ [ [ -46.690289, -23.565248 ], [ -46.689073, -23.56706 ], [ -46.690063, -23.567631 ], [ -46.690542599999958, -23.566955599999968 ], [ -46.690101699999964, -23.566702099999922 ], [ -46.690354199999945, -23.566357199999967 ], [ -46.690805299999965, -23.56658579999992 ], [ -46.691318, -23.56586 ], [ -46.690289, -23.565248 ] ] ] } },
{ "type": "Feature", "properties": { "loja_id": "AG03", "CD_SETOR": "355030862000198", "fracao": 1.0, "pop": 218, "domicilios": 140, "renda_resp": 18932.41, "classe_pof": "47563" }, "geometry": { "type": "Polygon", "coordinates": [ [ [ -46.690805299999965, -23.56658579999992 ], [ -46.690354199999945, -23.566357199999967 ], [ -46.690101699999964, -23.566702099999922 ], [ -46.690542599999958, -23.566955599999968 ], [ -46.690805299999965, -23.56658579999992 ] ] ] } },
{ "type": "Feature", "properties": { "loja_id": "AG03", "CD_SETOR": "355030862000199", "fracao": 1.0, "pop": 453, "domicilios": 259, "renda_resp": 8667.33, "classe_pof": "47562" }, "geometry": { "type": "Polygon", "coordinates": [ [ [ -46.691041, -23.566254 ], [ -46.690063, -23.567631 ], [ -46.690915, -23.568112 ], [ -46.692511899999943, -23.567820499999982 ], [ -46.69240259999998, -23.567303299999939 ], [ -46.691501899999935, -23.567361699999935 ], [ -46.691839, -23.566949 ], [ -46.691788, -23.566699 ], [ -46.691041, -23.566254 ] ] ] } },
{ "type": "Feature", "properties": { "loja_id": "AG03", "CD_SETOR": "355030862000200", "fracao": 0.99999999999999989, "pop": 282, "domicilios": 172, "renda_resp": 7734.18, "classe_pof": "47561" }, "geometry": { "type": "Polygon", "coordinates": [ [ [ -46.691788, -23.566699 ], [ -46.691839, -23.566949 ], [ -46.691501899999935, -23.567361699999935 ], [ -46.69240259999998, -23.567303299999939 ], [ -46.692511899999943, -23.567820499999982 ], [ -46.693898, -23.567487 ], [ -46.69338, -23.567099 ], [ -46.691318, -23.56586 ], [ -46.691041, -23.566254 ], [ -46.691788, -23.566699 ] ] ] } },
{ "type": "Feature", "properties": { "loja_id": "AG03", "CD_SETOR": "355030862000211", "fracao": 1.0, "pop": 248, "domicilios": 126, "renda_resp": 12826.78, "classe_pof": "47563" }, "geometry": { "type": "Polygon", "coordinates": [ [ [ -46.688537099999962, -23.569177 ], [ -46.689033199999983, -23.569455199999936 ], [ -46.688995399999953, -23.56952 ], [ -46.689916799999935, -23.570004099999945 ], [ -46.689580599999942, -23.570531299999971 ], [ -46.690552, -23.571069 ], [ -46.691151, -23.570133 ], [ -46.689709, -23.569377 ], [ -46.690228, -23.568565 ], [ -46.690197, -23.568147 ], [ -46.689165, -23.568097 ], [ -46.688537099999962, -23.569177 ] ] ] } },
{ "type": "Feature", "properties": { "loja_id": "AG03", "CD_SETOR": "355030862000212", "fracao": 1.0, "pop": 213, "domicilios": 134, "renda_resp": 16468.39, "classe_pof": "47563" }, "geometry": { "type": "Polygon", "coordinates": [ [ [ -46.689547, -23.570513 ], [ -46.689916799999935, -23.570004099999945 ], [ -46.688995399999953, -23.56952 ], [ -46.689033199999983, -23.569455199999936 ], [ -46.68851, -23.569161799999957 ], [ -46.688132, -23.569758 ], [ -46.689547, -23.570513 ] ] ] } },
{ "type": "Feature", "properties": { "loja_id": "AG03", "CD_SETOR": "355030862000213", "fracao": 0.59906371010612736, "pop": 372, "domicilios": 136, "renda_resp": 15780.99, "classe_pof": "47563" }, "geometry": { "type": "Polygon", "coordinates": [ [ [ -46.684267944848436, -23.569704376108092 ], [ -46.684489, -23.569458 ], [ -46.684698, -23.56955 ], [ -46.684959, -23.569142 ], [ -46.687638, -23.570556 ], [ -46.688132, -23.569758 ], [ -46.684493, -23.567833 ], [ -46.683994, -23.568634 ], [ -46.683766036126407, -23.568513148550583 ], [ -46.683991, -23.569199 ], [ -46.684267944848436, -23.569704376108092 ] ] ] } },
{ "type": "Feature", "properties": { "loja_id": "AG03", "CD_SETOR": "355030862000214", "fracao": 0.83448226583929841, "pop": 255, "domicilios": 89, "renda_resp": 20276.89, "classe_pof": "47563" }, "geometry": { "type": "Polygon", "coordinates": [ [ [ -46.684627, -23.571436 ], [ -46.684806, -23.571393 ], [ -46.685047176336404, -23.571514810794824 ], [ -46.685555144852778, -23.571428455793981 ], [ -46.686452, -23.569932 ], [ -46.684959, -23.569142 ], [ -46.684698, -23.56955 ], [ -46.684443, -23.569466 ], [ -46.684267944848436, -23.569704376108092 ], [ -46.684539, -23.570199 ], [ -46.684445, -23.571199 ], [ -46.684627, -23.571436 ] ] ] } },
{ "type": "Feature", "properties": { "loja_id": "AG03", "CD_SETOR": "355030862000215", "fracao": 1.0, "pop": 303, "domicilios": 163, "renda_resp": 11724.01, "classe_pof": "47562" }, "geometry": { "type": "Polygon", "coordinates": [ [ [ -46.692428, -23.568133 ], [ -46.691655, -23.569329 ], [ -46.692831, -23.569973 ], [ -46.694102, -23.571387 ], [ -46.695184, -23.571457 ], [ -46.695004, -23.569492 ], [ -46.694233, -23.569533 ], [ -46.693888, -23.569295 ], [ -46.693453, -23.56924 ], [ -46.693226, -23.56765 ], [ -46.692773, -23.567771 ], [ -46.692428, -23.568133 ] ] ] } },
{ "type": "Feature", "properties": { "loja_id": "AG03", "CD_SETOR": "355030862000216", "fracao": 1.0, "pop": 135, "domicilios": 57, "renda_resp": 6032.47, "classe_pof": "47561" }, "geometry": { "type": "Polygon", "coordinates": [ [ [ -46.693226, -23.56765 ], [ -46.693453, -23.56924 ], [ -46.693888, -23.569295 ], [ -46.694233, -23.569533 ], [ -46.695004, -23.569492 ], [ -46.694945, -23.568635 ], [ -46.6956072, -23.568586199999967 ], [ -46.695542, -23.568438 ], [ -46.695531, -23.567613 ], [ -46.693898, -23.567487 ], [ -46.693226, -23.56765 ] ] ] } },
{ "type": "Feature", "properties": { "loja_id": "AG03", "CD_SETOR": "355030862000217", "fracao": 0.91992068259423687, "pop": 229, "domicilios": 116, "renda_resp": 7641.53, "classe_pof": "47561" }, "geometry": { "type": "Polygon", "coordinates": [ [ [ -46.699319, -23.567724 ], [ -46.6992681, -23.568667699999931 ], [ -46.700275699999963, -23.568728399999941 ], [ -46.70001, -23.571323 ], [ -46.699141099999963, -23.571245 ], [ -46.699452, -23.571484 ], [ -46.699342, -23.57178 ], [ -46.699158, -23.571902 ], [ -46.700974599999938, -23.572185699999974 ], [ -46.702008527159251, -23.57068071282221 ], [ -46.701871, -23.570199 ], [ -46.702384, -23.569199 ], [ -46.702490216021566, -23.568533537978318 ], [ -46.699924, -23.567817 ], [ -46.699319, -23.567724 ] ] ] } },
{ "type": "Feature", "properties": { "loja_id": "AG15", "CD_SETOR": "355030862000217", "fracao": 0.52997551682582078, "pop": 229, "domicilios": 116, "renda_resp": 7641.53, "classe_pof": "47561" }, "geometry": { "type": "Polygon", "coordinates": [ [ [ -46.700254599999937, -23.568962299999949 ], [ -46.70001, -23.571323 ], [ -46.699141099999963, -23.571245 ], [ -46.699452, -23.571484 ], [ -46.699342, -23.57178 ], [ -46.699158, -23.571902 ], [ -46.700974599999938, -23.572185699999974 ], [ -46.701435, -23.571599 ], [ -46.702082085074061, -23.570548002183166 ], [ -46.701575, -23.570624 ], [ -46.701499, -23.56946 ], [ -46.700499, -23.568766 ], [ -46.700254599999937, -23.568962299999949 ] ] ] } },
{ "type": "Feature", "properties": { "loja_id": "AG03", "CD_SETOR": "355030862000218", "fracao": 1.0, "pop": 260, "domicilios": 101, "renda_resp": 5446.52, "classe_pof": "47561" }, "geometry": { "type": "Polygon", "coordinates": [ [ [ -46.699226799999963, -23.569193899999956 ], [ -46.699108, -23.57009 ], [ -46.699133, -23.570584 ], [ -46.698766, -23.571025 ], [ -46.699141099999963, -23.571245 ], [ -46.70001, -23.571323 ], [ -46.700254599999937, -23.568962299999949 ], [ -46.699849, -23.568941099999957 ], [ -46.699828699999955, -23.569229599999971 ], [ -46.699702699999932, -23.569213299999937 ], [ -46.699691899999948, -23.569293299999973 ], [ -46.699226799999963, -23.569193899999956 ] ] ] } },
{ "type": "Feature", "properties": { "loja_id": "AG15", "CD_SETOR": "355030862000218", "fracao": 0.91786451180580853, "pop": 260, "domicilios": 101, "renda_resp": 5446.52, "classe_pof": "47561" }, "geometry": { "type": "Polygon", "coordinates": [ [ [ -46.699170549554395, -23.569685749219442 ], [ -46.699133, -23.570584 ], [ -46.698766, -23.571025 ], [ -46.699141099999963, -23.571245 ], [ -46.70001, -23.571323 ], [ -46.700254599999937, -23.568962299999949 ], [ -46.699170549554395, -23.569685749219442 ] ] ] } },
{ "type": "Feature", "properties": { "loja_id": "AG03", "CD_SETOR": "355030862000219", "fracao": 1.0, "pop": 300, "domicilios": 159, "renda_resp": 16543.16, "classe_pof": "47563" }, "geometry": { "type": "Polygon", "coordinates": [ [ [ -46.699141, -23.566183 ], [ -46.698132, -23.566253 ], [ -46.698215, -23.56766 ], [ -46.699539, -23.567731 ], [ -46.700334, -23.567922 ], [ -46.700222, -23.567463 ], [ -46.700112, -23.566015 ], [ -46.699242, -23.566111 ], [ -46.699141, -23.566183 ] ] ] } },
{ "type": "Feature", "properties": { "loja_id": "AG03", "CD_SETOR": "355030862000220", "fracao": 1.0, "pop": 423, "domicilios": 196, "renda_resp": 10716.33, "classe_pof": "47562" }, "geometry": { "type": "Polygon", "coordinates": [ [ [ -46.696454, -23.565267 ], [ -46.696446, -23.566721 ], [ -46.698162, -23.566809 ], [ -46.698132, -23.566253 ], [ -46.699162, -23.566166 ], [ -46.699096, -23.565292 ], [ -46.698102, -23.565384 ], [ -46.696454, -23.565267 ] ] ] } },
{ "type": "Feature", "properties": { "loja_id": "AG03", "CD_SETOR": "355030862000225", "fracao": 1.0, "pop": 405, "domicilios": 197, "renda_resp": 16554.22, "classe_pof": "47563" }, "geometry": { "type": "Polygon", "coordinates": [ [ [ -46.699162, -23.566166 ], [ -46.701036, -23.565896 ], [ -46.700997, -23.565032 ], [ -46.699096, -23.565292 ], [ -46.699162, -23.566166 ] ] ] } },
{ "type": "Feature", "properties": { "loja_id": "AG03", "CD_SETOR": "355030862000226", "fracao": 0.82650452117122564, "pop": 68, "domicilios": 29, "renda_resp": 5727.32, "classe_pof": "47561" }, "geometry": { "type": "Polygon", "coordinates": [ [ [ -46.700997, -23.565032 ], [ -46.701036, -23.565896 ], [ -46.700112, -23.566015 ], [ -46.700222, -23.567463 ], [ -46.700334, -23.567922 ], [ -46.702490216021566, -23.568533537978318 ], [ -46.702565, -23.568065 ], [ -46.703449, -23.567199 ], [ -46.703306, -23.566593 ], [ -46.702786, -23.566199 ], [ -46.703394, -23.565199 ], [ -46.703370961553411, -23.56514803041901 ], [ -46.701981, -23.564921 ], [ -46.700997, -23.565032 ] ] ] } },
{ "type": "Feature", "properties": { "loja_id": "AG03", "CD_SETOR": "355030862000227", "fracao": 0.68640954083938976, "pop": 259, "domicilios": 105, "renda_resp": 15020.92, "classe_pof": "47563" }, "geometry": { "type": "Polygon", "coordinates": [ [ [ -46.687078, -23.574328 ], [ -46.688178, -23.574884 ], [ -46.688934, -23.573657 ], [ -46.686535099999958, -23.572330799999971 ], [ -46.686403940268448, -23.572544907966122 ], [ -46.687078, -23.574328 ] ] ] } },
{ "type": "Feature", "properties": { "loja_id": "AG03", "CD_SETOR": "355030862000228", "fracao": 1.0, "pop": 210, "domicilios": 77, "renda_resp": 19376.93, "classe_pof": "47563" }, "geometry": { "type": "Polygon", "coordinates": [ [ [ -46.688132, -23.569758 ], [ -46.686535099999958, -23.572330799999971 ], [ -46.688934, -23.573657 ], [ -46.690552, -23.571069 ], [ -46.688132, -23.569758 ] ] ] } },
{ "type": "Feature", "properties": { "loja_id": "AG03", "CD_SETOR": "355030862000229", "fracao": 0.12011703085456375, "pop": 146, "domicilios": 61, "renda_resp": 26300.13, "classe_pof": "47564" }, "geometry": { "type": "Polygon", "coordinates": [ [ [ -46.689761001494773, -23.575747788275809 ], [ -46.688178, -23.574884 ], [ -46.687692424196896, -23.575687016599801 ], [ -46.687946, -23.575952 ], [ -46.689761001494773, -23.575747788275809 ] ] ] } },
{ "type": "Feature", "properties": { "loja_id": "AG03", "CD_SETOR": "355030862000230", "fracao": 0.49450187627180014, "pop": 160, "domicilios": 60, "renda_resp": 26952.7, "classe_pof": "47564" }, "geometry": { "type": "Polygon", "coordinates": [ [ [ -46.688934, -23.573657 ], [ -46.688178, -23.574884 ], [ -46.689761001494773, -23.575747788275809 ], [ -46.690806, -23.575306 ], [ -46.692422148796958, -23.575346127696175 ], [ -46.689194, -23.573614 ], [ -46.68911, -23.57375 ], [ -46.688934, -23.573657 ] ] ] } },
{ "type": "Feature", "properties": { "loja_id": "AG03", "CD_SETOR": "355030862000231", "fracao": 0.63083107420494056, "pop": 287, "domicilios": 173, "renda_resp": 14790.14, "classe_pof": "47563" }, "geometry": { "type": "Polygon", "coordinates": [ [ [ -46.699080699999968, -23.562892499999972 ], [ -46.699113, -23.562631 ], [ -46.698653, -23.562639 ], [ -46.69856, -23.56106 ], [ -46.698809, -23.560309 ], [ -46.698803970208246, -23.559879541819441 ], [ -46.698413799999969, -23.559877199999956 ], [ -46.698498499999978, -23.560932899999948 ], [ -46.698384399999952, -23.560935799999982 ], [ -46.698395399999981, -23.561200699999969 ], [ -46.698454899999945, -23.5612 ], [ -46.698519099999949, -23.562900899999931 ], [ -46.699080699999968, -23.562892499999972 ] ] ] } },
{ "type": "Feature", "properties": { "loja_id": "AG03", "CD_SETOR": "355030862000232", "fracao": 1.0, "pop": 91, "domicilios": 50, "renda_resp": 12167.64, "classe_pof": "47562" }, "geometry": { "type": "Polygon", "coordinates": [ [ [ -46.698531199999934, -23.563293199999979 ], [ -46.698542499999974, -23.564062199999967 ], [ -46.698338899999953, -23.564077099999967 ], [ -46.698335799999938, -23.564313899999949 ], [ -46.69916, -23.564273 ], [ -46.699132, -23.563283799999965 ], [ -46.698531199999934, -23.563293199999979 ] ] ] } },
{ "type": "Feature", "properties": { "loja_id": "AG03", "CD_SETOR": "355030862000233", "fracao": 0.85270257309085851, "pop": 299, "domicilios": 129, "renda_resp": 10669.18, "classe_pof": "47562" }, "geometry": { "type": "Polygon", "coordinates": [ [ [ -46.694882, -23.571478 ], [ -46.694766, -23.572291 ], [ -46.694347, -23.57298 ], [ -46.696799049203811, -23.574236144207482 ], [ -46.697298, -23.573798 ], [ -46.698699, -23.573603 ], [ -46.698837, -23.573337 ], [ -46.699699, -23.573124 ], [ -46.700574209939568, -23.572616378847979 ], [ -46.700974599999938, -23.572185699999974 ], [ -46.699158, -23.571902 ], [ -46.695184, -23.571457 ], [ -46.694882, -23.571478 ] ] ] } },
{ "type": "Feature", "properties": { "loja_id": "AG15", "CD_SETOR": "355030862000233", "fracao": 0.36185058276167148, "pop": 299, "domicilios": 129, "renda_resp": 10669.18, "classe_pof": "47562" }, "geometry": { "type": "Polygon", "coordinates": [ [ [ -46.699034282657649, -23.574044250124643 ], [ -46.700974599999938, -23.572185699999974 ], [ -46.697097447261058, -23.571662617612319 ], [ -46.69856, -23.573699 ], [ -46.699034282657649, -23.574044250124643 ] ] ] } },
{ "type": "Feature", "properties": { "loja_id": "AG03", "CD_SETOR": "355030862000234", "fracao": 0.99999999999999967, "pop": 206, "domicilios": 114, "renda_resp": 12535.02, "classe_pof": "47563" }, "geometry": { "type": "Polygon", "coordinates": [ [ [ -46.695559, -23.571494 ], [ -46.699158, -23.571902 ], [ -46.699342, -23.57178 ], [ -46.699452, -23.571484 ], [ -46.69936, -23.571355 ], [ -46.698908, -23.571155 ], [ -46.697418, -23.569754 ], [ -46.696584, -23.570404 ], [ -46.696411, -23.57124 ], [ -46.695559, -23.571494 ] ] ] } },
{ "type": "Feature", "properties": { "loja_id": "AG15", "CD_SETOR": "355030862000234", "fracao": 0.45964250890720248, "pop": 206, "domicilios": 114, "renda_resp": 12535.02, "classe_pof": "47563" }, "geometry": { "type": "Polygon", "coordinates": [ [ [ -46.697097447261058, -23.571662617612319 ], [ -46.699158, -23.571902 ], [ -46.699342, -23.57178 ], [ -46.699451, -23.571534 ], [ -46.69936, -23.571355 ], [ -46.698908, -23.571155 ], [ -46.698132109504556, -23.570426252432831 ], [ -46.697097447261058, -23.571662617612319 ] ] ] } },
{ "type": "Feature", "properties": { "loja_id": "AG01", "CD_SETOR": "355030862000243", "fracao": 1.0, "pop": 193, "domicilios": 86, "renda_resp": 21564.97, "classe_pof": "47564" }, "geometry": { "type": "Polygon", "coordinates": [ [ [ -46.68674, -23.582335 ], [ -46.686933899999985, -23.582021299999955 ], [ -46.686403599999956, -23.581756499999972 ], [ -46.686568299999976, -23.581458 ], [ -46.686329499999943, -23.581335099999926 ], [ -46.685922, -23.581907899999972 ], [ -46.68674, -23.582335 ] ] ] } },
{ "type": "Feature", "properties": { "loja_id": "AG01", "CD_SETOR": "355030862000244", "fracao": 1.0, "pop": 391, "domicilios": 176, "renda_resp": 17282.85, "classe_pof": "47563" }, "geometry": { "type": "Polygon", "coordinates": [ [ [ -46.684438199999931, -23.581112399999935 ], [ -46.685922, -23.581907899999972 ], [ -46.686523699999952, -23.58104109999994 ], [ -46.68585, -23.580727599999928 ], [ -46.686122799999964, -23.580341899999947 ], [ -46.685167, -23.579839 ], [ -46.684438199999931, -23.581112399999935 ] ] ] } },
{ "type": "Feature", "properties": { "loja_id": "AG03", "CD_SETOR": "355030862000245", "fracao": 1.0, "pop": 197, "domicilios": 117, "renda_resp": 7089.23, "classe_pof": "47561" }, "geometry": { "type": "Polygon", "coordinates": [ [ [ -46.695531, -23.567613 ], [ -46.696824, -23.568206 ], [ -46.697064, -23.568676 ], [ -46.697342, -23.569683 ], [ -46.698778, -23.571017 ], [ -46.699133, -23.570584 ], [ -46.699108, -23.57009 ], [ -46.699247699999944, -23.568927099999939 ], [ -46.698512299999948, -23.569012099999956 ], [ -46.698303, -23.56921089999997 ], [ -46.698087599999951, -23.569200599999924 ], [ -46.697847299999978, -23.568284899999984 ], [ -46.698450099999945, -23.568237299999968 ], [ -46.698495599999951, -23.567670299999968 ], [ -46.695531, -23.567613 ] ] ] } },
{ "type": "Feature", "properties": { "loja_id": "AG15", "CD_SETOR": "355030862000245", "fracao": 0.14928760133324345, "pop": 197, "domicilios": 117, "renda_resp": 7089.23, "classe_pof": "47561" }, "geometry": { "type": "Polygon", "coordinates": [ [ [ -46.698132109504556, -23.570426252432831 ], [ -46.698778, -23.571017 ], [ -46.699133, -23.570584 ], [ -46.699170549554395, -23.569685749219442 ], [ -46.698175, -23.570375 ], [ -46.698132109504556, -23.570426252432831 ] ] ] } },
{ "type": "Feature", "properties": { "loja_id": "AG03", "CD_SETOR": "355030862000246", "fracao": 1.0, "pop": 520, "domicilios": 273, "renda_resp": 20611.0, "classe_pof": "47563" }, "geometry": { "type": "Polygon", "coordinates": [ [ [ -46.698512299999948, -23.569012099999956 ], [ -46.698746599999936, -23.56827739999995 ], [ -46.698764, -23.56768309999995 ], [ -46.698495599999951, -23.567670299999968 ], [ -46.698450099999945, -23.568237299999968 ], [ -46.697847299999978, -23.568284899999984 ], [ -46.698087599999951, -23.569200599999924 ], [ -46.698303, -23.56921089999997 ], [ -46.698512299999948, -23.569012099999956 ] ] ] } },
{ "type": "Feature", "properties": { "loja_id": "AG03", "CD_SETOR": "355030862000247", "fracao": 1.0, "pop": 0, "domicilios": 0, "renda_resp": null, "classe_pof": null }, "geometry": { "type": "Polygon", "coordinates": [ [ [ -46.699208799999951, -23.568923699999974 ], [ -46.699326, -23.567736 ], [ -46.698764, -23.56768309999995 ], [ -46.698746599999936, -23.56827739999995 ], [ -46.698512299999948, -23.569012099999956 ], [ -46.699208799999951, -23.568923699999974 ] ] ] } },
{ "type": "Feature", "properties": { "loja_id": "AG01", "CD_SETOR": "355030862000252", "fracao": 0.44096935857699421, "pop": 420, "domicilios": 191, "renda_resp": 23779.01, "classe_pof": "47564" }, "geometry": { "type": "Polygon", "coordinates": [ [ [ -46.688699694217462, -23.582947492204777 ], [ -46.688136, -23.583848 ], [ -46.689352, -23.585042 ], [ -46.6892, -23.585376 ], [ -46.688867, -23.585595 ], [ -46.689671, -23.586377 ], [ -46.689969, -23.586572 ], [ -46.690359, -23.58668 ], [ -46.691021352438348, -23.586693911299022 ], [ -46.690754, -23.585554 ], [ -46.691011, -23.584788 ], [ -46.688816, -23.583982 ], [ -46.688699694217462, -23.582947492204777 ] ] ] } },
{ "type": "Feature", "properties": { "loja_id": "AG03", "CD_SETOR": "355030862000255", "fracao": 1.0, "pop": 73, "domicilios": 41, "renda_resp": 14105.26, "classe_pof": "47563" }, "geometry": { "type": "Polygon", "coordinates": [ [ [ -46.692975299999944, -23.571263599999956 ], [ -46.693020499999932, -23.570799699999956 ], [ -46.692654299999958, -23.570757499999957 ], [ -46.692605699999945, -23.571223799999927 ], [ -46.692975299999944, -23.571263599999956 ] ] ] } },
{ "type": "Feature", "properties": { "loja_id": "AG03", "CD_SETOR": "355030862000256", "fracao": 1.0, "pop": 63, "domicilios": 43, "renda_resp": 16142.11, "classe_pof": "47563" }, "geometry": { "type": "Polygon", "coordinates": [ [ [ -46.692610399999978, -23.571184299999974 ], [ -46.692654299999958, -23.570757499999957 ], [ -46.692271, -23.570713399999928 ], [ -46.692219399999942, -23.571182199999956 ], [ -46.692610399999978, -23.571184299999974 ] ] ] } },
{ "type": "Feature", "properties": { "loja_id": "AG03", "CD_SETOR": "355030862000257", "fracao": 1.0, "pop": 148, "domicilios": 86, "renda_resp": 21011.38, "classe_pof": "47564" }, "geometry": { "type": "Polygon", "coordinates": [ [ [ -46.691655, -23.569329 ], [ -46.690635, -23.570939 ], [ -46.690886, -23.571006 ], [ -46.691901, -23.571684 ], [ -46.694347, -23.57298 ], [ -46.694766, -23.572291 ], [ -46.694882, -23.571478 ], [ -46.694102, -23.571387 ], [ -46.692729, -23.569899 ], [ -46.691655, -23.569329 ] ], [ [ -46.693020499999932, -23.570799699999956 ], [ -46.692975299999944, -23.571263599999956 ], [ -46.692219399999942, -23.571182199999956 ], [ -46.692271, -23.570713399999928 ], [ -46.693020499999932, -23.570799699999956 ] ] ] } },
{ "type": "Feature", "properties": { "loja_id": "AG03", "CD_SETOR": "355030862000258", "fracao": 0.99999999999999978, "pop": 153, "domicilios": 123, "renda_resp": 17209.68, "classe_pof": "47563" }, "geometry": { "type": "Polygon", "coordinates": [ [ [ -46.699247699999944, -23.568927099999939 ], [ -46.699758199999962, -23.568963399999959 ], [ -46.699769099999969, -23.568834799999937 ], [ -46.70026439999998, -23.568853699999977 ], [ -46.700275699999963, -23.568728399999941 ], [ -46.6992681, -23.568667699999931 ], [ -46.699247699999944, -23.568927099999939 ] ] ] } },
{ "type": "Feature", "properties": { "loja_id": "AG03", "CD_SETOR": "355030862000259", "fracao": 1.0, "pop": 141, "domicilios": 105, "renda_resp": 13310.45, "classe_pof": "47563" }, "geometry": { "type": "Polygon", "coordinates": [ [ [ -46.699226799999963, -23.569193899999956 ], [ -46.699691899999948, -23.569293299999973 ], [ -46.699702699999932, -23.569213299999937 ], [ -46.699828699999955, -23.569229599999971 ], [ -46.699849, -23.568941099999957 ], [ -46.700254599999937, -23.568962299999949 ], [ -46.70026439999998, -23.568853699999977 ], [ -46.699769099999969, -23.568834799999937 ], [ -46.699758199999962, -23.568963399999959 ], [ -46.699247699999944, -23.568927099999939 ], [ -46.699226799999963, -23.569193899999956 ] ] ] } },
{ "type": "Feature", "properties": { "loja_id": "AG15", "CD_SETOR": "355030862000259", "fracao": 0.0025037803063502934, "pop": 141, "domicilios": 105, "renda_resp": 13310.45, "classe_pof": "47563" }, "geometry": { "type": "Polygon", "coordinates": [ [ [ -46.700254599999937, -23.568962299999949 ], [ -46.700257207355406, -23.56893340625567 ], [ -46.700215071653936, -23.568962579023953 ], [ -46.700254599999937, -23.568962299999949 ] ] ] } },
{ "type": "Feature", "properties": { "loja_id": "AG09", "CD_SETOR": "355030866000003", "fracao": 0.99999999999999978, "pop": 488, "domicilios": 237, "renda_resp": 3358.37, "classe_pof": "47560" }, "geometry": { "type": "Polygon", "coordinates": [ [ [ -46.636249, -23.544582 ], [ -46.638842, -23.5486 ], [ -46.639053, -23.548433 ], [ -46.639196, -23.548158 ], [ -46.639819, -23.547842 ], [ -46.639942, -23.547819 ], [ -46.639988, -23.547904 ], [ -46.640006, -23.54777 ], [ -46.640112, -23.547703 ], [ -46.642633, -23.548008 ], [ -46.642903299999944, -23.546792399999951 ], [ -46.641368, -23.546448 ], [ -46.641027, -23.546131 ], [ -46.640861, -23.546359 ], [ -46.639539, -23.545455 ], [ -46.639332, -23.545621 ], [ -46.63859, -23.544689 ], [ -46.638021, -23.543797 ], [ -46.638031, -23.543544 ], [ -46.636249, -23.544582 ] ] ] } },
{ "type": "Feature", "properties": { "loja_id": "AG09", "CD_SETOR": "355030866000004", "fracao": 1.0, "pop": 284, "domicilios": 162, "renda_resp": 3543.02, "classe_pof": "47560" }, "geometry": { "type": "Polygon", "coordinates": [ [ [ -46.638842, -23.5486 ], [ -46.638892, -23.548801 ], [ -46.639221, -23.549026 ], [ -46.639704, -23.549195 ], [ -46.640609, -23.549202 ], [ -46.640622, -23.549148399999975 ], [ -46.640999, -23.549073 ], [ -46.64055, -23.548869 ], [ -46.640323, -23.5485 ], [ -46.640142, -23.548598 ], [ -46.639724799999954, -23.547894799999941 ], [ -46.639196, -23.548158 ], [ -46.639053, -23.548433 ], [ -46.638842, -23.5486 ] ] ] } },
{ "type": "Feature", "properties": { "loja_id": "AG09", "CD_SETOR": "355030866000005", "fracao": 0.99999999999999978, "pop": 269, "domicilios": 144, "renda_resp": 3539.7, "classe_pof": "47560" }, "geometry": { "type": "Polygon", "coordinates": [ [ [ -46.63973969999995, -23.547927899999927 ], [ -46.640142, -23.548598 ], [ -46.640289, -23.548529 ], [ -46.639942, -23.547819 ], [ -46.63973969999995, -23.547927899999927 ] ] ] } },
{ "type": "Feature", "properties": { "loja_id": "AG09", "CD_SETOR": "355030866000006", "fracao": 1.0, "pop": 225, "domicilios": 119, "renda_resp": 4774.93, "classe_pof": "47560" }, "geometry": { "type": "Polygon", "coordinates": [ [ [ -46.639978, -23.547834 ], [ -46.640237, -23.548358 ], [ -46.640567099999942, -23.548188099999944 ], [ -46.640490099999973, -23.548096199999975 ], [ -46.640618599999982, -23.54807669999996 ], [ -46.641813, -23.548282 ], [ -46.641798299999948, -23.548358 ], [ -46.64216689999995, -23.548463499999965 ], [ -46.64227139999997, -23.548457099999951 ], [ -46.642362, -23.548000399999975 ], [ -46.640191, -23.547694 ], [ -46.640057, -23.547723 ], [ -46.639978, -23.547834 ] ] ] } },
{ "type": "Feature", "properties": { "loja_id": "AG09", "CD_SETOR": "355030866000017", "fracao": 1.0, "pop": 273, "domicilios": 144, "renda_resp": 15481.79, "classe_pof": "47563" }, "geometry": { "type": "Polygon", "coordinates": [ [ [ -46.644376099999931, -23.546447899999976 ], [ -46.644434699999977, -23.546754499999956 ], [ -46.644988, -23.546533 ], [ -46.644781599999938, -23.546371299999983 ], [ -46.644376099999931, -23.546447899999976 ] ] ] } },
{ "type": "Feature", "properties": { "loja_id": "AG09", "CD_SETOR": "355030866000024", "fracao": 0.87996771683872776, "pop": 413, "domicilios": 239, "renda_resp": 9017.12, "classe_pof": "47562" }, "geometry": { "type": "Polygon", "coordinates": [ [ [ -46.643524119194282, -23.551147610665051 ], [ -46.643843649501513, -23.550506626459569 ], [ -46.643145, -23.550203 ], [ -46.643375, -23.551086 ], [ -46.643524119194282, -23.551147610665051 ] ] ] } },
{ "type": "Feature", "properties": { "loja_id": "AG09", "CD_SETOR": "355030866000029", "fracao": 1.0, "pop": 176, "domicilios": 79, "renda_resp": 14089.36, "classe_pof": "47563" }, "geometry": { "type": "Polygon", "coordinates": [ [ [ -46.645876, -23.550695 ], [ -46.64631, -23.550836 ], [ -46.646665, -23.550143 ], [ -46.646113, -23.549961 ], [ -46.645876, -23.550695 ] ] ] } },
{ "type": "Feature", "properties": { "loja_id": "AG09", "CD_SETOR": "355030866000032", "fracao": 0.99999999999999989, "pop": 94, "domicilios": 78, "renda_resp": 5576.17, "classe_pof": "47561" }, "geometry": { "type": "Polygon", "coordinates": [ [ [ -46.644834, -23.546049 ], [ -46.645255, -23.547471 ], [ -46.646012, -23.547307 ], [ -46.645966, -23.547127 ], [ -46.646043, -23.547071 ], [ -46.644834, -23.546049 ] ] ] } },
{ "type": "Feature", "properties": { "loja_id": "AG09", "CD_SETOR": "355030866000034", "fracao": 1.0, "pop": 256, "domicilios": 140, "renda_resp": 15871.53, "classe_pof": "47563" }, "geometry": { "type": "Polygon", "coordinates": [ [ [ -46.643512, -23.544931 ], [ -46.645038, -23.546221 ], [ -46.645105, -23.54614 ], [ -46.645539, -23.546056 ], [ -46.645493, -23.544734 ], [ -46.644489, -23.544761 ], [ -46.644321, -23.544193 ], [ -46.643512, -23.544931 ] ] ] } },
{ "type": "Feature", "properties": { "loja_id": "AG09", "CD_SETOR": "355030866000038", "fracao": 1.0, "pop": 659, "domicilios": 302, "renda_resp": 3910.59, "classe_pof": "47560" }, "geometry": { "type": "Polygon", "coordinates": [ [ [ -46.636724, -23.541741 ], [ -46.637358699999936, -23.542137799999974 ], [ -46.637600499999962, -23.541855599999959 ], [ -46.637797, -23.541989199999929 ], [ -46.637616699999967, -23.542299599999978 ], [ -46.637944, -23.542485 ], [ -46.639419, -23.54059 ], [ -46.63822, -23.539685 ], [ -46.636724, -23.541741 ] ] ] } },
{ "type": "Feature", "properties": { "loja_id": "AG09", "CD_SETOR": "355030866000047", "fracao": 0.9988542331166046, "pop": 220, "domicilios": 156, "renda_resp": 7713.15, "classe_pof": "47561" }, "geometry": { "type": "Polygon", "coordinates": [ [ [ -46.641627, -23.551141 ], [ -46.641931945418797, -23.551158178845327 ], [ -46.642033799999979, -23.550720799999961 ], [ -46.641946, -23.550663 ], [ -46.641478, -23.55088 ], [ -46.641627, -23.551141 ] ] ] } },
{ "type": "Feature", "properties": { "loja_id": "AG09", "CD_SETOR": "355030866000048", "fracao": 0.077734532939980991, "pop": 219, "domicilios": 137, "renda_resp": 6026.12, "classe_pof": "47561" }, "geometry": { "type": "Polygon", "coordinates": [ [ [ -46.64162138448183, -23.551214001741243 ], [ -46.641897648474306, -23.551164343705786 ], [ -46.641627, -23.551141 ], [ -46.64162138448183, -23.551214001741243 ] ] ] } },
{ "type": "Feature", "properties": { "loja_id": "AG09", "CD_SETOR": "355030866000056", "fracao": 0.0056578067968454009, "pop": 178, "domicilios": 84, "renda_resp": 5634.84, "classe_pof": "47561" }, "geometry": { "type": "Polygon", "coordinates": [ [ [ -46.64631, -23.550836 ], [ -46.64594, -23.550718 ], [ -46.645876, -23.550695 ], [ -46.645873773416767, -23.550701180701921 ], [ -46.64631, -23.550836 ] ] ] } },
{ "type": "Feature", "properties": { "loja_id": "AG09", "CD_SETOR": "355030866000057", "fracao": 0.99999999999999978, "pop": 339, "domicilios": 206, "renda_resp": 6166.15, "classe_pof": "47561" }, "geometry": { "type": "Polygon", "coordinates": [ [ [ -46.64593, -23.54598 ], [ -46.646173, -23.547069 ], [ -46.646151, -23.547286 ], [ -46.646628, -23.547295 ], [ -46.646589, -23.545862 ], [ -46.64593, -23.54598 ] ] ] } },
{ "type": "Feature", "properties": { "loja_id": "AG09", "CD_SETOR": "355030866000058", "fracao": 1.0, "pop": 262, "domicilios": 156, "renda_resp": 9810.48, "classe_pof": "47562" }, "geometry": { "type": "Polygon", "coordinates": [ [ [ -46.645468, -23.543901 ], [ -46.645493, -23.544734 ], [ -46.646553, -23.544708 ], [ -46.646524, -23.54383 ], [ -46.645468, -23.543901 ] ] ] } },
{ "type": "Feature", "properties": { "loja_id": "AG09", "CD_SETOR": "355030866000060", "fracao": 1.0, "pop": 234, "domicilios": 131, "renda_resp": 3985.33, "classe_pof": "47560" }, "geometry": { "type": "Polygon", "coordinates": [ [ [ -46.644435, -23.542687 ], [ -46.645452, -23.543308 ], [ -46.645441, -23.541765 ], [ -46.644435, -23.542687 ] ] ] } },
{ "type": "Feature", "properties": { "loja_id": "AG09", "CD_SETOR": "355030866000064", "fracao": 1.0, "pop": 346, "domicilios": 157, "renda_resp": 3701.97, "classe_pof": "47560" }, "geometry": { "type": "Polygon", "coordinates": [ [ [ -46.641527, -23.540821 ], [ -46.642233, -23.541254 ], [ -46.643411, -23.540587 ], [ -46.642239, -23.539881 ], [ -46.641527, -23.540821 ] ], [ [ -46.642193199999952, -23.540588699999944 ], [ -46.642361899999969, -23.540390299999952 ], [ -46.642618699999964, -23.540543399999926 ], [ -46.642439, -23.540761 ], [ -46.642193199999952, -23.540588699999944 ] ] ] } },
{ "type": "Feature", "properties": { "loja_id": "AG09", "CD_SETOR": "355030866000065", "fracao": 1.0, "pop": 516, "domicilios": 178, "renda_resp": 3591.01, "classe_pof": "47560" }, "geometry": { "type": "Polygon", "coordinates": [ [ [ -46.640926499999978, -23.540145099999958 ], [ -46.64124929999997, -23.540360099999933 ], [ -46.641449399999942, -23.540124 ], [ -46.641675599999985, -23.540267099999937 ], [ -46.641614, -23.540336899999939 ], [ -46.641803599999946, -23.540455099999967 ], [ -46.642239, -23.539881 ], [ -46.641441, -23.5394 ], [ -46.640926499999978, -23.540145099999958 ] ] ] } },
{ "type": "Feature", "properties": { "loja_id": "AG09", "CD_SETOR": "355030866000067", "fracao": 1.0, "pop": 351, "domicilios": 156, "renda_resp": 2220.91, "classe_pof": "47559" }, "geometry": { "type": "Polygon", "coordinates": [ [ [ -46.639419, -23.54059 ], [ -46.640128, -23.541135 ], [ -46.640687599999978, -23.540397099999943 ], [ -46.640499199999965, -23.540303499999943 ], [ -46.640410299999985, -23.540402399999945 ], [ -46.639981099999943, -23.540140799999957 ], [ -46.640136499999983, -23.539927499999973 ], [ -46.639992, -23.539835 ], [ -46.639419, -23.54059 ] ] ] } },
{ "type": "Feature", "properties": { "loja_id": "AG09", "CD_SETOR": "355030866000087", "fracao": 1.0, "pop": 305, "domicilios": 149, "renda_resp": 4967.14, "classe_pof": "47561" }, "geometry": { "type": "Polygon", "coordinates": [ [ [ -46.646553, -23.544708 ], [ -46.646576, -23.545432 ], [ -46.647776, -23.545393 ], [ -46.647761, -23.544675 ], [ -46.646553, -23.544708 ] ] ] } },
{ "type": "Feature", "properties": { "loja_id": "AG09", "CD_SETOR": "355030866000089", "fracao": 0.99999999999999989, "pop": 287, "domicilios": 139, "renda_resp": 4657.19, "classe_pof": "47560" }, "geometry": { "type": "Polygon", "coordinates": [ [ [ -46.646223, -23.543411899999967 ], [ -46.646226499999955, -23.543608699999933 ], [ -46.6465214, -23.543605199999941 ], [ -46.646489, -23.542789 ], [ -46.645797, -23.542747599999927 ], [ -46.645782, -23.543160899999972 ], [ -46.645905099999936, -23.543163 ], [ -46.645901599999945, -23.543413399999963 ], [ -46.646223, -23.543411899999967 ] ] ] } },
{ "type": "Feature", "properties": { "loja_id": "AG09", "CD_SETOR": "355030866000090", "fracao": 0.99999999999999989, "pop": 249, "domicilios": 166, "renda_resp": 5126.66, "classe_pof": "47561" }, "geometry": { "type": "Polygon", "coordinates": [ [ [ -46.64658, -23.541471 ], [ -46.645662, -23.54149 ], [ -46.645441, -23.541765 ], [ -46.645649, -23.541771 ], [ -46.645648, -23.542019199999974 ], [ -46.645842, -23.542013799999953 ], [ -46.645855199999971, -23.542329199999983 ], [ -46.646049599999969, -23.542328199999933 ], [ -46.646045699999945, -23.542112899999942 ], [ -46.646308399999953, -23.542109 ], [ -46.646303599999953, -23.541770899999957 ], [ -46.646516, -23.541771 ], [ -46.64658, -23.541471 ] ] ] } },
{ "type": "Feature", "properties": { "loja_id": "AG09", "CD_SETOR": "355030866000091", "fracao": 1.0, "pop": 240, "domicilios": 148, "renda_resp": 3348.18, "classe_pof": "47560" }, "geometry": { "type": "Polygon", "coordinates": [ [ [ -46.645435, -23.542734 ], [ -46.646489, -23.542789 ], [ -46.646516, -23.541771 ], [ -46.646303599999953, -23.541770899999957 ], [ -46.646308399999953, -23.542109 ], [ -46.646045699999945, -23.542112899999942 ], [ -46.646049599999969, -23.542328199999933 ], [ -46.645855199999971, -23.542329199999983 ], [ -46.645842, -23.542013799999953 ], [ -46.645648, -23.542019199999974 ], [ -46.645649, -23.541771 ], [ -46.645441, -23.541765 ], [ -46.645435, -23.542734 ] ] ] } },
{ "type": "Feature", "properties": { "loja_id": "AG09", "CD_SETOR": "355030866000094", "fracao": 1.0, "pop": 657, "domicilios": 180, "renda_resp": 4059.01, "classe_pof": "47560" }, "geometry": { "type": "Polygon", "coordinates": [ [ [ -46.643175, -23.538655 ], [ -46.642239, -23.539881 ], [ -46.642857, -23.540254 ], [ -46.643824, -23.539078 ], [ -46.643175, -23.538655 ] ] ] } },
{ "type": "Feature", "properties": { "loja_id": "AG09", "CD_SETOR": "355030866000096", "fracao": 0.99999999999999989, "pop": 323, "domicilios": 137, "renda_resp": 2895.01, "classe_pof": "47560" }, "geometry": { "type": "Polygon", "coordinates": [ [ [ -46.639992, -23.539835 ], [ -46.640746, -23.540321 ], [ -46.641441, -23.5394 ], [ -46.640672, -23.538933 ], [ -46.639992, -23.539835 ] ] ] } },
{ "type": "Feature", "properties": { "loja_id": "AG09", "CD_SETOR": "355030866000101", "fracao": 1.0, "pop": 448, "domicilios": 227, "renda_resp": 4606.75, "classe_pof": "47560" }, "geometry": { "type": "Polygon", "coordinates": [ [ [ -46.646516, -23.541771 ], [ -46.646489, -23.542789 ], [ -46.647687, -23.542777499999946 ], [ -46.64767, -23.541750099999941 ], [ -46.646516, -23.541771 ] ] ] } },
{ "type": "Feature", "properties": { "loja_id": "AG09", "CD_SETOR": "355030866000102", "fracao": 0.99999999999999944, "pop": 268, "domicilios": 161, "renda_resp": 5465.42, "classe_pof": "47561" }, "geometry": { "type": "Polygon", "coordinates": [ [ [ -46.645714099999964, -23.53989659999996 ], [ -46.645841299999972, -23.540273899999931 ], [ -46.64574349999998, -23.540294899999935 ], [ -46.646018199999958, -23.541302699999957 ], [ -46.645662, -23.54149 ], [ -46.646424399999944, -23.541476399999961 ], [ -46.64635, -23.541005299999938 ], [ -46.646553599999947, -23.540950199999944 ], [ -46.646315799999975, -23.539895699999935 ], [ -46.645969399999956, -23.540004899999932 ], [ -46.64590759999993, -23.539833199999968 ], [ -46.645714099999964, -23.53989659999996 ] ] ] } },
{ "type": "Feature", "properties": { "loja_id": "AG09", "CD_SETOR": "355030866000106", "fracao": 0.99999999999999989, "pop": 271, "domicilios": 93, "renda_resp": 2344.97, "classe_pof": "47559" }, "geometry": { "type": "Polygon", "coordinates": [ [ [ -46.639346, -23.538139 ], [ -46.641441, -23.5394 ], [ -46.641915, -23.538769 ], [ -46.639864, -23.537415 ], [ -46.639346, -23.538139 ] ] ] } },
{ "type": "Feature", "properties": { "loja_id": "AG09", "CD_SETOR": "355030866000107", "fracao": 1.0, "pop": 440, "domicilios": 175, "renda_resp": 3262.74, "classe_pof": "47560" }, "geometry": { "type": "Polygon", "coordinates": [ [ [ -46.641194, -23.53829 ], [ -46.641915, -23.538769 ], [ -46.642393, -23.538141 ], [ -46.64169, -23.537577 ], [ -46.641194, -23.53829 ] ] ] } },
{ "type": "Feature", "properties": { "loja_id": "AG09", "CD_SETOR": "355030866000112", "fracao": 1.0, "pop": 425, "domicilios": 177, "renda_resp": 3076.08, "classe_pof": "47560" }, "geometry": { "type": "Polygon", "coordinates": [ [ [ -46.639070099999969, -23.536893099999933 ], [ -46.641167, -23.538273 ], [ -46.64169, -23.537577 ], [ -46.639671, -23.536135 ], [ -46.639070099999969, -23.536893099999933 ] ] ] } },
{ "type": "Feature", "properties": { "loja_id": "AG09", "CD_SETOR": "355030866000113", "fracao": 0.95062423017545317, "pop": 214, "domicilios": 75, "renda_resp": 3481.59, "classe_pof": "47560" }, "geometry": { "type": "Polygon", "coordinates": [ [ [ -46.640264799999954, -23.536546199999968 ], [ -46.640627299999949, -23.53604809999996 ], [ -46.640783899999974, -23.536152 ], [ -46.641162, -23.535619 ], [ -46.640725584357007, -23.535312463482793 ], [ -46.640272046882785, -23.535394830550153 ], [ -46.639671, -23.536135 ], [ -46.640264799999954, -23.536546199999968 ] ] ] } },
{ "type": "Feature", "properties": { "loja_id": "AG09", "CD_SETOR": "355030866000114", "fracao": 0.65929494951153333, "pop": 427, "domicilios": 152, "renda_resp": 3417.94, "classe_pof": "47560" }, "geometry": { "type": "Polygon", "coordinates": [ [ [ -46.638649681301949, -23.535689457275268 ], [ -46.638171, -23.536302 ], [ -46.639070099999969, -23.536893099999933 ], [ -46.640272046882785, -23.535394830550153 ], [ -46.638649681301949, -23.535689457275268 ] ] ] } },
{ "type": "Feature", "properties": { "loja_id": "AG09", "CD_SETOR": "355030866000115", "fracao": 0.25427941069737664, "pop": 198, "domicilios": 78, "renda_resp": 2273.69, "classe_pof": "47559" }, "geometry": { "type": "MultiPolygon", "coordinates": [ [ [ [ -46.636895040154705, -23.536008085356304 ], [ -46.636916, -23.536691 ], [ -46.637423125890258, -23.535912191646041 ], [ -46.636895040154705, -23.536008085356304 ] ] ], [ [ [ -46.638171, -23.536302 ], [ -46.638244, -23.536209 ], [ -46.638649681301949, -23.535689457275268 ], [ -46.637551010860093, -23.535888969060707 ], [ -46.638171, -23.536302 ] ] ] ] } },
{ "type": "Feature", "properties": { "loja_id": "AG09", "CD_SETOR": "355030866000116", "fracao": 1.0, "pop": 194, "domicilios": 114, "renda_resp": 5492.52, "classe_pof": "47561" }, "geometry": { "type": "Polygon", "coordinates": [ [ [ -46.644440199999963, -23.548646299999973 ], [ -46.645374, -23.548582 ], [ -46.645329699999934, -23.548168199999957 ], [ -46.644954799999937, -23.548207 ], [ -46.64438819999998, -23.548467799999958 ], [ -46.644440199999963, -23.548646299999973 ] ] ] } },
{ "type": "Feature", "properties": { "loja_id": "AG09", "CD_SETOR": "355030866000118", "fracao": 0.99999999999999989, "pop": 477, "domicilios": 214, "renda_resp": 4216.28, "classe_pof": "47560" }, "geometry": { "type": "Polygon", "coordinates": [ [ [ -46.637944, -23.542485 ], [ -46.638339, -23.542717 ], [ -46.639266, -23.541619 ], [ -46.638875, -23.541313 ], [ -46.637944, -23.542485 ] ] ] } },
{ "type": "Feature", "properties": { "loja_id": "AG09", "CD_SETOR": "355030866000120", "fracao": 1.0, "pop": 160, "domicilios": 114, "renda_resp": 8870.4, "classe_pof": "47562" }, "geometry": { "type": "Polygon", "coordinates": [ [ [ -46.645317199999965, -23.548052099999943 ], [ -46.645643499999949, -23.548028699999971 ], [ -46.645569, -23.547402799999922 ], [ -46.645255, -23.547471 ], [ -46.645317199999965, -23.548052099999943 ] ] ] } },
{ "type": "Feature", "properties": { "loja_id": "AG09", "CD_SETOR": "355030866000121", "fracao": 0.99999999999999978, "pop": 343, "domicilios": 163, "renda_resp": 5587.29, "classe_pof": "47561" }, "geometry": { "type": "Polygon", "coordinates": [ [ [ -46.644321, -23.544193 ], [ -46.644489, -23.544761 ], [ -46.645493, -23.544734 ], [ -46.645467, -23.543857 ], [ -46.644564, -23.543879 ], [ -46.644412, -23.54379 ], [ -46.644321, -23.544193 ] ] ] } },
{ "type": "Feature", "properties": { "loja_id": "AG09", "CD_SETOR": "355030866000122", "fracao": 0.99999999999999967, "pop": 180, "domicilios": 93, "renda_resp": 3640.69, "classe_pof": "47560" }, "geometry": { "type": "Polygon", "coordinates": [ [ [ -46.641383399999938, -23.541728799999927 ], [ -46.641579, -23.541576 ], [ -46.64141989999996, -23.541323099999939 ], [ -46.641266499999979, -23.541517899999974 ], [ -46.641383399999938, -23.541728799999927 ] ] ] } },
{ "type": "Feature", "properties": { "loja_id": "AG09", "CD_SETOR": "355030866000123", "fracao": 0.99999999999999978, "pop": 168, "domicilios": 93, "renda_resp": 4322.98, "classe_pof": "47560" }, "geometry": { "type": "Polygon", "coordinates": [ [ [ -46.637616699999967, -23.542299599999978 ], [ -46.637797, -23.541989199999929 ], [ -46.637600499999962, -23.541855599999959 ], [ -46.637358699999936, -23.542137799999974 ], [ -46.637616699999967, -23.542299599999978 ] ] ] } },
{ "type": "Feature", "properties": { "loja_id": "AG09", "CD_SETOR": "355030866000124", "fracao": 1.0, "pop": 478, "domicilios": 188, "renda_resp": 2883.76, "classe_pof": "47560" }, "geometry": { "type": "Polygon", "coordinates": [ [ [ -46.634479499999941, -23.541859899999963 ], [ -46.635126799999966, -23.541598099999927 ], [ -46.635084699999936, -23.541404799999953 ], [ -46.634346199999982, -23.541642299999978 ], [ -46.634479499999941, -23.541859899999963 ] ] ] } },
{ "type": "Feature", "properties": { "loja_id": "AG09", "CD_SETOR": "355030866000125", "fracao": 0.91467434170432971, "pop": 245, "domicilios": 154, "renda_resp": 7576.1, "classe_pof": "47561" }, "geometry": { "type": "Polygon", "coordinates": [ [ [ -46.641968599999984, -23.550683799999945 ], [ -46.642033799999979, -23.550720799999961 ], [ -46.641931945418797, -23.551158178845327 ], [ -46.642291999998953, -23.551093458709232 ], [ -46.642481, -23.550719 ], [ -46.642058, -23.550544 ], [ -46.641968599999984, -23.550683799999945 ] ] ] } },
{ "type": "Feature", "properties": { "loja_id": "AG09", "CD_SETOR": "355030866000128", "fracao": 0.99999999999999989, "pop": 285, "domicilios": 146, "renda_resp": 3869.66, "classe_pof": "47560" }, "geometry": { "type": "Polygon", "coordinates": [ [ [ -46.642439, -23.540761 ], [ -46.642618699999964, -23.540543399999926 ], [ -46.642361899999969, -23.540390299999952 ], [ -46.642193199999952, -23.540588699999944 ], [ -46.642439, -23.540761 ] ] ] } },
{ "type": "Feature", "properties": { "loja_id": "AG09", "CD_SETOR": "355030866000130", "fracao": 1.0, "pop": 382, "domicilios": 106, "renda_resp": 2536.11, "classe_pof": "47560" }, "geometry": { "type": "Polygon", "coordinates": [ [ [ -46.640746, -23.540321 ], [ -46.640136499999983, -23.539927499999973 ], [ -46.639981099999943, -23.540140799999957 ], [ -46.640410299999985, -23.540402399999945 ], [ -46.640499199999965, -23.540303499999943 ], [ -46.640687599999978, -23.540397099999943 ], [ -46.640746, -23.540321 ] ] ] } },
{ "type": "Feature", "properties": { "loja_id": "AG09", "CD_SETOR": "355030866000131", "fracao": 0.99999999999999967, "pop": 353, "domicilios": 138, "renda_resp": 2965.99, "classe_pof": "47560" }, "geometry": { "type": "Polygon", "coordinates": [ [ [ -46.63822, -23.539685 ], [ -46.639419, -23.54059 ], [ -46.639992, -23.539835 ], [ -46.638711, -23.53901 ], [ -46.63822, -23.539685 ] ] ] } },
{ "type": "Feature", "properties": { "loja_id": "AG09", "CD_SETOR": "355030866000132", "fracao": 0.081992970182995575, "pop": 235, "domicilios": 109, "renda_resp": 3151.73, "classe_pof": "47560" }, "geometry": { "type": "Polygon", "coordinates": [ [ [ -46.63612, -23.536488799999965 ], [ -46.63609026366936, -23.536339957781031 ], [ -46.635727670164854, -23.536570566851474 ], [ -46.63612, -23.536488799999965 ] ] ] } },
{ "type": "Feature", "properties": { "loja_id": "AG09", "CD_SETOR": "355030866000136", "fracao": 1.0, "pop": 461, "domicilios": 247, "renda_resp": 7992.05, "classe_pof": "47561" }, "geometry": { "type": "Polygon", "coordinates": [ [ [ -46.647376399999985, -23.545952399999976 ], [ -46.647153399999979, -23.545966599999929 ], [ -46.647158199999978, -23.546025199999978 ], [ -46.647426199999984, -23.546310499999951 ], [ -46.647283199999954, -23.546403499999943 ], [ -46.647013299999969, -23.546894099999978 ], [ -46.646622, -23.546929 ], [ -46.646628, -23.547295 ], [ -46.647813, -23.547623 ], [ -46.647864, -23.546428 ], [ -46.647778899999935, -23.545549699999981 ], [ -46.647550799999976, -23.545553299999941 ], [ -46.64755219999995, -23.54573209999996 ], [ -46.647374099999979, -23.545742 ], [ -46.647376399999985, -23.545952399999976 ] ] ] } },
{ "type": "Feature", "properties": { "loja_id": "AG09", "CD_SETOR": "355030866000137", "fracao": 0.99999999999999978, "pop": 616, "domicilios": 211, "renda_resp": 2038.77, "classe_pof": "47559" }, "geometry": { "type": "Polygon", "coordinates": [ [ [ -46.640423, -23.536656 ], [ -46.640783899999974, -23.536152 ], [ -46.640627299999949, -23.53604809999996 ], [ -46.640264799999954, -23.536546199999968 ], [ -46.640423, -23.536656 ] ] ] } },
{ "type": "Feature", "properties": { "loja_id": "AG09", "CD_SETOR": "355030866000142", "fracao": 0.99999999999999967, "pop": 124, "domicilios": 59, "renda_resp": 6855.95, "classe_pof": "47561" }, "geometry": { "type": "Polygon", "coordinates": [ [ [ -46.641027, -23.546131 ], [ -46.641368, -23.546448 ], [ -46.642903299999944, -23.546792399999951 ], [ -46.643073399999935, -23.546038599999974 ], [ -46.642401, -23.545933 ], [ -46.642784, -23.544843 ], [ -46.643107, -23.544632 ], [ -46.642635, -23.544283 ], [ -46.64193, -23.544916 ], [ -46.641027, -23.546131 ] ] ] } },
{ "type": "Feature", "properties": { "loja_id": "AG09", "CD_SETOR": "355030866000143", "fracao": 1.0, "pop": 316, "domicilios": 152, "renda_resp": 12167.39, "classe_pof": "47562" }, "geometry": { "type": "Polygon", "coordinates": [ [ [ -46.64328, -23.545121 ], [ -46.643512, -23.544931 ], [ -46.643107, -23.544632 ], [ -46.642927, -23.544696 ], [ -46.642784, -23.544843 ], [ -46.642401, -23.545933 ], [ -46.643073399999935, -23.546038599999974 ], [ -46.64328, -23.545121 ] ] ] } },
{ "type": "Feature", "properties": { "loja_id": "AG09", "CD_SETOR": "355030866000144", "fracao": 1.0, "pop": 177, "domicilios": 66, "renda_resp": 9872.04, "classe_pof": "47562" }, "geometry": { "type": "Polygon", "coordinates": [ [ [ -46.643847799999946, -23.548887699999959 ], [ -46.644559, -23.549454 ], [ -46.644826799999976, -23.549555299999952 ], [ -46.644949599999961, -23.549333299999947 ], [ -46.644440199999963, -23.548646299999973 ], [ -46.644252499999936, -23.548708799999925 ], [ -46.644198099999983, -23.548541799999956 ], [ -46.643847799999946, -23.548887699999959 ] ] ] } },
{ "type": "Feature", "properties": { "loja_id": "AG09", "CD_SETOR": "355030866000145", "fracao": 0.99999999999999989, "pop": 88, "domicilios": 59, "renda_resp": 5564.0, "classe_pof": "47561" }, "geometry": { "type": "Polygon", "coordinates": [ [ [ -46.646113, -23.549961 ], [ -46.646205699999939, -23.549718699999975 ], [ -46.645905099999936, -23.549636499999959 ], [ -46.64582409999997, -23.549872899999972 ], [ -46.646113, -23.549961 ] ] ] } },
{ "type": "Feature", "properties": { "loja_id": "AG09", "CD_SETOR": "355030866000146", "fracao": 1.0, "pop": 173, "domicilios": 103, "renda_resp": 10342.06, "classe_pof": "47562" }, "geometry": { "type": "Polygon", "coordinates": [ [ [ -46.64352219999995, -23.548610299999947 ], [ -46.643847799999946, -23.548887699999959 ], [ -46.644198099999983, -23.548541799999956 ], [ -46.644252499999936, -23.548708799999925 ], [ -46.644440199999963, -23.548646299999973 ], [ -46.644328, -23.548259599999938 ], [ -46.644103499999972, -23.548064699999944 ], [ -46.64352219999995, -23.548610299999947 ] ] ] } },
{ "type": "Feature", "properties": { "loja_id": "AG09", "CD_SETOR": "355030866000147", "fracao": 1.0, "pop": 134, "domicilios": 84, "renda_resp": 4978.63, "classe_pof": "47561" }, "geometry": { "type": "Polygon", "coordinates": [ [ [ -46.644894099999931, -23.549359199999969 ], [ -46.644826799999976, -23.549555299999952 ], [ -46.645585399999966, -23.549799599999968 ], [ -46.645741899999962, -23.549361399999949 ], [ -46.645416, -23.549226599999937 ], [ -46.644894099999931, -23.549359199999969 ] ] ] } },
{ "type": "Feature", "properties": { "loja_id": "AG09", "CD_SETOR": "355030866000148", "fracao": 1.0, "pop": 317, "domicilios": 172, "renda_resp": 2482.21, "classe_pof": "47560" }, "geometry": { "type": "Polygon", "coordinates": [ [ [ -46.639589099999966, -23.543551 ], [ -46.639939599999934, -23.543145 ], [ -46.640299599999935, -23.543653399999982 ], [ -46.641051, -23.543066 ], [ -46.640206, -23.54238 ], [ -46.638944, -23.543034 ], [ -46.639589099999966, -23.543551 ] ] ] } },
{ "type": "Feature", "properties": { "loja_id": "AG09", "CD_SETOR": "355030866000149", "fracao": 0.99999999999999978, "pop": 173, "domicilios": 93, "renda_resp": 3755.14, "classe_pof": "47560" }, "geometry": { "type": "Polygon", "coordinates": [ [ [ -46.639754499999981, -23.543683699999974 ], [ -46.640060799999958, -23.543317499999947 ], [ -46.639939599999934, -23.543145 ], [ -46.639589099999966, -23.543551 ], [ -46.639754499999981, -23.543683699999974 ] ] ] } },
{ "type": "Feature", "properties": { "loja_id": "AG09", "CD_SETOR": "355030866000150", "fracao": 0.99999999999999989, "pop": 122, "domicilios": 57, "renda_resp": 6692.53, "classe_pof": "47561" }, "geometry": { "type": "Polygon", "coordinates": [ [ [ -46.640007, -23.543886 ], [ -46.640299599999935, -23.543653399999982 ], [ -46.640060799999958, -23.543317499999947 ], [ -46.639754499999981, -23.543683699999974 ], [ -46.640007, -23.543886 ] ] ] } },
{ "type": "Feature", "properties": { "loja_id": "AG09", "CD_SETOR": "355030866000151", "fracao": 1.0, "pop": 281, "domicilios": 125, "renda_resp": 4117.06, "classe_pof": "47560" }, "geometry": { "type": "Polygon", "coordinates": [ [ [ -46.636422, -23.54087 ], [ -46.635636, -23.541193 ], [ -46.636346, -23.542911 ], [ -46.636514, -23.542047 ], [ -46.636724, -23.541741 ], [ -46.636586, -23.541656 ], [ -46.636422, -23.54087 ] ] ] } },
{ "type": "Feature", "properties": { "loja_id": "AG09", "CD_SETOR": "355030866000152", "fracao": 1.0, "pop": 134, "domicilios": 62, "renda_resp": 7313.93, "classe_pof": "47561" }, "geometry": { "type": "Polygon", "coordinates": [ [ [ -46.636346, -23.542911 ], [ -46.637516, -23.543027 ], [ -46.637832, -23.543468 ], [ -46.638031, -23.543544 ], [ -46.638727, -23.543155 ], [ -46.638644, -23.542902 ], [ -46.636724, -23.541741 ], [ -46.636514, -23.542047 ], [ -46.636346, -23.542911 ] ] ] } },
{ "type": "Feature", "properties": { "loja_id": "AG09", "CD_SETOR": "355030866000153", "fracao": 0.99999999999999989, "pop": 242, "domicilios": 133, "renda_resp": 5324.27, "classe_pof": "47561" }, "geometry": { "type": "Polygon", "coordinates": [ [ [ -46.640323, -23.5485 ], [ -46.640426, -23.548443 ], [ -46.641048699999942, -23.548529699999957 ], [ -46.641090299999981, -23.54814929999997 ], [ -46.640490099999973, -23.548096199999975 ], [ -46.640567099999942, -23.548188099999944 ], [ -46.640237, -23.548358 ], [ -46.640323, -23.5485 ] ] ] } },
{ "type": "Feature", "properties": { "loja_id": "AG09", "CD_SETOR": "355030866000155", "fracao": 0.99999999999999989, "pop": 160, "domicilios": 113, "renda_resp": 7195.93, "classe_pof": "47561" }, "geometry": { "type": "Polygon", "coordinates": [ [ [ -46.643788499999971, -23.546916799999966 ], [ -46.643921099999943, -23.547749499999956 ], [ -46.644365399999977, -23.547658399999936 ], [ -46.644166399999961, -23.546823299999975 ], [ -46.643788499999971, -23.546916799999966 ] ] ] } },
{ "type": "Feature", "properties": { "loja_id": "AG09", "CD_SETOR": "355030866000156", "fracao": 1.0, "pop": 142, "domicilios": 103, "renda_resp": 9042.16, "classe_pof": "47562" }, "geometry": { "type": "Polygon", "coordinates": [ [ [ -46.644166399999961, -23.546823299999975 ], [ -46.644365399999977, -23.547658399999936 ], [ -46.645255, -23.547471 ], [ -46.645089, -23.546871 ], [ -46.644828299999972, -23.546981099999975 ], [ -46.644703299999946, -23.546673099999968 ], [ -46.644166399999961, -23.546823299999975 ] ] ] } },
{ "type": "Feature", "properties": { "loja_id": "AG09", "CD_SETOR": "355030866000157", "fracao": 1.0, "pop": 217, "domicilios": 109, "renda_resp": 4697.24, "classe_pof": "47560" }, "geometry": { "type": "Polygon", "coordinates": [ [ [ -46.64252, -23.548517 ], [ -46.64225, -23.549761 ], [ -46.642696099999966, -23.549987099999949 ], [ -46.642543699999976, -23.550278699999971 ], [ -46.642702499999984, -23.550349399999963 ], [ -46.642669399999932, -23.550416399999964 ], [ -46.642911799999979, -23.550517399999936 ], [ -46.64307249999996, -23.550171399999954 ], [ -46.643145, -23.550203 ], [ -46.642688, -23.54861 ], [ -46.64252, -23.548517 ] ] ] } },
{ "type": "Feature", "properties": { "loja_id": "AG09", "CD_SETOR": "355030866000158", "fracao": 1.0, "pop": 290, "domicilios": 154, "renda_resp": 5134.81, "classe_pof": "47561" }, "geometry": { "type": "Polygon", "coordinates": [ [ [ -46.642058, -23.550544 ], [ -46.643375, -23.551086 ], [ -46.643145, -23.550203 ], [ -46.64307249999996, -23.550171399999954 ], [ -46.642911799999979, -23.550517399999936 ], [ -46.642669399999932, -23.550416399999964 ], [ -46.642702499999984, -23.550349399999963 ], [ -46.642543699999976, -23.550278699999971 ], [ -46.642696099999966, -23.549987099999949 ], [ -46.64225, -23.549761 ], [ -46.642058, -23.550544 ] ] ] } },
{ "type": "Feature", "properties": { "loja_id": "AG09", "CD_SETOR": "355030866000163", "fracao": 0.73563487512878389, "pop": 220, "domicilios": 157, "renda_resp": 8886.31, "classe_pof": "47562" }, "geometry": { "type": "Polygon", "coordinates": [ [ [ -46.645983499999943, -23.550379299999978 ], [ -46.645500799999979, -23.550242599999933 ], [ -46.645572399999935, -23.550027599999961 ], [ -46.645432399999947, -23.549976899999933 ], [ -46.64533, -23.549721 ], [ -46.645079, -23.550032 ], [ -46.645342, -23.550199 ], [ -46.645491820411053, -23.55056734832938 ], [ -46.645876, -23.550695 ], [ -46.645983499999943, -23.550379299999978 ] ] ] } },
{ "type": "Feature", "properties": { "loja_id": "AG09", "CD_SETOR": "355030866000164", "fracao": 1.0, "pop": 212, "domicilios": 125, "renda_resp": 10896.54, "classe_pof": "47562" }, "geometry": { "type": "Polygon", "coordinates": [ [ [ -46.645983499999943, -23.550379299999978 ], [ -46.646113, -23.549961 ], [ -46.64533, -23.549721 ], [ -46.645432399999947, -23.549976899999933 ], [ -46.645572399999935, -23.550027599999961 ], [ -46.645500799999979, -23.550242599999933 ], [ -46.645983499999943, -23.550379299999978 ] ] ] } },
{ "type": "Feature", "properties": { "loja_id": "AG09", "CD_SETOR": "355030866000165", "fracao": 1.0, "pop": 131, "domicilios": 96, "renda_resp": 4779.38, "classe_pof": "47560" }, "geometry": { "type": "Polygon", "coordinates": [ [ [ -46.645571899999936, -23.547439299999947 ], [ -46.645643499999949, -23.548028699999971 ], [ -46.645981499999948, -23.547974299999968 ], [ -46.645766, -23.54736 ], [ -46.645571899999936, -23.547439299999947 ] ] ] } },
{ "type": "Feature", "properties": { "loja_id": "AG09", "CD_SETOR": "355030866000166", "fracao": 1.0, "pop": 134, "domicilios": 75, "renda_resp": 10971.01, "classe_pof": "47562" }, "geometry": { "type": "Polygon", "coordinates": [ [ [ -46.645852599999955, -23.548172599999937 ], [ -46.645775599999979, -23.548196799999971 ], [ -46.645891199999937, -23.548521099999956 ], [ -46.646148099999948, -23.548441099999934 ], [ -46.645981499999948, -23.547974299999968 ], [ -46.645798199999945, -23.548043599999975 ], [ -46.645852599999955, -23.548172599999937 ] ] ] } },
{ "type": "Feature", "properties": { "loja_id": "AG09", "CD_SETOR": "355030866000167", "fracao": 1.0, "pop": 172, "domicilios": 112, "renda_resp": 9722.12, "classe_pof": "47562" }, "geometry": { "type": "Polygon", "coordinates": [ [ [ -46.64677, -23.54731 ], [ -46.645766, -23.54736 ], [ -46.646307799999931, -23.548890699999955 ], [ -46.646052099999963, -23.548956099999945 ], [ -46.645775599999979, -23.548196799999971 ], [ -46.645852599999955, -23.548172599999937 ], [ -46.64577769999994, -23.547984299999936 ], [ -46.645317199999965, -23.548052099999943 ], [ -46.64543, -23.549148 ], [ -46.64555, -23.549299 ], [ -46.646271, -23.549537 ], [ -46.646113, -23.549961 ], [ -46.646665, -23.550143 ], [ -46.647214, -23.54868 ], [ -46.647813, -23.547623 ], [ -46.64677, -23.54731 ] ] ] } },
{ "type": "Feature", "properties": { "loja_id": "AG09", "CD_SETOR": "355030866000168", "fracao": 0.99999999999999989, "pop": 108, "domicilios": 86, "renda_resp": 5732.44, "classe_pof": "47561" }, "geometry": { "type": "Polygon", "coordinates": [ [ [ -46.645946399999957, -23.548672 ], [ -46.646203199999952, -23.548594199999968 ], [ -46.646148099999948, -23.548441099999934 ], [ -46.645891199999937, -23.548521099999956 ], [ -46.645946399999957, -23.548672 ] ] ] } },
{ "type": "Feature", "properties": { "loja_id": "AG09", "CD_SETOR": "355030866000169", "fracao": 1.0, "pop": 147, "domicilios": 88, "renda_resp": 11032.41, "classe_pof": "47562" }, "geometry": { "type": "Polygon", "coordinates": [ [ [ -46.646052099999963, -23.548956099999945 ], [ -46.646307799999931, -23.548890699999955 ], [ -46.646203199999952, -23.548594199999968 ], [ -46.645946399999957, -23.548672 ], [ -46.646052099999963, -23.548956099999945 ] ] ] } },
{ "type": "Feature", "properties": { "loja_id": "AG09", "CD_SETOR": "355030866000170", "fracao": 0.99999999999999989, "pop": 67, "domicilios": 43, "renda_resp": 4419.83, "classe_pof": "47560" }, "geometry": { "type": "Polygon", "coordinates": [ [ [ -46.645105, -23.54614 ], [ -46.645038, -23.546221 ], [ -46.645729, -23.546806 ], [ -46.645914699999935, -23.546716899999971 ], [ -46.645903399999952, -23.546637899999947 ], [ -46.646074, -23.546606599999954 ], [ -46.64593, -23.54598 ], [ -46.645105, -23.54614 ] ] ] } },
{ "type": "Feature", "properties": { "loja_id": "AG09", "CD_SETOR": "355030866000171", "fracao": 1.0, "pop": 311, "domicilios": 175, "renda_resp": 3871.25, "classe_pof": "47560" }, "geometry": { "type": "Polygon", "coordinates": [ [ [ -46.646043, -23.547071 ], [ -46.645966, -23.547127 ], [ -46.646012, -23.547307 ], [ -46.646151, -23.547286 ], [ -46.646164, -23.547187 ], [ -46.646074, -23.546606599999954 ], [ -46.645903399999952, -23.546637899999947 ], [ -46.645914699999935, -23.546716899999971 ], [ -46.645729, -23.546806 ], [ -46.646043, -23.547071 ] ] ] } },
{ "type": "Feature", "properties": { "loja_id": "AG09", "CD_SETOR": "355030866000172", "fracao": 0.99999999999999978, "pop": 1026, "domicilios": 486, "renda_resp": 6630.58, "classe_pof": "47561" }, "geometry": { "type": "Polygon", "coordinates": [ [ [ -46.638875, -23.541313 ], [ -46.639266, -23.541619 ], [ -46.638339, -23.542717 ], [ -46.638686, -23.542933 ], [ -46.638727, -23.543155 ], [ -46.641097, -23.541889 ], [ -46.639844, -23.540918 ], [ -46.639479799999947, -23.541353499999953 ], [ -46.639324899999963, -23.541234399999951 ], [ -46.639690099999939, -23.540797 ], [ -46.639419, -23.54059 ], [ -46.638875, -23.541313 ] ] ] } },
{ "type": "Feature", "properties": { "loja_id": "AG09", "CD_SETOR": "355030866000173", "fracao": 1.0, "pop": 269, "domicilios": 148, "renda_resp": 4970.5, "classe_pof": "47561" }, "geometry": { "type": "Polygon", "coordinates": [ [ [ -46.639690099999939, -23.540797 ], [ -46.639324899999963, -23.541234399999951 ], [ -46.639479799999947, -23.541353499999953 ], [ -46.639844, -23.540918 ], [ -46.639690099999939, -23.540797 ] ] ] } },
{ "type": "Feature", "properties": { "loja_id": "AG09", "CD_SETOR": "355030866000174", "fracao": 0.99999999999999978, "pop": 363, "domicilios": 186, "renda_resp": 3772.06, "classe_pof": "47560" }, "geometry": { "type": "Polygon", "coordinates": [ [ [ -46.636155, -23.539580199999936 ], [ -46.636314599999935, -23.540354599999951 ], [ -46.636640499999942, -23.540286599999945 ], [ -46.636854399999947, -23.539975 ], [ -46.636298, -23.539551 ], [ -46.636155, -23.539580199999936 ] ] ] } },
{ "type": "Feature", "properties": { "loja_id": "AG09", "CD_SETOR": "355030866000175", "fracao": 0.99999999999999989, "pop": 402, "domicilios": 188, "renda_resp": 6895.99, "classe_pof": "47561" }, "geometry": { "type": "Polygon", "coordinates": [ [ [ -46.637118199999975, -23.540469299999931 ], [ -46.637279399999954, -23.540255 ], [ -46.636854399999947, -23.539975 ], [ -46.636704499999951, -23.540194299999936 ], [ -46.637118199999975, -23.540469299999931 ] ] ] } },
{ "type": "Feature", "properties": { "loja_id": "AG09", "CD_SETOR": "355030866000176", "fracao": 1.0, "pop": 266, "domicilios": 79, "renda_resp": 6191.59, "classe_pof": "47561" }, "geometry": { "type": "Polygon", "coordinates": [ [ [ -46.636314599999935, -23.540354599999951 ], [ -46.636586, -23.541656 ], [ -46.636724, -23.541741 ], [ -46.637638, -23.540485 ], [ -46.637279399999954, -23.540255 ], [ -46.637118199999975, -23.540469299999931 ], [ -46.636704499999951, -23.540194299999936 ], [ -46.636640499999942, -23.540286599999945 ], [ -46.636314599999935, -23.540354599999951 ] ] ] } },
{ "type": "Feature", "properties": { "loja_id": "AG09", "CD_SETOR": "355030866000177", "fracao": 0.99999999999999989, "pop": 162, "domicilios": 87, "renda_resp": 3679.95, "classe_pof": "47560" }, "geometry": { "type": "Polygon", "coordinates": [ [ [ -46.634899599999983, -23.539061699999941 ], [ -46.635421299999962, -23.540579199999964 ], [ -46.635757799999965, -23.540472199999954 ], [ -46.635972, -23.541022 ], [ -46.636422, -23.54087 ], [ -46.635986, -23.538758 ], [ -46.634899599999983, -23.539061699999941 ] ] ] } },
{ "type": "Feature", "properties": { "loja_id": "AG09", "CD_SETOR": "355030866000178", "fracao": 1.0, "pop": 419, "domicilios": 199, "renda_resp": 5656.41, "classe_pof": "47561" }, "geometry": { "type": "Polygon", "coordinates": [ [ [ -46.635421299999962, -23.540579199999964 ], [ -46.635667, -23.541125 ], [ -46.635972, -23.541022 ], [ -46.635757799999965, -23.540472199999954 ], [ -46.635421299999962, -23.540579199999964 ] ] ] } },
{ "type": "Feature", "properties": { "loja_id": "AG09", "CD_SETOR": "355030866000180", "fracao": 0.99748638890725128, "pop": 236, "domicilios": 110, "renda_resp": 3652.15, "classe_pof": "47560" }, "geometry": { "type": "Polygon", "coordinates": [ [ [ -46.634287, -23.541377 ], [ -46.635548, -23.540967 ], [ -46.635397299999966, -23.540517399999938 ], [ -46.63497069999994, -23.540657099999972 ], [ -46.634999099999959, -23.540756 ], [ -46.634387523719106, -23.540697570418736 ], [ -46.634278, -23.541287 ], [ -46.634287, -23.541377 ] ] ] } },
{ "type": "Feature", "properties": { "loja_id": "AG09", "CD_SETOR": "355030866000181", "fracao": 1.0, "pop": 167, "domicilios": 103, "renda_resp": 3287.87, "classe_pof": "47560" }, "geometry": { "type": "Polygon", "coordinates": [ [ [ -46.634162, -23.541342 ], [ -46.634346199999982, -23.541642299999978 ], [ -46.635084699999936, -23.541404799999953 ], [ -46.635178799999949, -23.541642799999977 ], [ -46.635552899999936, -23.541175799999955 ], [ -46.635456, -23.541036 ], [ -46.634365, -23.541389 ], [ -46.634162, -23.541342 ] ] ] } },
{ "type": "Feature", "properties": { "loja_id": "AG09", "CD_SETOR": "355030866000182", "fracao": 1.0, "pop": 252, "domicilios": 138, "renda_resp": 3761.44, "classe_pof": "47560" }, "geometry": { "type": "Polygon", "coordinates": [ [ [ -46.634479499999941, -23.541859899999963 ], [ -46.634701, -23.542005 ], [ -46.634878, -23.541998 ], [ -46.635178799999949, -23.541642799999977 ], [ -46.635126799999966, -23.541598099999927 ], [ -46.634479499999941, -23.541859899999963 ] ] ] } },
{ "type": "Feature", "properties": { "loja_id": "AG09", "CD_SETOR": "355030866000186", "fracao": 0.50665434371587004, "pop": 227, "domicilios": 116, "renda_resp": 3890.49, "classe_pof": "47560" }, "geometry": { "type": "Polygon", "coordinates": [ [ [ -46.638751, -23.549235 ], [ -46.638435656106452, -23.549763606349931 ], [ -46.639334, -23.550365 ], [ -46.639721, -23.550421 ], [ -46.640637, -23.550062 ], [ -46.641298802217634, -23.550963343262318 ], [ -46.641946, -23.550663 ], [ -46.642058, -23.550544 ], [ -46.640266, -23.549703 ], [ -46.640609, -23.549202 ], [ -46.639704, -23.549195 ], [ -46.639221, -23.549026 ], [ -46.638862, -23.548748 ], [ -46.638751, -23.549235 ] ] ] } },
{ "type": "Feature", "properties": { "loja_id": "AG09", "CD_SETOR": "355030866000187", "fracao": 1.0, "pop": 159, "domicilios": 68, "renda_resp": 5132.72, "classe_pof": "47561" }, "geometry": { "type": "Polygon", "coordinates": [ [ [ -46.641233899999975, -23.549314499999976 ], [ -46.641026, -23.549260099999966 ], [ -46.640866699999947, -23.549824199999932 ], [ -46.641069499999958, -23.549869599999962 ], [ -46.641233899999975, -23.549314499999976 ] ] ] } },
{ "type": "Feature", "properties": { "loja_id": "AG09", "CD_SETOR": "355030866000188", "fracao": 1.0, "pop": 474, "domicilios": 235, "renda_resp": 3837.88, "classe_pof": "47560" }, "geometry": { "type": "Polygon", "coordinates": [ [ [ -46.641951899999988, -23.549610699999963 ], [ -46.641595, -23.54945129999993 ], [ -46.641472499999963, -23.549762 ], [ -46.641841399999976, -23.54990179999993 ], [ -46.641951899999988, -23.549610699999963 ] ] ] } },
{ "type": "Feature", "properties": { "loja_id": "AG09", "CD_SETOR": "355030866000191", "fracao": 0.53940578909926895, "pop": 100, "domicilios": 58, "renda_resp": 6018.63, "classe_pof": "47561" }, "geometry": { "type": "Polygon", "coordinates": [ [ [ -46.64326959999994, -23.551082299999962 ], [ -46.642481, -23.550719 ], [ -46.642292, -23.551039 ], [ -46.642291999998953, -23.551093458709232 ], [ -46.643206560665895, -23.551166695971144 ], [ -46.64326959999994, -23.551082299999962 ] ] ] } },
{ "type": "Feature", "properties": { "loja_id": "AG09", "CD_SETOR": "355030866000192", "fracao": 0.28937950170467458, "pop": 143, "domicilios": 86, "renda_resp": 4391.3, "classe_pof": "47560" }, "geometry": { "type": "Polygon", "coordinates": [ [ [ -46.643380001498706, -23.551185261930925 ], [ -46.643296499999963, -23.551053799999973 ], [ -46.643206560665895, -23.551166695971144 ], [ -46.643380001498706, -23.551185261930925 ] ] ] } },
{ "type": "Feature", "properties": { "loja_id": "AG09", "CD_SETOR": "355030866000196", "fracao": 0.023169557254555436, "pop": 130, "domicilios": 53, "renda_resp": 5829.1, "classe_pof": "47561" }, "geometry": { "type": "Polygon", "coordinates": [ [ [ -46.643375, -23.551086 ], [ -46.643380001498706, -23.551185261930925 ], [ -46.643499, -23.551198 ], [ -46.643524119194282, -23.551147610665051 ], [ -46.643375, -23.551086 ] ] ] } },
{ "type": "Feature", "properties": { "loja_id": "AG09", "CD_SETOR": "355030866000202", "fracao": 0.99999999999999989, "pop": 238, "domicilios": 155, "renda_resp": 5116.62, "classe_pof": "47561" }, "geometry": { "type": "Polygon", "coordinates": [ [ [ -46.645435, -23.542734 ], [ -46.645454699999959, -23.543435199999976 ], [ -46.645901599999945, -23.543413399999963 ], [ -46.645905099999936, -23.543163 ], [ -46.645782, -23.543160899999972 ], [ -46.645797, -23.542747599999927 ], [ -46.645435, -23.542734 ] ] ] } },
{ "type": "Feature", "properties": { "loja_id": "AG09", "CD_SETOR": "355030866000203", "fracao": 1.0, "pop": 220, "domicilios": 107, "renda_resp": 6677.21, "classe_pof": "47561" }, "geometry": { "type": "Polygon", "coordinates": [ [ [ -46.64549379999994, -23.543435099999954 ], [ -46.645467, -23.543857 ], [ -46.646524, -23.54383 ], [ -46.6465214, -23.543605199999941 ], [ -46.646226499999955, -23.543608699999933 ], [ -46.646223, -23.543411899999967 ], [ -46.64549379999994, -23.543435099999954 ] ] ] } },
{ "type": "Feature", "properties": { "loja_id": "AG09", "CD_SETOR": "355030866000204", "fracao": 1.0, "pop": 360, "domicilios": 202, "renda_resp": 3033.72, "classe_pof": "47560" }, "geometry": { "type": "Polygon", "coordinates": [ [ [ -46.642233, -23.541254 ], [ -46.642707, -23.541573 ], [ -46.642968699999983, -23.541275199999973 ], [ -46.643045099999938, -23.541359099999969 ], [ -46.643246799999986, -23.541181399999964 ], [ -46.642882699999973, -23.540885899999967 ], [ -46.642233, -23.541254 ] ] ] } },
{ "type": "Feature", "properties": { "loja_id": "AG09", "CD_SETOR": "355030866000205", "fracao": 0.99999999999999989, "pop": 645, "domicilios": 325, "renda_resp": 7016.7, "classe_pof": "47561" }, "geometry": { "type": "Polygon", "coordinates": [ [ [ -46.642912599999931, -23.54091249999993 ], [ -46.643246799999986, -23.541181399999964 ], [ -46.64330039999993, -23.541134299999946 ], [ -46.643445299999939, -23.541252599999947 ], [ -46.643645399999969, -23.541026599999952 ], [ -46.643482499999948, -23.540911299999948 ], [ -46.643631, -23.540718 ], [ -46.643411, -23.540587 ], [ -46.642912599999931, -23.54091249999993 ] ] ] } },
{ "type": "Feature", "properties": { "loja_id": "AG09", "CD_SETOR": "355030866000208", "fracao": 1.0, "pop": 172, "domicilios": 46, "renda_resp": 2230.56, "classe_pof": "47559" }, "geometry": { "type": "Polygon", "coordinates": [ [ [ -46.640757, -23.540329 ], [ -46.641097399999978, -23.540545299999955 ], [ -46.64124929999997, -23.540360099999933 ], [ -46.640895199999932, -23.540124299999949 ], [ -46.640757, -23.540329 ] ] ] } },
{ "type": "Feature", "properties": { "loja_id": "AG09", "CD_SETOR": "355030866000209", "fracao": 0.99999999999999989, "pop": 400, "domicilios": 195, "renda_resp": 2632.43, "classe_pof": "47560" }, "geometry": { "type": "Polygon", "coordinates": [ [ [ -46.641125, -23.540518399999939 ], [ -46.641527, -23.540821 ], [ -46.641803599999946, -23.540455099999967 ], [ -46.641614, -23.540336899999939 ], [ -46.641675599999985, -23.540267099999937 ], [ -46.641449399999942, -23.540124 ], [ -46.641125, -23.540518399999939 ] ] ] } },
{ "type": "Feature", "properties": { "loja_id": "AG09", "CD_SETOR": "355030866000210", "fracao": 1.0, "pop": 245, "domicilios": 124, "renda_resp": 5121.97, "classe_pof": "47561" }, "geometry": { "type": "Polygon", "coordinates": [ [ [ -46.64044, -23.540722799999973 ], [ -46.640128, -23.541135 ], [ -46.640854, -23.54169 ], [ -46.641527, -23.540821 ], [ -46.641028799999958, -23.540501799999948 ], [ -46.640702699999963, -23.54090339999993 ], [ -46.64044, -23.540722799999973 ] ] ] } },
{ "type": "Feature", "properties": { "loja_id": "AG09", "CD_SETOR": "355030866000211", "fracao": 1.0, "pop": 374, "domicilios": 185, "renda_resp": 3472.65, "classe_pof": "47560" }, "geometry": { "type": "Polygon", "coordinates": [ [ [ -46.64044, -23.540722799999973 ], [ -46.640702699999963, -23.54090339999993 ], [ -46.641028799999958, -23.540501799999948 ], [ -46.640746, -23.540321 ], [ -46.64044, -23.540722799999973 ] ] ] } },
{ "type": "Feature", "properties": { "loja_id": "AG09", "CD_SETOR": "355030866000212", "fracao": 1.0, "pop": 0, "domicilios": 0, "renda_resp": null, "classe_pof": null }, "geometry": { "type": "Polygon", "coordinates": [ [ [ -46.638749, -23.539033 ], [ -46.639697099999978, -23.539645099999962 ], [ -46.639998099999957, -23.539281399999936 ], [ -46.639356199999952, -23.538876499999962 ], [ -46.639562399999932, -23.53860879999996 ], [ -46.63917239999995, -23.538374299999926 ], [ -46.638749, -23.539033 ] ] ] } },
{ "type": "Feature", "properties": { "loja_id": "AG09", "CD_SETOR": "355030866000213", "fracao": 0.99999999999999989, "pop": 282, "domicilios": 134, "renda_resp": 3702.45, "classe_pof": "47560" }, "geometry": { "type": "Polygon", "coordinates": [ [ [ -46.639205299999958, -23.538394399999962 ], [ -46.639562399999932, -23.53860879999996 ], [ -46.639356199999952, -23.538876499999962 ], [ -46.639998099999957, -23.539281399999936 ], [ -46.639697099999978, -23.539645099999962 ], [ -46.639992, -23.539835 ], [ -46.640672, -23.538933 ], [ -46.639346, -23.538139 ], [ -46.639205299999958, -23.538394399999962 ] ] ] } },
{ "type": "Feature", "properties": { "loja_id": "AG09", "CD_SETOR": "355030866000214", "fracao": 1.0, "pop": 158, "domicilios": 67, "renda_resp": 3858.1, "classe_pof": "47560" }, "geometry": { "type": "Polygon", "coordinates": [ [ [ -46.635986, -23.538758 ], [ -46.636545, -23.538651 ], [ -46.63733, -23.539112 ], [ -46.638486, -23.537621 ], [ -46.637566, -23.537063 ], [ -46.63694, -23.537882 ], [ -46.635805, -23.53787 ], [ -46.635986, -23.538758 ] ] ] } },
{ "type": "Feature", "properties": { "loja_id": "AG09", "CD_SETOR": "355030866000215", "fracao": 1.0, "pop": 210, "domicilios": 120, "renda_resp": 3465.2, "classe_pof": "47560" }, "geometry": { "type": "Polygon", "coordinates": [ [ [ -46.635986, -23.538758 ], [ -46.636155, -23.539580199999936 ], [ -46.636298, -23.539551 ], [ -46.637638, -23.540485 ], [ -46.63822, -23.539685 ], [ -46.636545, -23.538651 ], [ -46.635986, -23.538758 ] ] ] } },
{ "type": "Feature", "properties": { "loja_id": "AG09", "CD_SETOR": "355030866000218", "fracao": 0.97358998196774738, "pop": 47, "domicilios": 18, "renda_resp": 2795.93, "classe_pof": "47560" }, "geometry": { "type": "Polygon", "coordinates": [ [ [ -46.635727670164854, -23.536570566851474 ], [ -46.635558109131132, -23.536678406931973 ], [ -46.635613699999965, -23.53694059999998 ], [ -46.636435199999937, -23.536756099999927 ], [ -46.636333599999944, -23.536455599999954 ], [ -46.635727670164854, -23.536570566851474 ] ] ] } },
{ "type": "Feature", "properties": { "loja_id": "AG09", "CD_SETOR": "355030866000219", "fracao": 0.46260576520317054, "pop": 307, "domicilios": 134, "renda_resp": 3403.16, "classe_pof": "47560" }, "geometry": { "type": "Polygon", "coordinates": [ [ [ -46.634213799999941, -23.539249599999952 ], [ -46.634529399999963, -23.539163299999924 ], [ -46.634432599999968, -23.538826499999971 ], [ -46.634800299999938, -23.53873289999996 ], [ -46.634899599999983, -23.539061699999941 ], [ -46.635986, -23.538758 ], [ -46.635805, -23.53787 ], [ -46.634733150919573, -23.537853422810883 ], [ -46.634018, -23.539199 ], [ -46.634213799999941, -23.539249599999952 ] ] ] } },
{ "type": "Feature", "properties": { "loja_id": "AG09", "CD_SETOR": "355030866000221", "fracao": 1.0, "pop": 248, "domicilios": 119, "renda_resp": 4684.08, "classe_pof": "47560" }, "geometry": { "type": "Polygon", "coordinates": [ [ [ -46.634899599999983, -23.539061699999941 ], [ -46.634800299999938, -23.53873289999996 ], [ -46.634432599999968, -23.538826499999971 ], [ -46.634529399999963, -23.539163299999924 ], [ -46.634899599999983, -23.539061699999941 ] ] ] } },
{ "type": "Feature", "properties": { "loja_id": "AG09", "CD_SETOR": "355030866000232", "fracao": 0.34791940676832483, "pop": 185, "domicilios": 108, "renda_resp": 4909.84, "classe_pof": "47560" }, "geometry": { "type": "Polygon", "coordinates": [ [ [ -46.64162138448183, -23.551214001741243 ], [ -46.641478, -23.55088 ], [ -46.641298802217634, -23.550963343262318 ], [ -46.641499, -23.551236 ], [ -46.64162138448183, -23.551214001741243 ] ] ] } },
{ "type": "Feature", "properties": { "loja_id": "AG09", "CD_SETOR": "355030866000239", "fracao": 1.0, "pop": 406, "domicilios": 228, "renda_resp": 6386.19, "classe_pof": "47561" }, "geometry": { "type": "Polygon", "coordinates": [ [ [ -46.646576, -23.545432 ], [ -46.646622, -23.546929 ], [ -46.647013299999969, -23.546894099999978 ], [ -46.647283199999954, -23.546403499999943 ], [ -46.647426199999984, -23.546310499999951 ], [ -46.647158199999978, -23.546025199999978 ], [ -46.647153399999979, -23.545966599999929 ], [ -46.647376399999985, -23.545952399999976 ], [ -46.647374099999979, -23.545742 ], [ -46.647001299999943, -23.545757199999965 ], [ -46.646984199999963, -23.545419099999943 ], [ -46.646576, -23.545432 ] ] ] } },
{ "type": "Feature", "properties": { "loja_id": "AG09", "CD_SETOR": "355030866000240", "fracao": 0.99999999999999978, "pop": 350, "domicilios": 211, "renda_resp": 10061.84, "classe_pof": "47562" }, "geometry": { "type": "Polygon", "coordinates": [ [ [ -46.646985, -23.545456599999969 ], [ -46.647001299999943, -23.545757199999965 ], [ -46.64755219999995, -23.54573209999996 ], [ -46.647550799999976, -23.545553299999941 ], [ -46.647778899999935, -23.545549699999981 ], [ -46.647776, -23.545393 ], [ -46.646985, -23.545456599999969 ] ] ] } },
{ "type": "Feature", "properties": { "loja_id": "AG09", "CD_SETOR": "355030866000243", "fracao": 0.99999999999999978, "pop": 179, "domicilios": 93, "renda_resp": 5380.9, "classe_pof": "47561" }, "geometry": { "type": "Polygon", "coordinates": [ [ [ -46.644415599999945, -23.539982099999975 ], [ -46.643669, -23.540442 ], [ -46.643411, -23.540587 ], [ -46.643777799999953, -23.540808 ], [ -46.643966399999954, -23.540561299999968 ], [ -46.644085599999983, -23.540638499999936 ], [ -46.644471399999986, -23.540271399999938 ], [ -46.644557899999938, -23.540329899999961 ], [ -46.644683, -23.540158 ], [ -46.644415599999945, -23.539982099999975 ] ] ] } },
{ "type": "Feature", "properties": { "loja_id": "AG09", "CD_SETOR": "355030866000244", "fracao": 0.99999999999999978, "pop": 134, "domicilios": 85, "renda_resp": 7091.84, "classe_pof": "47561" }, "geometry": { "type": "Polygon", "coordinates": [ [ [ -46.644437099999948, -23.540012899999962 ], [ -46.644683, -23.540158 ], [ -46.644557899999938, -23.540329899999961 ], [ -46.644471399999986, -23.540271399999938 ], [ -46.644085599999983, -23.540638499999936 ], [ -46.643966399999954, -23.540561299999968 ], [ -46.643777799999953, -23.540808 ], [ -46.644428, -23.54115 ], [ -46.644969, -23.540466 ], [ -46.64497, -23.540107 ], [ -46.644842, -23.53972 ], [ -46.644437099999948, -23.540012899999962 ] ] ] } },
{ "type": "Feature", "properties": { "loja_id": "AG09", "CD_SETOR": "355030866000245", "fracao": 1.0, "pop": 257, "domicilios": 111, "renda_resp": 2597.73, "classe_pof": "47560" }, "geometry": { "type": "Polygon", "coordinates": [ [ [ -46.64216209999995, -23.538513799999979 ], [ -46.642349499999966, -23.538611 ], [ -46.642124199999962, -23.538906099999963 ], [ -46.642698, -23.539286 ], [ -46.643175, -23.538655 ], [ -46.642393, -23.538141 ], [ -46.64216209999995, -23.538513799999979 ] ] ] } },
{ "type": "Feature", "properties": { "loja_id": "AG09", "CD_SETOR": "355030866000246", "fracao": 0.99999999999999956, "pop": 470, "domicilios": 201, "renda_resp": 4048.03, "classe_pof": "47560" }, "geometry": { "type": "Polygon", "coordinates": [ [ [ -46.642131499999948, -23.538491099999931 ], [ -46.641441, -23.5394 ], [ -46.642239, -23.539881 ], [ -46.642698, -23.539286 ], [ -46.642124199999962, -23.538906099999963 ], [ -46.642349499999966, -23.538611 ], [ -46.642131499999948, -23.538491099999931 ] ] ] } },
{ "type": "Feature", "properties": { "loja_id": "AG09", "CD_SETOR": "355030866000253", "fracao": 1.0, "pop": 235, "domicilios": 142, "renda_resp": 4361.84, "classe_pof": "47560" }, "geometry": { "type": "Polygon", "coordinates": [ [ [ -46.645889, -23.539787499999928 ], [ -46.645969399999956, -23.540004899999932 ], [ -46.646315799999975, -23.539895699999935 ], [ -46.646261899999956, -23.539657 ], [ -46.645889, -23.539787499999928 ] ] ] } },
{ "type": "Feature", "properties": { "loja_id": "AG09", "CD_SETOR": "355030866000254", "fracao": 0.99999999999999989, "pop": 202, "domicilios": 123, "renda_resp": 4912.76, "classe_pof": "47560" }, "geometry": { "type": "Polygon", "coordinates": [ [ [ -46.646553099999949, -23.541472 ], [ -46.646516, -23.541771 ], [ -46.64767, -23.541750099999941 ], [ -46.64766, -23.54155 ], [ -46.646553599999947, -23.540950199999944 ], [ -46.64635, -23.541005299999938 ], [ -46.646424399999944, -23.541476399999961 ], [ -46.646553099999949, -23.541472 ] ] ] } },
{ "type": "Feature", "properties": { "loja_id": "AG09", "CD_SETOR": "355030866000255", "fracao": 1.0, "pop": 219, "domicilios": 134, "renda_resp": 7741.56, "classe_pof": "47561" }, "geometry": { "type": "Polygon", "coordinates": [ [ [ -46.644851, -23.539746 ], [ -46.64497, -23.540107 ], [ -46.644969, -23.540466 ], [ -46.645441, -23.541765 ], [ -46.645692, -23.541456 ], [ -46.646018199999958, -23.541302699999957 ], [ -46.64574349999998, -23.540294899999935 ], [ -46.645841299999972, -23.540273899999931 ], [ -46.645714099999964, -23.53989659999996 ], [ -46.645504699999947, -23.539979199999948 ], [ -46.645164799999975, -23.539707499999963 ], [ -46.645093299999985, -23.539567299999938 ], [ -46.644851, -23.539746 ] ] ] } },
{ "type": "Feature", "properties": { "loja_id": "AG09", "CD_SETOR": "355030866000256", "fracao": 1.0, "pop": 251, "domicilios": 122, "renda_resp": 6034.67, "classe_pof": "47561" }, "geometry": { "type": "Polygon", "coordinates": [ [ [ -46.645565099999942, -23.539336799999941 ], [ -46.645889, -23.539787499999928 ], [ -46.646261899999956, -23.539657 ], [ -46.646062, -23.539008199999959 ], [ -46.645565099999942, -23.539336799999941 ] ] ] } },
{ "type": "Feature", "properties": { "loja_id": "AG09", "CD_SETOR": "355030866000257", "fracao": 0.99999999999999989, "pop": 104, "domicilios": 77, "renda_resp": 6268.83, "classe_pof": "47561" }, "geometry": { "type": "Polygon", "coordinates": [ [ [ -46.64509, -23.539612 ], [ -46.645504699999947, -23.539979199999948 ], [ -46.64590759999993, -23.539833199999968 ], [ -46.645545199999958, -23.539305599999974 ], [ -46.64509, -23.539612 ] ] ] } },
{ "type": "Feature", "properties": { "loja_id": "AG09", "CD_SETOR": "355030866000258", "fracao": 0.99999999999999978, "pop": 350, "domicilios": 133, "renda_resp": 5733.46, "classe_pof": "47561" }, "geometry": { "type": "Polygon", "coordinates": [ [ [ -46.643175, -23.538655 ], [ -46.644192199999964, -23.539318099999946 ], [ -46.644432299999949, -23.53901669999993 ], [ -46.64463, -23.539135299999931 ], [ -46.644783199999949, -23.538935899999956 ], [ -46.644639899999959, -23.538835399999982 ], [ -46.644738699999948, -23.538708599999943 ], [ -46.64454429999995, -23.538570199999981 ], [ -46.644851499999959, -23.538206099999964 ], [ -46.643989, -23.537603 ], [ -46.643175, -23.538655 ] ] ] } },
{ "type": "Feature", "properties": { "loja_id": "AG09", "CD_SETOR": "355030866000259", "fracao": 1.0, "pop": 512, "domicilios": 172, "renda_resp": 5150.3, "classe_pof": "47561" }, "geometry": { "type": "Polygon", "coordinates": [ [ [ -46.644192199999964, -23.539318099999946 ], [ -46.644621, -23.539586 ], [ -46.644245, -23.540087 ], [ -46.646062, -23.539008199999959 ], [ -46.644851499999959, -23.538206099999964 ], [ -46.64454429999995, -23.538570199999981 ], [ -46.644738699999948, -23.538708599999943 ], [ -46.644639899999959, -23.538835399999982 ], [ -46.644783199999949, -23.538935899999956 ], [ -46.64463, -23.539135299999931 ], [ -46.644432299999949, -23.53901669999993 ], [ -46.644192199999964, -23.539318099999946 ] ] ] } },
{ "type": "Feature", "properties": { "loja_id": "AG09", "CD_SETOR": "355030866000260", "fracao": 1.0, "pop": 196, "domicilios": 88, "renda_resp": 3363.21, "classe_pof": "47560" }, "geometry": { "type": "Polygon", "coordinates": [ [ [ -46.642439, -23.536582 ], [ -46.64169, -23.537577 ], [ -46.642393, -23.538141 ], [ -46.643207, -23.537054699999938 ], [ -46.642406, -23.536493 ], [ -46.642439, -23.536582 ] ] ] } },
{ "type": "Feature", "properties": { "loja_id": "AG09", "CD_SETOR": "355030866000261", "fracao": 1.0, "pop": 244, "domicilios": 85, "renda_resp": 2719.4, "classe_pof": "47560" }, "geometry": { "type": "Polygon", "coordinates": [ [ [ -46.642393, -23.538141 ], [ -46.643175, -23.538655 ], [ -46.643989, -23.537603 ], [ -46.643207, -23.537054699999938 ], [ -46.642393, -23.538141 ] ] ] } },
{ "type": "Feature", "properties": { "loja_id": "AG09", "CD_SETOR": "355030866000262", "fracao": 0.99999999999999978, "pop": 212, "domicilios": 87, "renda_resp": 3335.81, "classe_pof": "47560" }, "geometry": { "type": "Polygon", "coordinates": [ [ [ -46.642222299999958, -23.53687 ], [ -46.641742699999952, -23.536544599999942 ], [ -46.641680299999962, -23.536623499999958 ], [ -46.641611499999954, -23.536580099999981 ], [ -46.641405799999973, -23.536860899999958 ], [ -46.641938, -23.537247499999978 ], [ -46.642222299999958, -23.53687 ] ] ] } },
{ "type": "Feature", "properties": { "loja_id": "AG09", "CD_SETOR": "355030866000263", "fracao": 1.0, "pop": 172, "domicilios": 77, "renda_resp": 2595.57, "classe_pof": "47560" }, "geometry": { "type": "Polygon", "coordinates": [ [ [ -46.64194219999996, -23.536675699999932 ], [ -46.642222299999958, -23.53687 ], [ -46.642439, -23.536582 ], [ -46.642210699999964, -23.53635369999995 ], [ -46.64194219999996, -23.536675699999932 ] ] ] } },
{ "type": "Feature", "properties": { "loja_id": "AG09", "CD_SETOR": "355030866000264", "fracao": 1.0, "pop": 228, "domicilios": 91, "renda_resp": 2752.95, "classe_pof": "47560" }, "geometry": { "type": "Polygon", "coordinates": [ [ [ -46.640423, -23.536656 ], [ -46.64169, -23.537577 ], [ -46.641938, -23.537247499999978 ], [ -46.641405799999973, -23.536860899999958 ], [ -46.641611499999954, -23.536580099999981 ], [ -46.641680299999962, -23.536623499999958 ], [ -46.641742699999952, -23.536544599999942 ], [ -46.641258699999987, -23.536225099999964 ], [ -46.641383299999973, -23.536057299999978 ], [ -46.641021899999942, -23.535816099999977 ], [ -46.640423, -23.536656 ] ] ] } },
{ "type": "Feature", "properties": { "loja_id": "AG09", "CD_SETOR": "355030866000265", "fracao": 1.0, "pop": 348, "domicilios": 159, "renda_resp": 2999.39, "classe_pof": "47560" }, "geometry": { "type": "Polygon", "coordinates": [ [ [ -46.641054899999972, -23.535835599999931 ], [ -46.641383299999973, -23.536057299999978 ], [ -46.641258699999987, -23.536225099999964 ], [ -46.64194219999996, -23.536675699999932 ], [ -46.642210699999964, -23.53635369999995 ], [ -46.641162, -23.535619 ], [ -46.641054899999972, -23.535835599999931 ] ] ] } },
{ "type": "Feature", "properties": { "loja_id": "AG09", "CD_SETOR": "355030866000266", "fracao": 1.0, "pop": 159, "domicilios": 102, "renda_resp": 6672.2, "classe_pof": "47561" }, "geometry": { "type": "Polygon", "coordinates": [ [ [ -46.645493, -23.544734 ], [ -46.645516, -23.54546 ], [ -46.646576, -23.545432 ], [ -46.646553, -23.544708 ], [ -46.645493, -23.544734 ] ] ] } },
{ "type": "Feature", "properties": { "loja_id": "AG09", "CD_SETOR": "355030866000267", "fracao": 1.0, "pop": 245, "domicilios": 141, "renda_resp": 6173.58, "classe_pof": "47561" }, "geometry": { "type": "Polygon", "coordinates": [ [ [ -46.645516, -23.54546 ], [ -46.645539, -23.546056 ], [ -46.646589, -23.545862 ], [ -46.646576, -23.545432 ], [ -46.645516, -23.54546 ] ] ] } },
{ "type": "Feature", "properties": { "loja_id": "AG09", "CD_SETOR": "355030866000268", "fracao": 0.99999999999999978, "pop": 58, "domicilios": 28, "renda_resp": 13978.96, "classe_pof": "47563" }, "geometry": { "type": "Polygon", "coordinates": [ [ [ -46.642998499999976, -23.546370599999928 ], [ -46.643648699999979, -23.546517 ], [ -46.643811899999946, -23.546038799999959 ], [ -46.644234599999947, -23.54639 ], [ -46.644781599999938, -23.546371299999983 ], [ -46.644988, -23.546533 ], [ -46.644834, -23.546049 ], [ -46.643512, -23.544931 ], [ -46.64328, -23.545121 ], [ -46.642998499999976, -23.546370599999928 ] ] ] } },
{ "type": "Feature", "properties": { "loja_id": "AG09", "CD_SETOR": "355030866000269", "fracao": 1.0, "pop": 65, "domicilios": 34, "renda_resp": 23317.68, "classe_pof": "47564" }, "geometry": { "type": "Polygon", "coordinates": [ [ [ -46.64286379999993, -23.546967099999954 ], [ -46.642633, -23.548008 ], [ -46.643921099999943, -23.547749499999956 ], [ -46.643788499999971, -23.546916799999966 ], [ -46.643551, -23.546891699999946 ], [ -46.643492699999967, -23.547128199999975 ], [ -46.64286379999993, -23.546967099999954 ] ] ] } },
{ "type": "Feature", "properties": { "loja_id": "AG09", "CD_SETOR": "355030866000270", "fracao": 0.99999999999999956, "pop": 128, "domicilios": 102, "renda_resp": 6745.26, "classe_pof": "47561" }, "geometry": { "type": "Polygon", "coordinates": [ [ [ -46.643811899999946, -23.546038799999959 ], [ -46.643551, -23.546891699999946 ], [ -46.643788499999971, -23.546916799999966 ], [ -46.644010799999933, -23.546184399999955 ], [ -46.643811899999946, -23.546038799999959 ] ] ] } },
{ "type": "Feature", "properties": { "loja_id": "AG09", "CD_SETOR": "355030866000271", "fracao": 0.99999999999999989, "pop": 107, "domicilios": 86, "renda_resp": 7016.52, "classe_pof": "47561" }, "geometry": { "type": "Polygon", "coordinates": [ [ [ -46.644166399999961, -23.546823299999975 ], [ -46.644267, -23.546400799999962 ], [ -46.644153099999983, -23.54631 ], [ -46.643981399999973, -23.546869599999983 ], [ -46.644166399999961, -23.546823299999975 ] ] ] } },
{ "type": "Feature", "properties": { "loja_id": "AG09", "CD_SETOR": "355030866000272", "fracao": 0.99999999999999978, "pop": 146, "domicilios": 118, "renda_resp": 5229.06, "classe_pof": "47561" }, "geometry": { "type": "Polygon", "coordinates": [ [ [ -46.643981399999973, -23.546869599999983 ], [ -46.644153099999983, -23.54631 ], [ -46.644010799999933, -23.546184399999955 ], [ -46.643788499999971, -23.546916799999966 ], [ -46.643981399999973, -23.546869599999983 ] ] ] } },
{ "type": "Feature", "properties": { "loja_id": "AG09", "CD_SETOR": "355030866000273", "fracao": 1.0, "pop": 144, "domicilios": 119, "renda_resp": 6495.51, "classe_pof": "47561" }, "geometry": { "type": "Polygon", "coordinates": [ [ [ -46.644434699999977, -23.546754499999956 ], [ -46.644396099999938, -23.546413099999931 ], [ -46.644267, -23.546400799999962 ], [ -46.644166399999961, -23.546823299999975 ], [ -46.644434699999977, -23.546754499999956 ] ] ] } },
{ "type": "Feature", "properties": { "loja_id": "AG09", "CD_SETOR": "355030866000274", "fracao": 0.99999999999999956, "pop": 148, "domicilios": 112, "renda_resp": 7869.66, "classe_pof": "47561" }, "geometry": { "type": "Polygon", "coordinates": [ [ [ -46.644768699999986, -23.546818899999938 ], [ -46.645038399999976, -23.546704499999979 ], [ -46.644988, -23.546533 ], [ -46.644703299999946, -23.546673099999968 ], [ -46.644768699999986, -23.546818899999938 ] ] ] } },
{ "type": "Feature", "properties": { "loja_id": "AG09", "CD_SETOR": "355030866000275", "fracao": 1.0, "pop": 166, "domicilios": 123, "renda_resp": 7580.71, "classe_pof": "47561" }, "geometry": { "type": "Polygon", "coordinates": [ [ [ -46.644828299999972, -23.546981099999975 ], [ -46.645089, -23.546871 ], [ -46.645038399999976, -23.546704499999979 ], [ -46.644768699999986, -23.546818899999938 ], [ -46.644828299999972, -23.546981099999975 ] ] ] } },
{ "type": "Feature", "properties": { "loja_id": "AG09", "CD_SETOR": "355030866000279", "fracao": 0.35815342925299187, "pop": 474, "domicilios": 246, "renda_resp": 6509.82, "classe_pof": "47561" }, "geometry": { "type": "MultiPolygon", "coordinates": [ [ [ [ -46.644121, -23.549528699999939 ], [ -46.64408739999994, -23.549833699999972 ], [ -46.643980099999965, -23.550038599999944 ], [ -46.644116583310833, -23.550098950594649 ], [ -46.644499, -23.549779 ], [ -46.645071357727133, -23.550064161246262 ], [ -46.64533, -23.549721 ], [ -46.644559, -23.549454 ], [ -46.644121, -23.549528699999939 ] ] ], [ [ [ -46.645876, -23.550695 ], [ -46.645787, -23.550664 ], [ -46.645491820411053, -23.55056734832938 ], [ -46.645499, -23.550585 ], [ -46.645876, -23.550695 ] ] ] ] } },
{ "type": "Feature", "properties": { "loja_id": "AG09", "CD_SETOR": "355030866000280", "fracao": 1.0, "pop": 333, "domicilios": 186, "renda_resp": 14132.19, "classe_pof": "47563" }, "geometry": { "type": "Polygon", "coordinates": [ [ [ -46.643094499999968, -23.549879099999945 ], [ -46.643426699999964, -23.550014899999947 ], [ -46.643513699999971, -23.549848599999962 ], [ -46.643613699999946, -23.549887199999937 ], [ -46.643598499999939, -23.549419099999966 ], [ -46.642895, -23.549328 ], [ -46.643094499999968, -23.549879099999945 ] ] ] } },
{ "type": "Feature", "properties": { "loja_id": "AG09", "CD_SETOR": "355030866000281", "fracao": 1.0, "pop": 223, "domicilios": 139, "renda_resp": 10660.6, "classe_pof": "47562" }, "geometry": { "type": "Polygon", "coordinates": [ [ [ -46.643980099999965, -23.550038599999944 ], [ -46.64408739999994, -23.549833699999972 ], [ -46.644123, -23.549491699999972 ], [ -46.643598499999939, -23.549419099999966 ], [ -46.643613699999946, -23.549887199999937 ], [ -46.643980099999965, -23.550038599999944 ] ] ] } },
{ "type": "Feature", "properties": { "loja_id": "AG09", "CD_SETOR": "355030866000282", "fracao": 0.99999999999999989, "pop": 274, "domicilios": 149, "renda_resp": 5043.99, "classe_pof": "47561" }, "geometry": { "type": "Polygon", "coordinates": [ [ [ -46.640854, -23.54169 ], [ -46.641097, -23.541889 ], [ -46.641383399999938, -23.541728799999927 ], [ -46.641266499999979, -23.541517899999974 ], [ -46.641504599999962, -23.541214199999953 ], [ -46.641750799999954, -23.541371199999958 ], [ -46.641783, -23.541503 ], [ -46.642233, -23.541254 ], [ -46.641527, -23.540821 ], [ -46.640854, -23.54169 ] ] ] } },
{ "type": "Feature", "properties": { "loja_id": "AG09", "CD_SETOR": "355030866000283", "fracao": 1.0, "pop": 144, "domicilios": 91, "renda_resp": 3681.33, "classe_pof": "47560" }, "geometry": { "type": "Polygon", "coordinates": [ [ [ -46.641579, -23.541576 ], [ -46.641783, -23.541503 ], [ -46.641750799999954, -23.541371199999958 ], [ -46.641504599999962, -23.541214199999953 ], [ -46.64141989999996, -23.541323099999939 ], [ -46.641579, -23.541576 ] ] ] } },
{ "type": "Feature", "properties": { "loja_id": "AG09", "CD_SETOR": "355030866000290", "fracao": 0.99999999999999989, "pop": 263, "domicilios": 113, "renda_resp": 3496.89, "classe_pof": "47560" }, "geometry": { "type": "Polygon", "coordinates": [ [ [ -46.642857, -23.540254 ], [ -46.643114, -23.540411599999967 ], [ -46.643430199999955, -23.54001709999994 ], [ -46.643518799999981, -23.540080099999951 ], [ -46.644120799999939, -23.539272 ], [ -46.643824, -23.539078 ], [ -46.642857, -23.540254 ] ] ] } },
{ "type": "Feature", "properties": { "loja_id": "AG09", "CD_SETOR": "355030866000291", "fracao": 1.0, "pop": 178, "domicilios": 98, "renda_resp": 4371.25, "classe_pof": "47560" }, "geometry": { "type": "Polygon", "coordinates": [ [ [ -46.643133599999942, -23.540380299999971 ], [ -46.643411, -23.540587 ], [ -46.643844399999978, -23.540333899999958 ], [ -46.643721599999935, -23.540092 ], [ -46.644059, -23.53989109999997 ], [ -46.644233099999951, -23.539685499999965 ], [ -46.644295599999964, -23.53972519999996 ], [ -46.644484, -23.539507 ], [ -46.644120799999939, -23.539272 ], [ -46.643518799999981, -23.540080099999951 ], [ -46.643430199999955, -23.54001709999994 ], [ -46.643133599999942, -23.540380299999971 ] ] ] } },
{ "type": "Feature", "properties": { "loja_id": "AG09", "CD_SETOR": "355030866000292", "fracao": 1.0, "pop": 176, "domicilios": 83, "renda_resp": 4714.03, "classe_pof": "47560" }, "geometry": { "type": "Polygon", "coordinates": [ [ [ -46.643844399999978, -23.540333899999958 ], [ -46.644245, -23.540087 ], [ -46.644621, -23.539586 ], [ -46.644484, -23.539507 ], [ -46.644295599999964, -23.53972519999996 ], [ -46.644233099999951, -23.539685499999965 ], [ -46.644059, -23.53989109999997 ], [ -46.643721599999935, -23.540092 ], [ -46.643844399999978, -23.540333899999958 ] ] ] } },
{ "type": "Feature", "properties": { "loja_id": "AG09", "CD_SETOR": "355030866000293", "fracao": 1.0, "pop": 135, "domicilios": 82, "renda_resp": 6448.1, "classe_pof": "47561" }, "geometry": { "type": "Polygon", "coordinates": [ [ [ -46.64582409999997, -23.549872899999972 ], [ -46.645905099999936, -23.549636499999959 ], [ -46.646205699999939, -23.549718699999975 ], [ -46.646271, -23.549537 ], [ -46.645741899999962, -23.549361399999949 ], [ -46.645585399999966, -23.549799599999968 ], [ -46.64582409999997, -23.549872899999972 ] ] ] } },
{ "type": "Feature", "properties": { "loja_id": "AG09", "CD_SETOR": "355030866000294", "fracao": 1.0, "pop": 40, "domicilios": 29, "renda_resp": 9941.38, "classe_pof": "47562" }, "geometry": { "type": "Polygon", "coordinates": [ [ [ -46.644440199999963, -23.548646299999973 ], [ -46.644949599999961, -23.549333299999947 ], [ -46.645473299999935, -23.549242699999976 ], [ -46.645374, -23.548582 ], [ -46.644440199999963, -23.548646299999973 ] ] ] } },
{ "type": "Feature", "properties": { "loja_id": "AG09", "CD_SETOR": "355030866000295", "fracao": 1.0, "pop": 102, "domicilios": 65, "renda_resp": 6667.17, "classe_pof": "47561" }, "geometry": { "type": "Polygon", "coordinates": [ [ [ -46.645255, -23.547471 ], [ -46.642633, -23.548008 ], [ -46.642585, -23.548224 ], [ -46.642796, -23.548143 ], [ -46.643012, -23.548196 ], [ -46.64352219999995, -23.548610299999947 ], [ -46.644103499999972, -23.548064699999944 ], [ -46.644328, -23.548259599999938 ], [ -46.64438819999998, -23.548467799999958 ], [ -46.644954799999937, -23.548207 ], [ -46.645329699999934, -23.548168199999957 ], [ -46.645255, -23.547471 ] ] ] } },
{ "type": "Feature", "properties": { "loja_id": "AG09", "CD_SETOR": "355030866000299", "fracao": 0.65949112296626555, "pop": 304, "domicilios": 177, "renda_resp": 6227.76, "classe_pof": "47561" }, "geometry": { "type": "Polygon", "coordinates": [ [ [ -46.643052199999943, -23.549874 ], [ -46.643145, -23.550203 ], [ -46.643843649501513, -23.550506626459569 ], [ -46.644116583310833, -23.550098950594649 ], [ -46.643513699999971, -23.549848599999962 ], [ -46.643426699999964, -23.550014899999947 ], [ -46.643052199999943, -23.549874 ] ] ] } },
{ "type": "Feature", "properties": { "loja_id": "AG09", "CD_SETOR": "355030866000301", "fracao": 1.0, "pop": 18, "domicilios": 13, "renda_resp": 10197.85, "classe_pof": "47562" }, "geometry": { "type": "Polygon", "coordinates": [ [ [ -46.642573399999947, -23.548275099999955 ], [ -46.642633, -23.548008 ], [ -46.642362, -23.548000399999975 ], [ -46.642319399999963, -23.548216 ], [ -46.642573399999947, -23.548275099999955 ] ] ] } },
{ "type": "Feature", "properties": { "loja_id": "AG09", "CD_SETOR": "355030866000302", "fracao": 1.0, "pop": 15, "domicilios": 9, "renda_resp": 9877.78, "classe_pof": "47562" }, "geometry": { "type": "Polygon", "coordinates": [ [ [ -46.64252, -23.548517 ], [ -46.642573399999947, -23.548275099999955 ], [ -46.642319399999963, -23.548216 ], [ -46.64227139999997, -23.548457099999951 ], [ -46.64252, -23.548517 ] ] ] } },
{ "type": "Feature", "properties": { "loja_id": "AG09", "CD_SETOR": "355030866000303", "fracao": 1.0, "pop": 202, "domicilios": 157, "renda_resp": 5539.86, "classe_pof": "47561" }, "geometry": { "type": "Polygon", "coordinates": [ [ [ -46.64252, -23.548517 ], [ -46.64216689999995, -23.548463499999965 ], [ -46.642247899999973, -23.548649599999976 ], [ -46.642015399999934, -23.548941899999932 ], [ -46.642385, -23.549139 ], [ -46.64252, -23.548517 ] ] ] } },
{ "type": "Feature", "properties": { "loja_id": "AG09", "CD_SETOR": "355030866000304", "fracao": 1.0, "pop": 81, "domicilios": 58, "renda_resp": 10419.45, "classe_pof": "47562" }, "geometry": { "type": "Polygon", "coordinates": [ [ [ -46.641579599999943, -23.549303799999965 ], [ -46.641731, -23.549375 ], [ -46.641907499999945, -23.548885099999946 ], [ -46.641751499999941, -23.548803499999959 ], [ -46.641579599999943, -23.549303799999965 ] ] ] } },
{ "type": "Feature", "properties": { "loja_id": "AG09", "CD_SETOR": "355030866000305", "fracao": 0.99999999999999978, "pop": 115, "domicilios": 82, "renda_resp": 8904.52, "classe_pof": "47562" }, "geometry": { "type": "Polygon", "coordinates": [ [ [ -46.64123109999997, -23.549151499999937 ], [ -46.641409299999964, -23.549222 ], [ -46.641605499999969, -23.548727799999934 ], [ -46.641432799999961, -23.548638099999941 ], [ -46.64123109999997, -23.549151499999937 ] ] ] } },
{ "type": "Feature", "properties": { "loja_id": "AG09", "CD_SETOR": "355030866000306", "fracao": 1.0, "pop": 480, "domicilios": 225, "renda_resp": 3525.88, "classe_pof": "47560" }, "geometry": { "type": "Polygon", "coordinates": [ [ [ -46.641605499999969, -23.548727799999934 ], [ -46.641409299999964, -23.549222 ], [ -46.64123109999997, -23.549151499999937 ], [ -46.641432799999961, -23.548638099999941 ], [ -46.640426, -23.548443 ], [ -46.640323, -23.5485 ], [ -46.64055, -23.548869 ], [ -46.640999, -23.549073 ], [ -46.640622, -23.549148399999975 ], [ -46.640609, -23.549202 ], [ -46.641378, -23.54936 ], [ -46.64225, -23.549761 ], [ -46.642385, -23.549139 ], [ -46.641907499999945, -23.548885099999946 ], [ -46.641731, -23.549375 ], [ -46.641579599999943, -23.549303799999965 ], [ -46.641751499999941, -23.548803499999959 ], [ -46.641605499999969, -23.548727799999934 ] ] ] } },
{ "type": "Feature", "properties": { "loja_id": "AG09", "CD_SETOR": "355030866000307", "fracao": 1.0, "pop": 116, "domicilios": 63, "renda_resp": 5262.89, "classe_pof": "47561" }, "geometry": { "type": "Polygon", "coordinates": [ [ [ -46.645458, -23.543522199999927 ], [ -46.645452, -23.543308 ], [ -46.645246099999952, -23.543207799999944 ], [ -46.645107599999967, -23.543441799999979 ], [ -46.645230899999945, -23.543519599999964 ], [ -46.645458, -23.543522199999927 ] ] ] } },
{ "type": "Feature", "properties": { "loja_id": "AG09", "CD_SETOR": "355030866000308", "fracao": 1.0, "pop": 162, "domicilios": 114, "renda_resp": 7822.28, "classe_pof": "47561" }, "geometry": { "type": "Polygon", "coordinates": [ [ [ -46.645230899999945, -23.543519599999964 ], [ -46.6452417, -23.543864 ], [ -46.645467, -23.543857 ], [ -46.645458, -23.543522199999927 ], [ -46.645230899999945, -23.543519599999964 ] ] ] } },
{ "type": "Feature", "properties": { "loja_id": "AG09", "CD_SETOR": "355030866000309", "fracao": 1.0, "pop": 64, "domicilios": 39, "renda_resp": 10164.47, "classe_pof": "47562" }, "geometry": { "type": "Polygon", "coordinates": [ [ [ -46.643813, -23.542285799999938 ], [ -46.64326879999993, -23.542843599999973 ], [ -46.643379099999947, -23.542937 ], [ -46.643943399999962, -23.542370899999977 ], [ -46.643813, -23.542285799999938 ] ] ] } },
{ "type": "Feature", "properties": { "loja_id": "AG09", "CD_SETOR": "355030866000310", "fracao": 0.99999999999999978, "pop": 85, "domicilios": 64, "renda_resp": 9703.17, "classe_pof": "47562" }, "geometry": { "type": "Polygon", "coordinates": [ [ [ -46.643813, -23.542285799999938 ], [ -46.643695499999978, -23.54220869999995 ], [ -46.643161299999974, -23.542754 ], [ -46.64326879999993, -23.542843599999973 ], [ -46.643813, -23.542285799999938 ] ] ] } },
{ "type": "Feature", "properties": { "loja_id": "AG09", "CD_SETOR": "355030866000311", "fracao": 1.0, "pop": 196, "domicilios": 127, "renda_resp": 5604.57, "classe_pof": "47561" }, "geometry": { "type": "Polygon", "coordinates": [ [ [ -46.643943399999962, -23.542370899999977 ], [ -46.643379099999947, -23.542937 ], [ -46.644514, -23.54386 ], [ -46.6452417, -23.543864 ], [ -46.645230899999945, -23.543519599999964 ], [ -46.645107599999967, -23.543441799999979 ], [ -46.645246099999952, -23.543207799999944 ], [ -46.643943399999962, -23.542370899999977 ] ] ] } },
{ "type": "Feature", "properties": { "loja_id": "AG09", "CD_SETOR": "355030866000313", "fracao": 0.99999999999999989, "pop": 57, "domicilios": 31, "renda_resp": 5974.4, "classe_pof": "47561" }, "geometry": { "type": "Polygon", "coordinates": [ [ [ -46.641318, -23.550224 ], [ -46.641595, -23.54945129999993 ], [ -46.641233899999975, -23.549314499999976 ], [ -46.641069499999958, -23.549869599999962 ], [ -46.640866699999947, -23.549824199999932 ], [ -46.641026, -23.549260099999966 ], [ -46.640722, -23.549207 ], [ -46.640609, -23.549202 ], [ -46.640453, -23.549348 ], [ -46.640266, -23.549703 ], [ -46.641318, -23.550224 ] ] ] } },
{ "type": "Feature", "properties": { "loja_id": "AG09", "CD_SETOR": "355030866000314", "fracao": 1.0, "pop": 246, "domicilios": 129, "renda_resp": 5031.88, "classe_pof": "47561" }, "geometry": { "type": "Polygon", "coordinates": [ [ [ -46.641318, -23.550224 ], [ -46.642058, -23.550544 ], [ -46.64225, -23.549761 ], [ -46.641951899999988, -23.549610699999963 ], [ -46.641841399999976, -23.54990179999993 ], [ -46.641472499999963, -23.549762 ], [ -46.641318, -23.550224 ] ] ] } },
{ "type": "Feature", "properties": { "loja_id": "AG09", "CD_SETOR": "355030866000315", "fracao": 0.99999999999999989, "pop": 22, "domicilios": 15, "renda_resp": 8239.29, "classe_pof": "47561" }, "geometry": { "type": "Polygon", "coordinates": [ [ [ -46.643474099999935, -23.541506599999927 ], [ -46.643322699999949, -23.541400099999976 ], [ -46.642953299999931, -23.54173249999997 ], [ -46.643116599999985, -23.541837599999941 ], [ -46.643474099999935, -23.541506599999927 ] ] ] } },
{ "type": "Feature", "properties": { "loja_id": "AG09", "CD_SETOR": "355030866000316", "fracao": 1.0, "pop": 237, "domicilios": 133, "renda_resp": 5517.65, "classe_pof": "47561" }, "geometry": { "type": "Polygon", "coordinates": [ [ [ -46.642953299999931, -23.54173249999997 ], [ -46.643322699999949, -23.541400099999976 ], [ -46.643474099999935, -23.541506599999927 ], [ -46.643116599999985, -23.541837599999941 ], [ -46.64353, -23.542107 ], [ -46.644428, -23.54115 ], [ -46.643631, -23.540718 ], [ -46.643482499999948, -23.540911299999948 ], [ -46.643645399999969, -23.541026599999952 ], [ -46.643445299999939, -23.541252599999947 ], [ -46.64330039999993, -23.541134299999946 ], [ -46.643045099999938, -23.541359099999969 ], [ -46.642968699999983, -23.541275199999973 ], [ -46.642707, -23.541573 ], [ -46.642953299999931, -23.54173249999997 ] ] ] } },
{ "type": "Feature", "properties": { "loja_id": "AG09", "CD_SETOR": "355030866000317", "fracao": 1.0, "pop": 58, "domicilios": 35, "renda_resp": 4374.0, "classe_pof": "47560" }, "geometry": { "type": "Polygon", "coordinates": [ [ [ -46.634951599999965, -23.537856399999949 ], [ -46.635078899999939, -23.537858299999986 ], [ -46.635086299999955, -23.537476199999958 ], [ -46.634967099999983, -23.537499599999933 ], [ -46.634951599999965, -23.537856399999949 ] ] ] } },
{ "type": "Feature", "properties": { "loja_id": "AG09", "CD_SETOR": "355030866000318", "fracao": 0.86322770046764408, "pop": 56, "domicilios": 31, "renda_resp": 5553.27, "classe_pof": "47561" }, "geometry": { "type": "Polygon", "coordinates": [ [ [ -46.634967099999983, -23.537499599999933 ], [ -46.634840642370605, -23.537651172038291 ], [ -46.634847499999978, -23.537854799999931 ], [ -46.634951599999965, -23.537856399999949 ], [ -46.634967099999983, -23.537499599999933 ] ] ] } },
{ "type": "Feature", "properties": { "loja_id": "AG09", "CD_SETOR": "355030866000319", "fracao": 0.19246821222166813, "pop": 270, "domicilios": 158, "renda_resp": 4482.85, "classe_pof": "47560" }, "geometry": { "type": "MultiPolygon", "coordinates": [ [ [ [ -46.634840642370605, -23.537651172038291 ], [ -46.634733150919573, -23.537853422810883 ], [ -46.634847499999978, -23.537854799999931 ], [ -46.634840642370605, -23.537651172038291 ] ] ], [ [ [ -46.634967099999983, -23.537499599999933 ], [ -46.635086299999955, -23.537476199999958 ], [ -46.635078899999939, -23.537858299999986 ], [ -46.635805, -23.53787 ], [ -46.635558109131132, -23.536678406931973 ], [ -46.634967099999983, -23.537499599999933 ] ] ] ] } },
{ "type": "Feature", "properties": { "loja_id": "AG09", "CD_SETOR": "355030866000320", "fracao": 1.0, "pop": 349, "domicilios": 151, "renda_resp": 2959.28, "classe_pof": "47560" }, "geometry": { "type": "Polygon", "coordinates": [ [ [ -46.637566, -23.537063 ], [ -46.639346, -23.538139 ], [ -46.639864, -23.537415 ], [ -46.638171, -23.536302 ], [ -46.637566, -23.537063 ] ] ] } },
{ "type": "Feature", "properties": { "loja_id": "AG09", "CD_SETOR": "355030866000321", "fracao": 0.99999999999999989, "pop": 168, "domicilios": 89, "renda_resp": 6938.06, "classe_pof": "47561" }, "geometry": { "type": "Polygon", "coordinates": [ [ [ -46.638486, -23.537621 ], [ -46.63733, -23.539112 ], [ -46.63822, -23.539685 ], [ -46.639346, -23.538139 ], [ -46.638486, -23.537621 ] ] ] } },
{ "type": "Feature", "properties": { "loja_id": "AG09", "CD_SETOR": "355030866000322", "fracao": 1.0, "pop": 233, "domicilios": 133, "renda_resp": 11715.91, "classe_pof": "47562" }, "geometry": { "type": "Polygon", "coordinates": [ [ [ -46.643575399999975, -23.546799599999922 ], [ -46.643648699999979, -23.546517 ], [ -46.642998499999976, -23.546370599999928 ], [ -46.642929199999969, -23.546677299999946 ], [ -46.643575399999975, -23.546799599999922 ] ] ] } },
{ "type": "Feature", "properties": { "loja_id": "AG09", "CD_SETOR": "355030866000323", "fracao": 1.0, "pop": 193, "domicilios": 113, "renda_resp": 11425.41, "classe_pof": "47562" }, "geometry": { "type": "Polygon", "coordinates": [ [ [ -46.642929199999969, -23.546677299999946 ], [ -46.64286379999993, -23.546967099999954 ], [ -46.643492699999967, -23.547128199999975 ], [ -46.643575399999975, -23.546799599999922 ], [ -46.642929199999969, -23.546677299999946 ] ] ] } },
{ "type": "Feature", "properties": { "loja_id": "AG09", "CD_SETOR": "355030866000324", "fracao": 0.99999999999999989, "pop": 187, "domicilios": 103, "renda_resp": 11843.09, "classe_pof": "47562" }, "geometry": { "type": "Polygon", "coordinates": [ [ [ -46.641576199999975, -23.548712499999962 ], [ -46.642015399999934, -23.548941899999932 ], [ -46.642247899999973, -23.548649599999976 ], [ -46.64216689999995, -23.548463499999965 ], [ -46.641798299999948, -23.548358 ], [ -46.641762699999958, -23.548274099999958 ], [ -46.641576199999975, -23.548712499999962 ] ] ] } },
{ "type": "Feature", "properties": { "loja_id": "AG09", "CD_SETOR": "355030866000325", "fracao": 1.0, "pop": 152, "domicilios": 96, "renda_resp": 6983.97, "classe_pof": "47561" }, "geometry": { "type": "Polygon", "coordinates": [ [ [ -46.641535399999952, -23.548691399999928 ], [ -46.641762699999958, -23.548274099999958 ], [ -46.641090299999981, -23.54814929999997 ], [ -46.641048699999942, -23.548529699999957 ], [ -46.641535399999952, -23.548691399999928 ] ] ] } },
{ "type": "Feature", "properties": { "loja_id": "AG09", "CD_SETOR": "355030866000326", "fracao": 1.0, "pop": 130, "domicilios": 90, "renda_resp": 5896.57, "classe_pof": "47561" }, "geometry": { "type": "Polygon", "coordinates": [ [ [ -46.634724899999981, -23.540078599999962 ], [ -46.63477869999997, -23.540267399999951 ], [ -46.635249099999953, -23.540120899999966 ], [ -46.635188599999935, -23.539937399999928 ], [ -46.634724899999981, -23.540078599999962 ] ] ] } },
{ "type": "Feature", "properties": { "loja_id": "AG09", "CD_SETOR": "355030866000327", "fracao": 0.54873114833137138, "pop": 233, "domicilios": 114, "renda_resp": 3070.99, "classe_pof": "47560" }, "geometry": { "type": "MultiPolygon", "coordinates": [ [ [ [ -46.63477869999997, -23.540267399999951 ], [ -46.634724899999981, -23.540078599999962 ], [ -46.635188599999935, -23.539937399999928 ], [ -46.634899599999983, -23.539061699999941 ], [ -46.634052921355448, -23.539247101490002 ], [ -46.634744, -23.540199 ], [ -46.634387523719106, -23.540697570418736 ], [ -46.634999099999959, -23.540756 ], [ -46.63497069999994, -23.540657099999972 ], [ -46.635397299999966, -23.540517399999938 ], [ -46.635249099999953, -23.540120899999966 ], [ -46.63477869999997, -23.540267399999951 ] ] ], [ [ [ -46.634074342823133, -23.541135583985341 ], [ -46.634162, -23.541342 ], [ -46.634287, -23.541377 ], [ -46.634336136044077, -23.540769441249399 ], [ -46.634074342823133, -23.541135583985341 ] ] ] ] } },
{ "type": "Feature", "properties": { "loja_id": "AG09", "CD_SETOR": "355030866000328", "fracao": 0.99999999999999967, "pop": 58, "domicilios": 42, "renda_resp": 7483.17, "classe_pof": "47561" }, "geometry": { "type": "Polygon", "coordinates": [ [ [ -46.644524599999954, -23.541866499999966 ], [ -46.644719499999951, -23.542023 ], [ -46.645229599999936, -23.54145039999997 ], [ -46.645062799999948, -23.541426699999935 ], [ -46.644835499999942, -23.541679799999937 ], [ -46.644748, -23.541612899999965 ], [ -46.644524599999954, -23.541866499999966 ] ] ] } },
{ "type": "Feature", "properties": { "loja_id": "AG09", "CD_SETOR": "355030866000330", "fracao": 1.0, "pop": 271, "domicilios": 168, "renda_resp": 6123.12, "classe_pof": "47561" }, "geometry": { "type": "Polygon", "coordinates": [ [ [ -46.645229599999936, -23.54145039999997 ], [ -46.644719499999951, -23.542023 ], [ -46.644067299999961, -23.541533599999987 ], [ -46.64353, -23.542107 ], [ -46.644435, -23.542687 ], [ -46.645441, -23.541765 ], [ -46.645318, -23.541463 ], [ -46.645229599999936, -23.54145039999997 ] ] ] } },
{ "type": "Feature", "properties": { "loja_id": "AG09", "CD_SETOR": "355030866000340", "fracao": 0.71040237245184334, "pop": 221, "domicilios": 107, "renda_resp": 3755.03, "classe_pof": "47560" }, "geometry": { "type": "Polygon", "coordinates": [ [ [ -46.636495299999986, -23.536969799999952 ], [ -46.635661099999936, -23.537170699999926 ], [ -46.635805, -23.53787 ], [ -46.63694, -23.537882 ], [ -46.638171, -23.536302 ], [ -46.637551010860093, -23.535888969060707 ], [ -46.637423125890258, -23.535912191646041 ], [ -46.636916, -23.536691 ], [ -46.636895040154705, -23.536008085356304 ], [ -46.636499, -23.53608 ], [ -46.63609026366936, -23.536339957781031 ], [ -46.63612, -23.536488799999965 ], [ -46.636333599999944, -23.536455599999954 ], [ -46.636495299999986, -23.536969799999952 ] ] ] } },
{ "type": "Feature", "properties": { "loja_id": "AG09", "CD_SETOR": "355030866000341", "fracao": 1.0, "pop": 85, "domicilios": 61, "renda_resp": 6218.33, "classe_pof": "47561" }, "geometry": { "type": "Polygon", "coordinates": [ [ [ -46.636495299999986, -23.536969799999952 ], [ -46.636435199999937, -23.536756099999927 ], [ -46.635613699999965, -23.53694059999998 ], [ -46.635661099999936, -23.537170699999926 ], [ -46.636495299999986, -23.536969799999952 ] ] ] } },
{ "type": "Feature", "properties": { "loja_id": "AG09", "CD_SETOR": "355030866000342", "fracao": 1.0, "pop": 533, "domicilios": 236, "renda_resp": 3394.91, "classe_pof": "47560" }, "geometry": { "type": "Polygon", "coordinates": [ [ [ -46.636223099999938, -23.542948 ], [ -46.635893399999986, -23.543130799999965 ], [ -46.635567299999934, -23.543539099999972 ], [ -46.636249, -23.544582 ], [ -46.638031, -23.543544 ], [ -46.637832, -23.543468 ], [ -46.637516, -23.543027 ], [ -46.636223099999938, -23.542948 ] ] ] } },
{ "type": "Feature", "properties": { "loja_id": "AG09", "CD_SETOR": "355030866000343", "fracao": 0.99999999999999989, "pop": 197, "domicilios": 105, "renda_resp": 4320.35, "classe_pof": "47560" }, "geometry": { "type": "Polygon", "coordinates": [ [ [ -46.635567299999934, -23.543539099999972 ], [ -46.635893399999986, -23.543130799999965 ], [ -46.636346, -23.542911 ], [ -46.635636, -23.541193 ], [ -46.635667, -23.541125 ], [ -46.635548, -23.540967 ], [ -46.635456, -23.541036 ], [ -46.635552899999936, -23.541175799999955 ], [ -46.634927, -23.54196 ], [ -46.634701, -23.542005 ], [ -46.634509, -23.541908 ], [ -46.635567299999934, -23.543539099999972 ] ] ] } },
{ "type": "Feature", "properties": { "loja_id": "AG09", "CD_SETOR": "355030866000344", "fracao": 0.99999999999999967, "pop": 361, "domicilios": 172, "renda_resp": 6403.61, "classe_pof": "47561" }, "geometry": { "type": "Polygon", "coordinates": [ [ [ -46.640007, -23.543886 ], [ -46.641691, -23.545235 ], [ -46.641964, -23.544877 ], [ -46.642635, -23.544283 ], [ -46.643512, -23.544931 ], [ -46.644321, -23.544193 ], [ -46.644412, -23.54379 ], [ -46.642423, -23.54214 ], [ -46.641783, -23.541503 ], [ -46.640206, -23.54238 ], [ -46.641051, -23.543066 ], [ -46.640007, -23.543886 ] ] ] } },
{ "type": "Feature", "properties": { "loja_id": "AG09", "CD_SETOR": "355030866000345", "fracao": 0.99999999999999989, "pop": 748, "domicilios": 354, "renda_resp": 4137.22, "classe_pof": "47560" }, "geometry": { "type": "Polygon", "coordinates": [ [ [ -46.641691, -23.545235 ], [ -46.638944, -23.543034 ], [ -46.638031, -23.543544 ], [ -46.638021, -23.543797 ], [ -46.63859, -23.544689 ], [ -46.639332, -23.545621 ], [ -46.639539, -23.545455 ], [ -46.640861, -23.546359 ], [ -46.641691, -23.545235 ] ] ] } },
{ "type": "Feature", "properties": { "loja_id": "AG09", "CD_SETOR": "355030866000346", "fracao": 0.99999999999999989, "pop": 61, "domicilios": 25, "renda_resp": 4571.2, "classe_pof": "47560" }, "geometry": { "type": "Polygon", "coordinates": [ [ [ -46.646524, -23.54383 ], [ -46.647727199999963, -23.543800899999955 ], [ -46.647687, -23.542777499999946 ], [ -46.646489, -23.542789 ], [ -46.646524, -23.54383 ] ] ] } },
{ "type": "Feature", "properties": { "loja_id": "AG09", "CD_SETOR": "355030866000347", "fracao": 0.99999999999999978, "pop": 166, "domicilios": 127, "renda_resp": 7310.88, "classe_pof": "47561" }, "geometry": { "type": "Polygon", "coordinates": [ [ [ -46.647117, -23.543815599999959 ], [ -46.647124099999985, -23.544209799999969 ], [ -46.647377799999958, -23.544208599999926 ], [ -46.647366599999941, -23.543809599999967 ], [ -46.647117, -23.543815599999959 ] ] ] } },
{ "type": "Feature", "properties": { "loja_id": "AG09", "CD_SETOR": "355030866000348", "fracao": 1.0, "pop": 108, "domicilios": 50, "renda_resp": 4862.71, "classe_pof": "47560" }, "geometry": { "type": "Polygon", "coordinates": [ [ [ -46.647124099999985, -23.544209799999969 ], [ -46.647117, -23.543815599999959 ], [ -46.646524, -23.54383 ], [ -46.646553, -23.544708 ], [ -46.647761, -23.544675 ], [ -46.647740499999941, -23.544143299999977 ], [ -46.647124099999985, -23.544209799999969 ] ] ] } },
{ "type": "Feature", "properties": { "loja_id": "AG09", "CD_SETOR": "355030866000349", "fracao": 1.0, "pop": 63, "domicilios": 39, "renda_resp": 5050.0, "classe_pof": "47561" }, "geometry": { "type": "Polygon", "coordinates": [ [ [ -46.647740499999941, -23.544143299999977 ], [ -46.647727199999963, -23.543800899999955 ], [ -46.647366599999941, -23.543809599999967 ], [ -46.647376199999947, -23.544154199999976 ], [ -46.647740499999941, -23.544143299999977 ] ] ] } },
{ "type": "Feature", "properties": { "loja_id": "AG09", "CD_SETOR": "355030866000350", "fracao": 1.0, "pop": 555, "domicilios": 249, "renda_resp": 9804.98, "classe_pof": "47562" }, "geometry": { "type": "Polygon", "coordinates": [ [ [ -46.64425, -23.549512 ], [ -46.644559, -23.549454 ], [ -46.643102, -23.548251 ], [ -46.642836, -23.548143099999937 ], [ -46.642585, -23.548224 ], [ -46.64252, -23.548517 ], [ -46.642688, -23.54861 ], [ -46.642895, -23.549328 ], [ -46.64425, -23.549512 ] ] ] } },
{ "type": "Feature", "properties": { "loja_id": "AG09", "CD_SETOR": "355030866000353", "fracao": 1.0, "pop": 193, "domicilios": 121, "renda_resp": 5215.46, "classe_pof": "47561" }, "geometry": { "type": "Polygon", "coordinates": [ [ [ -46.643695499999978, -23.54220869999995 ], [ -46.642233, -23.541254 ], [ -46.641783, -23.541503 ], [ -46.643161299999974, -23.542754 ], [ -46.643695499999978, -23.54220869999995 ] ] ] } },
{ "type": "Feature", "properties": { "loja_id": "AG09", "CD_SETOR": "355030866000356", "fracao": 0.99999999999999978, "pop": 209, "domicilios": 119, "renda_resp": 6691.68, "classe_pof": "47561" }, "geometry": { "type": "Polygon", "coordinates": [ [ [ -46.644748, -23.541612899999965 ], [ -46.644835499999942, -23.541679799999937 ], [ -46.645062799999948, -23.541426699999935 ], [ -46.645318, -23.541463 ], [ -46.644969, -23.540466 ], [ -46.644067299999961, -23.541533599999987 ], [ -46.644505899999956, -23.541885399999948 ], [ -46.644748, -23.541612899999965 ] ] ] } },
{ "type": "Feature", "properties": { "loja_id": "AG09", "CD_SETOR": "355030869000048", "fracao": 0.055983952131858118, "pop": 332, "domicilios": 163, "renda_resp": 4916.56, "classe_pof": "47560" }, "geometry": { "type": "Polygon", "coordinates": [ [ [ -46.646363550536634, -23.534838293965645 ], [ -46.646993, -23.535237 ], [ -46.647128390632645, -23.535073360335861 ], [ -46.646499, -23.534829 ], [ -46.646363550536634, -23.534838293965645 ] ] ] } },
{ "type": "Feature", "properties": { "loja_id": "AG09", "CD_SETOR": "355030869000049", "fracao": 0.43416892626050924, "pop": 411, "domicilios": 196, "renda_resp": 4382.68, "classe_pof": "47560" }, "geometry": { "type": "Polygon", "coordinates": [ [ [ -46.647128390632645, -23.535073360335861 ], [ -46.646192, -23.536206 ], [ -46.647003, -23.536684 ], [ -46.647636058128931, -23.535914592170656 ], [ -46.647452, -23.535199 ], [ -46.647128390632645, -23.535073360335861 ] ] ] } },
{ "type": "Feature", "properties": { "loja_id": "AG09", "CD_SETOR": "355030869000059", "fracao": 0.72163266805540804, "pop": 456, "domicilios": 195, "renda_resp": 3517.34, "classe_pof": "47560" }, "geometry": { "type": "Polygon", "coordinates": [ [ [ -46.643366674576534, -23.535043896457587 ], [ -46.642351499999961, -23.536454 ], [ -46.643989, -23.537603 ], [ -46.646094816972933, -23.534856732967437 ], [ -46.643366674576534, -23.535043896457587 ] ] ] } },
{ "type": "Feature", "properties": { "loja_id": "AG09", "CD_SETOR": "355030869000061", "fracao": 1.0, "pop": 444, "domicilios": 195, "renda_resp": 5017.34, "classe_pof": "47561" }, "geometry": { "type": "Polygon", "coordinates": [ [ [ -46.644653299999966, -23.538069699999934 ], [ -46.645445299999949, -23.538599599999944 ], [ -46.647003, -23.536684 ], [ -46.646192, -23.536206 ], [ -46.644653299999966, -23.538069699999934 ] ] ] } },
{ "type": "Feature", "properties": { "loja_id": "AG09", "CD_SETOR": "355030869000065", "fracao": 1.0, "pop": 145, "domicilios": 87, "renda_resp": 4701.33, "classe_pof": "47560" }, "geometry": { "type": "Polygon", "coordinates": [ [ [ -46.649466, -23.53867 ], [ -46.649089, -23.53925 ], [ -46.647918, -23.541124 ], [ -46.6502, -23.539615 ], [ -46.650104, -23.539319 ], [ -46.649466, -23.53867 ] ] ] } },
{ "type": "Feature", "properties": { "loja_id": "AG09", "CD_SETOR": "355030869000066", "fracao": 0.99999999999999933, "pop": 61, "domicilios": 42, "renda_resp": 3657.8, "classe_pof": "47560" }, "geometry": { "type": "Polygon", "coordinates": [ [ [ -46.647918, -23.541124 ], [ -46.64766, -23.54155 ], [ -46.64767, -23.541750099999941 ], [ -46.647985, -23.541741 ], [ -46.647984299999962, -23.541611099999955 ], [ -46.648350799999946, -23.541567799999939 ], [ -46.648337499999968, -23.541499299999945 ], [ -46.64867339999995, -23.541400799999959 ], [ -46.648661699999934, -23.541271899999963 ], [ -46.649009499999977, -23.541174799999961 ], [ -46.649045699999931, -23.541309299999963 ], [ -46.649419699999953, -23.541206 ], [ -46.649293799999953, -23.5406 ], [ -46.649448399999983, -23.540545399999925 ], [ -46.649354, -23.540184199999935 ], [ -46.647918, -23.541124 ] ] ] } },
{ "type": "Feature", "properties": { "loja_id": "AG09", "CD_SETOR": "355030869000067", "fracao": 0.99999999999999967, "pop": 334, "domicilios": 194, "renda_resp": 2564.43, "classe_pof": "47560" }, "geometry": { "type": "Polygon", "coordinates": [ [ [ -46.647783, -23.538041 ], [ -46.64862329999994, -23.538547799999947 ], [ -46.648937899999964, -23.537841799999963 ], [ -46.648547, -23.537608 ], [ -46.647783, -23.538041 ] ] ] } },
{ "type": "Feature", "properties": { "loja_id": "AG09", "CD_SETOR": "355030869000068", "fracao": 0.99999999999999989, "pop": 401, "domicilios": 203, "renda_resp": 5773.53, "classe_pof": "47561" }, "geometry": { "type": "Polygon", "coordinates": [ [ [ -46.64862329999994, -23.538547799999947 ], [ -46.649243, -23.538954 ], [ -46.649806, -23.538373 ], [ -46.648937899999964, -23.537841799999963 ], [ -46.64862329999994, -23.538547799999947 ] ] ] } },
{ "type": "Feature", "properties": { "loja_id": "AG09", "CD_SETOR": "355030869000069", "fracao": 1.0, "pop": 229, "domicilios": 133, "renda_resp": 6559.8, "classe_pof": "47561" }, "geometry": { "type": "Polygon", "coordinates": [ [ [ -46.649698299999955, -23.538457499999929 ], [ -46.649466, -23.53867 ], [ -46.650104, -23.539319 ], [ -46.6502, -23.539615 ], [ -46.65071869999997, -23.539259099999978 ], [ -46.650423599999954, -23.538923299999961 ], [ -46.650638499999957, -23.53875289999996 ], [ -46.650684099999978, -23.538797899999963 ], [ -46.650803199999984, -23.538717899999931 ], [ -46.650529, -23.538431299999949 ], [ -46.650376299999948, -23.538550399999963 ], [ -46.650314599999945, -23.538483699999968 ], [ -46.650069599999938, -23.538694699999958 ], [ -46.650006099999985, -23.538622499999967 ], [ -46.649938099999986, -23.538678199999929 ], [ -46.649698299999955, -23.538457499999929 ] ] ] } },
{ "type": "Feature", "properties": { "loja_id": "AG09", "CD_SETOR": "355030869000102", "fracao": 1.0, "pop": 231, "domicilios": 129, "renda_resp": 5687.74, "classe_pof": "47561" }, "geometry": { "type": "Polygon", "coordinates": [ [ [ -46.649364, -23.540222399999955 ], [ -46.649448399999983, -23.540545399999925 ], [ -46.649293799999953, -23.5406 ], [ -46.649419699999953, -23.541206 ], [ -46.649045699999931, -23.541309299999963 ], [ -46.649009499999977, -23.541174799999961 ], [ -46.648661699999934, -23.541271899999963 ], [ -46.64867339999995, -23.541400799999959 ], [ -46.648337499999968, -23.541499299999945 ], [ -46.648350799999946, -23.541567799999939 ], [ -46.647984299999962, -23.541611099999955 ], [ -46.647985, -23.541741 ], [ -46.650001, -23.541692 ], [ -46.649473, -23.540105 ], [ -46.649364, -23.540222399999955 ] ] ] } },
{ "type": "Feature", "properties": { "loja_id": "AG09", "CD_SETOR": "355030869000106", "fracao": 0.97468190995063353, "pop": 289, "domicilios": 175, "renda_resp": 6121.09, "classe_pof": "47561" }, "geometry": { "type": "Polygon", "coordinates": [ [ [ -46.651402530005875, -23.540393258157774 ], [ -46.650538, -23.540642 ], [ -46.650878, -23.541669 ], [ -46.651925, -23.54164 ], [ -46.651916899999947, -23.541245099999969 ], [ -46.651719599999979, -23.541264099999971 ], [ -46.651675499999961, -23.541084699999942 ], [ -46.651549199999977, -23.541121299999926 ], [ -46.651419499999975, -23.540685799999949 ], [ -46.651636951734325, -23.540622634629386 ], [ -46.651402530005875, -23.540393258157774 ] ] ] } },
{ "type": "Feature", "properties": { "loja_id": "AG09", "CD_SETOR": "355030869000107", "fracao": 0.77636050800977785, "pop": 274, "domicilios": 158, "renda_resp": 7098.49, "classe_pof": "47561" }, "geometry": { "type": "Polygon", "coordinates": [ [ [ -46.651419499999975, -23.540685799999949 ], [ -46.651549199999977, -23.541121299999926 ], [ -46.651675499999961, -23.541084699999942 ], [ -46.651719599999979, -23.541264099999971 ], [ -46.651916899999947, -23.541245099999969 ], [ -46.651925, -23.54164 ], [ -46.652046773479057, -23.541636142960296 ], [ -46.652103276733037, -23.54149832884471 ], [ -46.651908277521507, -23.540888119401345 ], [ -46.651636951734325, -23.540622634629386 ], [ -46.651419499999975, -23.540685799999949 ] ] ] } },
{ "type": "Feature", "properties": { "loja_id": "AG09", "CD_SETOR": "355030869000108", "fracao": 0.084908850347429385, "pop": 326, "domicilios": 170, "renda_resp": 6811.34, "classe_pof": "47561" }, "geometry": { "type": "Polygon", "coordinates": [ [ [ -46.6521, -23.541488 ], [ -46.652226, -23.541199 ], [ -46.651908277521507, -23.540888119401345 ], [ -46.6521, -23.541488 ] ] ] } },
{ "type": "Feature", "properties": { "loja_id": "AG09", "CD_SETOR": "355030869000136", "fracao": 0.0840056152850535, "pop": 177, "domicilios": 94, "renda_resp": 7924.13, "classe_pof": "47561" }, "geometry": { "type": "MultiPolygon", "coordinates": [ [ [ [ -46.65121547109888, -23.540108676853695 ], [ -46.651226996090152, -23.540017929266686 ], [ -46.651189399999964, -23.540026499999957 ], [ -46.65121547109888, -23.540108676853695 ] ] ], [ [ [ -46.651303199999973, -23.54038519999995 ], [ -46.651402530005875, -23.540393258157774 ], [ -46.651262190973561, -23.540255938945045 ], [ -46.651303199999973, -23.54038519999995 ] ] ] ] } },
{ "type": "Feature", "properties": { "loja_id": "AG09", "CD_SETOR": "355030869000160", "fracao": 1.0, "pop": 427, "domicilios": 217, "renda_resp": 4840.85, "classe_pof": "47560" }, "geometry": { "type": "Polygon", "coordinates": [ [ [ -46.647759, -23.538183 ], [ -46.647186299999937, -23.541305599999934 ], [ -46.64766, -23.54155 ], [ -46.649243, -23.538954 ], [ -46.647896, -23.538106 ], [ -46.647759, -23.538183 ] ] ] } },
{ "type": "Feature", "properties": { "loja_id": "AG09", "CD_SETOR": "355030869000161", "fracao": 0.48540382264556681, "pop": 303, "domicilios": 183, "renda_resp": 9581.27, "classe_pof": "47562" }, "geometry": { "type": "Polygon", "coordinates": [ [ [ -46.650803199999984, -23.538717899999931 ], [ -46.650994095825659, -23.538578995070139 ], [ -46.650747499999966, -23.538253 ], [ -46.650529, -23.538431299999949 ], [ -46.650803199999984, -23.538717899999931 ] ] ] } },
{ "type": "Feature", "properties": { "loja_id": "AG09", "CD_SETOR": "355030869000257", "fracao": 1.0, "pop": 140, "domicilios": 63, "renda_resp": 7080.2, "classe_pof": "47561" }, "geometry": { "type": "Polygon", "coordinates": [ [ [ -46.646512, -23.537309 ], [ -46.647401299999956, -23.537823 ], [ -46.64756, -23.537583 ], [ -46.64779249999998, -23.537715699999971 ], [ -46.64794859999995, -23.537628799999933 ], [ -46.648140099999978, -23.537366199999955 ], [ -46.647003, -23.536684 ], [ -46.646512, -23.537309 ] ] ] } },
{ "type": "Feature", "properties": { "loja_id": "AG09", "CD_SETOR": "355030869000258", "fracao": 0.99999999999999956, "pop": 239, "domicilios": 116, "renda_resp": 8111.48, "classe_pof": "47561" }, "geometry": { "type": "Polygon", "coordinates": [ [ [ -46.647401299999956, -23.537823 ], [ -46.647783, -23.538041 ], [ -46.648547, -23.537608 ], [ -46.648140099999978, -23.537366199999955 ], [ -46.64794859999995, -23.537628799999933 ], [ -46.64779249999998, -23.537715699999971 ], [ -46.64756, -23.537583 ], [ -46.647401299999956, -23.537823 ] ] ] } },
{ "type": "Feature", "properties": { "loja_id": "AG09", "CD_SETOR": "355030869000259", "fracao": 0.36258045298293751, "pop": 389, "domicilios": 164, "renda_resp": 3488.94, "classe_pof": "47560" }, "geometry": { "type": "Polygon", "coordinates": [ [ [ -46.647003, -23.536684 ], [ -46.648937899999964, -23.537841799999963 ], [ -46.649137074134146, -23.537475156518333 ], [ -46.648499, -23.537254 ], [ -46.647871, -23.536828 ], [ -46.647636058128931, -23.535914592170656 ], [ -46.647003, -23.536684 ] ] ] } },
{ "type": "Feature", "properties": { "loja_id": "AG09", "CD_SETOR": "355030869000260", "fracao": 0.99999999999999989, "pop": 192, "domicilios": 89, "renda_resp": 5843.44, "classe_pof": "47561" }, "geometry": { "type": "Polygon", "coordinates": [ [ [ -46.645545899999945, -23.53558569999996 ], [ -46.645422, -23.535748 ], [ -46.646192, -23.536206 ], [ -46.646993, -23.535237 ], [ -46.646792199999936, -23.535109799999933 ], [ -46.646632299999965, -23.535309199999976 ], [ -46.646565299999963, -23.53526539999995 ], [ -46.646467799999982, -23.535383399999933 ], [ -46.646364, -23.535320799999958 ], [ -46.645974499999966, -23.535847 ], [ -46.645545899999945, -23.53558569999996 ] ] ] } },
{ "type": "Feature", "properties": { "loja_id": "AG09", "CD_SETOR": "355030869000261", "fracao": 0.97308096822643753, "pop": 256, "domicilios": 119, "renda_resp": 4440.51, "classe_pof": "47560" }, "geometry": { "type": "Polygon", "coordinates": [ [ [ -46.64557439999993, -23.535608699999948 ], [ -46.645974499999966, -23.535847 ], [ -46.646364, -23.535320799999958 ], [ -46.646467799999982, -23.535383399999933 ], [ -46.646565299999963, -23.53526539999995 ], [ -46.646632299999965, -23.535309199999976 ], [ -46.646792199999936, -23.535109799999933 ], [ -46.646363550536634, -23.534838293965645 ], [ -46.646094816972933, -23.534856732967437 ], [ -46.64557439999993, -23.535608699999948 ] ] ] } },
{ "type": "Feature", "properties": { "loja_id": "AG09", "CD_SETOR": "355030869000262", "fracao": 1.0, "pop": 123, "domicilios": 64, "renda_resp": 5275.4, "classe_pof": "47561" }, "geometry": { "type": "Polygon", "coordinates": [ [ [ -46.644258599999944, -23.537792399999947 ], [ -46.64451269999995, -23.537490199999986 ], [ -46.64422959999996, -23.537286799999947 ], [ -46.643989, -23.537603 ], [ -46.644258599999944, -23.537792399999947 ] ] ] } },
{ "type": "Feature", "properties": { "loja_id": "AG09", "CD_SETOR": "355030869000263", "fracao": 1.0, "pop": 356, "domicilios": 148, "renda_resp": 4230.54, "classe_pof": "47560" }, "geometry": { "type": "Polygon", "coordinates": [ [ [ -46.644261099999937, -23.537308499999941 ], [ -46.644586499999946, -23.537550599999975 ], [ -46.644912099999942, -23.537157299999933 ], [ -46.64500529999998, -23.537225299999928 ], [ -46.645166599999982, -23.537035099999965 ], [ -46.645049899999947, -23.536957899999948 ], [ -46.645689399999981, -23.536185499999931 ], [ -46.645843299999967, -23.536285299999971 ], [ -46.645991699999975, -23.536086799999961 ], [ -46.645422, -23.535748 ], [ -46.644261099999937, -23.537308499999941 ] ] ] } },
{ "type": "Feature", "properties": { "loja_id": "AG09", "CD_SETOR": "355030869000264", "fracao": 1.0, "pop": 248, "domicilios": 130, "renda_resp": 3713.98, "classe_pof": "47560" }, "geometry": { "type": "Polygon", "coordinates": [ [ [ -46.64451269999995, -23.537490199999986 ], [ -46.644258599999944, -23.537792399999947 ], [ -46.644653299999966, -23.538069699999934 ], [ -46.646192, -23.536206 ], [ -46.645991699999975, -23.536086799999961 ], [ -46.645843299999967, -23.536285299999971 ], [ -46.645689399999981, -23.536185499999931 ], [ -46.645049899999947, -23.536957899999948 ], [ -46.645166599999982, -23.537035099999965 ], [ -46.64503, -23.537197799999944 ], [ -46.644912099999942, -23.537157299999933 ], [ -46.644586499999946, -23.537550599999975 ], [ -46.64451269999995, -23.537490199999986 ] ] ] } },
{ "type": "Feature", "properties": { "loja_id": "AG09", "CD_SETOR": "355030869000265", "fracao": 0.99999999999999989, "pop": 293, "domicilios": 155, "renda_resp": 5891.29, "classe_pof": "47561" }, "geometry": { "type": "Polygon", "coordinates": [ [ [ -46.645753899999931, -23.538804099999936 ], [ -46.646430899999984, -23.538396599999942 ], [ -46.646600299999932, -23.538700699999925 ], [ -46.646820599999955, -23.538581399999934 ], [ -46.646677, -23.538293099999976 ], [ -46.647411, -23.538062499999963 ], [ -46.647255599999937, -23.537973699999952 ], [ -46.647364799999934, -23.537802199999934 ], [ -46.646512, -23.537309 ], [ -46.645445299999949, -23.538599599999944 ], [ -46.645753899999931, -23.538804099999936 ] ] ] } },
{ "type": "Feature", "properties": { "loja_id": "AG09", "CD_SETOR": "355030869000266", "fracao": 1.0, "pop": 490, "domicilios": 192, "renda_resp": 3162.57, "classe_pof": "47560" }, "geometry": { "type": "Polygon", "coordinates": [ [ [ -46.64693879999993, -23.538187 ], [ -46.647054199999957, -23.538447299999977 ], [ -46.647783, -23.538041 ], [ -46.647364799999934, -23.537802199999934 ], [ -46.647255599999937, -23.537973699999952 ], [ -46.647411, -23.538062499999963 ], [ -46.64716489999995, -23.538181599999973 ], [ -46.647126299999968, -23.538113 ], [ -46.64693879999993, -23.538187 ] ] ] } },
{ "type": "Feature", "properties": { "loja_id": "AG09", "CD_SETOR": "355030869000267", "fracao": 1.0, "pop": 379, "domicilios": 195, "renda_resp": 3301.97, "classe_pof": "47560" }, "geometry": { "type": "Polygon", "coordinates": [ [ [ -46.646059299999941, -23.539006499999967 ], [ -46.646600299999932, -23.538700699999925 ], [ -46.646430899999984, -23.538396599999942 ], [ -46.645753899999931, -23.538804099999936 ], [ -46.646059299999941, -23.539006499999967 ] ] ] } },
{ "type": "Feature", "properties": { "loja_id": "AG09", "CD_SETOR": "355030869000268", "fracao": 0.99999999999999989, "pop": 95, "domicilios": 46, "renda_resp": 4101.28, "classe_pof": "47560" }, "geometry": { "type": "Polygon", "coordinates": [ [ [ -46.647054199999957, -23.538447299999977 ], [ -46.64693879999993, -23.538187 ], [ -46.646677, -23.538293099999976 ], [ -46.646820599999955, -23.538581399999934 ], [ -46.647054199999957, -23.538447299999977 ] ] ] } },
{ "type": "Feature", "properties": { "loja_id": "AG09", "CD_SETOR": "355030869000269", "fracao": 0.99999999999999967, "pop": 437, "domicilios": 160, "renda_resp": 4265.28, "classe_pof": "47560" }, "geometry": { "type": "Polygon", "coordinates": [ [ [ -46.647056599999985, -23.538492699999942 ], [ -46.647211599999935, -23.539285299999964 ], [ -46.646906899999976, -23.539342199999968 ], [ -46.646820599999955, -23.538581399999934 ], [ -46.646059299999941, -23.539006499999967 ], [ -46.646125, -23.53905 ], [ -46.646341699999937, -23.540010599999956 ], [ -46.64747269999998, -23.539781399999985 ], [ -46.647759, -23.538183 ], [ -46.647896, -23.538106 ], [ -46.647783, -23.538041 ], [ -46.647056599999985, -23.538492699999942 ] ] ] } },
{ "type": "Feature", "properties": { "loja_id": "AG09", "CD_SETOR": "355030869000270", "fracao": 1.0, "pop": 205, "domicilios": 114, "renda_resp": 10199.96, "classe_pof": "47562" }, "geometry": { "type": "Polygon", "coordinates": [ [ [ -46.646813199999947, -23.538628699999951 ], [ -46.646906899999976, -23.539342199999968 ], [ -46.647211599999935, -23.539285299999964 ], [ -46.647054199999957, -23.538447299999977 ], [ -46.646813199999947, -23.538628699999951 ] ] ] } },
{ "type": "Feature", "properties": { "loja_id": "AG09", "CD_SETOR": "355030869000319", "fracao": 1.0, "pop": 52, "domicilios": 37, "renda_resp": 6200.0, "classe_pof": "47561" }, "geometry": { "type": "Polygon", "coordinates": [ [ [ -46.650001, -23.541692 ], [ -46.650621, -23.541675 ], [ -46.650878, -23.541669 ], [ -46.650827699999979, -23.541519299999948 ], [ -46.650585899999953, -23.541576599999928 ], [ -46.650524299999972, -23.54138689999996 ], [ -46.650425399999961, -23.541417199999952 ], [ -46.650382699999966, -23.541289699999936 ], [ -46.650106199999982, -23.541354399999936 ], [ -46.650143299999968, -23.541503499999973 ], [ -46.649957299999983, -23.541553699999945 ], [ -46.650001, -23.541692 ] ] ] } },
{ "type": "Feature", "properties": { "loja_id": "AG09", "CD_SETOR": "355030869000320", "fracao": 0.99999999999999967, "pop": 124, "domicilios": 68, "renda_resp": 7214.85, "classe_pof": "47561" }, "geometry": { "type": "Polygon", "coordinates": [ [ [ -46.649473, -23.540105 ], [ -46.649957299999983, -23.541553699999945 ], [ -46.650143299999968, -23.541503499999973 ], [ -46.650106199999982, -23.541354399999936 ], [ -46.650382699999966, -23.541289699999936 ], [ -46.649955899999952, -23.540014 ], [ -46.650299299999972, -23.539914499999952 ], [ -46.6502, -23.539615 ], [ -46.649473, -23.540105 ] ] ] } },
{ "type": "Feature", "properties": { "loja_id": "AG09", "CD_SETOR": "355030869000321", "fracao": 1.0, "pop": 190, "domicilios": 112, "renda_resp": 7462.73, "classe_pof": "47561" }, "geometry": { "type": "Polygon", "coordinates": [ [ [ -46.650537499999984, -23.540766499999954 ], [ -46.650299299999972, -23.539914499999952 ], [ -46.649955899999952, -23.540014 ], [ -46.650231799999972, -23.540838699999945 ], [ -46.650537499999984, -23.540766499999954 ] ] ] } },
{ "type": "Feature", "properties": { "loja_id": "AG09", "CD_SETOR": "355030869000322", "fracao": 1.0, "pop": 162, "domicilios": 105, "renda_resp": 8063.88, "classe_pof": "47561" }, "geometry": { "type": "Polygon", "coordinates": [ [ [ -46.650231799999972, -23.540838699999945 ], [ -46.650425399999961, -23.541417199999952 ], [ -46.650524299999972, -23.54138689999996 ], [ -46.650585899999953, -23.541576599999928 ], [ -46.650827699999979, -23.541519299999948 ], [ -46.650575799999956, -23.540757699999968 ], [ -46.650231799999972, -23.540838699999945 ] ] ] } },
{ "type": "Feature", "properties": { "loja_id": "AG09", "CD_SETOR": "355030869000323", "fracao": 0.68244857356377764, "pop": 329, "domicilios": 179, "renda_resp": 7822.23, "classe_pof": "47561" }, "geometry": { "type": "Polygon", "coordinates": [ [ [ -46.650477599999931, -23.539424299999947 ], [ -46.650725299999976, -23.539906099999936 ], [ -46.651128299999982, -23.539799199999941 ], [ -46.651226996090152, -23.540017929266686 ], [ -46.651331, -23.539199 ], [ -46.651188534980804, -23.538936822408605 ], [ -46.650477599999931, -23.539424299999947 ] ] ] } },
{ "type": "Feature", "properties": { "loja_id": "AG09", "CD_SETOR": "355030869000324", "fracao": 0.99590031541420121, "pop": 290, "domicilios": 153, "renda_resp": 11147.64, "classe_pof": "47562" }, "geometry": { "type": "Polygon", "coordinates": [ [ [ -46.6502, -23.539615 ], [ -46.650538, -23.540642 ], [ -46.651315199999949, -23.540418599999956 ], [ -46.651128299999982, -23.539799199999941 ], [ -46.650725299999976, -23.539906099999936 ], [ -46.650477599999931, -23.539424299999947 ], [ -46.6502, -23.539615 ] ] ] } },
{ "type": "Feature", "properties": { "loja_id": "AG09", "CD_SETOR": "355030869000361", "fracao": 0.11104792759053478, "pop": 508, "domicilios": 222, "renda_resp": 2431.96, "classe_pof": "47559" }, "geometry": { "type": "Polygon", "coordinates": [ [ [ -46.640725584357007, -23.535312463482793 ], [ -46.641162, -23.535619 ], [ -46.641503120474653, -23.535171717402065 ], [ -46.640725584357007, -23.535312463482793 ] ] ] } },
{ "type": "Feature", "properties": { "loja_id": "AG09", "CD_SETOR": "355030869000364", "fracao": 0.49771127529703191, "pop": 406, "domicilios": 158, "renda_resp": 3104.5, "classe_pof": "47560" }, "geometry": { "type": "Polygon", "coordinates": [ [ [ -46.641503120474653, -23.535171717402065 ], [ -46.64181, -23.535408399999938 ], [ -46.642012640589748, -23.535136771713457 ], [ -46.641503120474653, -23.535171717402065 ] ] ] } },
{ "type": "Feature", "properties": { "loja_id": "AG09", "CD_SETOR": "355030869000365", "fracao": 1.0, "pop": 367, "domicilios": 156, "renda_resp": 4132.97, "classe_pof": "47560" }, "geometry": { "type": "Polygon", "coordinates": [ [ [ -46.641469499999971, -23.535834399999946 ], [ -46.64181, -23.535408399999938 ], [ -46.641480699999931, -23.535200899999953 ], [ -46.641162, -23.535619 ], [ -46.641469499999971, -23.535834399999946 ] ] ] } },
{ "type": "Feature", "properties": { "loja_id": "AG09", "CD_SETOR": "355030869000366", "fracao": 0.60065880304039754, "pop": 254, "domicilios": 98, "renda_resp": 11300.53, "classe_pof": "47562" }, "geometry": { "type": "Polygon", "coordinates": [ [ [ -46.642012640589748, -23.535136771713457 ], [ -46.641469499999971, -23.535834399999946 ], [ -46.642351499999961, -23.536454 ], [ -46.643366674576534, -23.535043896457587 ], [ -46.642012640589748, -23.535136771713457 ] ] ] } },
{ "type": "Feature", "properties": { "loja_id": "AG09", "CD_SETOR": "355030869000376", "fracao": 0.65269002317283875, "pop": 117, "domicilios": 66, "renda_resp": 4479.92, "classe_pof": "47560" }, "geometry": { "type": "Polygon", "coordinates": [ [ [ -46.649698299999955, -23.538457499999929 ], [ -46.649938099999986, -23.538678199999929 ], [ -46.650006099999985, -23.538622499999967 ], [ -46.650069599999938, -23.538694699999958 ], [ -46.650314599999945, -23.538483699999968 ], [ -46.650376299999948, -23.538550399999963 ], [ -46.650747499999966, -23.538253 ], [ -46.650872143575178, -23.538354564544726 ], [ -46.650686, -23.538012 ], [ -46.650400696944494, -23.537913118100636 ], [ -46.649698299999955, -23.538457499999929 ] ] ] } },
{ "type": "Feature", "properties": { "loja_id": "AG09", "CD_SETOR": "355030869000377", "fracao": 0.53582745057781889, "pop": 234, "domicilios": 119, "renda_resp": 5366.75, "classe_pof": "47561" }, "geometry": { "type": "Polygon", "coordinates": [ [ [ -46.650684099999978, -23.538797899999963 ], [ -46.650638499999957, -23.53875289999996 ], [ -46.650423599999954, -23.538923299999961 ], [ -46.65071869999997, -23.539259099999978 ], [ -46.651188534980804, -23.538936822408605 ], [ -46.650994095825659, -23.538578995070139 ], [ -46.650684099999978, -23.538797899999963 ] ] ] } },
{ "type": "Feature", "properties": { "loja_id": "AG09", "CD_SETOR": "355030869000397", "fracao": 0.58149719714900472, "pop": 167, "domicilios": 112, "renda_resp": 8933.05, "classe_pof": "47562" }, "geometry": { "type": "Polygon", "coordinates": [ [ [ -46.649249399999974, -23.538024299999961 ], [ -46.649710782406977, -23.537674000896057 ], [ -46.649137074134146, -23.537475156518333 ], [ -46.648937899999964, -23.537841799999963 ], [ -46.649249399999974, -23.538024299999961 ] ] ] } },
{ "type": "Feature", "properties": { "loja_id": "AG09", "CD_SETOR": "355030869000398", "fracao": 0.70817327996989754, "pop": 204, "domicilios": 118, "renda_resp": 3868.19, "classe_pof": "47560" }, "geometry": { "type": "Polygon", "coordinates": [ [ [ -46.649249399999974, -23.538024299999961 ], [ -46.649806, -23.538373 ], [ -46.650400696944494, -23.537913118100636 ], [ -46.649710782406977, -23.537674000896057 ], [ -46.649249399999974, -23.538024299999961 ] ] ] } },
{ "type": "Feature", "properties": { "loja_id": "AG09", "CD_SETOR": "355030869000399", "fracao": 1.0, "pop": 111, "domicilios": 78, "renda_resp": 8364.68, "classe_pof": "47562" }, "geometry": { "type": "Polygon", "coordinates": [ [ [ -46.647010899999941, -23.541215099999938 ], [ -46.647186299999937, -23.541305599999934 ], [ -46.647214, -23.541265 ], [ -46.647325799999976, -23.540606599999929 ], [ -46.64696559999993, -23.540676199999947 ], [ -46.647010899999941, -23.541215099999938 ] ] ] } },
{ "type": "Feature", "properties": { "loja_id": "AG09", "CD_SETOR": "355030869000400", "fracao": 1.0, "pop": 144, "domicilios": 103, "renda_resp": 8043.92, "classe_pof": "47561" }, "geometry": { "type": "Polygon", "coordinates": [ [ [ -46.64696559999993, -23.540676199999947 ], [ -46.646511699999962, -23.540763799999983 ], [ -46.646561, -23.540983 ], [ -46.647010899999941, -23.541215099999938 ], [ -46.64696559999993, -23.540676199999947 ] ] ] } },
{ "type": "Feature", "properties": { "loja_id": "AG09", "CD_SETOR": "355030869000401", "fracao": 1.0, "pop": 86, "domicilios": 49, "renda_resp": 5199.36, "classe_pof": "47561" }, "geometry": { "type": "Polygon", "coordinates": [ [ [ -46.646363099999974, -23.540105599999947 ], [ -46.646511699999962, -23.540763799999983 ], [ -46.647325799999976, -23.540606599999929 ], [ -46.647414199999957, -23.54010209999996 ], [ -46.646905499999946, -23.540200599999938 ], [ -46.646865599999956, -23.540010299999949 ], [ -46.646363099999974, -23.540105599999947 ] ] ] } },
{ "type": "Feature", "properties": { "loja_id": "AG09", "CD_SETOR": "355030869000406", "fracao": 0.99999999999999967, "pop": 233, "domicilios": 104, "renda_resp": 7336.22, "classe_pof": "47561" }, "geometry": { "type": "Polygon", "coordinates": [ [ [ -46.646349, -23.540043299999976 ], [ -46.647135899999967, -23.539890899999932 ], [ -46.647194899999931, -23.540143299999944 ], [ -46.647414199999957, -23.54010209999996 ], [ -46.64747269999998, -23.539781399999985 ], [ -46.646349, -23.540043299999976 ] ] ] } },
{ "type": "Feature", "properties": { "loja_id": "AG09", "CD_SETOR": "355030869000407", "fracao": 0.99999999999999978, "pop": 200, "domicilios": 106, "renda_resp": 7751.98, "classe_pof": "47561" }, "geometry": { "type": "Polygon", "coordinates": [ [ [ -46.646363099999974, -23.540105599999947 ], [ -46.646865599999956, -23.540010299999949 ], [ -46.646905499999946, -23.540200599999938 ], [ -46.647194899999931, -23.540143299999944 ], [ -46.647135899999967, -23.539890899999932 ], [ -46.646349, -23.540043299999976 ], [ -46.646363099999974, -23.540105599999947 ] ] ] } },
{ "type": "Feature", "properties": { "loja_id": "AG07", "CD_SETOR": "355030870000004", "fracao": 1.0, "pop": 441, "domicilios": 198, "renda_resp": 8724.1, "classe_pof": "47562" }, "geometry": { "type": "Polygon", "coordinates": [ [ [ -46.623085, -23.496665 ], [ -46.623432, -23.499111 ], [ -46.62557, -23.498975 ], [ -46.625714, -23.497935 ], [ -46.625106899999935, -23.497969699999935 ], [ -46.625101, -23.498422899999976 ], [ -46.624864899999977, -23.498440499999965 ], [ -46.624868099999958, -23.498561799999948 ], [ -46.624187099999972, -23.498510699999937 ], [ -46.624093399999936, -23.49825849999996 ], [ -46.624047699999949, -23.497694099999933 ], [ -46.624497599999984, -23.497682199999925 ], [ -46.624502499999949, -23.49667009999996 ], [ -46.623192, -23.496603 ], [ -46.623085, -23.496665 ] ] ] } },
{ "type": "Feature", "properties": { "loja_id": "AG07", "CD_SETOR": "355030870000005", "fracao": 1.0, "pop": 49, "domicilios": 23, "renda_resp": 5130.74, "classe_pof": "47561" }, "geometry": { "type": "Polygon", "coordinates": [ [ [ -46.624592, -23.499045 ], [ -46.624724699999945, -23.503143699999953 ], [ -46.62634, -23.502911 ], [ -46.625544, -23.499334 ], [ -46.62557, -23.498975 ], [ -46.624592, -23.499045 ] ] ] } },
{ "type": "Feature", "properties": { "loja_id": "AG07", "CD_SETOR": "355030870000013", "fracao": 0.43059084566192923, "pop": 511, "domicilios": 207, "renda_resp": 12836.11, "classe_pof": "47563" }, "geometry": { "type": "Polygon", "coordinates": [ [ [ -46.627643761158936, -23.495913603648734 ], [ -46.627749, -23.496891 ], [ -46.628967, -23.496599 ], [ -46.629186950342785, -23.496461275711855 ], [ -46.629146, -23.496253 ], [ -46.628199, -23.495606 ], [ -46.627643761158936, -23.495913603648734 ] ] ] } },
{ "type": "Feature", "properties": { "loja_id": "AG07", "CD_SETOR": "355030870000015", "fracao": 0.53452015140137643, "pop": 449, "domicilios": 186, "renda_resp": 7838.26, "classe_pof": "47561" }, "geometry": { "type": "Polygon", "coordinates": [ [ [ -46.626619799999958, -23.495773699999965 ], [ -46.626391199999944, -23.495813299999945 ], [ -46.626399499999934, -23.496293 ], [ -46.626277499999958, -23.496300399999942 ], [ -46.62629069999997, -23.496600699999931 ], [ -46.62582459999993, -23.49661969999994 ], [ -46.62577529999993, -23.497538199999948 ], [ -46.627749, -23.496891 ], [ -46.627643761158936, -23.495913603648734 ], [ -46.627199, -23.49616 ], [ -46.626623055354798, -23.49551667307594 ], [ -46.626619799999958, -23.495773699999965 ] ] ] } },
{ "type": "Feature", "properties": { "loja_id": "AG07", "CD_SETOR": "355030870000016", "fracao": 0.77705704046234725, "pop": 452, "domicilios": 192, "renda_resp": 9190.18, "classe_pof": "47562" }, "geometry": { "type": "Polygon", "coordinates": [ [ [ -46.625821825975159, -23.495308909275511 ], [ -46.62582459999993, -23.49661969999994 ], [ -46.62629069999997, -23.496600699999931 ], [ -46.626277499999958, -23.496300399999942 ], [ -46.626399499999934, -23.496293 ], [ -46.626391199999944, -23.495813299999945 ], [ -46.626619799999958, -23.495773699999965 ], [ -46.626623055354798, -23.49551667307594 ], [ -46.626199, -23.495043 ], [ -46.625821825975159, -23.495308909275511 ] ] ] } },
{ "type": "Feature", "properties": { "loja_id": "AG07", "CD_SETOR": "355030870000017", "fracao": 0.66163303703754661, "pop": 516, "domicilios": 233, "renda_resp": 9033.0, "classe_pof": "47562" }, "geometry": { "type": "Polygon", "coordinates": [ [ [ -46.624262430728351, -23.49519542448822 ], [ -46.623548, -23.496315 ], [ -46.623192, -23.496603 ], [ -46.624004799999973, -23.496656299999927 ], [ -46.624044599999934, -23.496084799999938 ], [ -46.625055799999984, -23.496106399999977 ], [ -46.62505189999996, -23.496681699999947 ], [ -46.624502499999949, -23.49667009999996 ], [ -46.624496599999929, -23.497746899999978 ], [ -46.625019699999939, -23.497722399999926 ], [ -46.625052199999971, -23.497485399999956 ], [ -46.625783, -23.497495 ], [ -46.625820099999949, -23.495684899999951 ], [ -46.625350199999957, -23.49569519999994 ], [ -46.625347031427467, -23.495643638696194 ], [ -46.625199, -23.495748 ], [ -46.624262430728351, -23.49519542448822 ] ] ] } },
{ "type": "Feature", "properties": { "loja_id": "AG07", "CD_SETOR": "355030870000019", "fracao": 0.10893906169840771, "pop": 396, "domicilios": 189, "renda_resp": 7739.02, "classe_pof": "47561" }, "geometry": { "type": "Polygon", "coordinates": [ [ [ -46.625821825975159, -23.495308909275511 ], [ -46.625347031427467, -23.495643638696194 ], [ -46.625350199999957, -23.49569519999994 ], [ -46.625820099999949, -23.495684899999951 ], [ -46.625821825975159, -23.495308909275511 ] ] ] } },
{ "type": "Feature", "properties": { "loja_id": "AG07", "CD_SETOR": "355030870000021", "fracao": 1.0, "pop": 481, "domicilios": 203, "renda_resp": 9286.29, "classe_pof": "47562" }, "geometry": { "type": "Polygon", "coordinates": [ [ [ -46.622074899999973, -23.495820499999972 ], [ -46.623171899999932, -23.496187899999942 ], [ -46.623427, -23.49560959999997 ], [ -46.622301, -23.495271 ], [ -46.622074899999973, -23.495820499999972 ] ] ] } },
{ "type": "Feature", "properties": { "loja_id": "AG07", "CD_SETOR": "355030870000023", "fracao": 1.0, "pop": 335, "domicilios": 181, "renda_resp": 5718.09, "classe_pof": "47561" }, "geometry": { "type": "Polygon", "coordinates": [ [ [ -46.622047899999984, -23.497509099999935 ], [ -46.622211299999947, -23.498740799999943 ], [ -46.622781099999941, -23.49870419999996 ], [ -46.622608, -23.497427 ], [ -46.622047899999984, -23.497509099999935 ] ] ] } },
{ "type": "Feature", "properties": { "loja_id": "AG07", "CD_SETOR": "355030870000024", "fracao": 1.0, "pop": 440, "domicilios": 208, "renda_resp": 6418.35, "classe_pof": "47561" }, "geometry": { "type": "Polygon", "coordinates": [ [ [ -46.622299, -23.49991 ], [ -46.621162, -23.499946 ], [ -46.621176, -23.501005 ], [ -46.622318, -23.500976 ], [ -46.622349, -23.502066 ], [ -46.623529, -23.50203 ], [ -46.623432, -23.499111 ], [ -46.622268, -23.499168 ], [ -46.622299, -23.49991 ] ] ] } },
{ "type": "Feature", "properties": { "loja_id": "AG07", "CD_SETOR": "355030870000025", "fracao": 0.99999999999999978, "pop": 195, "domicilios": 81, "renda_resp": 8328.1, "classe_pof": "47562" }, "geometry": { "type": "Polygon", "coordinates": [ [ [ -46.623452, -23.499149 ], [ -46.62356, -23.503136 ], [ -46.624724699999945, -23.503143699999953 ], [ -46.624592, -23.499045 ], [ -46.623452, -23.499149 ] ] ] } },
{ "type": "Feature", "properties": { "loja_id": "AG07", "CD_SETOR": "355030870000026", "fracao": 1.0, "pop": 362, "domicilios": 163, "renda_resp": 8717.31, "classe_pof": "47562" }, "geometry": { "type": "Polygon", "coordinates": [ [ [ -46.62356, -23.503136 ], [ -46.623644799999965, -23.506217 ], [ -46.623787, -23.506285 ], [ -46.623611, -23.506357 ], [ -46.623669, -23.506505 ], [ -46.624836, -23.507235499999979 ], [ -46.624724699999945, -23.503143699999953 ], [ -46.62356, -23.503136 ] ] ] } },
{ "type": "Feature", "properties": { "loja_id": "AG07", "CD_SETOR": "355030870000027", "fracao": 0.99999999999999989, "pop": 166, "domicilios": 77, "renda_resp": 5678.0, "classe_pof": "47561" }, "geometry": { "type": "Polygon", "coordinates": [ [ [ -46.624757, -23.50413 ], [ -46.624836, -23.507235499999979 ], [ -46.626155, -23.508142 ], [ -46.626294, -23.504149 ], [ -46.624757, -23.50413 ] ] ] } },
{ "type": "Feature", "properties": { "loja_id": "AG07", "CD_SETOR": "355030870000028", "fracao": 1.0, "pop": 402, "domicilios": 189, "renda_resp": 6476.64, "classe_pof": "47561" }, "geometry": { "type": "Polygon", "coordinates": [ [ [ -46.630699899999968, -23.504009399999973 ], [ -46.630593, -23.502449 ], [ -46.629732, -23.502125 ], [ -46.628004, -23.502389 ], [ -46.626333, -23.502794 ], [ -46.62634, -23.502911 ], [ -46.624724699999945, -23.503143699999953 ], [ -46.624757, -23.50413 ], [ -46.626294, -23.504149 ], [ -46.626219, -23.506385 ], [ -46.627912099999946, -23.506450399999945 ], [ -46.627674, -23.50558 ], [ -46.627486, -23.504225 ], [ -46.630699899999968, -23.504009399999973 ] ] ] } },
{ "type": "Feature", "properties": { "loja_id": "AG07", "CD_SETOR": "355030870000029", "fracao": 0.53825188165363991, "pop": 574, "domicilios": 247, "renda_resp": 6575.25, "classe_pof": "47561" }, "geometry": { "type": "Polygon", "coordinates": [ [ [ -46.630575, -23.501113 ], [ -46.630593, -23.502449 ], [ -46.63289489999994, -23.503174399999981 ], [ -46.633727, -23.503319 ], [ -46.633732561452092, -23.502485707474925 ], [ -46.633199, -23.502166 ], [ -46.632429, -23.502429 ], [ -46.632082, -23.502317 ], [ -46.631843, -23.500843 ], [ -46.632599973292983, -23.500205757173617 ], [ -46.631602, -23.500191 ], [ -46.631602, -23.501137 ], [ -46.630575, -23.501113 ] ] ] } },
{ "type": "Feature", "properties": { "loja_id": "AG07", "CD_SETOR": "355030870000039", "fracao": 0.13933056494230836, "pop": 388, "domicilios": 154, "renda_resp": 10272.84, "classe_pof": "47562" }, "geometry": { "type": "Polygon", "coordinates": [ [ [ -46.621453499999973, -23.496250199999963 ], [ -46.6219, -23.496327 ], [ -46.621914, -23.49606 ], [ -46.622373312081947, -23.495115579793755 ], [ -46.622199, -23.495065 ], [ -46.621359712116082, -23.495705913044031 ], [ -46.621453499999973, -23.496250199999963 ] ] ] } },
{ "type": "Feature", "properties": { "loja_id": "AG07", "CD_SETOR": "355030870000040", "fracao": 0.0018934105023846758, "pop": 454, "domicilios": 181, "renda_resp": 6534.97, "classe_pof": "47561" }, "geometry": { "type": "Polygon", "coordinates": [ [ [ -46.620947433829571, -23.496202441866128 ], [ -46.621008, -23.496214 ], [ -46.620999790833906, -23.495980759822327 ], [ -46.620947433829571, -23.496202441866128 ] ] ] } },
{ "type": "Feature", "properties": { "loja_id": "AG07", "CD_SETOR": "355030870000041", "fracao": 0.28908088150502864, "pop": 632, "domicilios": 264, "renda_resp": 8070.38, "classe_pof": "47561" }, "geometry": { "type": "Polygon", "coordinates": [ [ [ -46.61783, -23.498731 ], [ -46.617968, -23.49939 ], [ -46.620286, -23.499267 ], [ -46.619708, -23.49898 ], [ -46.619429, -23.498755 ], [ -46.618754581754231, -23.497674104333313 ], [ -46.61756132462029, -23.498744111152156 ], [ -46.61783, -23.498731 ] ] ] } },
{ "type": "Feature", "properties": { "loja_id": "AG07", "CD_SETOR": "355030870000043", "fracao": 1.0, "pop": 274, "domicilios": 123, "renda_resp": 4317.04, "classe_pof": "47560" }, "geometry": { "type": "Polygon", "coordinates": [ [ [ -46.622268, -23.499168 ], [ -46.61724, -23.499425 ], [ -46.61726, -23.500048 ], [ -46.622299, -23.49991 ], [ -46.622268, -23.499168 ] ] ] } },
{ "type": "Feature", "properties": { "loja_id": "AG07", "CD_SETOR": "355030870000044", "fracao": 1.0, "pop": 435, "domicilios": 198, "renda_resp": 5164.94, "classe_pof": "47561" }, "geometry": { "type": "Polygon", "coordinates": [ [ [ -46.620866499999977, -23.499994099999977 ], [ -46.620873399999937, -23.500406899999973 ], [ -46.620831899999985, -23.500543 ], [ -46.620697299999961, -23.500556299999971 ], [ -46.620703099999957, -23.500163499999921 ], [ -46.620487199999957, -23.500165199999969 ], [ -46.620520399999975, -23.500489099999982 ], [ -46.62005209999996, -23.500502399999963 ], [ -46.62003459999994, -23.499973699999945 ], [ -46.618839, -23.500003599999953 ], [ -46.618831799999953, -23.500551399999949 ], [ -46.617754399999967, -23.50056759999995 ], [ -46.617755799999941, -23.500033899999952 ], [ -46.61726, -23.500048 ], [ -46.617294, -23.501115 ], [ -46.621176, -23.501005 ], [ -46.621162, -23.499946 ], [ -46.620866499999977, -23.499994099999977 ] ] ] } },
{ "type": "Feature", "properties": { "loja_id": "AG07", "CD_SETOR": "355030870000045", "fracao": 1.0, "pop": 379, "domicilios": 177, "renda_resp": 5800.49, "classe_pof": "47561" }, "geometry": { "type": "Polygon", "coordinates": [ [ [ -46.621176, -23.501005 ], [ -46.621261, -23.50396 ], [ -46.62241, -23.503922 ], [ -46.622318, -23.500976 ], [ -46.621176, -23.501005 ] ] ] } },
{ "type": "Feature", "properties": { "loja_id": "AG07", "CD_SETOR": "355030870000046", "fracao": 1.0, "pop": 556, "domicilios": 229, "renda_resp": 5921.43, "classe_pof": "47561" }, "geometry": { "type": "Polygon", "coordinates": [ [ [ -46.619595, -23.502926 ], [ -46.620668, -23.503945 ], [ -46.621488, -23.504948 ], [ -46.622467, -23.505657 ], [ -46.62241, -23.503922 ], [ -46.621261, -23.50396 ], [ -46.621203, -23.502097 ], [ -46.619245, -23.502147 ], [ -46.619213, -23.502324 ], [ -46.619350699999984, -23.502426699999944 ], [ -46.619595, -23.502926 ] ] ] } },
{ "type": "Feature", "properties": { "loja_id": "AG07", "CD_SETOR": "355030870000049", "fracao": 0.29920523014466149, "pop": 1753, "domicilios": 0, "renda_resp": null, "classe_pof": null }, "geometry": { "type": "Polygon", "coordinates": [ [ [ -46.619604, -23.503238 ], [ -46.616190654516096, -23.502659795534992 ], [ -46.616558, -23.502841 ], [ -46.617199, -23.503563 ], [ -46.618199, -23.503866 ], [ -46.618393, -23.504199 ], [ -46.619372400707284, -23.504649145841196 ], [ -46.619604, -23.503238 ] ] ] } },
{ "type": "Feature", "properties": { "loja_id": "AG07", "CD_SETOR": "355030870000050", "fracao": 0.75697550815985448, "pop": 33, "domicilios": 0, "renda_resp": null, "classe_pof": null }, "geometry": { "type": "Polygon", "coordinates": [ [ [ -46.615367865263451, -23.502253924326265 ], [ -46.616076582041281, -23.502603525490837 ], [ -46.61619769999993, -23.502109699999945 ], [ -46.615794, -23.501881 ], [ -46.615400799999975, -23.502039299999982 ], [ -46.615367865263451, -23.502253924326265 ] ] ] } },
{ "type": "Feature", "properties": { "loja_id": "AG07", "CD_SETOR": "355030870000052", "fracao": 0.2763788224344827, "pop": 10, "domicilios": 0, "renda_resp": null, "classe_pof": null }, "geometry": { "type": "Polygon", "coordinates": [ [ [ -46.621193799999965, -23.50924619999995 ], [ -46.621366299999977, -23.508021899999957 ], [ -46.620669, -23.507767 ], [ -46.620112067777328, -23.507810698141668 ], [ -46.620368, -23.50803 ], [ -46.620963, -23.509435 ], [ -46.621208852496295, -23.509596368614801 ], [ -46.621193799999965, -23.50924619999995 ] ] ] } },
{ "type": "Feature", "properties": { "loja_id": "AG07", "CD_SETOR": "355030870000053", "fracao": 0.17308673784165693, "pop": 388, "domicilios": 141, "renda_resp": 2952.74, "classe_pof": "47560" }, "geometry": { "type": "Polygon", "coordinates": [ [ [ -46.623944951552041, -23.512155698922673 ], [ -46.623864, -23.509568 ], [ -46.62205119999993, -23.509610399999925 ], [ -46.622102, -23.509836 ], [ -46.62192591718123, -23.510067019103566 ], [ -46.622127, -23.510199 ], [ -46.623199, -23.511823 ], [ -46.623944951552041, -23.512155698922673 ] ] ] } },
{ "type": "Feature", "properties": { "loja_id": "AG07", "CD_SETOR": "355030870000056", "fracao": 0.31701323311841445, "pop": 505, "domicilios": 177, "renda_resp": 1601.09, "classe_pof": "47558" }, "geometry": { "type": "Polygon", "coordinates": [ [ [ -46.621208852496295, -23.509596368614801 ], [ -46.62192591718123, -23.510067019103566 ], [ -46.622102, -23.509836 ], [ -46.62205119999993, -23.509610399999925 ], [ -46.62184039999994, -23.509616799999943 ], [ -46.621833299999935, -23.509248699999937 ], [ -46.621193799999965, -23.50924619999995 ], [ -46.621208852496295, -23.509596368614801 ] ] ] } },
{ "type": "Feature", "properties": { "loja_id": "AG07", "CD_SETOR": "355030870000057", "fracao": 0.1006849969371913, "pop": 133, "domicilios": 52, "renda_resp": 3410.45, "classe_pof": "47560" }, "geometry": { "type": "Polygon", "coordinates": [ [ [ -46.624989602678887, -23.51262161061068 ], [ -46.624927, -23.509916 ], [ -46.623886, -23.509892 ], [ -46.623944951552041, -23.512155698922673 ], [ -46.624989602678887, -23.51262161061068 ] ] ] } },
{ "type": "Feature", "properties": { "loja_id": "AG07", "CD_SETOR": "355030870000063", "fracao": 0.10374829584341001, "pop": 503, "domicilios": 210, "renda_resp": 6700.48, "classe_pof": "47561" }, "geometry": { "type": "Polygon", "coordinates": [ [ [ -46.633727, -23.503319 ], [ -46.634907, -23.503328 ], [ -46.634910616394805, -23.503191580022992 ], [ -46.633732561452092, -23.502485707474925 ], [ -46.633727, -23.503319 ] ] ] } },
{ "type": "Feature", "properties": { "loja_id": "AG07", "CD_SETOR": "355030870000084", "fracao": 0.30859587469627792, "pop": 443, "domicilios": 183, "renda_resp": 6349.59, "classe_pof": "47561" }, "geometry": { "type": "Polygon", "coordinates": [ [ [ -46.615241, -23.500597 ], [ -46.616248, -23.500081 ], [ -46.61726, -23.500048 ], [ -46.61724, -23.499425 ], [ -46.617968, -23.49939 ], [ -46.617872, -23.498717 ], [ -46.61756132462029, -23.498744111152156 ], [ -46.616102, -23.500102 ], [ -46.615317, -23.500317 ], [ -46.615241, -23.500597 ] ] ] } },
{ "type": "Feature", "properties": { "loja_id": "AG07", "CD_SETOR": "355030870000085", "fracao": 0.99999671876141027, "pop": 555, "domicilios": 247, "renda_resp": 5626.53, "classe_pof": "47561" }, "geometry": { "type": "Polygon", "coordinates": [ [ [ -46.615233797137783, -23.500599250894641 ], [ -46.615471, -23.500792 ], [ -46.61591, -23.500929 ], [ -46.615669, -23.500963 ], [ -46.61547, -23.501201 ], [ -46.615483, -23.501503 ], [ -46.615839, -23.501779 ], [ -46.616561, -23.50216 ], [ -46.618062, -23.502607 ], [ -46.619191, -23.50268 ], [ -46.619595, -23.502926 ], [ -46.619350699999984, -23.502426699999944 ], [ -46.619213, -23.502324 ], [ -46.619245, -23.502147 ], [ -46.621203, -23.502097 ], [ -46.621176, -23.501005 ], [ -46.617294, -23.501115 ], [ -46.61726, -23.500048 ], [ -46.616248, -23.500081 ], [ -46.615233797137783, -23.500599250894641 ] ] ] } },
{ "type": "Feature", "properties": { "loja_id": "AG07", "CD_SETOR": "355030870000086", "fracao": 1.0, "pop": 601, "domicilios": 262, "renda_resp": 8118.3, "classe_pof": "47561" }, "geometry": { "type": "Polygon", "coordinates": [ [ [ -46.622349, -23.502066 ], [ -46.622467, -23.505657 ], [ -46.623669, -23.506505 ], [ -46.623611, -23.506357 ], [ -46.623787, -23.506285 ], [ -46.623644799999965, -23.506217 ], [ -46.623529, -23.50203 ], [ -46.622349, -23.502066 ] ] ] } },
{ "type": "Feature", "properties": { "loja_id": "AG07", "CD_SETOR": "355030870000187", "fracao": 0.12794487957381862, "pop": 34, "domicilios": 12, "renda_resp": 4333.33, "classe_pof": "47560" }, "geometry": { "type": "Polygon", "coordinates": [ [ [ -46.624147, -23.495402 ], [ -46.624262430728351, -23.49519542448822 ], [ -46.624199, -23.495158 ], [ -46.623804229826973, -23.495290096779151 ], [ -46.624147, -23.495402 ] ] ] } },
{ "type": "Feature", "properties": { "loja_id": "AG07", "CD_SETOR": "355030870000188", "fracao": 0.99999999999999989, "pop": 0, "domicilios": 0, "renda_resp": null, "classe_pof": null }, "geometry": { "type": "Polygon", "coordinates": [ [ [ -46.630291299999953, -23.502326299999936 ], [ -46.630284099999983, -23.501726 ], [ -46.630011599999932, -23.501734199999927 ], [ -46.630032399999948, -23.502221099999922 ], [ -46.630291299999953, -23.502326299999936 ] ] ] } },
{ "type": "Feature", "properties": { "loja_id": "AG07", "CD_SETOR": "355030870000189", "fracao": 0.99999999999999978, "pop": 379, "domicilios": 174, "renda_resp": 9328.25, "classe_pof": "47562" }, "geometry": { "type": "Polygon", "coordinates": [ [ [ -46.630284099999983, -23.501726 ], [ -46.630291299999953, -23.502326299999936 ], [ -46.630340199999978, -23.502346199999973 ], [ -46.630337399999974, -23.501779799999955 ], [ -46.630419299999971, -23.50174429999992 ], [ -46.630417899999941, -23.501484599999962 ], [ -46.630127899999934, -23.501487299999951 ], [ -46.63011639999997, -23.501718 ], [ -46.630284099999983, -23.501726 ] ] ] } },
{ "type": "Feature", "properties": { "loja_id": "AG07", "CD_SETOR": "355030870000190", "fracao": 1.0, "pop": 195, "domicilios": 101, "renda_resp": 6960.58, "classe_pof": "47561" }, "geometry": { "type": "Polygon", "coordinates": [ [ [ -46.624493, -23.498004 ], [ -46.624497599999984, -23.497682199999925 ], [ -46.624047699999949, -23.497694099999933 ], [ -46.624093399999936, -23.49825849999996 ], [ -46.624187099999972, -23.498510699999937 ], [ -46.624868099999958, -23.498561799999948 ], [ -46.624864899999977, -23.498440499999965 ], [ -46.625101, -23.498422899999976 ], [ -46.625106899999935, -23.497969699999935 ], [ -46.624493, -23.498004 ] ] ] } },
{ "type": "Feature", "properties": { "loja_id": "AG07", "CD_SETOR": "355030870000215", "fracao": 0.081202993573130974, "pop": 149, "domicilios": 58, "renda_resp": 9484.7, "classe_pof": "47562" }, "geometry": { "type": "Polygon", "coordinates": [ [ [ -46.620999790833906, -23.495980759822327 ], [ -46.621008, -23.496214 ], [ -46.621458599999983, -23.496285099999962 ], [ -46.621359712116082, -23.495705913044031 ], [ -46.620999790833906, -23.495980759822327 ] ] ] } },
{ "type": "Feature", "properties": { "loja_id": "AG07", "CD_SETOR": "355030870000227", "fracao": 1.0, "pop": 437, "domicilios": 206, "renda_resp": 7981.77, "classe_pof": "47561" }, "geometry": { "type": "Polygon", "coordinates": [ [ [ -46.629750899999976, -23.500197299999964 ], [ -46.63123649999995, -23.500187099999948 ], [ -46.631230499999958, -23.499700499999957 ], [ -46.630883099999949, -23.499666699999974 ], [ -46.63069489999998, -23.499546 ], [ -46.629742299999975, -23.499611899999934 ], [ -46.629750899999976, -23.500197299999964 ] ] ] } },
{ "type": "Feature", "properties": { "loja_id": "AG07", "CD_SETOR": "355030870000232", "fracao": 1.0, "pop": 412, "domicilios": 162, "renda_resp": 10551.51, "classe_pof": "47562" }, "geometry": { "type": "Polygon", "coordinates": [ [ [ -46.626787, -23.498738 ], [ -46.62557, -23.498975 ], [ -46.625544, -23.499334 ], [ -46.625767, -23.500361 ], [ -46.628552, -23.500234 ], [ -46.628526, -23.498464 ], [ -46.627221, -23.498274 ], [ -46.626787, -23.498738 ] ] ] } },
{ "type": "Feature", "properties": { "loja_id": "AG07", "CD_SETOR": "355030870000233", "fracao": 0.99999999999999978, "pop": 246, "domicilios": 102, "renda_resp": 11261.26, "classe_pof": "47562" }, "geometry": { "type": "Polygon", "coordinates": [ [ [ -46.62931, -23.500206 ], [ -46.627097, -23.500306 ], [ -46.627126, -23.501043 ], [ -46.628007, -23.500918 ], [ -46.629321, -23.500932 ], [ -46.62931, -23.500206 ] ] ] } },
{ "type": "Feature", "properties": { "loja_id": "AG07", "CD_SETOR": "355030870000234", "fracao": 0.5620334892301232, "pop": 508, "domicilios": 187, "renda_resp": 8907.02, "classe_pof": "47562" }, "geometry": { "type": "Polygon", "coordinates": [ [ [ -46.628533, -23.498974 ], [ -46.630272428493015, -23.49924403041144 ], [ -46.630173, -23.499226 ], [ -46.630199, -23.498113 ], [ -46.62959750386063, -23.497478898748859 ], [ -46.628536, -23.497451 ], [ -46.628533, -23.498974 ] ] ] } },
{ "type": "Feature", "properties": { "loja_id": "AG07", "CD_SETOR": "355030870000235", "fracao": 1.0, "pop": 402, "domicilios": 182, "renda_resp": 9427.41, "classe_pof": "47562" }, "geometry": { "type": "Polygon", "coordinates": [ [ [ -46.627177, -23.497072 ], [ -46.62771, -23.497397 ], [ -46.62777, -23.497608 ], [ -46.627221, -23.498274 ], [ -46.628526, -23.498464 ], [ -46.628532, -23.496711 ], [ -46.627177, -23.497072 ] ] ] } },
{ "type": "Feature", "properties": { "loja_id": "AG07", "CD_SETOR": "355030870000236", "fracao": 1.0, "pop": 203, "domicilios": 93, "renda_resp": 12381.78, "classe_pof": "47562" }, "geometry": { "type": "Polygon", "coordinates": [ [ [ -46.627738, -23.497721 ], [ -46.62771, -23.497397 ], [ -46.627177, -23.497072 ], [ -46.627295499999946, -23.497176 ], [ -46.627357899999936, -23.497838599999966 ], [ -46.627547099999958, -23.497925199999933 ], [ -46.627738, -23.497721 ] ] ] } },
{ "type": "Feature", "properties": { "loja_id": "AG07", "CD_SETOR": "355030870000237", "fracao": 1.0, "pop": 722, "domicilios": 290, "renda_resp": 7163.12, "classe_pof": "47561" }, "geometry": { "type": "Polygon", "coordinates": [ [ [ -46.62577529999993, -23.497538199999948 ], [ -46.62557, -23.498975 ], [ -46.626787, -23.498738 ], [ -46.627547099999958, -23.497925199999933 ], [ -46.627357899999936, -23.497838599999966 ], [ -46.627295499999946, -23.497176 ], [ -46.627177, -23.497072 ], [ -46.62577529999993, -23.497538199999948 ] ] ] } },
{ "type": "Feature", "properties": { "loja_id": "AG07", "CD_SETOR": "355030870000238", "fracao": 0.99999999999999989, "pop": 367, "domicilios": 140, "renda_resp": 14524.05, "classe_pof": "47563" }, "geometry": { "type": "Polygon", "coordinates": [ [ [ -46.627126, -23.501043 ], [ -46.627174199999963, -23.501764899999952 ], [ -46.628064399999971, -23.501725399999934 ], [ -46.628007, -23.500918 ], [ -46.627126, -23.501043 ] ] ] } },
{ "type": "Feature", "properties": { "loja_id": "AG07", "CD_SETOR": "355030870000239", "fracao": 0.99999999999999978, "pop": 399, "domicilios": 171, "renda_resp": 8268.71, "classe_pof": "47561" }, "geometry": { "type": "Polygon", "coordinates": [ [ [ -46.629643, -23.500916 ], [ -46.628007, -23.500918 ], [ -46.628064399999971, -23.501725399999934 ], [ -46.627174199999963, -23.501764899999952 ], [ -46.627218, -23.502572 ], [ -46.629615, -23.502127 ], [ -46.630032399999948, -23.502221099999922 ], [ -46.630011599999932, -23.501734199999927 ], [ -46.63011639999997, -23.501718 ], [ -46.630127899999934, -23.501487299999951 ], [ -46.630417899999941, -23.501484599999962 ], [ -46.630419299999971, -23.50174429999992 ], [ -46.630337399999974, -23.501779799999955 ], [ -46.630340199999978, -23.502346199999973 ], [ -46.630593, -23.502449 ], [ -46.630575, -23.501113 ], [ -46.629643, -23.500916 ] ] ] } },
{ "type": "Feature", "properties": { "loja_id": "AG07", "CD_SETOR": "355030870000240", "fracao": 0.86793522352028174, "pop": 417, "domicilios": 178, "renda_resp": 9407.22, "classe_pof": "47562" }, "geometry": { "type": "Polygon", "coordinates": [ [ [ -46.62856, -23.500234 ], [ -46.629750899999976, -23.500197299999964 ], [ -46.629742299999975, -23.499611899999934 ], [ -46.63069489999998, -23.499546 ], [ -46.630883099999949, -23.499666699999974 ], [ -46.631230499999958, -23.499700499999957 ], [ -46.63123649999995, -23.500187099999948 ], [ -46.631646, -23.500192 ], [ -46.631896, -23.499933 ], [ -46.631988646149189, -23.499643084747657 ], [ -46.631866, -23.499533 ], [ -46.628533, -23.498974 ], [ -46.62856, -23.500234 ] ] ] } },
{ "type": "Feature", "properties": { "loja_id": "AG07", "CD_SETOR": "355030870000241", "fracao": 1.0, "pop": 306, "domicilios": 136, "renda_resp": 4774.76, "classe_pof": "47560" }, "geometry": { "type": "Polygon", "coordinates": [ [ [ -46.631602, -23.500191 ], [ -46.62931, -23.500206 ], [ -46.629321, -23.500932 ], [ -46.629824, -23.500939 ], [ -46.630403, -23.5011 ], [ -46.631602, -23.501137 ], [ -46.631602, -23.500191 ] ] ] } },
{ "type": "Feature", "properties": { "loja_id": "AG07", "CD_SETOR": "355030870000242", "fracao": 0.12858703827465656, "pop": 586, "domicilios": 241, "renda_resp": 9428.11, "classe_pof": "47562" }, "geometry": { "type": "Polygon", "coordinates": [ [ [ -46.629077, -23.496558 ], [ -46.628532, -23.496711 ], [ -46.628536, -23.497451 ], [ -46.62959750386063, -23.497478898748859 ], [ -46.629332, -23.497199 ], [ -46.629186950342785, -23.496461275711855 ], [ -46.629077, -23.496558 ] ] ] } },
{ "type": "Feature", "properties": { "loja_id": "AG07", "CD_SETOR": "355030870000245", "fracao": 0.28080929329835902, "pop": 661, "domicilios": 257, "renda_resp": 8855.22, "classe_pof": "47562" }, "geometry": { "type": "Polygon", "coordinates": [ [ [ -46.622301, -23.495271 ], [ -46.623427, -23.49560959999997 ], [ -46.623171899999932, -23.496187899999942 ], [ -46.622037199999966, -23.495808799999967 ], [ -46.621891, -23.496163 ], [ -46.62193, -23.496618 ], [ -46.62285, -23.496669 ], [ -46.623099, -23.496881 ], [ -46.623085, -23.496665 ], [ -46.623451, -23.496431 ], [ -46.624139, -23.495415 ], [ -46.623804229826973, -23.495290096779151 ], [ -46.623419, -23.495419 ], [ -46.622373312081947, -23.495115579793755 ], [ -46.622301, -23.495271 ] ] ] } },
{ "type": "Feature", "properties": { "loja_id": "AG07", "CD_SETOR": "355030870000247", "fracao": 0.015093607773995158, "pop": 74, "domicilios": 37, "renda_resp": 8434.0, "classe_pof": "47562" }, "geometry": { "type": "Polygon", "coordinates": [ [ [ -46.624989602678887, -23.51262161061068 ], [ -46.625199, -23.512715 ], [ -46.626124, -23.512417 ], [ -46.624986, -23.512395 ], [ -46.624989602678887, -23.51262161061068 ] ] ] } },
{ "type": "Feature", "properties": { "loja_id": "AG07", "CD_SETOR": "355030870000274", "fracao": 1.0, "pop": 559, "domicilios": 234, "renda_resp": 12896.79, "classe_pof": "47563" }, "geometry": { "type": "Polygon", "coordinates": [ [ [ -46.624365599999976, -23.496666 ], [ -46.62505189999996, -23.496681699999947 ], [ -46.625055799999984, -23.496106399999977 ], [ -46.624393199999986, -23.496092199999971 ], [ -46.624365599999976, -23.496666 ] ] ] } },
{ "type": "Feature", "properties": { "loja_id": "AG07", "CD_SETOR": "355030870000275", "fracao": 1.0, "pop": 335, "domicilios": 149, "renda_resp": 7804.31, "classe_pof": "47561" }, "geometry": { "type": "Polygon", "coordinates": [ [ [ -46.624365599999976, -23.496666 ], [ -46.624393199999986, -23.496092199999971 ], [ -46.624044599999934, -23.496084799999938 ], [ -46.624004799999973, -23.496656299999927 ], [ -46.624365599999976, -23.496666 ] ] ] } },
{ "type": "Feature", "properties": { "loja_id": "AG07", "CD_SETOR": "355030870000277", "fracao": 0.03244194601886357, "pop": 387, "domicilios": 166, "renda_resp": 6212.06, "classe_pof": "47561" }, "geometry": { "type": "Polygon", "coordinates": [ [ [ -46.632209, -23.500201 ], [ -46.632608, -23.500199 ], [ -46.632196457051052, -23.499829611018935 ], [ -46.632209, -23.500201 ] ] ] } },
{ "type": "Feature", "properties": { "loja_id": "AG07", "CD_SETOR": "355030870000300", "fracao": 0.99999999999999978, "pop": 117, "domicilios": 57, "renda_resp": 10838.04, "classe_pof": "47562" }, "geometry": { "type": "Polygon", "coordinates": [ [ [ -46.620036, -23.500010699999958 ], [ -46.62005209999996, -23.500502399999963 ], [ -46.620520399999975, -23.500489099999982 ], [ -46.620487199999957, -23.500165199999969 ], [ -46.620703099999957, -23.500163499999921 ], [ -46.620697299999961, -23.500556299999971 ], [ -46.620831899999985, -23.500543 ], [ -46.620866, -23.499955799999945 ], [ -46.620036, -23.500010699999958 ] ] ] } },
{ "type": "Feature", "properties": { "loja_id": "AG07", "CD_SETOR": "355030870000303", "fracao": 0.99999999999999989, "pop": 142, "domicilios": 65, "renda_resp": 9110.9, "classe_pof": "47562" }, "geometry": { "type": "Polygon", "coordinates": [ [ [ -46.61775229999995, -23.500070699999984 ], [ -46.617754399999967, -23.50056759999995 ], [ -46.618831799999953, -23.500551399999949 ], [ -46.618839, -23.500003599999953 ], [ -46.61775229999995, -23.500070699999984 ] ] ] } },
{ "type": "Feature", "properties": { "loja_id": "AG07", "CD_SETOR": "355030870000312", "fracao": 0.69509118690510585, "pop": 509, "domicilios": 233, "renda_resp": 7197.8, "classe_pof": "47561" }, "geometry": { "type": "Polygon", "coordinates": [ [ [ -46.620286, -23.499267 ], [ -46.622268, -23.499168 ], [ -46.6219, -23.496327 ], [ -46.620947433829571, -23.496202441866128 ], [ -46.620826, -23.496826 ], [ -46.620416, -23.497199 ], [ -46.618754581754231, -23.497674104333313 ], [ -46.619344, -23.49865 ], [ -46.619708, -23.49898 ], [ -46.620286, -23.499267 ] ] ] } },
{ "type": "Feature", "properties": { "loja_id": "AG07", "CD_SETOR": "355030870000316", "fracao": 1.0, "pop": 262, "domicilios": 110, "renda_resp": 14182.27, "classe_pof": "47563" }, "geometry": { "type": "Polygon", "coordinates": [ [ [ -46.624493, -23.498004 ], [ -46.625714, -23.497935 ], [ -46.625783, -23.497495 ], [ -46.625052199999971, -23.497485399999956 ], [ -46.625019699999939, -23.497722399999926 ], [ -46.624496599999929, -23.497746899999978 ], [ -46.624493, -23.498004 ] ] ] } },
{ "type": "Feature", "properties": { "loja_id": "AG07", "CD_SETOR": "355030870000319", "fracao": 1.0, "pop": 225, "domicilios": 96, "renda_resp": 13514.91, "classe_pof": "47563" }, "geometry": { "type": "Polygon", "coordinates": [ [ [ -46.625767, -23.500361 ], [ -46.626041, -23.501612 ], [ -46.627161, -23.501519 ], [ -46.627097, -23.500306 ], [ -46.625767, -23.500361 ] ] ] } },
{ "type": "Feature", "properties": { "loja_id": "AG07", "CD_SETOR": "355030870000320", "fracao": 1.0, "pop": 304, "domicilios": 144, "renda_resp": 8428.04, "classe_pof": "47562" }, "geometry": { "type": "Polygon", "coordinates": [ [ [ -46.626041, -23.501612 ], [ -46.626333, -23.502794 ], [ -46.627218, -23.502572 ], [ -46.627161, -23.501519 ], [ -46.626041, -23.501612 ] ] ] } },
{ "type": "Feature", "properties": { "loja_id": "AG07", "CD_SETOR": "355030870000321", "fracao": 0.064840743082252753, "pop": 453, "domicilios": 177, "renda_resp": 8211.68, "classe_pof": "47561" }, "geometry": { "type": "Polygon", "coordinates": [ [ [ -46.631988646149189, -23.499643084747657 ], [ -46.631896, -23.499933 ], [ -46.631646, -23.500192 ], [ -46.632209, -23.500201 ], [ -46.632196457051052, -23.499829611018935 ], [ -46.631988646149189, -23.499643084747657 ] ] ] } },
{ "type": "Feature", "properties": { "loja_id": "AG07", "CD_SETOR": "355030870000323", "fracao": 1.0, "pop": 165, "domicilios": 116, "renda_resp": 7137.4, "classe_pof": "47561" }, "geometry": { "type": "Polygon", "coordinates": [ [ [ -46.622290199999952, -23.49707989999996 ], [ -46.62229149999996, -23.497014399999951 ], [ -46.622561499999961, -23.497013499999987 ], [ -46.622561, -23.496636 ], [ -46.62193, -23.496618 ], [ -46.621989199999973, -23.497065899999935 ], [ -46.622290199999952, -23.49707989999996 ] ] ] } },
{ "type": "Feature", "properties": { "loja_id": "AG07", "CD_SETOR": "355030870000324", "fracao": 1.0, "pop": 437, "domicilios": 208, "renda_resp": 6161.15, "classe_pof": "47561" }, "geometry": { "type": "Polygon", "coordinates": [ [ [ -46.62256, -23.496639 ], [ -46.622561499999961, -23.497013499999987 ], [ -46.621989199999973, -23.497065899999935 ], [ -46.622047899999984, -23.497509099999935 ], [ -46.622608, -23.497427 ], [ -46.622699, -23.498072 ], [ -46.622781099999941, -23.49870419999996 ], [ -46.622211299999947, -23.498740799999943 ], [ -46.622268, -23.499168 ], [ -46.623432, -23.499111 ], [ -46.623099, -23.496881 ], [ -46.622925, -23.496702 ], [ -46.62256, -23.496639 ] ] ] } },
{ "type": "Feature", "properties": { "loja_id": "AG07", "CD_SETOR": "355030870000327", "fracao": 1.0, "pop": 243, "domicilios": 104, "renda_resp": 5636.4, "classe_pof": "47561" }, "geometry": { "type": "Polygon", "coordinates": [ [ [ -46.628253299999983, -23.508528199999947 ], [ -46.627917099999934, -23.506450499999975 ], [ -46.626219, -23.506385 ], [ -46.626155, -23.508142 ], [ -46.626262, -23.508126 ], [ -46.626418, -23.508238 ], [ -46.628253299999983, -23.508528199999947 ] ] ] } },
{ "type": "Feature", "properties": { "loja_id": "AG07", "CD_SETOR": "355030870000328", "fracao": 1.0, "pop": 286, "domicilios": 112, "renda_resp": 6854.71, "classe_pof": "47561" }, "geometry": { "type": "Polygon", "coordinates": [ [ [ -46.628504499999963, -23.509265299999978 ], [ -46.628253299999983, -23.508528199999947 ], [ -46.626418, -23.508238 ], [ -46.626262, -23.508126 ], [ -46.626155, -23.508142 ], [ -46.624836, -23.507235499999979 ], [ -46.624952, -23.510641499999959 ], [ -46.626137, -23.510697 ], [ -46.626138, -23.510573 ], [ -46.62831, -23.510642 ], [ -46.628218, -23.510041 ], [ -46.62843, -23.510138 ], [ -46.628662, -23.510388 ], [ -46.628504499999963, -23.509265299999978 ] ] ] } },
{ "type": "Feature", "properties": { "loja_id": "AG07", "CD_SETOR": "355030870000330", "fracao": 0.00032022901749398456, "pop": 767, "domicilios": 380, "renda_resp": 5591.13, "classe_pof": "47561" }, "geometry": { "type": "Polygon", "coordinates": [ [ [ -46.634910616394805, -23.503191580022992 ], [ -46.634907, -23.503328 ], [ -46.634912279507809, -23.503328163077871 ], [ -46.634910616394805, -23.503191580022992 ] ] ] } },
{ "type": "Feature", "properties": { "loja_id": "AG07", "CD_SETOR": "355030870000371", "fracao": 0.032604739547435847, "pop": 0, "domicilios": 0, "renda_resp": null, "classe_pof": null }, "geometry": { "type": "Polygon", "coordinates": [ [ [ -46.615122, -23.501142 ], [ -46.615483, -23.501503 ], [ -46.61547, -23.501201 ], [ -46.615669, -23.500963 ], [ -46.61591, -23.500929 ], [ -46.615471, -23.500792 ], [ -46.615231735581794, -23.500606244342066 ], [ -46.615122, -23.501142 ] ] ] } },
{ "type": "Feature", "properties": { "loja_id": "AG07", "CD_SETOR": "355030870000372", "fracao": 0.69628769481999364, "pop": 596, "domicilios": 209, "renda_resp": 3831.49, "classe_pof": "47560" }, "geometry": { "type": "Polygon", "coordinates": [ [ [ -46.624927, -23.509916 ], [ -46.624836, -23.507235499999979 ], [ -46.623694, -23.506523 ], [ -46.621488, -23.504948 ], [ -46.620505, -23.503774 ], [ -46.61943, -23.502791 ], [ -46.619061, -23.502658 ], [ -46.618062, -23.502607 ], [ -46.616803, -23.502244 ], [ -46.616172, -23.501988 ], [ -46.615483, -23.501503 ], [ -46.615400799999975, -23.502039299999982 ], [ -46.615794, -23.501881 ], [ -46.61619769999993, -23.502109699999945 ], [ -46.616076582041281, -23.502603525490837 ], [ -46.616190654516096, -23.502659795534992 ], [ -46.619604, -23.503238 ], [ -46.619372400707284, -23.504649145841196 ], [ -46.619631, -23.504768 ], [ -46.619894, -23.505199 ], [ -46.619692, -23.505692 ], [ -46.619199, -23.506016 ], [ -46.618225, -23.506199 ], [ -46.618508, -23.506891 ], [ -46.618734, -23.507199 ], [ -46.61983, -23.507569 ], [ -46.620112067777328, -23.507810698141668 ], [ -46.620669, -23.507767 ], [ -46.621366299999977, -23.508021899999957 ], [ -46.621193799999965, -23.50924619999995 ], [ -46.621833299999935, -23.509248699999937 ], [ -46.62184039999994, -23.509616799999943 ], [ -46.623864, -23.509568 ], [ -46.623886, -23.509892 ], [ -46.624927, -23.509916 ] ] ] } },
{ "type": "Feature", "properties": { "loja_id": "AG07", "CD_SETOR": "355030870000373", "fracao": 0.50263804857066152, "pop": 121, "domicilios": 50, "renda_resp": 4923.48, "classe_pof": "47560" }, "geometry": { "type": "Polygon", "coordinates": [ [ [ -46.628822248994261, -23.511420851097348 ], [ -46.628662, -23.510388 ], [ -46.62843, -23.510138 ], [ -46.628218, -23.510041 ], [ -46.62831, -23.510642 ], [ -46.626138, -23.510573 ], [ -46.626137, -23.510697 ], [ -46.624952, -23.510641499999959 ], [ -46.624986, -23.512395 ], [ -46.626199, -23.512421 ], [ -46.627199, -23.511546 ], [ -46.628822248994261, -23.511420851097348 ] ] ] } },
{ "type": "Feature", "properties": { "loja_id": "AG07", "CD_SETOR": "355030870000374", "fracao": 0.082101702408561947, "pop": 200, "domicilios": 70, "renda_resp": 6655.71, "classe_pof": "47561" }, "geometry": { "type": "Polygon", "coordinates": [ [ [ -46.634879481266005, -23.503723323252416 ], [ -46.627486, -23.504225 ], [ -46.627674, -23.50558 ], [ -46.627892, -23.506308 ], [ -46.628253299999983, -23.508528199999947 ], [ -46.628504499999963, -23.509265299999978 ], [ -46.628822248994261, -23.511420851097348 ], [ -46.629378, -23.511378 ], [ -46.62976, -23.510199 ], [ -46.630029, -23.508029 ], [ -46.630199, -23.507721 ], [ -46.631199, -23.507487 ], [ -46.631495, -23.507199 ], [ -46.63091, -23.506199 ], [ -46.631199, -23.505936 ], [ -46.632662, -23.505662 ], [ -46.634199, -23.50471 ], [ -46.63484, -23.504199 ], [ -46.634879481266005, -23.503723323252416 ] ] ] } },
{ "type": "Feature", "properties": { "loja_id": "AG07", "CD_SETOR": "355030870000375", "fracao": 0.74971093894677154, "pop": 389, "domicilios": 145, "renda_resp": 11379.33, "classe_pof": "47562" }, "geometry": { "type": "Polygon", "coordinates": [ [ [ -46.630699899999968, -23.504009399999973 ], [ -46.634879481266005, -23.503723323252416 ], [ -46.634912279507809, -23.503328163077871 ], [ -46.633237, -23.503263 ], [ -46.630593, -23.502449 ], [ -46.630699899999968, -23.504009399999973 ] ] ] } },
{ "type": "Feature", "properties": { "loja_id": "AG04", "CD_SETOR": "355030877000513", "fracao": 0.0073261076436532437, "pop": 184, "domicilios": 83, "renda_resp": 10083.54, "classe_pof": "47562" }, "geometry": { "type": "Polygon", "coordinates": [ [ [ -46.63658769999995, -23.599633199999964 ], [ -46.636586401903578, -23.599749067936838 ], [ -46.636853200672505, -23.59963327794912 ], [ -46.63658769999995, -23.599633199999964 ] ] ] } },
{ "type": "Feature", "properties": { "loja_id": "AG04", "CD_SETOR": "355030877000514", "fracao": 0.013281746462787543, "pop": 183, "domicilios": 103, "renda_resp": 9084.86, "classe_pof": "47562" }, "geometry": { "type": "Polygon", "coordinates": [ [ [ -46.636499, -23.599787 ], [ -46.63658769999995, -23.599633199999964 ], [ -46.636376905219599, -23.599635604156902 ], [ -46.636499, -23.599787 ] ] ] } },
{ "type": "Feature", "properties": { "loja_id": "AG09", "CD_SETOR": "355030878000006", "fracao": 0.8487682179197783, "pop": 31, "domicilios": 12, "renda_resp": 3739.42, "classe_pof": "47560" }, "geometry": { "type": "Polygon", "coordinates": [ [ [ -46.635052473678527, -23.548475806978288 ], [ -46.636849, -23.547592 ], [ -46.637499, -23.548891 ], [ -46.638742, -23.548398 ], [ -46.636246799999981, -23.544578699999924 ], [ -46.634730414364512, -23.545564647814516 ], [ -46.634499, -23.547506 ], [ -46.63474, -23.548199 ], [ -46.635052473678527, -23.548475806978288 ] ] ] } },
{ "type": "Feature", "properties": { "loja_id": "AG09", "CD_SETOR": "355030878000036", "fracao": 0.0020973682130216538, "pop": 377, "domicilios": 154, "renda_resp": 4079.2, "classe_pof": "47560" }, "geometry": { "type": "Polygon", "coordinates": [ [ [ -46.634229, -23.541451 ], [ -46.634162, -23.541342 ], [ -46.634074342823133, -23.541135583985341 ], [ -46.634059135316576, -23.541326693011388 ], [ -46.634229, -23.541451 ] ] ] } },
{ "type": "Feature", "properties": { "loja_id": "AG09", "CD_SETOR": "355030878000054", "fracao": 0.44495376023204181, "pop": 608, "domicilios": 232, "renda_resp": 2906.81, "classe_pof": "47560" }, "geometry": { "type": "Polygon", "coordinates": [ [ [ -46.637266, -23.549433 ], [ -46.637611, -23.549384 ], [ -46.637923, -23.549093 ], [ -46.637644, -23.54887 ], [ -46.637499, -23.548891 ], [ -46.636849, -23.547592 ], [ -46.635052473678527, -23.548475806978288 ], [ -46.637266, -23.549433 ] ] ] } },
{ "type": "Feature", "properties": { "loja_id": "AG09", "CD_SETOR": "355030878000055", "fracao": 0.99999999999999978, "pop": 238, "domicilios": 117, "renda_resp": 3033.59, "classe_pof": "47560" }, "geometry": { "type": "Polygon", "coordinates": [ [ [ -46.637644, -23.54887 ], [ -46.637923, -23.549093 ], [ -46.638523, -23.548562 ], [ -46.638491099999953, -23.548522699999978 ], [ -46.638166, -23.548643 ], [ -46.637644, -23.54887 ] ] ] } },
{ "type": "Feature", "properties": { "loja_id": "AG09", "CD_SETOR": "355030878000056", "fracao": 0.99999999999999989, "pop": 348, "domicilios": 146, "renda_resp": 2943.68, "classe_pof": "47560" }, "geometry": { "type": "Polygon", "coordinates": [ [ [ -46.638523, -23.548562 ], [ -46.637923, -23.549093 ], [ -46.638407, -23.549501 ], [ -46.63863, -23.549132 ], [ -46.638695, -23.549068 ], [ -46.638798, -23.549106 ], [ -46.638862, -23.548748 ], [ -46.638742, -23.548398 ], [ -46.638491099999953, -23.548522699999978 ], [ -46.638523, -23.548562 ] ] ] } },
{ "type": "Feature", "properties": { "loja_id": "AG09", "CD_SETOR": "355030878000057", "fracao": 0.47421838279791206, "pop": 85, "domicilios": 21, "renda_resp": 2301.71, "classe_pof": "47559" }, "geometry": { "type": "Polygon", "coordinates": [ [ [ -46.634768, -23.545542 ], [ -46.636246799999981, -23.544578699999924 ], [ -46.634229, -23.541451 ], [ -46.634059135316576, -23.541326693011388 ], [ -46.634265, -23.542199 ], [ -46.633677, -23.544199 ], [ -46.634774, -23.545199 ], [ -46.634768, -23.545542 ] ] ] } },
{ "type": "Feature", "properties": { "loja_id": "AG09", "CD_SETOR": "355030878000097", "fracao": 0.021375668234513163, "pop": 345, "domicilios": 166, "renda_resp": 3412.48, "classe_pof": "47560" }, "geometry": { "type": "Polygon", "coordinates": [ [ [ -46.638279854297622, -23.549659304166571 ], [ -46.638435656106452, -23.549763606349931 ], [ -46.638798, -23.549106 ], [ -46.638695, -23.549068 ], [ -46.63863, -23.549132 ], [ -46.638279854297622, -23.549659304166571 ] ] ] } },
{ "type": "Feature", "properties": { "loja_id": "AG09", "CD_SETOR": "355030878000116", "fracao": 0.14909388177436311, "pop": 20, "domicilios": 8, "renda_resp": 3952.0, "classe_pof": "47560" }, "geometry": { "type": "Polygon", "coordinates": [ [ [ -46.638407, -23.549501 ], [ -46.637923, -23.549093 ], [ -46.637611, -23.549384 ], [ -46.63733050183221, -23.549442638382466 ], [ -46.638136, -23.549563 ], [ -46.638279854297622, -23.549659304166571 ], [ -46.638407, -23.549501 ] ] ] } },
{ "type": "Feature", "properties": { "loja_id": "AG06", "CD_SETOR": "355030880000001", "fracao": 0.81201731951704537, "pop": 578, "domicilios": 304, "renda_resp": 4993.24, "classe_pof": "47561" }, "geometry": { "type": "Polygon", "coordinates": [ [ [ -46.566245, -23.539981 ], [ -46.566937, -23.538197 ], [ -46.565973013433357, -23.538004960206543 ], [ -46.565224621736093, -23.538337752465623 ], [ -46.565134200067291, -23.538898610864546 ], [ -46.565816260439703, -23.539899915054757 ], [ -46.566245, -23.539981 ] ] ] } },
{ "type": "Feature", "properties": { "loja_id": "AG06", "CD_SETOR": "355030880000002", "fracao": 0.0069838223533502872, "pop": 83, "domicilios": 35, "renda_resp": 4977.83, "classe_pof": "47561" }, "geometry": { "type": "Polygon", "coordinates": [ [ [ -46.565134200067291, -23.538898610864546 ], [ -46.5652, -23.538604 ], [ -46.565224621736093, -23.538337752465623 ], [ -46.564862, -23.538499 ], [ -46.565134200067291, -23.538898610864546 ] ] ] } },
{ "type": "Feature", "properties": { "loja_id": "AG06", "CD_SETOR": "355030880000003", "fracao": 0.094619355033595393, "pop": 393, "domicilios": 175, "renda_resp": 9556.14, "classe_pof": "47562" }, "geometry": { "type": "Polygon", "coordinates": [ [ [ -46.566107894280876, -23.540328044572217 ], [ -46.566245, -23.539981 ], [ -46.565816260439703, -23.539899915054757 ], [ -46.566107894280876, -23.540328044572217 ] ] ] } },
{ "type": "Feature", "properties": { "loja_id": "AG06", "CD_SETOR": "355030880000007", "fracao": 0.57117598474831233, "pop": 530, "domicilios": 218, "renda_resp": 9863.28, "classe_pof": "47562" }, "geometry": { "type": "Polygon", "coordinates": [ [ [ -46.566123299999958, -23.540289099999939 ], [ -46.566772, -23.540450799999977 ], [ -46.566659405809588, -23.540889756921402 ], [ -46.567220409450101, -23.541369396163258 ], [ -46.567769, -23.538965 ], [ -46.567914, -23.538681 ], [ -46.5679, -23.538385 ], [ -46.566937, -23.538197 ], [ -46.566123299999958, -23.540289099999939 ] ] ] } },
{ "type": "Feature", "properties": { "loja_id": "AG06", "CD_SETOR": "355030880000019", "fracao": 1.0, "pop": 687, "domicilios": 278, "renda_resp": 10967.15, "classe_pof": "47562" }, "geometry": { "type": "Polygon", "coordinates": [ [ [ -46.569647, -23.542465 ], [ -46.570031, -23.540768 ], [ -46.568841, -23.540519 ], [ -46.568697, -23.540738 ], [ -46.568454, -23.540807 ], [ -46.568143, -23.542151 ], [ -46.569647, -23.542465 ] ] ] } },
{ "type": "Feature", "properties": { "loja_id": "AG06", "CD_SETOR": "355030880000021", "fracao": 0.99999999999999978, "pop": 348, "domicilios": 133, "renda_resp": 6136.61, "classe_pof": "47561" }, "geometry": { "type": "Polygon", "coordinates": [ [ [ -46.570289099999968, -23.53881349999995 ], [ -46.571833, -23.539104 ], [ -46.571773, -23.5387 ], [ -46.572157, -23.538479 ], [ -46.572212, -23.537893 ], [ -46.572789, -23.537849 ], [ -46.572768, -23.535786 ], [ -46.572153899999932, -23.535926899999939 ], [ -46.571757299999945, -23.535931199999936 ], [ -46.57046, -23.535579 ], [ -46.570247, -23.536633 ], [ -46.570289099999968, -23.53881349999995 ] ] ] } },
{ "type": "Feature", "properties": { "loja_id": "AG06", "CD_SETOR": "355030880000022", "fracao": 0.42289397300955806, "pop": 228, "domicilios": 88, "renda_resp": 5384.75, "classe_pof": "47561" }, "geometry": { "type": "Polygon", "coordinates": [ [ [ -46.57159379999996, -23.534937499999948 ], [ -46.571528799999953, -23.535250799999972 ], [ -46.570979060066882, -23.53513042934367 ], [ -46.570234445600803, -23.535470092816816 ], [ -46.571440499999937, -23.535875599999944 ], [ -46.571936299999948, -23.535942399999954 ], [ -46.572356499999955, -23.535888599999961 ], [ -46.571900678307884, -23.534720969993895 ], [ -46.571472601069864, -23.534911158422496 ], [ -46.57159379999996, -23.534937499999948 ] ] ] } },
{ "type": "Feature", "properties": { "loja_id": "AG06", "CD_SETOR": "355030880000042", "fracao": 0.083145727919053211, "pop": 409, "domicilios": 166, "renda_resp": 8549.27, "classe_pof": "47562" }, "geometry": { "type": "MultiPolygon", "coordinates": [ [ [ [ -46.571536906610966, -23.545777863027613 ], [ -46.57169, -23.54511 ], [ -46.57096746875262, -23.544971323708737 ], [ -46.571536906610966, -23.545777863027613 ] ] ], [ [ [ -46.570998, -23.544424 ], [ -46.570161, -23.544259 ], [ -46.569781137931109, -23.544184049725882 ], [ -46.570634, -23.544499 ], [ -46.570892819536205, -23.544865591255707 ], [ -46.570998, -23.544424 ] ] ] ] } },
{ "type": "Feature", "properties": { "loja_id": "AG06", "CD_SETOR": "355030880000043", "fracao": 0.99199896177977875, "pop": 286, "domicilios": 132, "renda_resp": 6036.17, "classe_pof": "47561" }, "geometry": { "type": "Polygon", "coordinates": [ [ [ -46.569299, -23.544006 ], [ -46.570998, -23.544424 ], [ -46.570892819536205, -23.544865591255707 ], [ -46.57096746875262, -23.544971323708737 ], [ -46.57169, -23.54511 ], [ -46.571575, -23.545611 ], [ -46.57247, -23.545788 ], [ -46.572792, -23.544211 ], [ -46.569392, -23.543547 ], [ -46.569299, -23.544006 ] ] ] } },
{ "type": "Feature", "properties": { "loja_id": "AG06", "CD_SETOR": "355030880000044", "fracao": 1.0, "pop": 509, "domicilios": 221, "renda_resp": 7546.82, "classe_pof": "47561" }, "geometry": { "type": "Polygon", "coordinates": [ [ [ -46.569392, -23.543547 ], [ -46.572792, -23.544211 ], [ -46.57265, -23.544904 ], [ -46.573367, -23.545041 ], [ -46.573795, -23.543265 ], [ -46.569647, -23.542465 ], [ -46.569392, -23.543547 ] ] ] } },
{ "type": "Feature", "properties": { "loja_id": "AG06", "CD_SETOR": "355030880000045", "fracao": 1.0, "pop": 340, "domicilios": 149, "renda_resp": 10470.55, "classe_pof": "47562" }, "geometry": { "type": "Polygon", "coordinates": [ [ [ -46.572526, -23.543024 ], [ -46.57291, -23.541331 ], [ -46.57199, -23.541158 ], [ -46.57161, -23.542849 ], [ -46.572526, -23.543024 ] ] ] } },
{ "type": "Feature", "properties": { "loja_id": "AG06", "CD_SETOR": "355030880000048", "fracao": 0.99999999999999989, "pop": 377, "domicilios": 195, "renda_resp": 6552.55, "classe_pof": "47561" }, "geometry": { "type": "Polygon", "coordinates": [ [ [ -46.571833, -23.539104 ], [ -46.572817, -23.539329 ], [ -46.572789, -23.537849 ], [ -46.572212, -23.537893 ], [ -46.572157, -23.538479 ], [ -46.571773, -23.5387 ], [ -46.571833, -23.539104 ] ] ] } },
{ "type": "Feature", "properties": { "loja_id": "AG06", "CD_SETOR": "355030880000050", "fracao": 1.0, "pop": 420, "domicilios": 149, "renda_resp": 6059.34, "classe_pof": "47561" }, "geometry": { "type": "Polygon", "coordinates": [ [ [ -46.572463, -23.533145 ], [ -46.573432, -23.535522 ], [ -46.573533, -23.535633 ], [ -46.575482, -23.535241 ], [ -46.575545, -23.53381 ], [ -46.574791, -23.533795 ], [ -46.574029, -23.534039 ], [ -46.573456, -23.532686 ], [ -46.572642, -23.533028 ], [ -46.572463, -23.533145 ] ] ] } },
{ "type": "Feature", "properties": { "loja_id": "AG06", "CD_SETOR": "355030880000068", "fracao": 0.16738369176584569, "pop": 207, "domicilios": 85, "renda_resp": 16627.27, "classe_pof": "47563" }, "geometry": { "type": "MultiPolygon", "coordinates": [ [ [ [ -46.57355134261082, -23.548590499984918 ], [ -46.57365, -23.548173 ], [ -46.572979659768869, -23.548038467059989 ], [ -46.573299, -23.548658 ], [ -46.57355134261082, -23.548590499984918 ] ] ], [ [ [ -46.57247, -23.545788 ], [ -46.571575, -23.545611 ], [ -46.571536906610966, -23.545777863027613 ], [ -46.572262684475177, -23.546805820592951 ], [ -46.57247, -23.545788 ] ] ] ] } },
{ "type": "Feature", "properties": { "loja_id": "AG06", "CD_SETOR": "355030880000069", "fracao": 0.89369437644929173, "pop": 351, "domicilios": 168, "renda_resp": 5528.95, "classe_pof": "47561" }, "geometry": { "type": "Polygon", "coordinates": [ [ [ -46.572262684475177, -23.546805820592951 ], [ -46.572979659768869, -23.548038467059989 ], [ -46.57365, -23.548173 ], [ -46.57434, -23.545227 ], [ -46.57265, -23.544904 ], [ -46.572262684475177, -23.546805820592951 ] ] ] } },
{ "type": "Feature", "properties": { "loja_id": "AG06", "CD_SETOR": "355030880000070", "fracao": 1.0, "pop": 81, "domicilios": 35, "renda_resp": 5496.55, "classe_pof": "47561" }, "geometry": { "type": "Polygon", "coordinates": [ [ [ -46.574245, -23.53968 ], [ -46.573435, -23.543197 ], [ -46.573795, -23.543265 ], [ -46.573367, -23.545041 ], [ -46.57434, -23.545227 ], [ -46.5747, -23.543692 ], [ -46.575904599999944, -23.543861499999931 ], [ -46.576110799999981, -23.543009699999963 ], [ -46.574907, -23.542816 ], [ -46.575561, -23.539978 ], [ -46.574245, -23.53968 ] ] ] } },
{ "type": "Feature", "properties": { "loja_id": "AG06", "CD_SETOR": "355030880000071", "fracao": 0.99999999999999978, "pop": 559, "domicilios": 237, "renda_resp": 8539.13, "classe_pof": "47562" }, "geometry": { "type": "Polygon", "coordinates": [ [ [ -46.573435, -23.543197 ], [ -46.573839, -23.541504 ], [ -46.57291, -23.541331 ], [ -46.572526, -23.543024 ], [ -46.573435, -23.543197 ] ] ] } },
{ "type": "Feature", "properties": { "loja_id": "AG06", "CD_SETOR": "355030880000097", "fracao": 0.1463105358082224, "pop": 413, "domicilios": 154, "renda_resp": 5770.71, "classe_pof": "47561" }, "geometry": { "type": "MultiPolygon", "coordinates": [ [ [ [ -46.57355134261082, -23.548590499984918 ], [ -46.574184739890441, -23.548421068234511 ], [ -46.57362, -23.548302 ], [ -46.57355134261082, -23.548590499984918 ] ] ], [ [ [ -46.575003, -23.548166 ], [ -46.575166, -23.547414 ], [ -46.574857399999985, -23.547334499999973 ], [ -46.574476734028011, -23.548342959734061 ], [ -46.575003, -23.548166 ] ] ] ] } },
{ "type": "Feature", "properties": { "loja_id": "AG06", "CD_SETOR": "355030880000098", "fracao": 0.33904608162943989, "pop": 298, "domicilios": 102, "renda_resp": 4908.29, "classe_pof": "47560" }, "geometry": { "type": "Polygon", "coordinates": [ [ [ -46.575166, -23.547414 ], [ -46.575005148701031, -23.548201607079253 ], [ -46.575299, -23.548123 ], [ -46.57686858320217, -23.547210291172291 ], [ -46.576317, -23.546938 ], [ -46.575166, -23.547414 ] ] ] } },
{ "type": "Feature", "properties": { "loja_id": "AG06", "CD_SETOR": "355030880000099", "fracao": 1.0, "pop": 267, "domicilios": 108, "renda_resp": 5393.06, "classe_pof": "47561" }, "geometry": { "type": "Polygon", "coordinates": [ [ [ -46.574131, -23.546114 ], [ -46.575191599999982, -23.546340699999973 ], [ -46.574857399999985, -23.547334499999973 ], [ -46.574998, -23.547411 ], [ -46.575166, -23.547414 ], [ -46.576317, -23.546938 ], [ -46.576155799999981, -23.546242399999976 ], [ -46.576643299999944, -23.545664499999933 ], [ -46.577199, -23.545174 ], [ -46.577116299999943, -23.545062199999961 ], [ -46.577342099999953, -23.544131599999957 ], [ -46.576425699999959, -23.544701099999937 ], [ -46.576585, -23.54401 ], [ -46.5747, -23.543692 ], [ -46.574131, -23.546114 ] ] ] } },
{ "type": "Feature", "properties": { "loja_id": "AG06", "CD_SETOR": "355030880000100", "fracao": 0.78795038355014269, "pop": 320, "domicilios": 138, "renda_resp": 4369.6, "classe_pof": "47560" }, "geometry": { "type": "Polygon", "coordinates": [ [ [ -46.57686858320217, -23.547210291172291 ], [ -46.577299, -23.54696 ], [ -46.578299, -23.546871 ], [ -46.578433817892467, -23.546935982820614 ], [ -46.578381, -23.545831 ], [ -46.57827, -23.545581 ], [ -46.577998, -23.545354 ], [ -46.577129899999932, -23.54520239999993 ], [ -46.576206499999955, -23.546155399999979 ], [ -46.576155799999981, -23.546242399999976 ], [ -46.576317, -23.546938 ], [ -46.57686858320217, -23.547210291172291 ] ] ] } },
{ "type": "Feature", "properties": { "loja_id": "AG06", "CD_SETOR": "355030880000101", "fracao": 0.86623050976782168, "pop": 431, "domicilios": 181, "renda_resp": 4195.03, "classe_pof": "47560" }, "geometry": { "type": "Polygon", "coordinates": [ [ [ -46.577342099999953, -23.544131599999957 ], [ -46.577142899999956, -23.545150199999963 ], [ -46.57731, -23.545235 ], [ -46.577891, -23.545313 ], [ -46.578198, -23.545498 ], [ -46.578381, -23.545831 ], [ -46.578433817892467, -23.546935982820614 ], [ -46.579299, -23.547353 ], [ -46.580326, -23.542836 ], [ -46.580006599999933, -23.543144299999945 ], [ -46.579803399999946, -23.543196099999935 ], [ -46.579382499999952, -23.543593499999925 ], [ -46.579077, -23.543768 ], [ -46.578495, -23.543944 ], [ -46.577342099999953, -23.544131599999957 ] ] ] } },
{ "type": "Feature", "properties": { "loja_id": "AG06", "CD_SETOR": "355030880000104", "fracao": 1.0, "pop": 449, "domicilios": 205, "renda_resp": 7421.91, "classe_pof": "47561" }, "geometry": { "type": "Polygon", "coordinates": [ [ [ -46.577953, -23.536151 ], [ -46.578032, -23.537192 ], [ -46.579166, -23.53713 ], [ -46.579091, -23.536095 ], [ -46.577953, -23.536151 ] ] ] } },
{ "type": "Feature", "properties": { "loja_id": "AG06", "CD_SETOR": "355030880000107", "fracao": 0.68783535935194007, "pop": 171, "domicilios": 60, "renda_resp": 6313.63, "classe_pof": "47561" }, "geometry": { "type": "Polygon", "coordinates": [ [ [ -46.57773621155085, -23.531919819436656 ], [ -46.577256, -23.533727 ], [ -46.577117, -23.535066 ], [ -46.577785, -23.53504 ], [ -46.578027, -23.533133 ], [ -46.578186834002857, -23.532574665981326 ], [ -46.577819, -23.53198 ], [ -46.57773621155085, -23.531919819436656 ] ] ] } },
{ "type": "Feature", "properties": { "loja_id": "AG06", "CD_SETOR": "355030880000108", "fracao": 0.96101733111061893, "pop": 260, "domicilios": 94, "renda_resp": 5070.77, "classe_pof": "47561" }, "geometry": { "type": "Polygon", "coordinates": [ [ [ -46.576431, -23.535093 ], [ -46.577117, -23.535066 ], [ -46.577319, -23.533401 ], [ -46.57773621155085, -23.531919819436656 ], [ -46.577299, -23.531602 ], [ -46.577169158069395, -23.53158657752298 ], [ -46.576641, -23.533288 ], [ -46.576431, -23.535093 ] ] ] } },
{ "type": "Feature", "properties": { "loja_id": "AG06", "CD_SETOR": "355030880000122", "fracao": 0.99999999999999978, "pop": 352, "domicilios": 164, "renda_resp": 7046.9, "classe_pof": "47561" }, "geometry": { "type": "Polygon", "coordinates": [ [ [ -46.579091, -23.536095 ], [ -46.579638699999975, -23.536068799999953 ], [ -46.579617299999938, -23.535663 ], [ -46.579062, -23.535693 ], [ -46.579091, -23.536095 ] ] ] } },
{ "type": "Feature", "properties": { "loja_id": "AG06", "CD_SETOR": "355030880000128", "fracao": 0.17855713563580045, "pop": 482, "domicilios": 167, "renda_resp": 4327.4, "classe_pof": "47560" }, "geometry": { "type": "MultiPolygon", "coordinates": [ [ [ [ -46.581067189261503, -23.535033711996991 ], [ -46.580976896950041, -23.534919083771495 ], [ -46.58098519999993, -23.535024499999967 ], [ -46.581067189261503, -23.535033711996991 ] ] ], [ [ [ -46.581527442924788, -23.535086981574153 ], [ -46.582814799999937, -23.535275 ], [ -46.583025363934851, -23.53443194916105 ], [ -46.582189, -23.534389 ], [ -46.581527442924788, -23.535086981574153 ] ] ] ] } },
{ "type": "Feature", "properties": { "loja_id": "AG06", "CD_SETOR": "355030880000131", "fracao": 0.21395891876571907, "pop": 247, "domicilios": 123, "renda_resp": 4135.76, "classe_pof": "47560" }, "geometry": { "type": "Polygon", "coordinates": [ [ [ -46.567148807553252, -23.53768297982009 ], [ -46.566937, -23.538197 ], [ -46.5679, -23.538385 ], [ -46.568335878361246, -23.537219070655212 ], [ -46.568032, -23.537499 ], [ -46.567148807553252, -23.53768297982009 ] ] ] } },
{ "type": "Feature", "properties": { "loja_id": "AG06", "CD_SETOR": "355030880000138", "fracao": 0.54498249748307148, "pop": 257, "domicilios": 110, "renda_resp": 11101.2, "classe_pof": "47562" }, "geometry": { "type": "Polygon", "coordinates": [ [ [ -46.569392, -23.543547 ], [ -46.569647, -23.542465 ], [ -46.56756126126696, -23.542038513106235 ], [ -46.567613, -23.542186 ], [ -46.568761368280946, -23.543425646150506 ], [ -46.569392, -23.543547 ] ] ] } },
{ "type": "Feature", "properties": { "loja_id": "AG06", "CD_SETOR": "355030880000147", "fracao": 0.27880548062435906, "pop": 539, "domicilios": 208, "renda_resp": 14984.66, "classe_pof": "47563" }, "geometry": { "type": "Polygon", "coordinates": [ [ [ -46.566772, -23.540450799999977 ], [ -46.566123299999958, -23.540289099999939 ], [ -46.566107894280876, -23.540328044572217 ], [ -46.566659405809588, -23.540889756921402 ], [ -46.566772, -23.540450799999977 ] ] ] } },
{ "type": "Feature", "properties": { "loja_id": "AG06", "CD_SETOR": "355030880000149", "fracao": 1.0, "pop": 333, "domicilios": 150, "renda_resp": 6340.39, "classe_pof": "47561" }, "geometry": { "type": "Polygon", "coordinates": [ [ [ -46.576199799999983, -23.532344899999931 ], [ -46.576583199999959, -23.532135599999947 ], [ -46.576586099999986, -23.531990599999972 ], [ -46.575592, -23.531915099999935 ], [ -46.575581, -23.532335 ], [ -46.576199799999983, -23.532344899999931 ] ] ] } },
{ "type": "Feature", "properties": { "loja_id": "AG06", "CD_SETOR": "355030880000152", "fracao": 1.0, "pop": 267, "domicilios": 132, "renda_resp": 11809.32, "classe_pof": "47562" }, "geometry": { "type": "Polygon", "coordinates": [ [ [ -46.579138399999977, -23.536745399999973 ], [ -46.579753099999948, -23.536717599999974 ], [ -46.579745499999945, -23.53658669999993 ], [ -46.579829599999982, -23.536585299999953 ], [ -46.579820199999972, -23.53619689999994 ], [ -46.579728, -23.536197099999974 ], [ -46.579734899999949, -23.536341199999978 ], [ -46.579109699999947, -23.536368499999984 ], [ -46.579138399999977, -23.536745399999973 ] ] ] } },
{ "type": "Feature", "properties": { "loja_id": "AG06", "CD_SETOR": "355030880000158", "fracao": 0.040728993121789479, "pop": 594, "domicilios": 205, "renda_resp": 11051.39, "classe_pof": "47562" }, "geometry": { "type": "Polygon", "coordinates": [ [ [ -46.575609399999962, -23.531250199999931 ], [ -46.575611054914269, -23.531187201632207 ], [ -46.575299, -23.531055 ], [ -46.575157821667858, -23.531242769105962 ], [ -46.575609399999962, -23.531250199999931 ] ] ] } },
{ "type": "Feature", "properties": { "loja_id": "AG06", "CD_SETOR": "355030880000163", "fracao": 1.0, "pop": 165, "domicilios": 115, "renda_resp": 7293.92, "classe_pof": "47561" }, "geometry": { "type": "Polygon", "coordinates": [ [ [ -46.572808499999951, -23.538768199999932 ], [ -46.572817, -23.539329 ], [ -46.573219, -23.539426 ], [ -46.573205799999982, -23.538756899999949 ], [ -46.572808499999951, -23.538768199999932 ] ] ] } },
{ "type": "Feature", "properties": { "loja_id": "AG06", "CD_SETOR": "355030880000164", "fracao": 1.0, "pop": 393, "domicilios": 211, "renda_resp": 9954.31, "classe_pof": "47562" }, "geometry": { "type": "Polygon", "coordinates": [ [ [ -46.573616099999981, -23.538343399999974 ], [ -46.573605599999951, -23.536971499999922 ], [ -46.573185499999965, -23.536971199999979 ], [ -46.57320859999993, -23.538343599999958 ], [ -46.573616099999981, -23.538343399999974 ] ] ] } },
{ "type": "Feature", "properties": { "loja_id": "AG06", "CD_SETOR": "355030880000166", "fracao": 1.0, "pop": 627, "domicilios": 268, "renda_resp": 10063.69, "classe_pof": "47562" }, "geometry": { "type": "Polygon", "coordinates": [ [ [ -46.577016, -23.537602 ], [ -46.576957, -23.536776 ], [ -46.576170399999967, -23.536826399999939 ], [ -46.576190799999949, -23.537268199999975 ], [ -46.576421, -23.537256499999952 ], [ -46.576439099999959, -23.537636099999933 ], [ -46.577016, -23.537602 ] ] ] } },
{ "type": "Feature", "properties": { "loja_id": "AG06", "CD_SETOR": "355030880000167", "fracao": 0.35790130148377686, "pop": 404, "domicilios": 191, "renda_resp": 7143.75, "classe_pof": "47561" }, "geometry": { "type": "Polygon", "coordinates": [ [ [ -46.571528799999953, -23.535250799999972 ], [ -46.57159379999996, -23.534937499999948 ], [ -46.571472601069864, -23.534911158422496 ], [ -46.570979060066882, -23.53513042934367 ], [ -46.571528799999953, -23.535250799999972 ] ] ] } },
{ "type": "Feature", "properties": { "loja_id": "AG06", "CD_SETOR": "355030880000178", "fracao": 0.9913484053306969, "pop": 359, "domicilios": 152, "renda_resp": 7210.5, "classe_pof": "47561" }, "geometry": { "type": "Polygon", "coordinates": [ [ [ -46.57362, -23.548302 ], [ -46.574184739890441, -23.548421068234511 ], [ -46.574476734028011, -23.548342959734061 ], [ -46.575191599999982, -23.546340699999973 ], [ -46.574131, -23.546114 ], [ -46.57362, -23.548302 ] ] ] } },
{ "type": "Feature", "properties": { "loja_id": "AG06", "CD_SETOR": "355030880000179", "fracao": 0.6147097531871476, "pop": 458, "domicilios": 241, "renda_resp": 7524.93, "classe_pof": "47561" }, "geometry": { "type": "Polygon", "coordinates": [ [ [ -46.568827299999953, -23.538544 ], [ -46.569497, -23.536761299999974 ], [ -46.56962569999996, -23.53658449999995 ], [ -46.569586747881345, -23.536066765539992 ], [ -46.568335878361246, -23.537219070655212 ], [ -46.567954, -23.538187 ], [ -46.5679, -23.538385 ], [ -46.568827299999953, -23.538544 ] ] ] } },
{ "type": "Feature", "properties": { "loja_id": "AG06", "CD_SETOR": "355030880000180", "fracao": 1.0, "pop": 308, "domicilios": 134, "renda_resp": 10960.72, "classe_pof": "47562" }, "geometry": { "type": "Polygon", "coordinates": [ [ [ -46.569528, -23.538686299999938 ], [ -46.569727799999953, -23.537904099999938 ], [ -46.569504599999959, -23.537870499999947 ], [ -46.569217199999969, -23.538625799999977 ], [ -46.569528, -23.538686299999938 ] ] ] } },
{ "type": "Feature", "properties": { "loja_id": "AG06", "CD_SETOR": "355030880000181", "fracao": 0.056226735019263223, "pop": 641, "domicilios": 275, "renda_resp": 8639.96, "classe_pof": "47562" }, "geometry": { "type": "Polygon", "coordinates": [ [ [ -46.566937, -23.538197 ], [ -46.567148807553252, -23.53768297982009 ], [ -46.566299, -23.53786 ], [ -46.565973013433357, -23.538004960206543 ], [ -46.566937, -23.538197 ] ] ] } },
{ "type": "Feature", "properties": { "loja_id": "AG06", "CD_SETOR": "355030880000200", "fracao": 1.0, "pop": 189, "domicilios": 76, "renda_resp": 10155.37, "classe_pof": "47562" }, "geometry": { "type": "Polygon", "coordinates": [ [ [ -46.571634099999983, -23.540513099999934 ], [ -46.572118599999953, -23.540579899999958 ], [ -46.57199, -23.541158 ], [ -46.573839, -23.541504 ], [ -46.574245, -23.53968 ], [ -46.571445099999956, -23.539016099999973 ], [ -46.571135099999935, -23.540479 ], [ -46.571559199999967, -23.540560499999973 ], [ -46.571634099999983, -23.540513099999934 ] ] ] } },
{ "type": "Feature", "properties": { "loja_id": "AG06", "CD_SETOR": "355030880000201", "fracao": 0.99999999999999989, "pop": 316, "domicilios": 135, "renda_resp": 9071.11, "classe_pof": "47562" }, "geometry": { "type": "Polygon", "coordinates": [ [ [ -46.571448, -23.541053399999949 ], [ -46.57199, -23.541158 ], [ -46.572118599999953, -23.540579899999958 ], [ -46.571634099999983, -23.540513099999934 ], [ -46.571559199999967, -23.540560499999973 ], [ -46.571448, -23.541053399999949 ] ] ] } },
{ "type": "Feature", "properties": { "loja_id": "AG06", "CD_SETOR": "355030880000202", "fracao": 1.0, "pop": 1194, "domicilios": 477, "renda_resp": 11391.66, "classe_pof": "47562" }, "geometry": { "type": "Polygon", "coordinates": [ [ [ -46.570767299999943, -23.542074099999969 ], [ -46.570904, -23.541462 ], [ -46.570496, -23.541359 ], [ -46.570601499999952, -23.540880499999961 ], [ -46.570031, -23.540768 ], [ -46.569777599999952, -23.541891099999923 ], [ -46.570767299999943, -23.542074099999969 ] ] ] } },
{ "type": "Feature", "properties": { "loja_id": "AG06", "CD_SETOR": "355030880000203", "fracao": 1.0, "pop": 6, "domicilios": 4, "renda_resp": null, "classe_pof": null }, "geometry": { "type": "Polygon", "coordinates": [ [ [ -46.570633, -23.542663 ], [ -46.570767299999943, -23.542074099999969 ], [ -46.569777599999952, -23.541891099999923 ], [ -46.569647, -23.542465 ], [ -46.570633, -23.542663 ] ] ] } },
{ "type": "Feature", "properties": { "loja_id": "AG06", "CD_SETOR": "355030880000204", "fracao": 0.99999999999999989, "pop": 543, "domicilios": 211, "renda_resp": 11030.97, "classe_pof": "47562" }, "geometry": { "type": "Polygon", "coordinates": [ [ [ -46.573563, -23.535665 ], [ -46.57361, -23.537718 ], [ -46.575456, -23.5377 ], [ -46.575412, -23.536034 ], [ -46.575482, -23.535241 ], [ -46.573563, -23.535665 ] ] ] } },
{ "type": "Feature", "properties": { "loja_id": "AG06", "CD_SETOR": "355030880000205", "fracao": 1.0, "pop": 327, "domicilios": 132, "renda_resp": 9035.12, "classe_pof": "47562" }, "geometry": { "type": "Polygon", "coordinates": [ [ [ -46.57361, -23.537718 ], [ -46.573625499999935, -23.539524 ], [ -46.57549, -23.539965 ], [ -46.575456, -23.5377 ], [ -46.57361, -23.537718 ] ] ] } },
{ "type": "Feature", "properties": { "loja_id": "AG06", "CD_SETOR": "355030880000206", "fracao": 0.75520394068890428, "pop": 402, "domicilios": 163, "renda_resp": 7491.15, "classe_pof": "47561" }, "geometry": { "type": "Polygon", "coordinates": [ [ [ -46.572272599999962, -23.533858799999958 ], [ -46.572393099999942, -23.53417479999996 ], [ -46.572253144762215, -23.534206546460585 ], [ -46.572299, -23.534544 ], [ -46.571900678307884, -23.534720969993895 ], [ -46.572356499999955, -23.535888599999961 ], [ -46.573533, -23.535633 ], [ -46.573432, -23.535522 ], [ -46.572463, -23.533145 ], [ -46.572157, -23.533499 ], [ -46.572208072738405, -23.533874854574925 ], [ -46.572272599999962, -23.533858799999958 ] ] ] } },
{ "type": "Feature", "properties": { "loja_id": "AG06", "CD_SETOR": "355030880000207", "fracao": 0.16057201472592883, "pop": 266, "domicilios": 109, "renda_resp": 10540.93, "classe_pof": "47562" }, "geometry": { "type": "Polygon", "coordinates": [ [ [ -46.572393099999942, -23.53417479999996 ], [ -46.572272599999962, -23.533858799999958 ], [ -46.572208072738405, -23.533874854574925 ], [ -46.572253144762215, -23.534206546460585 ], [ -46.572393099999942, -23.53417479999996 ] ] ] } },
{ "type": "Feature", "properties": { "loja_id": "AG06", "CD_SETOR": "355030880000208", "fracao": 0.37591778933522119, "pop": 466, "domicilios": 202, "renda_resp": 4814.98, "classe_pof": "47560" }, "geometry": { "type": "Polygon", "coordinates": [ [ [ -46.57239514607393, -23.533185238996548 ], [ -46.572873, -23.532897 ], [ -46.573456, -23.532686 ], [ -46.574029, -23.534039 ], [ -46.574589399999979, -23.533859599999971 ], [ -46.574453799999958, -23.533545599999975 ], [ -46.574827299999981, -23.533434499999938 ], [ -46.575183, -23.533442799999932 ], [ -46.575177499999945, -23.533803 ], [ -46.575545, -23.53381 ], [ -46.575609399999962, -23.531250199999931 ], [ -46.575157821667858, -23.531242769105962 ], [ -46.574299, -23.532385 ], [ -46.573299, -23.532158 ], [ -46.572916, -23.532499 ], [ -46.57239514607393, -23.533185238996548 ] ] ] } },
{ "type": "Feature", "properties": { "loja_id": "AG06", "CD_SETOR": "355030880000209", "fracao": 1.0, "pop": 459, "domicilios": 195, "renda_resp": 10383.76, "classe_pof": "47562" }, "geometry": { "type": "Polygon", "coordinates": [ [ [ -46.574589399999979, -23.533859599999971 ], [ -46.575177499999945, -23.533803 ], [ -46.575183, -23.533442799999932 ], [ -46.574827299999981, -23.533434499999938 ], [ -46.574453799999958, -23.533545599999975 ], [ -46.574589399999979, -23.533859599999971 ] ] ] } },
{ "type": "Feature", "properties": { "loja_id": "AG06", "CD_SETOR": "355030880000218", "fracao": 0.58771686630702014, "pop": 552, "domicilios": 205, "renda_resp": 9058.49, "classe_pof": "47562" }, "geometry": { "type": "Polygon", "coordinates": [ [ [ -46.575611054914269, -23.531187201632207 ], [ -46.575592, -23.531915099999935 ], [ -46.576586099999986, -23.531990599999972 ], [ -46.576583199999959, -23.532135599999947 ], [ -46.576199799999983, -23.532344899999931 ], [ -46.575581, -23.532335 ], [ -46.575556399999989, -23.533357699999954 ], [ -46.576325099999963, -23.533480399999966 ], [ -46.576228299999968, -23.533903399999932 ], [ -46.576005499999951, -23.533867899999958 ], [ -46.576002199999948, -23.533532099999945 ], [ -46.575553599999978, -23.533467299999923 ], [ -46.575482, -23.535241 ], [ -46.576431, -23.535093 ], [ -46.576641, -23.533288 ], [ -46.577169158069395, -23.53158657752298 ], [ -46.576314, -23.531485 ], [ -46.575611054914269, -23.531187201632207 ] ] ] } },
{ "type": "Feature", "properties": { "loja_id": "AG06", "CD_SETOR": "355030880000229", "fracao": 0.99999999999999978, "pop": 215, "domicilios": 125, "renda_resp": 7205.51, "classe_pof": "47561" }, "geometry": { "type": "Polygon", "coordinates": [ [ [ -46.578731499999947, -23.538477099999962 ], [ -46.578761899999961, -23.538825199999959 ], [ -46.578160499999967, -23.538856 ], [ -46.578225399999951, -23.539776899999929 ], [ -46.579035199999971, -23.53975 ], [ -46.579125699999963, -23.540623299999933 ], [ -46.580817699999955, -23.540893499999974 ], [ -46.581022, -23.54013 ], [ -46.580693, -23.540089199999954 ], [ -46.579943199999946, -23.539724699999972 ], [ -46.57942509999998, -23.540441099999949 ], [ -46.579262099999937, -23.538175 ], [ -46.578111, -23.538234 ], [ -46.578132899999957, -23.538506299999941 ], [ -46.578731499999947, -23.538477099999962 ] ] ] } },
{ "type": "Feature", "properties": { "loja_id": "AG06", "CD_SETOR": "355030880000230", "fracao": 1.0, "pop": 288, "domicilios": 149, "renda_resp": 9555.53, "classe_pof": "47562" }, "geometry": { "type": "Polygon", "coordinates": [ [ [ -46.578160499999967, -23.538856 ], [ -46.578761899999961, -23.538825199999959 ], [ -46.578731499999947, -23.538477099999962 ], [ -46.578132899999957, -23.538506299999941 ], [ -46.578160499999967, -23.538856 ] ] ] } },
{ "type": "Feature", "properties": { "loja_id": "AG06", "CD_SETOR": "355030880000231", "fracao": 1.0, "pop": 224, "domicilios": 128, "renda_resp": 12470.38, "classe_pof": "47563" }, "geometry": { "type": "Polygon", "coordinates": [ [ [ -46.579943199999946, -23.539724699999972 ], [ -46.579349599999944, -23.539226799999938 ], [ -46.57942509999998, -23.540441099999949 ], [ -46.579943199999946, -23.539724699999972 ] ] ] } },
{ "type": "Feature", "properties": { "loja_id": "AG06", "CD_SETOR": "355030880000232", "fracao": 1.0, "pop": 271, "domicilios": 112, "renda_resp": 10181.26, "classe_pof": "47562" }, "geometry": { "type": "Polygon", "coordinates": [ [ [ -46.576991, -23.537249 ], [ -46.578032, -23.537192 ], [ -46.577953, -23.536151 ], [ -46.576916, -23.536203 ], [ -46.576991, -23.537249 ] ] ] } },
{ "type": "Feature", "properties": { "loja_id": "AG06", "CD_SETOR": "355030880000233", "fracao": 1.0, "pop": 289, "domicilios": 104, "renda_resp": 13908.36, "classe_pof": "47563" }, "geometry": { "type": "Polygon", "coordinates": [ [ [ -46.577541399999973, -23.537591099999926 ], [ -46.577454599999953, -23.537600199999922 ], [ -46.577458499999977, -23.537763899999959 ], [ -46.578076499999952, -23.537737499999935 ], [ -46.578032, -23.537192 ], [ -46.577525299999934, -23.537221699999971 ], [ -46.577541399999973, -23.537591099999926 ] ] ] } },
{ "type": "Feature", "properties": { "loja_id": "AG06", "CD_SETOR": "355030880000236", "fracao": 0.97389491217456348, "pop": 127, "domicilios": 55, "renda_resp": 6996.3, "classe_pof": "47561" }, "geometry": { "type": "Polygon", "coordinates": [ [ [ -46.568143, -23.542151 ], [ -46.568454, -23.540807 ], [ -46.568697, -23.540738 ], [ -46.568841, -23.540519 ], [ -46.570031, -23.540768 ], [ -46.570466, -23.538846 ], [ -46.5679, -23.538385 ], [ -46.567914, -23.538681 ], [ -46.567769, -23.538965 ], [ -46.567220409450101, -23.541369396163258 ], [ -46.567372, -23.541499 ], [ -46.56756126126696, -23.542038513106235 ], [ -46.568143, -23.542151 ] ], [ [ -46.568206599999939, -23.539163299999927 ], [ -46.568682, -23.539244299999947 ], [ -46.568490899999972, -23.540087599999929 ], [ -46.568025, -23.539988 ], [ -46.568206599999939, -23.539163299999927 ] ] ] } },
{ "type": "Feature", "properties": { "loja_id": "AG06", "CD_SETOR": "355030880000237", "fracao": 1.0, "pop": 252, "domicilios": 149, "renda_resp": 12378.38, "classe_pof": "47562" }, "geometry": { "type": "Polygon", "coordinates": [ [ [ -46.568573799999967, -23.53971719999992 ], [ -46.568682, -23.539244299999947 ], [ -46.568206599999939, -23.539163299999927 ], [ -46.568107, -23.539627 ], [ -46.568573799999967, -23.53971719999992 ] ] ] } },
{ "type": "Feature", "properties": { "loja_id": "AG06", "CD_SETOR": "355030880000238", "fracao": 1.0, "pop": 239, "domicilios": 147, "renda_resp": 14311.31, "classe_pof": "47563" }, "geometry": { "type": "Polygon", "coordinates": [ [ [ -46.568107, -23.539627 ], [ -46.568025, -23.539988 ], [ -46.568490899999972, -23.540087599999929 ], [ -46.568573799999967, -23.53971719999992 ], [ -46.568107, -23.539627 ] ] ] } },
{ "type": "Feature", "properties": { "loja_id": "AG06", "CD_SETOR": "355030880000248", "fracao": 0.99741807339217303, "pop": 469, "domicilios": 169, "renda_resp": 11731.99, "classe_pof": "47562" }, "geometry": { "type": "Polygon", "coordinates": [ [ [ -46.579062, -23.535693 ], [ -46.579617299999938, -23.535663 ], [ -46.579638699999975, -23.536068799999953 ], [ -46.579091, -23.536095 ], [ -46.579109699999947, -23.536368499999984 ], [ -46.579734899999949, -23.536341199999978 ], [ -46.579728, -23.536197099999974 ], [ -46.579820199999972, -23.53619689999994 ], [ -46.579829599999982, -23.536585299999953 ], [ -46.580330199999935, -23.536559699999945 ], [ -46.57988759999995, -23.537700099999938 ], [ -46.582114599999954, -23.538015499999979 ], [ -46.582814799999937, -23.535275 ], [ -46.581918, -23.535144899999981 ], [ -46.581794099999968, -23.535931399999974 ], [ -46.58118589999998, -23.535685399999974 ], [ -46.581238979332639, -23.535251802824654 ], [ -46.581067189261503, -23.535033711996991 ], [ -46.580362, -23.534963 ], [ -46.579009, -23.534988 ], [ -46.579062, -23.535693 ] ] ] } },
{ "type": "Feature", "properties": { "loja_id": "AG06", "CD_SETOR": "355030880000249", "fracao": 0.81946548052276635, "pop": 290, "domicilios": 103, "renda_resp": 13103.21, "classe_pof": "47563" }, "geometry": { "type": "Polygon", "coordinates": [ [ [ -46.581220499999972, -23.535409299999966 ], [ -46.581858799999964, -23.535498799999974 ], [ -46.581918, -23.535144899999981 ], [ -46.581527442924788, -23.535086981574153 ], [ -46.581299, -23.535328 ], [ -46.581238979332639, -23.535251802824654 ], [ -46.581220499999972, -23.535409299999966 ] ] ] } },
{ "type": "Feature", "properties": { "loja_id": "AG06", "CD_SETOR": "355030880000250", "fracao": 1.0, "pop": 275, "domicilios": 96, "renda_resp": 10974.23, "classe_pof": "47562" }, "geometry": { "type": "Polygon", "coordinates": [ [ [ -46.581858799999964, -23.535498799999974 ], [ -46.581220499999972, -23.535409299999966 ], [ -46.58118589999998, -23.535685399999974 ], [ -46.581794099999968, -23.535931399999974 ], [ -46.581858799999964, -23.535498799999974 ] ] ] } },
{ "type": "Feature", "properties": { "loja_id": "AG06", "CD_SETOR": "355030880000257", "fracao": 1.0, "pop": 194, "domicilios": 131, "renda_resp": 9760.23, "classe_pof": "47562" }, "geometry": { "type": "Polygon", "coordinates": [ [ [ -46.57320859999993, -23.538343599999958 ], [ -46.573206199999959, -23.538820699999977 ], [ -46.573620399999982, -23.53881279999996 ], [ -46.573616099999981, -23.538343399999974 ], [ -46.57320859999993, -23.538343599999958 ] ] ] } },
{ "type": "Feature", "properties": { "loja_id": "AG06", "CD_SETOR": "355030880000258", "fracao": 1.0, "pop": 191, "domicilios": 117, "renda_resp": 12330.59, "classe_pof": "47562" }, "geometry": { "type": "Polygon", "coordinates": [ [ [ -46.573206199999959, -23.538820699999977 ], [ -46.573219, -23.539426 ], [ -46.573625499999935, -23.539524 ], [ -46.573620399999982, -23.53881279999996 ], [ -46.573206199999959, -23.538820699999977 ] ] ] } },
{ "type": "Feature", "properties": { "loja_id": "AG06", "CD_SETOR": "355030880000263", "fracao": 9.6327613032186173e-05, "pop": 583, "domicilios": 193, "renda_resp": 15190.24, "classe_pof": "47563" }, "geometry": { "type": "Polygon", "coordinates": [ [ [ -46.579725599999961, -23.533823799999936 ], [ -46.579742432383163, -23.533827975338642 ], [ -46.579727381258927, -23.533816797678924 ], [ -46.579725599999961, -23.533823799999936 ] ] ] } },
{ "type": "Feature", "properties": { "loja_id": "AG06", "CD_SETOR": "355030880000266", "fracao": 0.056562642235295904, "pop": 375, "domicilios": 146, "renda_resp": 9799.97, "classe_pof": "47562" }, "geometry": { "type": "Polygon", "coordinates": [ [ [ -46.569392, -23.543547 ], [ -46.568761368280946, -23.543425646150506 ], [ -46.569285634938204, -23.543991572991256 ], [ -46.569392, -23.543547 ] ] ] } },
{ "type": "Feature", "properties": { "loja_id": "AG06", "CD_SETOR": "355030880000267", "fracao": 0.49880409375693691, "pop": 321, "domicilios": 132, "renda_resp": 5835.49, "classe_pof": "47561" }, "geometry": { "type": "Polygon", "coordinates": [ [ [ -46.577785, -23.53504 ], [ -46.578764, -23.534999 ], [ -46.578895099999954, -23.534444 ], [ -46.578253899999943, -23.534458499999975 ], [ -46.578319299999976, -23.533937899999959 ], [ -46.578985899999964, -23.534059799999969 ], [ -46.579145483696983, -23.533384651021002 ], [ -46.578299, -23.532756 ], [ -46.578186834002857, -23.532574665981326 ], [ -46.578027, -23.533133 ], [ -46.577785, -23.53504 ] ] ] } },
{ "type": "Feature", "properties": { "loja_id": "AG06", "CD_SETOR": "355030880000268", "fracao": 0.99999999999999989, "pop": 440, "domicilios": 175, "renda_resp": 11093.49, "classe_pof": "47562" }, "geometry": { "type": "Polygon", "coordinates": [ [ [ -46.578985899999964, -23.534059799999969 ], [ -46.578319299999976, -23.533937899999959 ], [ -46.578253899999943, -23.534458499999975 ], [ -46.578895099999954, -23.534444 ], [ -46.578985899999964, -23.534059799999969 ] ] ] } },
{ "type": "Feature", "properties": { "loja_id": "AG06", "CD_SETOR": "355030880000274", "fracao": 0.94145510378346675, "pop": 228, "domicilios": 87, "renda_resp": 6633.93, "classe_pof": "47561" }, "geometry": { "type": "Polygon", "coordinates": [ [ [ -46.569217199999969, -23.538625799999977 ], [ -46.569504599999959, -23.537870499999947 ], [ -46.569727799999953, -23.537904099999938 ], [ -46.569528, -23.538686299999938 ], [ -46.570289099999968, -23.53881349999995 ], [ -46.570247, -23.536633 ], [ -46.57046, -23.535579 ], [ -46.570234445600803, -23.535470092816816 ], [ -46.569586747881345, -23.536066765539992 ], [ -46.56962569999996, -23.53658449999995 ], [ -46.569497, -23.536761299999974 ], [ -46.568827299999953, -23.538544 ], [ -46.569217199999969, -23.538625799999977 ] ] ] } },
{ "type": "Feature", "properties": { "loja_id": "AG06", "CD_SETOR": "355030880000275", "fracao": 0.99999999999999978, "pop": 294, "domicilios": 131, "renda_resp": 7753.79, "classe_pof": "47561" }, "geometry": { "type": "Polygon", "coordinates": [ [ [ -46.579745499999945, -23.53658669999993 ], [ -46.579753099999948, -23.536717599999974 ], [ -46.579138399999977, -23.536745399999973 ], [ -46.579349599999944, -23.539226799999938 ], [ -46.579943199999946, -23.539724699999972 ], [ -46.580693, -23.540089199999954 ], [ -46.581022, -23.54013 ], [ -46.581344, -23.539201 ], [ -46.581964, -23.538356 ], [ -46.582114599999954, -23.538015499999979 ], [ -46.57988759999995, -23.537700099999938 ], [ -46.580330199999935, -23.536559699999945 ], [ -46.579745499999945, -23.53658669999993 ] ] ] } },
{ "type": "Feature", "properties": { "loja_id": "AG06", "CD_SETOR": "355030880000276", "fracao": 1.0, "pop": 680, "domicilios": 277, "renda_resp": 7753.33, "classe_pof": "47561" }, "geometry": { "type": "Polygon", "coordinates": [ [ [ -46.578076499999952, -23.537737499999935 ], [ -46.577458499999977, -23.537763899999959 ], [ -46.577454599999953, -23.537600199999922 ], [ -46.577541399999973, -23.537591099999926 ], [ -46.577525299999934, -23.537221699999971 ], [ -46.576991, -23.537249 ], [ -46.577225, -23.540268 ], [ -46.578276, -23.540488 ], [ -46.578111, -23.538234 ], [ -46.579262099999937, -23.538175 ], [ -46.579166, -23.53713 ], [ -46.578032, -23.537192 ], [ -46.578076499999952, -23.537737499999935 ] ] ] } },
{ "type": "Feature", "properties": { "loja_id": "AG06", "CD_SETOR": "355030880000277", "fracao": 1.0, "pop": 179, "domicilios": 86, "renda_resp": 6981.64, "classe_pof": "47561" }, "geometry": { "type": "Polygon", "coordinates": [ [ [ -46.576002199999948, -23.533532099999945 ], [ -46.576005499999951, -23.533867899999958 ], [ -46.576228299999968, -23.533903399999932 ], [ -46.576325099999963, -23.533480399999966 ], [ -46.575556399999989, -23.533357699999954 ], [ -46.575553599999978, -23.533467299999923 ], [ -46.576002199999948, -23.533532099999945 ] ] ] } },
{ "type": "Feature", "properties": { "loja_id": "AG06", "CD_SETOR": "355030880000278", "fracao": 1.0, "pop": 402, "domicilios": 159, "renda_resp": 10586.71, "classe_pof": "47562" }, "geometry": { "type": "Polygon", "coordinates": [ [ [ -46.570601499999952, -23.540880499999961 ], [ -46.570496, -23.541359 ], [ -46.570904, -23.541462 ], [ -46.570633, -23.542663 ], [ -46.57161, -23.542849 ], [ -46.57199, -23.541158 ], [ -46.571448, -23.541053399999949 ], [ -46.571559199999967, -23.540560499999973 ], [ -46.571135099999935, -23.540479 ], [ -46.571445099999956, -23.539016099999973 ], [ -46.570466, -23.538846 ], [ -46.570031, -23.540768 ], [ -46.570601499999952, -23.540880499999961 ] ] ] } },
{ "type": "Feature", "properties": { "loja_id": "AG06", "CD_SETOR": "355030880000280", "fracao": 1.0, "pop": 127, "domicilios": 76, "renda_resp": 9685.53, "classe_pof": "47562" }, "geometry": { "type": "Polygon", "coordinates": [ [ [ -46.578225399999951, -23.539776899999929 ], [ -46.578276, -23.540488 ], [ -46.579125699999963, -23.540623299999933 ], [ -46.579035199999971, -23.53975 ], [ -46.578225399999951, -23.539776899999929 ] ] ] } },
{ "type": "Feature", "properties": { "loja_id": "AG06", "CD_SETOR": "355030880000295", "fracao": 1.0, "pop": 244, "domicilios": 102, "renda_resp": 10730.7, "classe_pof": "47562" }, "geometry": { "type": "Polygon", "coordinates": [ [ [ -46.572768, -23.535786 ], [ -46.572808499999951, -23.538768199999932 ], [ -46.573205799999982, -23.538756899999949 ], [ -46.573190599999975, -23.536140199999974 ], [ -46.573595699999942, -23.53614019999997 ], [ -46.573533, -23.535633 ], [ -46.572768, -23.535786 ] ] ] } },
{ "type": "Feature", "properties": { "loja_id": "AG06", "CD_SETOR": "355030880000296", "fracao": 1.0, "pop": 328, "domicilios": 188, "renda_resp": 8500.0, "classe_pof": "47562" }, "geometry": { "type": "Polygon", "coordinates": [ [ [ -46.573605599999951, -23.536971499999922 ], [ -46.573595699999942, -23.53614019999997 ], [ -46.573190599999975, -23.536140199999974 ], [ -46.573185499999965, -23.536971199999979 ], [ -46.573605599999951, -23.536971499999922 ] ] ] } },
{ "type": "Feature", "properties": { "loja_id": "AG06", "CD_SETOR": "355030880000299", "fracao": 1.0, "pop": 118, "domicilios": 48, "renda_resp": 10215.83, "classe_pof": "47562" }, "geometry": { "type": "Polygon", "coordinates": [ [ [ -46.57703, -23.542231 ], [ -46.576924, -23.542272 ], [ -46.575119, -23.54194 ], [ -46.574907, -23.542816 ], [ -46.576110799999981, -23.543009699999963 ], [ -46.575904599999944, -23.543861499999931 ], [ -46.576585, -23.54401 ], [ -46.57703, -23.542231 ] ] ] } },
{ "type": "Feature", "properties": { "loja_id": "AG06", "CD_SETOR": "355030880000300", "fracao": 1.0, "pop": 388, "domicilios": 161, "renda_resp": 10304.25, "classe_pof": "47562" }, "geometry": { "type": "Polygon", "coordinates": [ [ [ -46.575119, -23.54194 ], [ -46.576924, -23.542272 ], [ -46.57703, -23.542231 ], [ -46.576425699999959, -23.544701099999937 ], [ -46.577342099999953, -23.544131599999957 ], [ -46.578495, -23.543944 ], [ -46.579077, -23.543768 ], [ -46.579382499999952, -23.543593499999925 ], [ -46.579803399999946, -23.543196099999935 ], [ -46.580006599999933, -23.543144299999945 ], [ -46.580326, -23.542836 ], [ -46.580817699999955, -23.540893499999974 ], [ -46.575561, -23.539978 ], [ -46.575119, -23.54194 ] ] ] } },
{ "type": "Feature", "properties": { "loja_id": "AG06", "CD_SETOR": "355030880000301", "fracao": 1.0, "pop": 248, "domicilios": 119, "renda_resp": 5377.62, "classe_pof": "47561" }, "geometry": { "type": "Polygon", "coordinates": [ [ [ -46.576957, -23.536776 ], [ -46.576842, -23.535077 ], [ -46.57597949999996, -23.535134 ], [ -46.575482, -23.535241 ], [ -46.575412, -23.536034 ], [ -46.57549, -23.539965 ], [ -46.577225, -23.540268 ], [ -46.577016, -23.537602 ], [ -46.576439099999959, -23.537636099999933 ], [ -46.576421, -23.537256499999952 ], [ -46.576190799999949, -23.537268199999975 ], [ -46.576170399999967, -23.536826399999939 ], [ -46.576957, -23.536776 ] ] ] } },
{ "type": "Feature", "properties": { "loja_id": "AG06", "CD_SETOR": "355030880000302", "fracao": 0.99999999999999978, "pop": 363, "domicilios": 156, "renda_resp": 7742.62, "classe_pof": "47561" }, "geometry": { "type": "Polygon", "coordinates": [ [ [ -46.576842, -23.535077 ], [ -46.576916, -23.536203 ], [ -46.579091, -23.536095 ], [ -46.579009, -23.534988 ], [ -46.576842, -23.535077 ] ] ] } },
{ "type": "Feature", "properties": { "loja_id": "AG06", "CD_SETOR": "355030880000309", "fracao": 0.67282286949410841, "pop": 394, "domicilios": 210, "renda_resp": 11460.3, "classe_pof": "47562" }, "geometry": { "type": "Polygon", "coordinates": [ [ [ -46.580276661403722, -23.534224716222511 ], [ -46.580119399999944, -23.534959699999945 ], [ -46.580362, -23.534963 ], [ -46.580495850438211, -23.534387493928921 ], [ -46.580276661403722, -23.534224716222511 ] ] ] } },
{ "type": "Feature", "properties": { "loja_id": "AG06", "CD_SETOR": "355030880000310", "fracao": 0.097170594173207239, "pop": 366, "domicilios": 134, "renda_resp": 4331.67, "classe_pof": "47560" }, "geometry": { "type": "Polygon", "coordinates": [ [ [ -46.580362, -23.534963 ], [ -46.58098519999993, -23.535024499999967 ], [ -46.580976896950041, -23.534919083771495 ], [ -46.580495850438211, -23.534387493928921 ], [ -46.580362, -23.534963 ] ] ] } },
{ "type": "Feature", "properties": { "loja_id": "AG06", "CD_SETOR": "355030880000311", "fracao": 0.8355339515403315, "pop": 181, "domicilios": 64, "renda_resp": 9469.5, "classe_pof": "47562" }, "geometry": { "type": "Polygon", "coordinates": [ [ [ -46.580119399999944, -23.534959699999945 ], [ -46.580276661403722, -23.534224716222511 ], [ -46.579145483696983, -23.533384651021002 ], [ -46.578764, -23.534999 ], [ -46.580119399999944, -23.534959699999945 ] ] ] } },
{ "type": "Feature", "properties": { "loja_id": "AG07", "CD_SETOR": "355030886000046", "fracao": 0.027660615136640386, "pop": 237, "domicilios": 92, "renda_resp": 5505.77, "classe_pof": "47561" }, "geometry": { "type": "Polygon", "coordinates": [ [ [ -46.615367865263451, -23.502253924326265 ], [ -46.615483, -23.501503 ], [ -46.615087324366485, -23.501096130979445 ], [ -46.615143, -23.502143 ], [ -46.615367865263451, -23.502253924326265 ] ] ] } },
{ "type": "Feature", "properties": { "loja_id": "AG04", "CD_SETOR": "355030890000007", "fracao": 1.0, "pop": 376, "domicilios": 165, "renda_resp": 14998.11, "classe_pof": "47563" }, "geometry": { "type": "Polygon", "coordinates": [ [ [ -46.630309499999953, -23.588251799999963 ], [ -46.630711499999961, -23.588458899999985 ], [ -46.630396299999973, -23.588795 ], [ -46.630397099999982, -23.588999199999925 ], [ -46.630943299999956, -23.588949199999941 ], [ -46.63093379999998, -23.589095899999961 ], [ -46.631075, -23.589224099999971 ], [ -46.63100929999996, -23.589312399999979 ], [ -46.631317299999978, -23.58931379999995 ], [ -46.631328799999949, -23.589467299999971 ], [ -46.631549, -23.589465 ], [ -46.631595, -23.589172 ], [ -46.632151, -23.588604 ], [ -46.630597, -23.588065 ], [ -46.630463, -23.588055 ], [ -46.630309499999953, -23.588251799999963 ] ] ] } },
{ "type": "Feature", "properties": { "loja_id": "AG04", "CD_SETOR": "355030890000009", "fracao": 1.0, "pop": 339, "domicilios": 138, "renda_resp": 10278.13, "classe_pof": "47562" }, "geometry": { "type": "Polygon", "coordinates": [ [ [ -46.630503399999952, -23.591844599999948 ], [ -46.630949799999939, -23.59217759999996 ], [ -46.631511, -23.591612399999974 ], [ -46.630951099999947, -23.591076399999956 ], [ -46.630482, -23.591085899999943 ], [ -46.630503399999952, -23.591844599999948 ] ] ] } },
{ "type": "Feature", "properties": { "loja_id": "AG04", "CD_SETOR": "355030890000021", "fracao": 0.99999999999999944, "pop": 320, "domicilios": 116, "renda_resp": 5783.34, "classe_pof": "47561" }, "geometry": { "type": "Polygon", "coordinates": [ [ [ -46.630073, -23.58581 ], [ -46.63004, -23.587065 ], [ -46.630401, -23.587141 ], [ -46.630671, -23.586568 ], [ -46.631385, -23.58687 ], [ -46.632199, -23.585828 ], [ -46.631347, -23.58548 ], [ -46.631582, -23.58499 ], [ -46.629898, -23.584304 ], [ -46.630073, -23.58581 ] ] ] } },
{ "type": "Feature", "properties": { "loja_id": "AG04", "CD_SETOR": "355030890000026", "fracao": 1.0, "pop": 153, "domicilios": 54, "renda_resp": 20277.3, "classe_pof": "47563" }, "geometry": { "type": "Polygon", "coordinates": [ [ [ -46.632742399999984, -23.591818899999961 ], [ -46.63234609999995, -23.593315499999957 ], [ -46.633416099999977, -23.59318659999996 ], [ -46.633483299999966, -23.593292299999977 ], [ -46.632720599999971, -23.593685599999951 ], [ -46.632559499999957, -23.593906699999934 ], [ -46.632164399999965, -23.593579799999933 ], [ -46.63158, -23.594678 ], [ -46.631423, -23.595168 ], [ -46.63214, -23.594907 ], [ -46.633042, -23.59398 ], [ -46.633634, -23.593517 ], [ -46.634465, -23.593139 ], [ -46.635149, -23.593169 ], [ -46.635161, -23.592984 ], [ -46.634028199999932, -23.592763199999972 ], [ -46.63353, -23.592790399999959 ], [ -46.633460399999933, -23.593050599999962 ], [ -46.633057699999945, -23.593130599999931 ], [ -46.633270899999957, -23.591955 ], [ -46.63312, -23.591923099999974 ], [ -46.633126199999943, -23.591845 ], [ -46.632742399999984, -23.591818899999961 ] ] ] } },
{ "type": "Feature", "properties": { "loja_id": "AG04", "CD_SETOR": "355030890000036", "fracao": 1.0, "pop": 311, "domicilios": 136, "renda_resp": 15286.84, "classe_pof": "47563" }, "geometry": { "type": "Polygon", "coordinates": [ [ [ -46.638544099999933, -23.584802199999956 ], [ -46.638833899999952, -23.584322 ], [ -46.638594099999978, -23.584206 ], [ -46.638695, -23.583974699999942 ], [ -46.638142199999955, -23.583729099999978 ], [ -46.63778869999993, -23.584399 ], [ -46.638544099999933, -23.584802199999956 ] ] ] } },
{ "type": "Feature", "properties": { "loja_id": "AG04", "CD_SETOR": "355030890000037", "fracao": 1.0, "pop": 321, "domicilios": 171, "renda_resp": 6288.58, "classe_pof": "47561" }, "geometry": { "type": "Polygon", "coordinates": [ [ [ -46.638831, -23.581517 ], [ -46.637377, -23.58418 ], [ -46.63778869999993, -23.584399 ], [ -46.638142199999955, -23.583729099999978 ], [ -46.6383752, -23.583831399999944 ], [ -46.638568499999963, -23.583395099999954 ], [ -46.638925099999938, -23.583542699999953 ], [ -46.639200399999936, -23.583027799999972 ], [ -46.638869899999975, -23.582884 ], [ -46.639184599999965, -23.582366599999936 ], [ -46.638960599999962, -23.582202 ], [ -46.639229199999932, -23.581794799999958 ], [ -46.638831, -23.581517 ] ] ] } },
{ "type": "Feature", "properties": { "loja_id": "AG04", "CD_SETOR": "355030890000046", "fracao": 0.9605621416996849, "pop": 389, "domicilios": 170, "renda_resp": 12769.86, "classe_pof": "47563" }, "geometry": { "type": "Polygon", "coordinates": [ [ [ -46.626253, -23.586096699999931 ], [ -46.626244799999938, -23.586222099999929 ], [ -46.626484199999936, -23.586297299999959 ], [ -46.626510099999962, -23.586547199999927 ], [ -46.626909, -23.586533 ], [ -46.626814, -23.58538 ], [ -46.626913, -23.584776 ], [ -46.626831, -23.584597 ], [ -46.626474, -23.584482 ], [ -46.626588599999934, -23.584871699999955 ], [ -46.626082972044074, -23.58618081336283 ], [ -46.626253, -23.586096699999931 ] ] ] } },
{ "type": "Feature", "properties": { "loja_id": "AG04", "CD_SETOR": "355030890000047", "fracao": 0.68103053924055967, "pop": 243, "domicilios": 149, "renda_resp": 9578.68, "classe_pof": "47562" }, "geometry": { "type": "Polygon", "coordinates": [ [ [ -46.626205299999981, -23.587249099999955 ], [ -46.626510699999983, -23.586512899999953 ], [ -46.626484199999936, -23.586297299999959 ], [ -46.626244799999938, -23.586222099999929 ], [ -46.626253, -23.586096699999931 ], [ -46.626082972044074, -23.58618081336283 ], [ -46.625803751014992, -23.587156552323883 ], [ -46.626205299999981, -23.587249099999955 ] ] ] } },
{ "type": "Feature", "properties": { "loja_id": "AG04", "CD_SETOR": "355030890000072", "fracao": 0.36231761241031457, "pop": 249, "domicilios": 132, "renda_resp": 10021.23, "classe_pof": "47562" }, "geometry": { "type": "Polygon", "coordinates": [ [ [ -46.639619, -23.58054 ], [ -46.638831, -23.581517 ], [ -46.640328677508649, -23.582597953615643 ], [ -46.640373, -23.581999 ], [ -46.640015382254632, -23.58087472237435 ], [ -46.639619, -23.58054 ] ] ] } },
{ "type": "Feature", "properties": { "loja_id": "AG04", "CD_SETOR": "355030890000084", "fracao": 0.0086023832919119806, "pop": 299, "domicilios": 113, "renda_resp": 7631.21, "classe_pof": "47561" }, "geometry": { "type": "Polygon", "coordinates": [ [ [ -46.624904, -23.588178 ], [ -46.624833758277482, -23.588025693781795 ], [ -46.62439597966803, -23.588378200867677 ], [ -46.624904, -23.588178 ] ] ] } },
{ "type": "Feature", "properties": { "loja_id": "AG04", "CD_SETOR": "355030890000092", "fracao": 0.58743263903673815, "pop": 106, "domicilios": 47, "renda_resp": 10142.35, "classe_pof": "47562" }, "geometry": { "type": "Polygon", "coordinates": [ [ [ -46.639757, -23.596055 ], [ -46.637705, -23.596241 ], [ -46.637707, -23.597184 ], [ -46.638303, -23.59721 ], [ -46.638316770649119, -23.598428663056122 ], [ -46.638604, -23.598104 ], [ -46.640712641570438, -23.597264825069928 ], [ -46.639855, -23.597262 ], [ -46.639757, -23.596055 ] ] ] } },
{ "type": "Feature", "properties": { "loja_id": "AG04", "CD_SETOR": "355030890000095", "fracao": 0.61381484427021893, "pop": 364, "domicilios": 170, "renda_resp": 9488.77, "classe_pof": "47562" }, "geometry": { "type": "Polygon", "coordinates": [ [ [ -46.643679912543753, -23.591782486081165 ], [ -46.641985, -23.591923 ], [ -46.642116, -23.593142 ], [ -46.643577281371044, -23.593020290742473 ], [ -46.643781, -23.591999 ], [ -46.643679912543753, -23.591782486081165 ] ] ] } },
{ "type": "Feature", "properties": { "loja_id": "AG04", "CD_SETOR": "355030890000120", "fracao": 0.26381284984913433, "pop": 170, "domicilios": 86, "renda_resp": 8494.7, "classe_pof": "47562" }, "geometry": { "type": "Polygon", "coordinates": [ [ [ -46.636853200672505, -23.59963327794912 ], [ -46.637499, -23.599353 ], [ -46.638266412014183, -23.598485584564092 ], [ -46.636612, -23.598471 ], [ -46.636691, -23.599632 ], [ -46.636853200672505, -23.59963327794912 ] ] ] } },
{ "type": "Feature", "properties": { "loja_id": "AG04", "CD_SETOR": "355030890000122", "fracao": 0.022131930942752693, "pop": 261, "domicilios": 184, "renda_resp": 10113.55, "classe_pof": "47562" }, "geometry": { "type": "MultiPolygon", "coordinates": [ [ [ [ -46.641625599999941, -23.596541299999952 ], [ -46.641635670751235, -23.596653616908029 ], [ -46.641769165285687, -23.596528217083339 ], [ -46.641625599999941, -23.596541299999952 ] ] ], [ [ [ -46.64147829999996, -23.596712 ], [ -46.641485609549939, -23.596790221814508 ], [ -46.641580301231762, -23.596705628885228 ], [ -46.64147829999996, -23.596712 ] ] ] ] } },
{ "type": "Feature", "properties": { "loja_id": "AG04", "CD_SETOR": "355030890000229", "fracao": 1.0, "pop": 56, "domicilios": 27, "renda_resp": 8051.33, "classe_pof": "47561" }, "geometry": { "type": "Polygon", "coordinates": [ [ [ -46.639277, -23.589335 ], [ -46.639459, -23.590102 ], [ -46.63918, -23.59038 ], [ -46.640113, -23.590497 ], [ -46.640881, -23.590755 ], [ -46.641363, -23.589963 ], [ -46.639326, -23.58927 ], [ -46.639277, -23.589335 ] ] ] } },
{ "type": "Feature", "properties": { "loja_id": "AG04", "CD_SETOR": "355030890000231", "fracao": 1.0, "pop": 73, "domicilios": 25, "renda_resp": 1857.44, "classe_pof": "47559" }, "geometry": { "type": "Polygon", "coordinates": [ [ [ -46.632330699999955, -23.593342899999989 ], [ -46.632164399999965, -23.593579799999933 ], [ -46.632559499999957, -23.593906699999934 ], [ -46.632720599999971, -23.593685599999951 ], [ -46.633483299999966, -23.593292299999977 ], [ -46.633416099999977, -23.59318659999996 ], [ -46.632330699999955, -23.593342899999989 ] ] ] } },
{ "type": "Feature", "properties": { "loja_id": "AG04", "CD_SETOR": "355030890000232", "fracao": 0.99999999999999978, "pop": 169, "domicilios": 117, "renda_resp": 11987.63, "classe_pof": "47562" }, "geometry": { "type": "Polygon", "coordinates": [ [ [ -46.633419, -23.587649 ], [ -46.634520799999962, -23.588198699999968 ], [ -46.634654, -23.587497 ], [ -46.63504, -23.586554399999955 ], [ -46.6349, -23.586462 ], [ -46.634807, -23.586484 ], [ -46.633419, -23.587649 ] ] ] } },
{ "type": "Feature", "properties": { "loja_id": "AG04", "CD_SETOR": "355030890000233", "fracao": 1.0, "pop": 195, "domicilios": 108, "renda_resp": 7781.7, "classe_pof": "47561" }, "geometry": { "type": "Polygon", "coordinates": [ [ [ -46.633326, -23.589021 ], [ -46.634604499999966, -23.589205899999964 ], [ -46.634520799999962, -23.588198699999968 ], [ -46.633378, -23.587628 ], [ -46.632151, -23.588604 ], [ -46.633326, -23.589021 ] ] ] } },
{ "type": "Feature", "properties": { "loja_id": "AG04", "CD_SETOR": "355030890000235", "fracao": 1.0, "pop": 190, "domicilios": 96, "renda_resp": 10000.22, "classe_pof": "47562" }, "geometry": { "type": "Polygon", "coordinates": [ [ [ -46.633304499999952, -23.586435799999947 ], [ -46.633552599999973, -23.586700499999939 ], [ -46.633489, -23.586882 ], [ -46.634388199999933, -23.586469699999952 ], [ -46.634234099999958, -23.586294599999977 ], [ -46.633464599999968, -23.586315899999931 ], [ -46.633304499999952, -23.586435799999947 ] ] ] } },
{ "type": "Feature", "properties": { "loja_id": "AG04", "CD_SETOR": "355030890000236", "fracao": 1.0, "pop": 130, "domicilios": 78, "renda_resp": 10490.42, "classe_pof": "47562" }, "geometry": { "type": "Polygon", "coordinates": [ [ [ -46.633464599999968, -23.586315899999931 ], [ -46.634234099999958, -23.586294599999977 ], [ -46.634388199999933, -23.586469699999952 ], [ -46.634619, -23.58626 ], [ -46.633873799999947, -23.585932599999982 ], [ -46.633414, -23.58625909999995 ], [ -46.633464599999968, -23.586315899999931 ] ] ] } },
{ "type": "Feature", "properties": { "loja_id": "AG04", "CD_SETOR": "355030890000237", "fracao": 1.0, "pop": 261, "domicilios": 164, "renda_resp": 9222.05, "classe_pof": "47562" }, "geometry": { "type": "Polygon", "coordinates": [ [ [ -46.632973299999946, -23.586053799999945 ], [ -46.633178099999959, -23.58617089999996 ], [ -46.632954499999983, -23.586323 ], [ -46.633012, -23.586397499999972 ], [ -46.633332399999972, -23.586167699999979 ], [ -46.633414, -23.58625909999995 ], [ -46.633873799999947, -23.585932599999982 ], [ -46.632546, -23.585383 ], [ -46.632432199999982, -23.585528099999976 ], [ -46.632668399999943, -23.585664699999935 ], [ -46.632624299999975, -23.585750499999961 ], [ -46.633111199999973, -23.585946199999967 ], [ -46.632973299999946, -23.586053799999945 ] ] ] } },
{ "type": "Feature", "properties": { "loja_id": "AG04", "CD_SETOR": "355030890000238", "fracao": 1.0, "pop": 290, "domicilios": 127, "renda_resp": 14144.36, "classe_pof": "47563" }, "geometry": { "type": "Polygon", "coordinates": [ [ [ -46.631883, -23.586254 ], [ -46.633467, -23.586873 ], [ -46.633489, -23.586882 ], [ -46.633552599999973, -23.586700499999939 ], [ -46.633304499999952, -23.586435799999947 ], [ -46.633464599999968, -23.586315899999931 ], [ -46.633332399999972, -23.586167699999979 ], [ -46.633012, -23.586397499999972 ], [ -46.632954499999983, -23.586323 ], [ -46.633178099999959, -23.58617089999996 ], [ -46.632973299999946, -23.586053799999945 ], [ -46.631883, -23.586254 ] ] ] } },
{ "type": "Feature", "properties": { "loja_id": "AG04", "CD_SETOR": "355030890000239", "fracao": 0.99999999999999978, "pop": 167, "domicilios": 105, "renda_resp": 7227.3, "classe_pof": "47561" }, "geometry": { "type": "Polygon", "coordinates": [ [ [ -46.63187, -23.586249 ], [ -46.632973299999946, -23.586053799999945 ], [ -46.633111199999973, -23.585946199999967 ], [ -46.632624299999975, -23.585750499999961 ], [ -46.632668399999943, -23.585664699999935 ], [ -46.632432199999982, -23.585528099999976 ], [ -46.632546, -23.585383 ], [ -46.631582, -23.58499 ], [ -46.631347, -23.58548 ], [ -46.632199, -23.585828 ], [ -46.63187, -23.586249 ] ] ] } },
{ "type": "Feature", "properties": { "loja_id": "AG04", "CD_SETOR": "355030890000240", "fracao": 1.0, "pop": 172, "domicilios": 105, "renda_resp": 11956.72, "classe_pof": "47562" }, "geometry": { "type": "Polygon", "coordinates": [ [ [ -46.632662799999935, -23.587220799999958 ], [ -46.633120899999938, -23.587049199999967 ], [ -46.632627299999967, -23.586770499999943 ], [ -46.632475199999931, -23.586896199999952 ], [ -46.63224589999993, -23.586953599999958 ], [ -46.632662799999935, -23.587220799999958 ] ] ] } },
{ "type": "Feature", "properties": { "loja_id": "AG04", "CD_SETOR": "355030890000241", "fracao": 0.99999999999999978, "pop": 281, "domicilios": 155, "renda_resp": 11965.22, "classe_pof": "47562" }, "geometry": { "type": "Polygon", "coordinates": [ [ [ -46.631466499999931, -23.586827699999958 ], [ -46.631977699999943, -23.587041 ], [ -46.632475199999931, -23.586896199999952 ], [ -46.632627299999967, -23.586770499999943 ], [ -46.633120899999938, -23.587049199999967 ], [ -46.633489, -23.586882 ], [ -46.63187, -23.586249 ], [ -46.631466499999931, -23.586827699999958 ] ] ] } },
{ "type": "Feature", "properties": { "loja_id": "AG04", "CD_SETOR": "355030890000242", "fracao": 1.0, "pop": 204, "domicilios": 86, "renda_resp": 11131.24, "classe_pof": "47562" }, "geometry": { "type": "Polygon", "coordinates": [ [ [ -46.631431, -23.586811099999974 ], [ -46.630463, -23.588055 ], [ -46.630776, -23.588123 ], [ -46.632699199999934, -23.587244 ], [ -46.63224589999993, -23.586953599999958 ], [ -46.631977699999943, -23.587041 ], [ -46.631431, -23.586811099999974 ] ] ] } },
{ "type": "Feature", "properties": { "loja_id": "AG04", "CD_SETOR": "355030890000243", "fracao": 1.0, "pop": 179, "domicilios": 112, "renda_resp": 12704.1, "classe_pof": "47563" }, "geometry": { "type": "Polygon", "coordinates": [ [ [ -46.629691, -23.58889 ], [ -46.630014699999947, -23.589356299999963 ], [ -46.630405399999972, -23.589164699999969 ], [ -46.630396299999973, -23.588795 ], [ -46.630711499999961, -23.588458899999985 ], [ -46.630309499999953, -23.588251799999963 ], [ -46.629691, -23.58889 ] ] ] } },
{ "type": "Feature", "properties": { "loja_id": "AG04", "CD_SETOR": "355030890000244", "fracao": 0.99999999999999967, "pop": 338, "domicilios": 163, "renda_resp": 9206.67, "classe_pof": "47562" }, "geometry": { "type": "Polygon", "coordinates": [ [ [ -46.629691, -23.58889 ], [ -46.629124, -23.589207 ], [ -46.629639, -23.589739 ], [ -46.630175, -23.589768 ], [ -46.630415, -23.589902 ], [ -46.630426, -23.589517 ], [ -46.631328799999949, -23.589467299999971 ], [ -46.631317299999978, -23.58931379999995 ], [ -46.63100929999996, -23.589312399999979 ], [ -46.631075, -23.589224099999971 ], [ -46.63093379999998, -23.589095899999961 ], [ -46.630943299999956, -23.588949199999941 ], [ -46.630397099999982, -23.588999199999925 ], [ -46.630405399999972, -23.589164699999969 ], [ -46.630014699999947, -23.589356299999963 ], [ -46.629691, -23.58889 ] ] ] } },
{ "type": "Feature", "properties": { "loja_id": "AG04", "CD_SETOR": "355030890000246", "fracao": 0.99999999999999978, "pop": 247, "domicilios": 124, "renda_resp": 10915.4, "classe_pof": "47562" }, "geometry": { "type": "Polygon", "coordinates": [ [ [ -46.629776099999958, -23.590920699999977 ], [ -46.629491, -23.591525 ], [ -46.629138, -23.591949 ], [ -46.628144, -23.592608 ], [ -46.629145, -23.593783 ], [ -46.629636, -23.593197 ], [ -46.630501, -23.592596 ], [ -46.630949799999939, -23.59217759999996 ], [ -46.630503399999952, -23.591844599999948 ], [ -46.630482, -23.591085899999943 ], [ -46.630292399999973, -23.59110219999997 ], [ -46.629776099999958, -23.590920699999977 ] ] ] } },
{ "type": "Feature", "properties": { "loja_id": "AG04", "CD_SETOR": "355030890000247", "fracao": 1.0, "pop": 245, "domicilios": 126, "renda_resp": 9023.46, "classe_pof": "47562" }, "geometry": { "type": "Polygon", "coordinates": [ [ [ -46.631706, -23.590366 ], [ -46.632616, -23.590626 ], [ -46.632760099999985, -23.590639799999959 ], [ -46.632690199999956, -23.590247199999965 ], [ -46.632267, -23.590220599999956 ], [ -46.632263799999976, -23.590118 ], [ -46.632076099999949, -23.590104599999965 ], [ -46.632078699999965, -23.589960699999946 ], [ -46.631967299999985, -23.589958699999958 ], [ -46.631979699999938, -23.589511099999985 ], [ -46.631549, -23.589465 ], [ -46.631706, -23.590366 ] ] ] } },
{ "type": "Feature", "properties": { "loja_id": "AG04", "CD_SETOR": "355030890000248", "fracao": 1.0, "pop": 247, "domicilios": 154, "renda_resp": 11312.09, "classe_pof": "47562" }, "geometry": { "type": "Polygon", "coordinates": [ [ [ -46.632796, -23.590643 ], [ -46.63439139999997, -23.590784099999958 ], [ -46.634403799999973, -23.590380499999984 ], [ -46.632690199999956, -23.590247199999965 ], [ -46.632796, -23.590643 ] ] ] } },
{ "type": "Feature", "properties": { "loja_id": "AG04", "CD_SETOR": "355030890000249", "fracao": 1.0, "pop": 245, "domicilios": 138, "renda_resp": 9108.73, "classe_pof": "47562" }, "geometry": { "type": "Polygon", "coordinates": [ [ [ -46.632891, -23.59025749999995 ], [ -46.634403799999973, -23.590380499999984 ], [ -46.63439139999997, -23.590784099999958 ], [ -46.635257, -23.590744 ], [ -46.634777, -23.589709 ], [ -46.632811899999986, -23.589581799999966 ], [ -46.632891, -23.59025749999995 ] ] ] } },
{ "type": "Feature", "properties": { "loja_id": "AG04", "CD_SETOR": "355030890000250", "fracao": 1.0, "pop": 254, "domicilios": 129, "renda_resp": 12489.22, "classe_pof": "47563" }, "geometry": { "type": "Polygon", "coordinates": [ [ [ -46.632403099999976, -23.590228199999959 ], [ -46.632891, -23.59025749999995 ], [ -46.632811899999986, -23.589581799999966 ], [ -46.632397199999957, -23.589545799999943 ], [ -46.632403099999976, -23.590228199999959 ] ] ] } },
{ "type": "Feature", "properties": { "loja_id": "AG04", "CD_SETOR": "355030890000251", "fracao": 0.99999999999999989, "pop": 185, "domicilios": 120, "renda_resp": 9296.51, "classe_pof": "47562" }, "geometry": { "type": "Polygon", "coordinates": [ [ [ -46.632397599999933, -23.589583399999984 ], [ -46.631979699999938, -23.589511099999985 ], [ -46.631967299999985, -23.589958699999958 ], [ -46.632078699999965, -23.589960699999946 ], [ -46.632076099999949, -23.590104599999965 ], [ -46.632263799999976, -23.590118 ], [ -46.632267, -23.590220599999956 ], [ -46.632403099999976, -23.590228199999959 ], [ -46.632397599999933, -23.589583399999984 ] ] ] } },
{ "type": "Feature", "properties": { "loja_id": "AG04", "CD_SETOR": "355030890000252", "fracao": 0.99999999999999933, "pop": 219, "domicilios": 89, "renda_resp": 8930.23, "classe_pof": "47562" }, "geometry": { "type": "Polygon", "coordinates": [ [ [ -46.638728899999933, -23.59079 ], [ -46.63890489999995, -23.591038899999944 ], [ -46.637771099999959, -23.59193109999995 ], [ -46.637975, -23.592183 ], [ -46.638459599999976, -23.591851699999953 ], [ -46.639037599999938, -23.591229299999959 ], [ -46.640657, -23.591374 ], [ -46.640732, -23.591004 ], [ -46.640881, -23.590755 ], [ -46.640113, -23.590497 ], [ -46.639089, -23.590362 ], [ -46.638728899999933, -23.59079 ] ] ] } },
{ "type": "Feature", "properties": { "loja_id": "AG04", "CD_SETOR": "355030890000253", "fracao": 1.0, "pop": 212, "domicilios": 81, "renda_resp": 7618.75, "classe_pof": "47561" }, "geometry": { "type": "Polygon", "coordinates": [ [ [ -46.635127, -23.589767 ], [ -46.636128, -23.589914 ], [ -46.63672379999997, -23.590635799999973 ], [ -46.637307699999951, -23.590554599999962 ], [ -46.637528299999985, -23.590917899999965 ], [ -46.638210199999946, -23.590598399999976 ], [ -46.638325499999951, -23.59068619999994 ], [ -46.638643699999932, -23.590545599999931 ], [ -46.638839299999979, -23.590706299999958 ], [ -46.63905, -23.590389 ], [ -46.639296, -23.590296 ], [ -46.639466, -23.590059 ], [ -46.639093, -23.588816 ], [ -46.637533, -23.589125599999925 ], [ -46.635266499999943, -23.588778 ], [ -46.635127, -23.589767 ] ] ] } },
{ "type": "Feature", "properties": { "loja_id": "AG04", "CD_SETOR": "355030890000254", "fracao": 1.0, "pop": 256, "domicilios": 93, "renda_resp": 15937.5, "classe_pof": "47563" }, "geometry": { "type": "Polygon", "coordinates": [ [ [ -46.637465799999973, -23.591555199999959 ], [ -46.637771099999959, -23.59193109999995 ], [ -46.63890489999995, -23.591038899999944 ], [ -46.638728899999933, -23.59079 ], [ -46.637465799999973, -23.591555199999959 ] ] ] } },
{ "type": "Feature", "properties": { "loja_id": "AG04", "CD_SETOR": "355030890000255", "fracao": 0.99999999999999967, "pop": 329, "domicilios": 128, "renda_resp": 10419.54, "classe_pof": "47562" }, "geometry": { "type": "Polygon", "coordinates": [ [ [ -46.63672379999997, -23.590635799999973 ], [ -46.637465799999973, -23.591555199999959 ], [ -46.638839299999979, -23.590706299999958 ], [ -46.638643699999932, -23.590545599999931 ], [ -46.638325499999951, -23.59068619999994 ], [ -46.638210199999946, -23.590598399999976 ], [ -46.637528299999985, -23.590917899999965 ], [ -46.637307699999951, -23.590554599999962 ], [ -46.63672379999997, -23.590635799999973 ] ] ] } },
{ "type": "Feature", "properties": { "loja_id": "AG04", "CD_SETOR": "355030890000256", "fracao": 1.0, "pop": 131, "domicilios": 53, "renda_resp": 11133.31, "classe_pof": "47562" }, "geometry": { "type": "Polygon", "coordinates": [ [ [ -46.635989, -23.587596 ], [ -46.636180599999932, -23.587692299999958 ], [ -46.636132699999962, -23.587936899999928 ], [ -46.637227799999948, -23.588119399999979 ], [ -46.637049599999955, -23.588332899999948 ], [ -46.637092, -23.588374399999953 ], [ -46.637305499999968, -23.588306799999938 ], [ -46.637291599999969, -23.58884519999998 ], [ -46.637571299999934, -23.588876599999935 ], [ -46.637533, -23.589125599999925 ], [ -46.639093, -23.588816 ], [ -46.638378, -23.586506 ], [ -46.637963, -23.586886 ], [ -46.63794, -23.587434 ], [ -46.637814, -23.587558 ], [ -46.637682, -23.587567 ], [ -46.636393, -23.586975 ], [ -46.636236, -23.587265 ], [ -46.636007, -23.587275 ], [ -46.635989, -23.587596 ] ] ] } },
{ "type": "Feature", "properties": { "loja_id": "AG04", "CD_SETOR": "355030890000257", "fracao": 1.0, "pop": 259, "domicilios": 106, "renda_resp": 12004.72, "classe_pof": "47562" }, "geometry": { "type": "Polygon", "coordinates": [ [ [ -46.635958, -23.587917399999984 ], [ -46.635818, -23.588695 ], [ -46.635584599999959, -23.58867709999992 ], [ -46.635561499999937, -23.588823199999975 ], [ -46.637533, -23.589125599999925 ], [ -46.637571299999934, -23.588876599999935 ], [ -46.637291599999969, -23.58884519999998 ], [ -46.637305499999968, -23.588306799999938 ], [ -46.637092, -23.588374399999953 ], [ -46.637049599999955, -23.588332899999948 ], [ -46.637227799999948, -23.588119399999979 ], [ -46.635958, -23.587917399999984 ] ] ] } },
{ "type": "Feature", "properties": { "loja_id": "AG04", "CD_SETOR": "355030890000258", "fracao": 1.0, "pop": 237, "domicilios": 110, "renda_resp": 8633.12, "classe_pof": "47562" }, "geometry": { "type": "Polygon", "coordinates": [ [ [ -46.635396699999944, -23.588134799999981 ], [ -46.635902299999941, -23.58822889999993 ], [ -46.635958, -23.587917399999984 ], [ -46.636132699999962, -23.587936899999928 ], [ -46.636180599999932, -23.587692299999958 ], [ -46.635994, -23.587633 ], [ -46.636007, -23.587275 ], [ -46.635591, -23.587209 ], [ -46.635396699999944, -23.588134799999981 ] ] ] } },
{ "type": "Feature", "properties": { "loja_id": "AG04", "CD_SETOR": "355030890000259", "fracao": 1.0, "pop": 184, "domicilios": 96, "renda_resp": 7997.89, "classe_pof": "47561" }, "geometry": { "type": "Polygon", "coordinates": [ [ [ -46.635266499999943, -23.588778 ], [ -46.635561499999937, -23.588823199999975 ], [ -46.635584599999959, -23.58867709999992 ], [ -46.635818, -23.588695 ], [ -46.635902299999941, -23.58822889999993 ], [ -46.635396699999944, -23.588134799999981 ], [ -46.635266499999943, -23.588778 ] ] ] } },
{ "type": "Feature", "properties": { "loja_id": "AG04", "CD_SETOR": "355030890000261", "fracao": 0.99999999999999978, "pop": 259, "domicilios": 127, "renda_resp": 9340.27, "classe_pof": "47562" }, "geometry": { "type": "Polygon", "coordinates": [ [ [ -46.636673599999938, -23.586212499999927 ], [ -46.637272199999984, -23.586534699999959 ], [ -46.637014099999931, -23.586942899999936 ], [ -46.637051, -23.587265 ], [ -46.637682, -23.587567 ], [ -46.637876, -23.587527 ], [ -46.63794, -23.587434 ], [ -46.637963, -23.586886 ], [ -46.638378, -23.586506 ], [ -46.638165, -23.585818 ], [ -46.638038199999983, -23.585749699999948 ], [ -46.637669399999936, -23.58630949999997 ], [ -46.636869499999932, -23.585890299999956 ], [ -46.636673599999938, -23.586212499999927 ] ] ] } },
{ "type": "Feature", "properties": { "loja_id": "AG04", "CD_SETOR": "355030890000262", "fracao": 1.0, "pop": 345, "domicilios": 163, "renda_resp": 9528.82, "classe_pof": "47562" }, "geometry": { "type": "Polygon", "coordinates": [ [ [ -46.637669399999936, -23.58630949999997 ], [ -46.638038199999983, -23.585749699999948 ], [ -46.636895, -23.585089 ], [ -46.636507, -23.585704099999926 ], [ -46.637669399999936, -23.58630949999997 ] ] ] } },
{ "type": "Feature", "properties": { "loja_id": "AG04", "CD_SETOR": "355030890000264", "fracao": 0.99999999999999978, "pop": 215, "domicilios": 100, "renda_resp": 10793.33, "classe_pof": "47562" }, "geometry": { "type": "Polygon", "coordinates": [ [ [ -46.635756, -23.583462 ], [ -46.636775, -23.583861 ], [ -46.63843, -23.581289 ], [ -46.637543, -23.580818 ], [ -46.637135, -23.580728 ], [ -46.637131, -23.581117 ], [ -46.63659, -23.581893 ], [ -46.636609, -23.582025 ], [ -46.635756, -23.583462 ] ] ] } },
{ "type": "Feature", "properties": { "loja_id": "AG04", "CD_SETOR": "355030890000265", "fracao": 1.0, "pop": 186, "domicilios": 63, "renda_resp": 15614.35, "classe_pof": "47563" }, "geometry": { "type": "Polygon", "coordinates": [ [ [ -46.63456, -23.583847 ], [ -46.636254599999972, -23.58470959999994 ], [ -46.636775, -23.583861 ], [ -46.634969, -23.58318 ], [ -46.63456, -23.583847 ] ] ] } },
{ "type": "Feature", "properties": { "loja_id": "AG04", "CD_SETOR": "355030890000266", "fracao": 1.0, "pop": 230, "domicilios": 118, "renda_resp": 12028.58, "classe_pof": "47562" }, "geometry": { "type": "Polygon", "coordinates": [ [ [ -46.63456, -23.583847 ], [ -46.634969, -23.58318 ], [ -46.633215, -23.582553 ], [ -46.632837, -23.582548 ], [ -46.632778, -23.583224 ], [ -46.633347, -23.58323 ], [ -46.63456, -23.583847 ] ] ] } },
{ "type": "Feature", "properties": { "loja_id": "AG04", "CD_SETOR": "355030890000269", "fracao": 1.0, "pop": 294, "domicilios": 132, "renda_resp": 10018.26, "classe_pof": "47562" }, "geometry": { "type": "Polygon", "coordinates": [ [ [ -46.630536, -23.582517 ], [ -46.63333, -23.584378 ], [ -46.633976, -23.58355 ], [ -46.633347, -23.58323 ], [ -46.632778, -23.583224 ], [ -46.632837, -23.582548 ], [ -46.630536, -23.582517 ] ] ] } },
{ "type": "Feature", "properties": { "loja_id": "AG04", "CD_SETOR": "355030890000270", "fracao": 1.0, "pop": 497, "domicilios": 155, "renda_resp": 21791.14, "classe_pof": "47564" }, "geometry": { "type": "Polygon", "coordinates": [ [ [ -46.632546, -23.585383 ], [ -46.633641699999941, -23.585835799999931 ], [ -46.63386909999997, -23.585549 ], [ -46.632935699999962, -23.584883399999967 ], [ -46.632546, -23.585383 ] ] ] } },
{ "type": "Feature", "properties": { "loja_id": "AG04", "CD_SETOR": "355030890000271", "fracao": 1.0, "pop": 276, "domicilios": 122, "renda_resp": 7597.33, "classe_pof": "47561" }, "geometry": { "type": "Polygon", "coordinates": [ [ [ -46.632935699999962, -23.584883399999967 ], [ -46.63386909999997, -23.585549 ], [ -46.633641699999941, -23.585835799999931 ], [ -46.634532, -23.586207 ], [ -46.63504, -23.586554399999955 ], [ -46.635809699999982, -23.585397199999928 ], [ -46.633592, -23.584043 ], [ -46.632935699999962, -23.584883399999967 ] ] ] } },
{ "type": "Feature", "properties": { "loja_id": "AG04", "CD_SETOR": "355030890000272", "fracao": 0.99999999999999989, "pop": 269, "domicilios": 116, "renda_resp": 7854.96, "classe_pof": "47561" }, "geometry": { "type": "Polygon", "coordinates": [ [ [ -46.631079, -23.58397 ], [ -46.63068, -23.584622 ], [ -46.632546, -23.585383 ], [ -46.63333, -23.584378 ], [ -46.632344, -23.583722 ], [ -46.631861, -23.584369 ], [ -46.631079, -23.58397 ] ] ] } },
{ "type": "Feature", "properties": { "loja_id": "AG04", "CD_SETOR": "355030890000273", "fracao": 1.0, "pop": 266, "domicilios": 93, "renda_resp": 21286.84, "classe_pof": "47564" }, "geometry": { "type": "Polygon", "coordinates": [ [ [ -46.631578599999955, -23.583212 ], [ -46.631079, -23.58397 ], [ -46.631861, -23.584369 ], [ -46.632344, -23.583722 ], [ -46.631578599999955, -23.583212 ] ] ] } },
{ "type": "Feature", "properties": { "loja_id": "AG04", "CD_SETOR": "355030890000274", "fracao": 0.86041434564788577, "pop": 566, "domicilios": 206, "renda_resp": 13390.24, "classe_pof": "47563" }, "geometry": { "type": "Polygon", "coordinates": [ [ [ -46.628272, -23.583715 ], [ -46.628452, -23.585484 ], [ -46.628124699999944, -23.585485499999947 ], [ -46.628176399999973, -23.585712499999943 ], [ -46.628934799999968, -23.585710599999963 ], [ -46.628876099999957, -23.586435699999985 ], [ -46.628717, -23.586439499999983 ], [ -46.628713199999936, -23.586587199999933 ], [ -46.629440299999942, -23.586596699999969 ], [ -46.629442199999971, -23.586384599999967 ], [ -46.630057299999976, -23.586395299999936 ], [ -46.629996, -23.586192 ], [ -46.62910039999997, -23.584943899999928 ], [ -46.629052071874987, -23.581760697986404 ], [ -46.628499, -23.582978 ], [ -46.628408013512264, -23.582947883814608 ], [ -46.628272, -23.583715 ] ] ] } },
{ "type": "Feature", "properties": { "loja_id": "AG04", "CD_SETOR": "355030890000275", "fracao": 0.99999999999999956, "pop": 290, "domicilios": 136, "renda_resp": 11989.55, "classe_pof": "47562" }, "geometry": { "type": "Polygon", "coordinates": [ [ [ -46.627791, -23.585486 ], [ -46.628127, -23.586429 ], [ -46.628353, -23.58676 ], [ -46.62936, -23.587758 ], [ -46.630016, -23.587969 ], [ -46.630025199999977, -23.587620199999943 ], [ -46.62944269999997, -23.587436399999941 ], [ -46.629563899999937, -23.587294399999955 ], [ -46.629304499999932, -23.58694789999992 ], [ -46.628791299999932, -23.586942199999957 ], [ -46.628717, -23.586439499999983 ], [ -46.628876099999957, -23.586435699999985 ], [ -46.628934799999968, -23.585710599999963 ], [ -46.628176399999973, -23.585712499999943 ], [ -46.628124699999944, -23.585485499999947 ], [ -46.627791, -23.585486 ] ] ] } },
{ "type": "Feature", "properties": { "loja_id": "AG04", "CD_SETOR": "355030890000276", "fracao": 1.0, "pop": 245, "domicilios": 88, "renda_resp": 13172.23, "classe_pof": "47563" }, "geometry": { "type": "Polygon", "coordinates": [ [ [ -46.628713199999936, -23.586587199999933 ], [ -46.628791299999932, -23.586942199999957 ], [ -46.629304499999932, -23.58694789999992 ], [ -46.629563899999937, -23.587294399999955 ], [ -46.62944269999997, -23.587436399999941 ], [ -46.630025199999977, -23.587620199999943 ], [ -46.630016, -23.587969 ], [ -46.630463, -23.588055 ], [ -46.631385, -23.58687 ], [ -46.630671, -23.586568 ], [ -46.630401, -23.587141 ], [ -46.63004, -23.587065 ], [ -46.630057299999976, -23.586395299999936 ], [ -46.629442199999971, -23.586384599999967 ], [ -46.629440299999942, -23.586596699999969 ], [ -46.628713199999936, -23.586587199999933 ] ] ] } },
{ "type": "Feature", "properties": { "loja_id": "AG04", "CD_SETOR": "355030890000277", "fracao": 0.99999999999999989, "pop": 258, "domicilios": 123, "renda_resp": 11644.23, "classe_pof": "47562" }, "geometry": { "type": "Polygon", "coordinates": [ [ [ -46.629898, -23.584304 ], [ -46.629821, -23.582065 ], [ -46.629527699999983, -23.581880299999966 ], [ -46.629619499999933, -23.584189899999959 ], [ -46.629898, -23.584304 ] ] ] } },
{ "type": "Feature", "properties": { "loja_id": "AG04", "CD_SETOR": "355030890000278", "fracao": 0.99783229501783288, "pop": 299, "domicilios": 110, "renda_resp": 18193.52, "classe_pof": "47563" }, "geometry": { "type": "Polygon", "coordinates": [ [ [ -46.630059, -23.586342 ], [ -46.629898, -23.584304 ], [ -46.629619499999933, -23.584189899999959 ], [ -46.629527699999983, -23.581880299999966 ], [ -46.629115844614375, -23.581620333784421 ], [ -46.629052071874987, -23.581760697986404 ], [ -46.62910039999997, -23.584943899999928 ], [ -46.630059, -23.586342 ] ] ] } },
{ "type": "Feature", "properties": { "loja_id": "AG04", "CD_SETOR": "355030890000279", "fracao": 1.0, "pop": 258, "domicilios": 106, "renda_resp": 6053.56, "classe_pof": "47561" }, "geometry": { "type": "Polygon", "coordinates": [ [ [ -46.626495, -23.584486 ], [ -46.626831, -23.584597 ], [ -46.626913, -23.584776 ], [ -46.626814, -23.58538 ], [ -46.626909, -23.586533 ], [ -46.62816, -23.586481 ], [ -46.627823, -23.585684 ], [ -46.627653, -23.584483 ], [ -46.626495, -23.584486 ] ] ] } },
{ "type": "Feature", "properties": { "loja_id": "AG04", "CD_SETOR": "355030890000280", "fracao": 0.99999999999999978, "pop": 501, "domicilios": 230, "renda_resp": 13225.23, "classe_pof": "47563" }, "geometry": { "type": "Polygon", "coordinates": [ [ [ -46.626909, -23.586533 ], [ -46.627032, -23.587613 ], [ -46.627231, -23.587912 ], [ -46.627575, -23.588133 ], [ -46.628296, -23.588407 ], [ -46.628799, -23.588856 ], [ -46.629124, -23.588794 ], [ -46.629583, -23.588957 ], [ -46.630074, -23.588548 ], [ -46.630463, -23.588055 ], [ -46.62973, -23.5879 ], [ -46.629783299999986, -23.588323399999975 ], [ -46.628902, -23.588306499999934 ], [ -46.628917599999966, -23.587765399999967 ], [ -46.62840529999994, -23.58723479999998 ], [ -46.628620599999977, -23.587042799999942 ], [ -46.62816, -23.586481 ], [ -46.626909, -23.586533 ] ] ] } },
{ "type": "Feature", "properties": { "loja_id": "AG04", "CD_SETOR": "355030890000281", "fracao": 1.0, "pop": 430, "domicilios": 181, "renda_resp": 13861.83, "classe_pof": "47563" }, "geometry": { "type": "Polygon", "coordinates": [ [ [ -46.62973, -23.5879 ], [ -46.62922, -23.58765 ], [ -46.628620599999977, -23.587042799999942 ], [ -46.62840529999994, -23.58723479999998 ], [ -46.628917599999966, -23.587765399999967 ], [ -46.628902, -23.588306499999934 ], [ -46.629783299999986, -23.588323399999975 ], [ -46.62973, -23.5879 ] ] ] } },
{ "type": "Feature", "properties": { "loja_id": "AG04", "CD_SETOR": "355030890000282", "fracao": 1.0, "pop": 385, "domicilios": 202, "renda_resp": 13445.49, "classe_pof": "47563" }, "geometry": { "type": "Polygon", "coordinates": [ [ [ -46.631233, -23.591907 ], [ -46.630501, -23.592596 ], [ -46.629554399999968, -23.593277699999923 ], [ -46.63051349999995, -23.593432399999983 ], [ -46.631190599999968, -23.592994899999947 ], [ -46.631574399999977, -23.592620899999929 ], [ -46.631586599999935, -23.592295699999958 ], [ -46.631233, -23.591907 ] ] ] } },
{ "type": "Feature", "properties": { "loja_id": "AG04", "CD_SETOR": "355030890000284", "fracao": 1.0, "pop": 273, "domicilios": 87, "renda_resp": 30051.76, "classe_pof": "47564" }, "geometry": { "type": "Polygon", "coordinates": [ [ [ -46.630777, -23.594424 ], [ -46.630845, -23.595064 ], [ -46.631078, -23.595183 ], [ -46.631423, -23.595168 ], [ -46.63158, -23.594678 ], [ -46.632212899999956, -23.593514199999955 ], [ -46.63206, -23.593494 ], [ -46.631788, -23.593672 ], [ -46.630974, -23.594229 ], [ -46.630777, -23.594424 ] ] ] } },
{ "type": "Feature", "properties": { "loja_id": "AG04", "CD_SETOR": "355030890000285", "fracao": 1.0, "pop": 200, "domicilios": 87, "renda_resp": 14254.52, "classe_pof": "47563" }, "geometry": { "type": "Polygon", "coordinates": [ [ [ -46.629862299999957, -23.593398 ], [ -46.629792799999962, -23.593748499999943 ], [ -46.630652699999985, -23.593819499999935 ], [ -46.631147899999974, -23.593537099999931 ], [ -46.630890199999953, -23.593196599999938 ], [ -46.63051349999995, -23.593432399999983 ], [ -46.629862299999957, -23.593398 ] ] ] } },
{ "type": "Feature", "properties": { "loja_id": "AG04", "CD_SETOR": "355030890000286", "fracao": 0.99999999999999989, "pop": 425, "domicilios": 226, "renda_resp": 14073.76, "classe_pof": "47563" }, "geometry": { "type": "Polygon", "coordinates": [ [ [ -46.632078099999944, -23.592899 ], [ -46.632022399999983, -23.593086599999932 ], [ -46.63239109999995, -23.593239199999967 ], [ -46.632788599999969, -23.591577899999944 ], [ -46.631566, -23.591551 ], [ -46.631233, -23.591907 ], [ -46.63155729999994, -23.592227299999934 ], [ -46.631603799999937, -23.592525499999965 ], [ -46.631425299999933, -23.592809099999954 ], [ -46.630912399999943, -23.593227499999944 ], [ -46.631147899999974, -23.593537099999931 ], [ -46.631735699999979, -23.593125399999959 ], [ -46.631890599999963, -23.593209399999971 ], [ -46.632011499999976, -23.59288819999994 ], [ -46.632078099999944, -23.592899 ] ] ] } },
{ "type": "Feature", "properties": { "loja_id": "AG04", "CD_SETOR": "355030890000287", "fracao": 1.0, "pop": 291, "domicilios": 87, "renda_resp": 30523.88, "classe_pof": "47564" }, "geometry": { "type": "Polygon", "coordinates": [ [ [ -46.63353, -23.592790399999959 ], [ -46.634028199999932, -23.592763199999972 ], [ -46.63418889999997, -23.591604099999934 ], [ -46.633893, -23.591599 ], [ -46.633782099999962, -23.592289299999948 ], [ -46.633651799999939, -23.592273099999932 ], [ -46.63353, -23.592790399999959 ] ] ] } },
{ "type": "Feature", "properties": { "loja_id": "AG04", "CD_SETOR": "355030890000288", "fracao": 1.0, "pop": 427, "domicilios": 194, "renda_resp": 12100.64, "classe_pof": "47562" }, "geometry": { "type": "Polygon", "coordinates": [ [ [ -46.63276929999995, -23.591822499999981 ], [ -46.633126199999943, -23.591845 ], [ -46.63312, -23.591923099999974 ], [ -46.633270899999957, -23.591955 ], [ -46.633057699999945, -23.593130599999931 ], [ -46.633460399999933, -23.593050599999962 ], [ -46.633651799999939, -23.592273099999932 ], [ -46.633782099999962, -23.592289299999948 ], [ -46.633893, -23.591599 ], [ -46.632788599999969, -23.591577899999944 ], [ -46.63276929999995, -23.591822499999981 ] ] ] } },
{ "type": "Feature", "properties": { "loja_id": "AG04", "CD_SETOR": "355030890000289", "fracao": 1.0, "pop": 262, "domicilios": 168, "renda_resp": 12373.97, "classe_pof": "47562" }, "geometry": { "type": "Polygon", "coordinates": [ [ [ -46.633990499999982, -23.591166299999927 ], [ -46.634730299999944, -23.59117 ], [ -46.634745199999941, -23.591348499999974 ], [ -46.635012899999936, -23.59132679999993 ], [ -46.635003, -23.59163 ], [ -46.63526, -23.591646 ], [ -46.635246, -23.590893 ], [ -46.635157, -23.590748 ], [ -46.634625, -23.590804 ], [ -46.633947499999977, -23.590745499999965 ], [ -46.633990499999982, -23.591166299999927 ] ] ] } },
{ "type": "Feature", "properties": { "loja_id": "AG04", "CD_SETOR": "355030890000290", "fracao": 0.99999999999999956, "pop": 276, "domicilios": 115, "renda_resp": 14976.45, "classe_pof": "47563" }, "geometry": { "type": "Polygon", "coordinates": [ [ [ -46.631848, -23.591042 ], [ -46.632716, -23.591030099999951 ], [ -46.632735799999978, -23.591133899999928 ], [ -46.633178, -23.591146199999969 ], [ -46.633118699999955, -23.590780599999956 ], [ -46.633306499999946, -23.590785499999985 ], [ -46.633353399999976, -23.591153599999927 ], [ -46.633990499999982, -23.591166299999927 ], [ -46.633947499999977, -23.590745499999965 ], [ -46.632616, -23.590626 ], [ -46.631675, -23.590358 ], [ -46.631848, -23.591042 ] ] ] } },
{ "type": "Feature", "properties": { "loja_id": "AG04", "CD_SETOR": "355030890000291", "fracao": 1.0, "pop": 253, "domicilios": 120, "renda_resp": 15102.15, "classe_pof": "47563" }, "geometry": { "type": "Polygon", "coordinates": [ [ [ -46.631811, -23.591089 ], [ -46.631566, -23.591551 ], [ -46.635003, -23.59163 ], [ -46.635012899999936, -23.59132679999993 ], [ -46.634745199999941, -23.591348499999974 ], [ -46.634730299999944, -23.59117 ], [ -46.633353399999976, -23.591153599999927 ], [ -46.633306499999946, -23.590785499999985 ], [ -46.633118699999955, -23.590780599999956 ], [ -46.633178, -23.591146199999969 ], [ -46.632735799999978, -23.591133899999928 ], [ -46.632716, -23.591030099999951 ], [ -46.632431899999972, -23.591017699999956 ], [ -46.631811, -23.591089 ] ] ] } },
{ "type": "Feature", "properties": { "loja_id": "AG04", "CD_SETOR": "355030890000293", "fracao": 1.0, "pop": 136, "domicilios": 54, "renda_resp": 10652.3, "classe_pof": "47562" }, "geometry": { "type": "Polygon", "coordinates": [ [ [ -46.637541499999941, -23.592324799999975 ], [ -46.63704, -23.592709199999945 ], [ -46.638302, -23.593435 ], [ -46.639536, -23.593549 ], [ -46.639408, -23.592678 ], [ -46.638410399999941, -23.592729499999962 ], [ -46.636143, -23.589922 ], [ -46.635465299999971, -23.589815499999929 ], [ -46.635479399999952, -23.590055099999965 ], [ -46.635682299999985, -23.590046199999964 ], [ -46.635735199999942, -23.590412299999961 ], [ -46.635977799999978, -23.590372599999963 ], [ -46.636070399999944, -23.590747599999919 ], [ -46.636158599999931, -23.590690199999983 ], [ -46.637541499999941, -23.592324799999975 ] ] ] } },
{ "type": "Feature", "properties": { "loja_id": "AG04", "CD_SETOR": "355030890000294", "fracao": 0.99999999999999978, "pop": 237, "domicilios": 130, "renda_resp": 6653.31, "classe_pof": "47561" }, "geometry": { "type": "Polygon", "coordinates": [ [ [ -46.635027, -23.590262 ], [ -46.635516, -23.591137 ], [ -46.63635069999998, -23.592079399999932 ], [ -46.636383, -23.591974 ], [ -46.636932799999954, -23.591619 ], [ -46.636158599999931, -23.590690199999983 ], [ -46.636070399999944, -23.590747599999919 ], [ -46.635977799999978, -23.590372599999963 ], [ -46.635735199999942, -23.590412299999961 ], [ -46.635682299999985, -23.590046199999964 ], [ -46.635479399999952, -23.590055099999965 ], [ -46.635465299999971, -23.589815499999929 ], [ -46.635104, -23.589764 ], [ -46.635116, -23.590267 ], [ -46.635027, -23.590262 ] ] ] } },
{ "type": "Feature", "properties": { "loja_id": "AG04", "CD_SETOR": "355030890000295", "fracao": 1.0, "pop": 224, "domicilios": 117, "renda_resp": 13499.08, "classe_pof": "47563" }, "geometry": { "type": "Polygon", "coordinates": [ [ [ -46.63635069999998, -23.592079399999932 ], [ -46.636794, -23.592551 ], [ -46.63704, -23.592709199999945 ], [ -46.637541499999941, -23.592324799999975 ], [ -46.636932799999954, -23.591619 ], [ -46.636383, -23.591974 ], [ -46.63635069999998, -23.592079399999932 ] ] ] } },
{ "type": "Feature", "properties": { "loja_id": "AG04", "CD_SETOR": "355030890000296", "fracao": 1.0, "pop": 207, "domicilios": 105, "renda_resp": 7155.65, "classe_pof": "47561" }, "geometry": { "type": "Polygon", "coordinates": [ [ [ -46.639346, -23.592147 ], [ -46.640664, -23.59204 ], [ -46.640657, -23.591374 ], [ -46.639211, -23.591262 ], [ -46.639346, -23.592147 ] ] ] } },
{ "type": "Feature", "properties": { "loja_id": "AG04", "CD_SETOR": "355030890000297", "fracao": 1.0, "pop": 74, "domicilios": 31, "renda_resp": 8050.0, "classe_pof": "47561" }, "geometry": { "type": "Polygon", "coordinates": [ [ [ -46.639329399999951, -23.592152499999941 ], [ -46.639344599999959, -23.59224619999998 ], [ -46.639663799999937, -23.592243 ], [ -46.639758699999966, -23.592759599999965 ], [ -46.64032839999993, -23.59275289999993 ], [ -46.640354699999932, -23.592967699999974 ], [ -46.640622399999984, -23.592953699999949 ], [ -46.640640099999985, -23.593163699999934 ], [ -46.640781, -23.59315 ], [ -46.640664, -23.59204 ], [ -46.639329399999951, -23.592152499999941 ] ] ] } },
{ "type": "Feature", "properties": { "loja_id": "AG04", "CD_SETOR": "355030890000298", "fracao": 1.0, "pop": 233, "domicilios": 103, "renda_resp": 10956.89, "classe_pof": "47562" }, "geometry": { "type": "Polygon", "coordinates": [ [ [ -46.639344599999959, -23.59224619999998 ], [ -46.639536, -23.593549 ], [ -46.640849, -23.593759 ], [ -46.640781, -23.59315 ], [ -46.640640099999985, -23.593163699999934 ], [ -46.640622399999984, -23.592953699999949 ], [ -46.640354699999932, -23.592967699999974 ], [ -46.64032839999993, -23.59275289999993 ], [ -46.639758699999966, -23.592759599999965 ], [ -46.639663799999937, -23.592243 ], [ -46.639344599999959, -23.59224619999998 ] ] ] } },
{ "type": "Feature", "properties": { "loja_id": "AG04", "CD_SETOR": "355030890000299", "fracao": 1.0, "pop": 246, "domicilios": 120, "renda_resp": 8752.14, "classe_pof": "47562" }, "geometry": { "type": "Polygon", "coordinates": [ [ [ -46.639626699999951, -23.58709969999995 ], [ -46.63986, -23.586731 ], [ -46.63926239999995, -23.586409099999965 ], [ -46.638997, -23.586772399999973 ], [ -46.639626699999951, -23.58709969999995 ] ] ] } },
{ "type": "Feature", "properties": { "loja_id": "AG04", "CD_SETOR": "355030890000300", "fracao": 0.99999999999999978, "pop": 237, "domicilios": 117, "renda_resp": 10101.45, "classe_pof": "47562" }, "geometry": { "type": "Polygon", "coordinates": [ [ [ -46.638165, -23.585818 ], [ -46.638912, -23.58823 ], [ -46.639626699999951, -23.58709969999995 ], [ -46.638997, -23.586772399999973 ], [ -46.63926239999995, -23.586409099999965 ], [ -46.638165, -23.585818 ] ] ] } },
{ "type": "Feature", "properties": { "loja_id": "AG04", "CD_SETOR": "355030890000301", "fracao": 1.0, "pop": 171, "domicilios": 150, "renda_resp": 9247.92, "classe_pof": "47562" }, "geometry": { "type": "Polygon", "coordinates": [ [ [ -46.639866099999949, -23.585511 ], [ -46.639594099999954, -23.585978699999941 ], [ -46.640175599999964, -23.586278099999952 ], [ -46.640439899999933, -23.585817799999969 ], [ -46.639866099999949, -23.585511 ] ] ] } },
{ "type": "Feature", "properties": { "loja_id": "AG04", "CD_SETOR": "355030890000302", "fracao": 1.0, "pop": 178, "domicilios": 102, "renda_resp": 17238.4, "classe_pof": "47563" }, "geometry": { "type": "Polygon", "coordinates": [ [ [ -46.638073099999986, -23.585768499999975 ], [ -46.638586399999951, -23.586045 ], [ -46.638868899999977, -23.585594799999967 ], [ -46.638350099999968, -23.585305799999961 ], [ -46.638073099999986, -23.585768499999975 ] ] ] } },
{ "type": "Feature", "properties": { "loja_id": "AG04", "CD_SETOR": "355030890000303", "fracao": 0.99999999999999989, "pop": 401, "domicilios": 193, "renda_resp": 12964.13, "classe_pof": "47563" }, "geometry": { "type": "Polygon", "coordinates": [ [ [ -46.636922, -23.585128 ], [ -46.638073099999986, -23.585768499999975 ], [ -46.638350099999968, -23.585305799999961 ], [ -46.638868899999977, -23.585594799999967 ], [ -46.638586399999951, -23.586045 ], [ -46.640674, -23.587168 ], [ -46.641245, -23.586248 ], [ -46.640439899999933, -23.585817799999969 ], [ -46.640175599999964, -23.586278099999952 ], [ -46.639594099999954, -23.585978699999941 ], [ -46.639866099999949, -23.585511 ], [ -46.637377, -23.58418 ], [ -46.636922, -23.585128 ] ] ] } },
{ "type": "Feature", "properties": { "loja_id": "AG04", "CD_SETOR": "355030890000304", "fracao": 1.0, "pop": 157, "domicilios": 97, "renda_resp": 10231.23, "classe_pof": "47562" }, "geometry": { "type": "Polygon", "coordinates": [ [ [ -46.639104599999939, -23.582498199999975 ], [ -46.639631, -23.582788699999973 ], [ -46.63995, -23.582321 ], [ -46.639229199999932, -23.581794799999958 ], [ -46.638960599999962, -23.582202 ], [ -46.639184599999965, -23.582366599999936 ], [ -46.639104599999939, -23.582498199999975 ] ] ] } },
{ "type": "Feature", "properties": { "loja_id": "AG04", "CD_SETOR": "355030890000305", "fracao": 1.0, "pop": 210, "domicilios": 93, "renda_resp": 16955.07, "classe_pof": "47563" }, "geometry": { "type": "Polygon", "coordinates": [ [ [ -46.638869899999975, -23.582884 ], [ -46.639200399999936, -23.583027799999972 ], [ -46.638925099999938, -23.583542699999953 ], [ -46.638568499999963, -23.583395099999954 ], [ -46.6383752, -23.583831399999944 ], [ -46.638695, -23.583974699999942 ], [ -46.63881559999993, -23.583772099999976 ], [ -46.639245, -23.583814 ], [ -46.639311, -23.583527 ], [ -46.639957, -23.58279 ], [ -46.63995, -23.582321 ], [ -46.639631, -23.582788699999973 ], [ -46.639104599999939, -23.582498199999975 ], [ -46.638869899999975, -23.582884 ] ] ] } },
{ "type": "Feature", "properties": { "loja_id": "AG04", "CD_SETOR": "355030890000306", "fracao": 0.87700635859511278, "pop": 266, "domicilios": 98, "renda_resp": 19488.54, "classe_pof": "47563" }, "geometry": { "type": "Polygon", "coordinates": [ [ [ -46.638594099999978, -23.584206 ], [ -46.638833899999952, -23.584322 ], [ -46.638544099999933, -23.584802199999956 ], [ -46.641245, -23.586248 ], [ -46.641589631985447, -23.585692463897857 ], [ -46.64115, -23.585349 ], [ -46.640923454311505, -23.584913132275879 ], [ -46.639499, -23.584348 ], [ -46.639181, -23.583987 ], [ -46.639207, -23.583791 ], [ -46.63881559999993, -23.583772099999976 ], [ -46.638594099999978, -23.584206 ] ] ] } },
{ "type": "Feature", "properties": { "loja_id": "AG04", "CD_SETOR": "355030890000307", "fracao": 1.0, "pop": 251, "domicilios": 103, "renda_resp": 6659.39, "classe_pof": "47561" }, "geometry": { "type": "Polygon", "coordinates": [ [ [ -46.635247699999979, -23.582723 ], [ -46.635607899999968, -23.582903 ], [ -46.635360799999944, -23.583320499999953 ], [ -46.635756, -23.583462 ], [ -46.636609, -23.582025 ], [ -46.63659, -23.581893 ], [ -46.637131, -23.581117 ], [ -46.637135, -23.580728 ], [ -46.636614, -23.580474 ], [ -46.635247699999979, -23.582723 ] ] ] } },
{ "type": "Feature", "properties": { "loja_id": "AG04", "CD_SETOR": "355030890000308", "fracao": 0.99999999999999978, "pop": 180, "domicilios": 115, "renda_resp": 22673.98, "classe_pof": "47564" }, "geometry": { "type": "Polygon", "coordinates": [ [ [ -46.635360799999944, -23.583320499999953 ], [ -46.635607899999968, -23.582903 ], [ -46.635247699999979, -23.582723 ], [ -46.634969, -23.58318 ], [ -46.635360799999944, -23.583320499999953 ] ] ] } },
{ "type": "Feature", "properties": { "loja_id": "AG04", "CD_SETOR": "355030890000309", "fracao": 0.99999999999999978, "pop": 195, "domicilios": 140, "renda_resp": 12984.29, "classe_pof": "47563" }, "geometry": { "type": "Polygon", "coordinates": [ [ [ -46.635321, -23.581775799999949 ], [ -46.635555799999963, -23.581378599999933 ], [ -46.635156499999937, -23.581161199999944 ], [ -46.63492059999993, -23.58154769999992 ], [ -46.635321, -23.581775799999949 ] ] ] } },
{ "type": "Feature", "properties": { "loja_id": "AG04", "CD_SETOR": "355030890000310", "fracao": 1.0, "pop": 466, "domicilios": 266, "renda_resp": 10765.9, "classe_pof": "47562" }, "geometry": { "type": "Polygon", "coordinates": [ [ [ -46.634256, -23.582147 ], [ -46.633215, -23.582553 ], [ -46.633961499999941, -23.582552299999975 ], [ -46.634013299999943, -23.582444299999967 ], [ -46.634122, -23.582425699999931 ], [ -46.634397899999954, -23.582509599999977 ], [ -46.634662599999956, -23.582283199999953 ], [ -46.634840199999985, -23.58237029999998 ], [ -46.635189099999934, -23.581700699999942 ], [ -46.63492059999993, -23.58154769999992 ], [ -46.635156499999937, -23.581161199999944 ], [ -46.634956, -23.581052 ], [ -46.634256, -23.582147 ] ] ] } },
{ "type": "Feature", "properties": { "loja_id": "AG04", "CD_SETOR": "355030890000311", "fracao": 1.0, "pop": 342, "domicilios": 149, "renda_resp": 13634.16, "classe_pof": "47563" }, "geometry": { "type": "Polygon", "coordinates": [ [ [ -46.634996899999976, -23.582004699999963 ], [ -46.635059499999954, -23.582029 ], [ -46.634840199999985, -23.58237029999998 ], [ -46.634662599999956, -23.582283199999953 ], [ -46.634397899999954, -23.582509599999977 ], [ -46.634122, -23.582425699999931 ], [ -46.634013299999943, -23.582444299999967 ], [ -46.633961499999941, -23.582552299999975 ], [ -46.633215, -23.582553 ], [ -46.634969, -23.58318 ], [ -46.635938, -23.581587 ], [ -46.635555799999963, -23.581378599999933 ], [ -46.635321, -23.581775799999949 ], [ -46.635189099999934, -23.581700699999942 ], [ -46.634996899999976, -23.582004699999963 ] ] ] } },
{ "type": "Feature", "properties": { "loja_id": "AG04", "CD_SETOR": "355030890000312", "fracao": 0.99999999999999967, "pop": 291, "domicilios": 164, "renda_resp": 13597.3, "classe_pof": "47563" }, "geometry": { "type": "Polygon", "coordinates": [ [ [ -46.633826, -23.582336 ], [ -46.634256, -23.582147 ], [ -46.634872199999961, -23.581182799999958 ], [ -46.634756299999935, -23.581123899999969 ], [ -46.634611599999971, -23.581324399999968 ], [ -46.634287499999971, -23.581146399999962 ], [ -46.633876599999951, -23.58182069999998 ], [ -46.634012599999949, -23.581863399999971 ], [ -46.633826, -23.582336 ] ] ] } },
{ "type": "Feature", "properties": { "loja_id": "AG04", "CD_SETOR": "355030890000313", "fracao": 0.76693476479754763, "pop": 198, "domicilios": 97, "renda_resp": 7948.83, "classe_pof": "47561" }, "geometry": { "type": "Polygon", "coordinates": [ [ [ -46.633399462449042, -23.581422732318458 ], [ -46.632996, -23.582059 ], [ -46.633826, -23.582336 ], [ -46.634012599999949, -23.581863399999971 ], [ -46.633876599999951, -23.58182069999998 ], [ -46.634287499999971, -23.581146399999962 ], [ -46.634611599999971, -23.581324399999968 ], [ -46.634756299999935, -23.581123899999969 ], [ -46.634872199999961, -23.581182799999958 ], [ -46.634956, -23.581052 ], [ -46.634391386472927, -23.580743768430786 ], [ -46.633782, -23.581282 ], [ -46.633399462449042, -23.581422732318458 ] ] ] } },
{ "type": "Feature", "properties": { "loja_id": "AG04", "CD_SETOR": "355030890000319", "fracao": 0.00017600379991534768, "pop": 239, "domicilios": 115, "renda_resp": 8278.39, "classe_pof": "47562" }, "geometry": { "type": "Polygon", "coordinates": [ [ [ -46.631899, -23.581693 ], [ -46.631906195228161, -23.581681678628843 ], [ -46.631841155879137, -23.581673743773493 ], [ -46.631899, -23.581693 ] ] ] } },
{ "type": "Feature", "properties": { "loja_id": "AG04", "CD_SETOR": "355030890000320", "fracao": 1.0, "pop": 271, "domicilios": 95, "renda_resp": 19980.97, "classe_pof": "47563" }, "geometry": { "type": "Polygon", "coordinates": [ [ [ -46.629823, -23.581802 ], [ -46.629821, -23.582065 ], [ -46.630536, -23.582517 ], [ -46.633215, -23.582553 ], [ -46.633826, -23.582336 ], [ -46.631899, -23.581693 ], [ -46.631802499999935, -23.581834 ], [ -46.629823, -23.581802 ] ] ] } },
{ "type": "Feature", "properties": { "loja_id": "AG04", "CD_SETOR": "355030890000321", "fracao": 0.50619670920846127, "pop": 173, "domicilios": 81, "renda_resp": 9686.33, "classe_pof": "47562" }, "geometry": { "type": "Polygon", "coordinates": [ [ [ -46.631802499999935, -23.581834 ], [ -46.631899, -23.581693 ], [ -46.631499, -23.581632 ], [ -46.629499, -23.580777 ], [ -46.62945349208664, -23.580877164531028 ], [ -46.629795, -23.580991 ], [ -46.629823, -23.581802 ], [ -46.631802499999935, -23.581834 ] ] ] } },
{ "type": "Feature", "properties": { "loja_id": "AG04", "CD_SETOR": "355030890000323", "fracao": 0.34620745744400727, "pop": 331, "domicilios": 141, "renda_resp": 7417.68, "classe_pof": "47561" }, "geometry": { "type": "Polygon", "coordinates": [ [ [ -46.627445971603464, -23.582685670786393 ], [ -46.627614, -23.584161 ], [ -46.628288, -23.584149 ], [ -46.62828, -23.583628 ], [ -46.628408013512264, -23.582947883814608 ], [ -46.627499, -23.582647 ], [ -46.627445971603464, -23.582685670786393 ] ] ] } },
{ "type": "Feature", "properties": { "loja_id": "AG04", "CD_SETOR": "355030890000324", "fracao": 1.0, "pop": 193, "domicilios": 94, "renda_resp": 9157.37, "classe_pof": "47562" }, "geometry": { "type": "Polygon", "coordinates": [ [ [ -46.627614899999969, -23.584169399999947 ], [ -46.627791, -23.585486 ], [ -46.628452, -23.585484 ], [ -46.628288, -23.584149 ], [ -46.627614899999969, -23.584169399999947 ] ] ] } },
{ "type": "Feature", "properties": { "loja_id": "AG04", "CD_SETOR": "355030890000325", "fracao": 0.6693654054286744, "pop": 241, "domicilios": 101, "renda_resp": 6611.56, "classe_pof": "47561" }, "geometry": { "type": "Polygon", "coordinates": [ [ [ -46.626488937324211, -23.583383578132722 ], [ -46.626474, -23.584482 ], [ -46.627653, -23.584483 ], [ -46.627445971603464, -23.582685670786393 ], [ -46.626488937324211, -23.583383578132722 ] ] ] } },
{ "type": "Feature", "properties": { "loja_id": "AG04", "CD_SETOR": "355030890000327", "fracao": 0.028934880109935703, "pop": 274, "domicilios": 109, "renda_resp": 6888.76, "classe_pof": "47561" }, "geometry": { "type": "Polygon", "coordinates": [ [ [ -46.626485, -23.583702 ], [ -46.626488937324211, -23.583383578132722 ], [ -46.626051367362379, -23.583702667206261 ], [ -46.626485, -23.583702 ] ] ] } },
{ "type": "Feature", "properties": { "loja_id": "AG04", "CD_SETOR": "355030890000328", "fracao": 0.22752422054482149, "pop": 256, "domicilios": 103, "renda_resp": 8046.36, "classe_pof": "47561" }, "geometry": { "type": "Polygon", "coordinates": [ [ [ -46.626474, -23.584482 ], [ -46.626485, -23.583702 ], [ -46.626051367362379, -23.583702667206261 ], [ -46.625645, -23.583999 ], [ -46.625657538649826, -23.58448126003767 ], [ -46.626474, -23.584482 ] ] ] } },
{ "type": "Feature", "properties": { "loja_id": "AG04", "CD_SETOR": "355030890000329", "fracao": 0.42509027785743331, "pop": 255, "domicilios": 108, "renda_resp": 11482.11, "classe_pof": "47562" }, "geometry": { "type": "Polygon", "coordinates": [ [ [ -46.624904, -23.588178 ], [ -46.625194, -23.588385 ], [ -46.625248, -23.588271 ], [ -46.625929, -23.588268 ], [ -46.626092699999958, -23.587830399999977 ], [ -46.625969899999973, -23.58778719999998 ], [ -46.626205299999981, -23.587249099999955 ], [ -46.625803751014992, -23.587156552323883 ], [ -46.625771, -23.587271 ], [ -46.624833758277482, -23.588025693781795 ], [ -46.624904, -23.588178 ] ] ] } },
{ "type": "Feature", "properties": { "loja_id": "AG04", "CD_SETOR": "355030890000330", "fracao": 1.0, "pop": 150, "domicilios": 88, "renda_resp": 9673.06, "classe_pof": "47562" }, "geometry": { "type": "Polygon", "coordinates": [ [ [ -46.626234, -23.588282 ], [ -46.626559, -23.587439399999926 ], [ -46.626205299999981, -23.587249099999955 ], [ -46.625969899999973, -23.58778719999998 ], [ -46.626092699999958, -23.587830399999977 ], [ -46.625929, -23.588268 ], [ -46.626234, -23.588282 ] ] ] } },
{ "type": "Feature", "properties": { "loja_id": "AG04", "CD_SETOR": "355030890000331", "fracao": 1.0, "pop": 205, "domicilios": 89, "renda_resp": 11881.93, "classe_pof": "47562" }, "geometry": { "type": "Polygon", "coordinates": [ [ [ -46.626513099999954, -23.586586299999958 ], [ -46.626205299999981, -23.587249099999955 ], [ -46.626559, -23.587439399999926 ], [ -46.626952, -23.586954 ], [ -46.626909, -23.586533 ], [ -46.626513099999954, -23.586586299999958 ] ] ] } },
{ "type": "Feature", "properties": { "loja_id": "AG04", "CD_SETOR": "355030890000332", "fracao": 0.99999999999999989, "pop": 307, "domicilios": 156, "renda_resp": 10160.72, "classe_pof": "47562" }, "geometry": { "type": "Polygon", "coordinates": [ [ [ -46.626516, -23.587498 ], [ -46.626234, -23.588282 ], [ -46.625711, -23.588265 ], [ -46.625511, -23.588963 ], [ -46.625925, -23.589176 ], [ -46.627848, -23.588258 ], [ -46.627392, -23.588041 ], [ -46.627109, -23.587763 ], [ -46.626952, -23.586954 ], [ -46.626516, -23.587498 ] ] ] } },
{ "type": "Feature", "properties": { "loja_id": "AG04", "CD_SETOR": "355030890000333", "fracao": 0.55101537224096286, "pop": 363, "domicilios": 134, "renda_resp": 6698.75, "classe_pof": "47561" }, "geometry": { "type": "Polygon", "coordinates": [ [ [ -46.623794, -23.589158 ], [ -46.624311, -23.589155 ], [ -46.625188, -23.589484 ], [ -46.625337, -23.589481 ], [ -46.625925, -23.589176 ], [ -46.625511, -23.588963 ], [ -46.625711, -23.588265 ], [ -46.625248, -23.588271 ], [ -46.625194, -23.588385 ], [ -46.624904, -23.588178 ], [ -46.62439597966803, -23.588378200867677 ], [ -46.623625, -23.588999 ], [ -46.623794, -23.589158 ] ] ] } },
{ "type": "Feature", "properties": { "loja_id": "AG04", "CD_SETOR": "355030890000334", "fracao": 0.99999999999999989, "pop": 280, "domicilios": 124, "renda_resp": 20317.72, "classe_pof": "47563" }, "geometry": { "type": "Polygon", "coordinates": [ [ [ -46.628074, -23.589309699999948 ], [ -46.628263, -23.589691899999934 ], [ -46.627819099999954, -23.589896099999972 ], [ -46.627950399999975, -23.590091199999957 ], [ -46.628357, -23.589961 ], [ -46.629103, -23.589966 ], [ -46.629359, -23.590035 ], [ -46.629569, -23.590193 ], [ -46.630209, -23.589783 ], [ -46.629609, -23.589725 ], [ -46.629168099999958, -23.589258499999968 ], [ -46.628686899999941, -23.589295499999935 ], [ -46.628370899999936, -23.589168199999968 ], [ -46.628074, -23.589309699999948 ] ] ] } },
{ "type": "Feature", "properties": { "loja_id": "AG04", "CD_SETOR": "355030890000335", "fracao": 0.99999999999999967, "pop": 150, "domicilios": 84, "renda_resp": 13983.72, "classe_pof": "47563" }, "geometry": { "type": "Polygon", "coordinates": [ [ [ -46.627245899999934, -23.589689199999945 ], [ -46.626251399999944, -23.58971 ], [ -46.626256099999978, -23.590128299999947 ], [ -46.627081799999985, -23.590142299999968 ], [ -46.627668899999946, -23.589952499999981 ], [ -46.627474799999959, -23.589588299999946 ], [ -46.627245899999934, -23.589689199999945 ] ] ] } },
{ "type": "Feature", "properties": { "loja_id": "AG04", "CD_SETOR": "355030890000336", "fracao": 0.99999999999999989, "pop": 258, "domicilios": 131, "renda_resp": 14745.32, "classe_pof": "47563" }, "geometry": { "type": "Polygon", "coordinates": [ [ [ -46.624384299999974, -23.589741099999973 ], [ -46.625542799999948, -23.590100899999975 ], [ -46.625785, -23.590117499999963 ], [ -46.625763799999959, -23.589697 ], [ -46.624547, -23.589222 ], [ -46.624384299999974, -23.589741099999973 ] ] ] } },
{ "type": "Feature", "properties": { "loja_id": "AG04", "CD_SETOR": "355030890000337", "fracao": 1.0, "pop": 349, "domicilios": 115, "renda_resp": 26320.57, "classe_pof": "47564" }, "geometry": { "type": "Polygon", "coordinates": [ [ [ -46.62706309999993, -23.589131099999971 ], [ -46.62730229999994, -23.589659799999936 ], [ -46.628370899999936, -23.589168199999968 ], [ -46.628686899999941, -23.589295499999935 ], [ -46.629168099999958, -23.589258499999968 ], [ -46.629124, -23.589207 ], [ -46.629583, -23.588957 ], [ -46.629124, -23.588794 ], [ -46.62888, -23.588807 ], [ -46.628669099999968, -23.588962699999964 ], [ -46.628442799999959, -23.588695699999956 ], [ -46.628116599999942, -23.588859 ], [ -46.628006399999954, -23.588866099999962 ], [ -46.627915799999982, -23.588734099999954 ], [ -46.627731899999958, -23.588834 ], [ -46.62758969999993, -23.588609199999951 ], [ -46.627426899999932, -23.588681699999942 ], [ -46.627575199999967, -23.588910699999932 ], [ -46.62706309999993, -23.589131099999971 ] ] ] } },
{ "type": "Feature", "properties": { "loja_id": "AG04", "CD_SETOR": "355030890000338", "fracao": 0.99999999999999978, "pop": 185, "domicilios": 69, "renda_resp": 13623.01, "classe_pof": "47563" }, "geometry": { "type": "Polygon", "coordinates": [ [ [ -46.62647869999995, -23.588912499999932 ], [ -46.626701099999934, -23.589312699999933 ], [ -46.627575199999967, -23.588910699999932 ], [ -46.627426899999932, -23.588681699999942 ], [ -46.62758969999993, -23.588609199999951 ], [ -46.627731899999958, -23.588834 ], [ -46.627915799999982, -23.588734099999954 ], [ -46.628006399999954, -23.588866099999962 ], [ -46.628116599999942, -23.588859 ], [ -46.628442799999959, -23.588695699999956 ], [ -46.628669099999968, -23.588962699999964 ], [ -46.628820499999961, -23.588888299999955 ], [ -46.62847, -23.588516 ], [ -46.627848, -23.588258 ], [ -46.62647869999995, -23.588912499999932 ] ] ] } },
{ "type": "Feature", "properties": { "loja_id": "AG04", "CD_SETOR": "355030890000339", "fracao": 1.0, "pop": 280, "domicilios": 105, "renda_resp": 27113.2, "classe_pof": "47564" }, "geometry": { "type": "Polygon", "coordinates": [ [ [ -46.627474799999959, -23.589588299999946 ], [ -46.627668899999946, -23.589952499999981 ], [ -46.627081799999985, -23.590142299999968 ], [ -46.626511199999982, -23.59013259999994 ], [ -46.626506599999971, -23.590403499999983 ], [ -46.6272, -23.590395 ], [ -46.627553, -23.590301 ], [ -46.627950399999975, -23.590091199999957 ], [ -46.627819099999954, -23.589896099999972 ], [ -46.628263, -23.589691899999934 ], [ -46.628074, -23.589309699999948 ], [ -46.627474799999959, -23.589588299999946 ] ] ] } },
{ "type": "Feature", "properties": { "loja_id": "AG04", "CD_SETOR": "355030890000340", "fracao": 0.99999999999999967, "pop": 176, "domicilios": 69, "renda_resp": 21692.57, "classe_pof": "47564" }, "geometry": { "type": "Polygon", "coordinates": [ [ [ -46.624939, -23.590153099999949 ], [ -46.625636, -23.590383 ], [ -46.626506599999971, -23.590403499999983 ], [ -46.626511199999982, -23.59013259999994 ], [ -46.626256099999978, -23.590128299999947 ], [ -46.626251399999944, -23.58971 ], [ -46.625763799999959, -23.589697 ], [ -46.625785, -23.590117499999963 ], [ -46.625542799999948, -23.590100899999975 ], [ -46.625028, -23.589911399999949 ], [ -46.624939, -23.590153099999949 ] ] ] } },
{ "type": "Feature", "properties": { "loja_id": "AG04", "CD_SETOR": "355030890000341", "fracao": 1.0, "pop": 226, "domicilios": 93, "renda_resp": 17715.74, "classe_pof": "47563" }, "geometry": { "type": "Polygon", "coordinates": [ [ [ -46.628284, -23.589972 ], [ -46.627553, -23.590301 ], [ -46.627246, -23.590682 ], [ -46.627634199999932, -23.591113 ], [ -46.628919, -23.589956 ], [ -46.628284, -23.589972 ] ] ] } },
{ "type": "Feature", "properties": { "loja_id": "AG04", "CD_SETOR": "355030890000342", "fracao": 0.99999999999999944, "pop": 367, "domicilios": 150, "renda_resp": 23802.01, "classe_pof": "47564" }, "geometry": { "type": "Polygon", "coordinates": [ [ [ -46.626626, -23.590406 ], [ -46.626308, -23.590675 ], [ -46.625274, -23.591317 ], [ -46.625706, -23.591535 ], [ -46.626791, -23.591723 ], [ -46.627634199999932, -23.591113 ], [ -46.627246, -23.590682 ], [ -46.627553, -23.590301 ], [ -46.6272, -23.590395 ], [ -46.626626, -23.590406 ] ] ] } },
{ "type": "Feature", "properties": { "loja_id": "AG04", "CD_SETOR": "355030890000343", "fracao": 0.99999999999999956, "pop": 202, "domicilios": 78, "renda_resp": 23873.73, "classe_pof": "47564" }, "geometry": { "type": "Polygon", "coordinates": [ [ [ -46.624652, -23.590405 ], [ -46.624865, -23.590922 ], [ -46.625274, -23.591317 ], [ -46.626308, -23.590675 ], [ -46.626628, -23.590403 ], [ -46.625636, -23.590383 ], [ -46.624751, -23.590134 ], [ -46.624652, -23.590405 ] ] ] } },
{ "type": "Feature", "properties": { "loja_id": "AG04", "CD_SETOR": "355030890000344", "fracao": 0.99999999999999967, "pop": 175, "domicilios": 68, "renda_resp": 21535.77, "classe_pof": "47564" }, "geometry": { "type": "Polygon", "coordinates": [ [ [ -46.625540799999953, -23.591881 ], [ -46.625805299999968, -23.59234889999993 ], [ -46.626791, -23.591723 ], [ -46.62591, -23.591589 ], [ -46.625540799999953, -23.591881 ] ] ] } },
{ "type": "Feature", "properties": { "loja_id": "AG04", "CD_SETOR": "355030890000345", "fracao": 0.61797241245457402, "pop": 310, "domicilios": 147, "renda_resp": 15174.8, "classe_pof": "47563" }, "geometry": { "type": "Polygon", "coordinates": [ [ [ -46.624949992359312, -23.592663535959208 ], [ -46.625805299999968, -23.59234889999993 ], [ -46.62552339999997, -23.591849399999941 ], [ -46.624829020187839, -23.592099978582674 ], [ -46.624949992359312, -23.592663535959208 ] ] ] } },
{ "type": "Feature", "properties": { "loja_id": "AG04", "CD_SETOR": "355030890000346", "fracao": 0.40671380934728601, "pop": 327, "domicilios": 115, "renda_resp": 29727.44, "classe_pof": "47564" }, "geometry": { "type": "Polygon", "coordinates": [ [ [ -46.624829020187839, -23.592099978582674 ], [ -46.625399, -23.591914 ], [ -46.62591, -23.591589 ], [ -46.625274, -23.591317 ], [ -46.624732618925776, -23.591542064401306 ], [ -46.624829020187839, -23.592099978582674 ] ] ] } },
{ "type": "Feature", "properties": { "loja_id": "AG04", "CD_SETOR": "355030890000347", "fracao": 0.82360824589081782, "pop": 248, "domicilios": 111, "renda_resp": 13219.65, "classe_pof": "47563" }, "geometry": { "type": "Polygon", "coordinates": [ [ [ -46.627706, -23.591854 ], [ -46.625728099999947, -23.593041299999971 ], [ -46.625195233131848, -23.593177557711385 ], [ -46.62539981564592, -23.593606356598979 ], [ -46.627112299999965, -23.593221 ], [ -46.627706, -23.591854 ] ] ] } },
{ "type": "Feature", "properties": { "loja_id": "AG04", "CD_SETOR": "355030890000348", "fracao": 0.49031151046189358, "pop": 249, "domicilios": 93, "renda_resp": 19293.12, "classe_pof": "47563" }, "geometry": { "type": "Polygon", "coordinates": [ [ [ -46.625874341910055, -23.594064466067149 ], [ -46.627067, -23.593798 ], [ -46.627112299999965, -23.593221 ], [ -46.62539981564592, -23.593606356598979 ], [ -46.625559, -23.59394 ], [ -46.625874341910055, -23.594064466067149 ] ] ] } },
{ "type": "Feature", "properties": { "loja_id": "AG04", "CD_SETOR": "355030890000349", "fracao": 0.99926830811919676, "pop": 153, "domicilios": 64, "renda_resp": 24219.73, "classe_pof": "47564" }, "geometry": { "type": "Polygon", "coordinates": [ [ [ -46.63035229999997, -23.594716899999984 ], [ -46.63051889999997, -23.594917 ], [ -46.630190199999959, -23.59554919999994 ], [ -46.629660499999943, -23.595735 ], [ -46.629810373392537, -23.596071019650932 ], [ -46.630475, -23.595789 ], [ -46.630792, -23.5949 ], [ -46.630777, -23.594424 ], [ -46.63035229999997, -23.594716899999984 ] ] ] } },
{ "type": "Feature", "properties": { "loja_id": "AG04", "CD_SETOR": "355030890000350", "fracao": 0.99999999999999978, "pop": 225, "domicilios": 122, "renda_resp": 9996.88, "classe_pof": "47562" }, "geometry": { "type": "Polygon", "coordinates": [ [ [ -46.62957, -23.595495 ], [ -46.629660499999943, -23.595735 ], [ -46.630190199999959, -23.59554919999994 ], [ -46.63051889999997, -23.594917 ], [ -46.630327299999976, -23.594689 ], [ -46.630024, -23.594917 ], [ -46.62957, -23.595495 ] ] ] } },
{ "type": "Feature", "properties": { "loja_id": "AG04", "CD_SETOR": "355030890000351", "fracao": 0.45922891541161892, "pop": 206, "domicilios": 83, "renda_resp": 7012.42, "classe_pof": "47561" }, "geometry": { "type": "Polygon", "coordinates": [ [ [ -46.628145548029721, -23.595474079409275 ], [ -46.628782182420252, -23.595622683272843 ], [ -46.629397599999947, -23.595296599999976 ], [ -46.629548, -23.595465 ], [ -46.62975, -23.595313 ], [ -46.630072, -23.594872 ], [ -46.630777, -23.594424 ], [ -46.630607, -23.594262 ], [ -46.629885, -23.594768 ], [ -46.629308, -23.59488 ], [ -46.628145548029721, -23.595474079409275 ] ] ] } },
{ "type": "Feature", "properties": { "loja_id": "AG04", "CD_SETOR": "355030890000352", "fracao": 0.10741953202752166, "pop": 272, "domicilios": 141, "renda_resp": 6445.69, "classe_pof": "47561" }, "geometry": { "type": "Polygon", "coordinates": [ [ [ -46.630325418102892, -23.596535851863649 ], [ -46.630475, -23.595789 ], [ -46.629810373392537, -23.596071019650932 ], [ -46.630325418102892, -23.596535851863649 ] ] ] } },
{ "type": "Feature", "properties": { "loja_id": "AG04", "CD_SETOR": "355030890000353", "fracao": 0.52250349836591126, "pop": 294, "domicilios": 140, "renda_resp": 9665.28, "classe_pof": "47562" }, "geometry": { "type": "Polygon", "coordinates": [ [ [ -46.628971598138463, -23.595666896309996 ], [ -46.629499, -23.59579 ], [ -46.629775357868752, -23.596039417655017 ], [ -46.62957, -23.595495 ], [ -46.629397599999947, -23.595296599999976 ], [ -46.628926299999932, -23.595543499999966 ], [ -46.628971598138463, -23.595666896309996 ] ] ] } },
{ "type": "Feature", "properties": { "loja_id": "AG04", "CD_SETOR": "355030890000354", "fracao": 0.029414255202773593, "pop": 196, "domicilios": 108, "renda_resp": 7956.24, "classe_pof": "47561" }, "geometry": { "type": "Polygon", "coordinates": [ [ [ -46.628926299999932, -23.595543499999966 ], [ -46.628782182420252, -23.595622683272843 ], [ -46.628971598138463, -23.595666896309996 ], [ -46.628926299999932, -23.595543499999966 ] ] ] } },
{ "type": "Feature", "properties": { "loja_id": "AG04", "CD_SETOR": "355030890000355", "fracao": 1.0, "pop": 276, "domicilios": 123, "renda_resp": 12029.95, "classe_pof": "47562" }, "geometry": { "type": "Polygon", "coordinates": [ [ [ -46.632864, -23.594345 ], [ -46.632916, -23.594932 ], [ -46.632774199999972, -23.595582199999964 ], [ -46.634976, -23.595669 ], [ -46.634889, -23.596943 ], [ -46.636601, -23.596998 ], [ -46.636572, -23.594942 ], [ -46.636485, -23.594889 ], [ -46.63503, -23.594828 ], [ -46.635149, -23.593169 ], [ -46.634465, -23.593139 ], [ -46.633849, -23.593402 ], [ -46.63295, -23.594068 ], [ -46.632773, -23.594269 ], [ -46.632864, -23.594345 ] ] ] } },
{ "type": "Feature", "properties": { "loja_id": "AG04", "CD_SETOR": "355030890000357", "fracao": 0.86531010712182443, "pop": 270, "domicilios": 80, "renda_resp": 14229.14, "classe_pof": "47563" }, "geometry": { "type": "Polygon", "coordinates": [ [ [ -46.631423, -23.595168 ], [ -46.631011, -23.596267 ], [ -46.630935, -23.597013 ], [ -46.630865022670207, -23.597022843965789 ], [ -46.631498949312672, -23.597594954255687 ], [ -46.631579, -23.597571320281414 ], [ -46.631582, -23.596947 ], [ -46.632397, -23.596863 ], [ -46.632565, -23.596003 ], [ -46.632897, -23.595156 ], [ -46.632864, -23.594345 ], [ -46.632773, -23.594269 ], [ -46.63214, -23.594907 ], [ -46.631423, -23.595168 ] ] ] } },
{ "type": "Feature", "properties": { "loja_id": "AG04", "CD_SETOR": "355030890000358", "fracao": 0.88092159376079282, "pop": 155, "domicilios": 60, "renda_resp": 15337.8, "classe_pof": "47563" }, "geometry": { "type": "Polygon", "coordinates": [ [ [ -46.630792, -23.5949 ], [ -46.630325418102892, -23.596535851863649 ], [ -46.630865022670207, -23.597022843965789 ], [ -46.630935, -23.597013 ], [ -46.631038, -23.596164 ], [ -46.631423, -23.595168 ], [ -46.630963, -23.595141 ], [ -46.630845, -23.595064 ], [ -46.630792, -23.5949 ] ] ] } },
{ "type": "Feature", "properties": { "loja_id": "AG04", "CD_SETOR": "355030890000359", "fracao": 0.99999999999999967, "pop": 189, "domicilios": 87, "renda_resp": 6489.61, "classe_pof": "47561" }, "geometry": { "type": "Polygon", "coordinates": [ [ [ -46.635173, -23.590774 ], [ -46.635246, -23.590893 ], [ -46.635281, -23.591406 ], [ -46.635149099999978, -23.593167199999989 ], [ -46.636614, -23.593256 ], [ -46.636587, -23.59263 ], [ -46.636767, -23.59251729999994 ], [ -46.635516, -23.591137 ], [ -46.635257, -23.590744 ], [ -46.635173, -23.590774 ] ] ] } },
{ "type": "Feature", "properties": { "loja_id": "AG04", "CD_SETOR": "355030890000360", "fracao": 0.99999999999999989, "pop": 252, "domicilios": 103, "renda_resp": 8760.94, "classe_pof": "47562" }, "geometry": { "type": "Polygon", "coordinates": [ [ [ -46.635149, -23.593169 ], [ -46.63503, -23.594828 ], [ -46.636485, -23.594889 ], [ -46.636636, -23.594981 ], [ -46.637858, -23.594983 ], [ -46.637931099999946, -23.593234699999989 ], [ -46.636767, -23.59251729999994 ], [ -46.636587, -23.59263 ], [ -46.636614, -23.593256 ], [ -46.635149, -23.593169 ] ] ] } },
{ "type": "Feature", "properties": { "loja_id": "AG04", "CD_SETOR": "355030890000362", "fracao": 1.0, "pop": 318, "domicilios": 98, "renda_resp": 32362.6, "classe_pof": "47564" }, "geometry": { "type": "Polygon", "coordinates": [ [ [ -46.63862, -23.593487699999969 ], [ -46.638590199999953, -23.594211199999958 ], [ -46.638494599999945, -23.594325899999944 ], [ -46.638563399999953, -23.594452 ], [ -46.639602899999943, -23.594361699999975 ], [ -46.639536, -23.593549 ], [ -46.63862, -23.593487699999969 ] ] ] } },
{ "type": "Feature", "properties": { "loja_id": "AG04", "CD_SETOR": "355030890000363", "fracao": 1.0, "pop": 218, "domicilios": 80, "renda_resp": 6538.36, "classe_pof": "47561" }, "geometry": { "type": "Polygon", "coordinates": [ [ [ -46.640664, -23.59204 ], [ -46.640793, -23.593254 ], [ -46.642116, -23.593142 ], [ -46.641985, -23.591923 ], [ -46.640664, -23.59204 ] ] ] } },
{ "type": "Feature", "properties": { "loja_id": "AG04", "CD_SETOR": "355030890000364", "fracao": 1.0, "pop": 139, "domicilios": 58, "renda_resp": 14725.47, "classe_pof": "47563" }, "geometry": { "type": "Polygon", "coordinates": [ [ [ -46.640795099999934, -23.593276899999974 ], [ -46.640849, -23.593759 ], [ -46.641652299999983, -23.593899699999959 ], [ -46.641606399999944, -23.593553399999951 ], [ -46.641809399999943, -23.59355579999993 ], [ -46.64176649999996, -23.593171199999972 ], [ -46.640795099999934, -23.593276899999974 ] ] ] } },
{ "type": "Feature", "properties": { "loja_id": "AG04", "CD_SETOR": "355030890000365", "fracao": 1.0, "pop": 226, "domicilios": 122, "renda_resp": 9440.32, "classe_pof": "47562" }, "geometry": { "type": "Polygon", "coordinates": [ [ [ -46.641770799999968, -23.593207699999944 ], [ -46.641809399999943, -23.59355579999993 ], [ -46.641606399999944, -23.593553399999951 ], [ -46.641652299999983, -23.593899699999959 ], [ -46.642208, -23.593997 ], [ -46.642116, -23.593142 ], [ -46.641770799999968, -23.593207699999944 ] ] ] } },
{ "type": "Feature", "properties": { "loja_id": "AG04", "CD_SETOR": "355030890000366", "fracao": 0.99999999999999978, "pop": 192, "domicilios": 84, "renda_resp": 11112.22, "classe_pof": "47562" }, "geometry": { "type": "Polygon", "coordinates": [ [ [ -46.643243, -23.591057 ], [ -46.64190739999998, -23.59132019999992 ], [ -46.641985, -23.591923 ], [ -46.643319, -23.591811 ], [ -46.643243, -23.591057 ] ] ] } },
{ "type": "Feature", "properties": { "loja_id": "AG04", "CD_SETOR": "355030890000367", "fracao": 1.0, "pop": 207, "domicilios": 79, "renda_resp": 11068.2, "classe_pof": "47562" }, "geometry": { "type": "Polygon", "coordinates": [ [ [ -46.64190739999998, -23.59132019999992 ], [ -46.641024, -23.591439 ], [ -46.640657, -23.591374 ], [ -46.640664, -23.59204 ], [ -46.641985, -23.591923 ], [ -46.64190739999998, -23.59132019999992 ] ] ] } },
{ "type": "Feature", "properties": { "loja_id": "AG04", "CD_SETOR": "355030890000368", "fracao": 0.77506135875894067, "pop": 456, "domicilios": 197, "renda_resp": 12809.94, "classe_pof": "47563" }, "geometry": { "type": "Polygon", "coordinates": [ [ [ -46.642642344643853, -23.587900303856859 ], [ -46.641649099999938, -23.589499799999942 ], [ -46.642401499999949, -23.589913 ], [ -46.642203699999982, -23.590305 ], [ -46.642457, -23.590376 ], [ -46.642927594678923, -23.589201462823663 ], [ -46.642869, -23.58863 ], [ -46.642642344643853, -23.587900303856859 ] ] ] } },
{ "type": "Feature", "properties": { "loja_id": "AG04", "CD_SETOR": "355030890000369", "fracao": 1.0, "pop": 167, "domicilios": 91, "renda_resp": 8690.27, "classe_pof": "47562" }, "geometry": { "type": "Polygon", "coordinates": [ [ [ -46.641649099999938, -23.589499799999942 ], [ -46.640732, -23.591004 ], [ -46.640657, -23.591374 ], [ -46.641024, -23.591439 ], [ -46.641857199999947, -23.59132459999995 ], [ -46.642401499999949, -23.589913 ], [ -46.641649099999938, -23.589499799999942 ] ] ] } },
{ "type": "Feature", "properties": { "loja_id": "AG04", "CD_SETOR": "355030890000370", "fracao": 0.16170383649669284, "pop": 327, "domicilios": 119, "renda_resp": 9086.47, "classe_pof": "47562" }, "geometry": { "type": "Polygon", "coordinates": [ [ [ -46.642457, -23.590376 ], [ -46.642968099999962, -23.590553599999961 ], [ -46.642781, -23.591134 ], [ -46.643243, -23.591057 ], [ -46.643216013254559, -23.590788873735097 ], [ -46.643055, -23.590444 ], [ -46.642927594678923, -23.589201462823663 ], [ -46.642457, -23.590376 ] ] ] } },
{ "type": "Feature", "properties": { "loja_id": "AG04", "CD_SETOR": "355030890000371", "fracao": 0.052776650304773201, "pop": 303, "domicilios": 136, "renda_resp": 10618.22, "classe_pof": "47562" }, "geometry": { "type": "Polygon", "coordinates": [ [ [ -46.643216013254559, -23.590788873735097 ], [ -46.643319, -23.591811 ], [ -46.643679912543753, -23.591782486081165 ], [ -46.643216013254559, -23.590788873735097 ] ] ] } },
{ "type": "Feature", "properties": { "loja_id": "AG04", "CD_SETOR": "355030890000372", "fracao": 0.99999999999999978, "pop": 393, "domicilios": 165, "renda_resp": 15497.06, "classe_pof": "47563" }, "geometry": { "type": "Polygon", "coordinates": [ [ [ -46.641185699999937, -23.588378 ], [ -46.640786099999957, -23.589034099999935 ], [ -46.641690199999971, -23.589432199999973 ], [ -46.642097799999938, -23.588786499999966 ], [ -46.641185699999937, -23.588378 ] ] ] } },
{ "type": "Feature", "properties": { "loja_id": "AG04", "CD_SETOR": "355030890000373", "fracao": 1.0, "pop": 206, "domicilios": 102, "renda_resp": 9203.96, "classe_pof": "47562" }, "geometry": { "type": "Polygon", "coordinates": [ [ [ -46.639893599999937, -23.588398699999974 ], [ -46.639326, -23.58927 ], [ -46.641363, -23.589963 ], [ -46.641690199999971, -23.589432199999973 ], [ -46.640786099999957, -23.589034099999935 ], [ -46.640948599999945, -23.588787199999956 ], [ -46.639893599999937, -23.588398699999974 ] ] ] } },
{ "type": "Feature", "properties": { "loja_id": "AG04", "CD_SETOR": "355030890000374", "fracao": 0.99906551259830179, "pop": 393, "domicilios": 161, "renda_resp": 12870.18, "classe_pof": "47563" }, "geometry": { "type": "Polygon", "coordinates": [ [ [ -46.640211499999964, -23.587977899999931 ], [ -46.641225899999938, -23.588302 ], [ -46.641185699999937, -23.588378 ], [ -46.642097799999938, -23.588786499999966 ], [ -46.642642344643853, -23.587900303856859 ], [ -46.642590974799383, -23.587824640865993 ], [ -46.640674, -23.587168 ], [ -46.640211499999964, -23.587977899999931 ] ] ] } },
{ "type": "Feature", "properties": { "loja_id": "AG04", "CD_SETOR": "355030890000375", "fracao": 0.99999999999999978, "pop": 311, "domicilios": 131, "renda_resp": 10461.8, "classe_pof": "47562" }, "geometry": { "type": "Polygon", "coordinates": [ [ [ -46.640128499999946, -23.58810619999996 ], [ -46.641120599999972, -23.588490399999948 ], [ -46.641225899999938, -23.588302 ], [ -46.640171199999941, -23.587962 ], [ -46.640128499999946, -23.58810619999996 ] ] ] } },
{ "type": "Feature", "properties": { "loja_id": "AG04", "CD_SETOR": "355030890000376", "fracao": 1.0, "pop": 343, "domicilios": 163, "renda_resp": 8077.5, "classe_pof": "47561" }, "geometry": { "type": "Polygon", "coordinates": [ [ [ -46.639893599999937, -23.588398699999974 ], [ -46.640948599999945, -23.588787199999956 ], [ -46.641120599999972, -23.588490399999948 ], [ -46.640089199999977, -23.588091 ], [ -46.639893599999937, -23.588398699999974 ] ] ] } },
{ "type": "Feature", "properties": { "loja_id": "AG04", "CD_SETOR": "355030890000377", "fracao": 0.40196983863841584, "pop": 245, "domicilios": 100, "renda_resp": 12081.08, "classe_pof": "47562" }, "geometry": { "type": "Polygon", "coordinates": [ [ [ -46.642100233510277, -23.587016709596874 ], [ -46.642043873364365, -23.586531585199904 ], [ -46.641550499999944, -23.586364 ], [ -46.641407199999946, -23.586776199999978 ], [ -46.642100233510277, -23.587016709596874 ] ] ] } },
{ "type": "Feature", "properties": { "loja_id": "AG04", "CD_SETOR": "355030890000378", "fracao": 1.0, "pop": 167, "domicilios": 91, "renda_resp": 9917.51, "classe_pof": "47562" }, "geometry": { "type": "Polygon", "coordinates": [ [ [ -46.64087539999997, -23.587247599999952 ], [ -46.641017399999953, -23.587001099999945 ], [ -46.64118, -23.587062899999971 ], [ -46.641407199999946, -23.586776199999978 ], [ -46.641550499999944, -23.586364 ], [ -46.641245, -23.586248 ], [ -46.640674, -23.587168 ], [ -46.64087539999997, -23.587247599999952 ] ] ] } },
{ "type": "Feature", "properties": { "loja_id": "AG04", "CD_SETOR": "355030890000379", "fracao": 0.61167305265088079, "pop": 270, "domicilios": 127, "renda_resp": 11551.27, "classe_pof": "47562" }, "geometry": { "type": "Polygon", "coordinates": [ [ [ -46.64087539999997, -23.587247599999952 ], [ -46.641072, -23.587314 ], [ -46.642590974799383, -23.587824640865993 ], [ -46.64214, -23.587359 ], [ -46.642100233510277, -23.587016709596874 ], [ -46.641407199999946, -23.586776199999978 ], [ -46.64118, -23.587062899999971 ], [ -46.641017399999953, -23.587001099999945 ], [ -46.64087539999997, -23.587247599999952 ] ] ] } },
{ "type": "Feature", "properties": { "loja_id": "AG04", "CD_SETOR": "355030890000382", "fracao": 0.65547300373371509, "pop": 165, "domicilios": 69, "renda_resp": 17852.17, "classe_pof": "47563" }, "geometry": { "type": "Polygon", "coordinates": [ [ [ -46.641245, -23.586248 ], [ -46.641616099999965, -23.586386599999965 ], [ -46.641853499999968, -23.585920699999974 ], [ -46.641907737052463, -23.585940982531955 ], [ -46.641589631985447, -23.585692463897857 ], [ -46.641245, -23.586248 ] ] ] } },
{ "type": "Feature", "properties": { "loja_id": "AG04", "CD_SETOR": "355030890000383", "fracao": 0.76589404290821872, "pop": 169, "domicilios": 104, "renda_resp": 9003.27, "classe_pof": "47562" }, "geometry": { "type": "Polygon", "coordinates": [ [ [ -46.641974, -23.586507899999951 ], [ -46.642027805115724, -23.586393275634002 ], [ -46.641982, -23.585999 ], [ -46.641853499999968, -23.585920699999974 ], [ -46.641616099999965, -23.586386599999965 ], [ -46.641974, -23.586507899999951 ] ] ] } },
{ "type": "Feature", "properties": { "loja_id": "AG04", "CD_SETOR": "355030890000384", "fracao": 0.0057815860678564514, "pop": 238, "domicilios": 108, "renda_resp": 11918.81, "classe_pof": "47562" }, "geometry": { "type": "Polygon", "coordinates": [ [ [ -46.641991099999984, -23.586471799999973 ], [ -46.642043873364365, -23.586531585199904 ], [ -46.642027805115724, -23.586393275634002 ], [ -46.641991099999984, -23.586471799999973 ] ] ] } },
{ "type": "Feature", "properties": { "loja_id": "AG04", "CD_SETOR": "355030890000390", "fracao": 0.061358752960143752, "pop": 304, "domicilios": 137, "renda_resp": 8460.82, "classe_pof": "47562" }, "geometry": { "type": "Polygon", "coordinates": [ [ [ -46.639646, -23.580563 ], [ -46.639846899999952, -23.580731699999944 ], [ -46.639939495595712, -23.580636147250633 ], [ -46.639770224046067, -23.580359339970329 ], [ -46.639646, -23.580563 ] ] ] } },
{ "type": "Feature", "properties": { "loja_id": "AG04", "CD_SETOR": "355030890000391", "fracao": 0.18089399432755113, "pop": 105, "domicilios": 59, "renda_resp": 7850.0, "classe_pof": "47561" }, "geometry": { "type": "Polygon", "coordinates": [ [ [ -46.63890779999997, -23.580533899999981 ], [ -46.639392, -23.580813 ], [ -46.639770224046067, -23.580359339970329 ], [ -46.639499, -23.579966 ], [ -46.639284693730886, -23.579942428301813 ], [ -46.63890779999997, -23.580533899999981 ] ] ] } },
{ "type": "Feature", "properties": { "loja_id": "AG04", "CD_SETOR": "355030890000393", "fracao": 0.02822804857657733, "pop": 158, "domicilios": 80, "renda_resp": 9830.7, "classe_pof": "47562" }, "geometry": { "type": "Polygon", "coordinates": [ [ [ -46.639846899999952, -23.580731699999944 ], [ -46.640015382254632, -23.58087472237435 ], [ -46.639939495595712, -23.580636147250633 ], [ -46.639846899999952, -23.580731699999944 ] ] ] } },
{ "type": "Feature", "properties": { "loja_id": "AG04", "CD_SETOR": "355030890000394", "fracao": 0.37173378419615566, "pop": 199, "domicilios": 89, "renda_resp": 11323.79, "classe_pof": "47562" }, "geometry": { "type": "Polygon", "coordinates": [ [ [ -46.639284693730886, -23.579942428301813 ], [ -46.638607686402608, -23.579867961773836 ], [ -46.636580288526076, -23.579644942529299 ], [ -46.637227, -23.579965 ], [ -46.637981, -23.579903 ], [ -46.6378, -23.580092 ], [ -46.637831, -23.580218 ], [ -46.638788, -23.580722 ], [ -46.639284693730886, -23.579942428301813 ] ] ] } },
{ "type": "Feature", "properties": { "loja_id": "AG04", "CD_SETOR": "355030890000395", "fracao": 0.0046576136446590541, "pop": 258, "domicilios": 144, "renda_resp": 9036.0, "classe_pof": "47562" }, "geometry": { "type": "Polygon", "coordinates": [ [ [ -46.638642299999958, -23.579916399999938 ], [ -46.638665408139317, -23.579874310919358 ], [ -46.638607686402608, -23.579867961773836 ], [ -46.638642299999958, -23.579916399999938 ] ] ] } },
{ "type": "Feature", "properties": { "loja_id": "AG04", "CD_SETOR": "355030890000396", "fracao": 0.99999999999999978, "pop": 221, "domicilios": 107, "renda_resp": 14850.79, "classe_pof": "47563" }, "geometry": { "type": "Polygon", "coordinates": [ [ [ -46.637091, -23.579926 ], [ -46.637135, -23.580728 ], [ -46.637729, -23.580889 ], [ -46.638831, -23.581517 ], [ -46.639392, -23.580813 ], [ -46.63890779999997, -23.580533899999981 ], [ -46.638788, -23.580722 ], [ -46.637831, -23.580218 ], [ -46.6378, -23.580092 ], [ -46.637981, -23.579903 ], [ -46.637481, -23.579979 ], [ -46.637091, -23.579926 ] ] ] } },
{ "type": "Feature", "properties": { "loja_id": "AG04", "CD_SETOR": "355030890000397", "fracao": 0.66702762945392136, "pop": 267, "domicilios": 143, "renda_resp": 8056.94, "classe_pof": "47561" }, "geometry": { "type": "Polygon", "coordinates": [ [ [ -46.635899, -23.579914 ], [ -46.636716, -23.580551 ], [ -46.637135, -23.580728 ], [ -46.637091, -23.579926 ], [ -46.636499, -23.579636 ], [ -46.635899, -23.579914 ] ] ] } },
{ "type": "Feature", "properties": { "loja_id": "AG04", "CD_SETOR": "355030890000410", "fracao": 1.0, "pop": 268, "domicilios": 138, "renda_resp": 11624.48, "classe_pof": "47562" }, "geometry": { "type": "Polygon", "coordinates": [ [ [ -46.627067, -23.593798 ], [ -46.62722, -23.594346 ], [ -46.628894, -23.59348 ], [ -46.628504, -23.593039 ], [ -46.627067, -23.593798 ] ] ] } },
{ "type": "Feature", "properties": { "loja_id": "AG04", "CD_SETOR": "355030890000411", "fracao": 0.52294038038909429, "pop": 108, "domicilios": 39, "renda_resp": 24500.16, "classe_pof": "47564" }, "geometry": { "type": "Polygon", "coordinates": [ [ [ -46.626524753551273, -23.59449194599561 ], [ -46.62722, -23.594346 ], [ -46.627237699999966, -23.594253499999979 ], [ -46.627067, -23.593798 ], [ -46.625874341910055, -23.594064466067149 ], [ -46.626276, -23.594223 ], [ -46.626524753551273, -23.59449194599561 ] ] ] } },
{ "type": "Feature", "properties": { "loja_id": "AG04", "CD_SETOR": "355030890000412", "fracao": 0.99999999999999956, "pop": 173, "domicilios": 62, "renda_resp": 22409.89, "classe_pof": "47564" }, "geometry": { "type": "Polygon", "coordinates": [ [ [ -46.62744, -23.59489 ], [ -46.628223, -23.594634 ], [ -46.628715, -23.594299 ], [ -46.629145, -23.593783 ], [ -46.628894, -23.59348 ], [ -46.62722, -23.594346 ], [ -46.62744, -23.59489 ] ] ] } },
{ "type": "Feature", "properties": { "loja_id": "AG04", "CD_SETOR": "355030890000413", "fracao": 0.54476077577175042, "pop": 218, "domicilios": 101, "renda_resp": 17664.88, "classe_pof": "47563" }, "geometry": { "type": "Polygon", "coordinates": [ [ [ -46.627043, -23.594987 ], [ -46.62744, -23.59489 ], [ -46.62722, -23.594346 ], [ -46.626524753551273, -23.59449194599561 ], [ -46.627043, -23.594987 ] ] ] } },
{ "type": "Feature", "properties": { "loja_id": "AG04", "CD_SETOR": "355030890000416", "fracao": 1.0, "pop": 455, "domicilios": 141, "renda_resp": 25461.0, "classe_pof": "47564" }, "geometry": { "type": "Polygon", "coordinates": [ [ [ -46.629984299999933, -23.594153 ], [ -46.629998199999932, -23.594420699999937 ], [ -46.628727599999934, -23.594783199999931 ], [ -46.628551, -23.594443 ], [ -46.628247399999964, -23.594621 ], [ -46.628400399999975, -23.595038099999957 ], [ -46.628098399999942, -23.595143399999927 ], [ -46.62823, -23.595441399999974 ], [ -46.629308, -23.59488 ], [ -46.629885, -23.594768 ], [ -46.630607, -23.594262 ], [ -46.630378, -23.594131 ], [ -46.629984299999933, -23.594153 ] ] ] } },
{ "type": "Feature", "properties": { "loja_id": "AG04", "CD_SETOR": "355030890000417", "fracao": 1.0, "pop": 183, "domicilios": 88, "renda_resp": 13977.38, "classe_pof": "47563" }, "geometry": { "type": "Polygon", "coordinates": [ [ [ -46.628699, -23.594313 ], [ -46.628551, -23.594443 ], [ -46.628727599999934, -23.594783199999931 ], [ -46.629998199999932, -23.594420699999937 ], [ -46.62998239999996, -23.594117 ], [ -46.629296, -23.594168 ], [ -46.628699, -23.594313 ] ] ] } },
{ "type": "Feature", "properties": { "loja_id": "AG04", "CD_SETOR": "355030890000418", "fracao": 0.69911446289884094, "pop": 0, "domicilios": 0, "renda_resp": null, "classe_pof": null }, "geometry": { "type": "Polygon", "coordinates": [ [ [ -46.628247399999964, -23.594621 ], [ -46.626992933500887, -23.594998125954913 ], [ -46.627237, -23.595262 ], [ -46.628145548029721, -23.595474079409275 ], [ -46.62823, -23.595441399999974 ], [ -46.628098399999942, -23.595143399999927 ], [ -46.628400399999975, -23.595038099999957 ], [ -46.628247399999964, -23.594621 ] ] ] } },
{ "type": "Feature", "properties": { "loja_id": "AG04", "CD_SETOR": "355030890000424", "fracao": 1.0, "pop": 335, "domicilios": 178, "renda_resp": 12033.9, "classe_pof": "47562" }, "geometry": { "type": "Polygon", "coordinates": [ [ [ -46.636572, -23.594942 ], [ -46.636612, -23.598471 ], [ -46.637574, -23.598479 ], [ -46.637554, -23.597186 ], [ -46.637411499999985, -23.597180199999968 ], [ -46.63740619999993, -23.59670559999995 ], [ -46.637703899999963, -23.596704599999949 ], [ -46.637705, -23.596241 ], [ -46.637833, -23.596232 ], [ -46.637858, -23.594983 ], [ -46.636572, -23.594942 ] ] ] } },
{ "type": "Feature", "properties": { "loja_id": "AG04", "CD_SETOR": "355030890000425", "fracao": 0.99999999999999989, "pop": 163, "domicilios": 93, "renda_resp": 14013.26, "classe_pof": "47563" }, "geometry": { "type": "Polygon", "coordinates": [ [ [ -46.637707, -23.597184 ], [ -46.637703899999963, -23.596704599999949 ], [ -46.63740619999993, -23.59670559999995 ], [ -46.637411499999985, -23.597180199999968 ], [ -46.637707, -23.597184 ] ] ] } },
{ "type": "Feature", "properties": { "loja_id": "AG04", "CD_SETOR": "355030890000426", "fracao": 0.99848248352918156, "pop": 251, "domicilios": 130, "renda_resp": 8573.11, "classe_pof": "47562" }, "geometry": { "type": "Polygon", "coordinates": [ [ [ -46.637554, -23.597186 ], [ -46.637574, -23.598479 ], [ -46.638266412014183, -23.598485584564092 ], [ -46.638316770649119, -23.598428663056122 ], [ -46.638303, -23.59721 ], [ -46.637554, -23.597186 ] ] ] } },
{ "type": "Feature", "properties": { "loja_id": "AG04", "CD_SETOR": "355030890000427", "fracao": 1.0, "pop": 226, "domicilios": 106, "renda_resp": 10584.21, "classe_pof": "47562" }, "geometry": { "type": "Polygon", "coordinates": [ [ [ -46.640946, -23.594667 ], [ -46.641088, -23.595928 ], [ -46.642411, -23.595822 ], [ -46.642266, -23.594557 ], [ -46.640946, -23.594667 ] ] ] } },
{ "type": "Feature", "properties": { "loja_id": "AG04", "CD_SETOR": "355030890000428", "fracao": 0.98069397003877679, "pop": 196, "domicilios": 77, "renda_resp": 12247.05, "classe_pof": "47562" }, "geometry": { "type": "Polygon", "coordinates": [ [ [ -46.639641, -23.594797 ], [ -46.639855, -23.597262 ], [ -46.640712641570438, -23.597264825069928 ], [ -46.6411972792394, -23.5969672577938 ], [ -46.640946, -23.594667 ], [ -46.639641, -23.594797 ] ] ] } },
{ "type": "Feature", "properties": { "loja_id": "AG04", "CD_SETOR": "355030890000444", "fracao": 0.18290677387789739, "pop": 144, "domicilios": 50, "renda_resp": 11064.45, "classe_pof": "47562" }, "geometry": { "type": "Polygon", "coordinates": [ [ [ -46.624384299999974, -23.589741099999973 ], [ -46.624547, -23.589222 ], [ -46.624311, -23.589155 ], [ -46.623765739804028, -23.589166349609734 ], [ -46.624216316064768, -23.589702112828864 ], [ -46.624384299999974, -23.589741099999973 ] ] ] } },
{ "type": "Feature", "properties": { "loja_id": "AG04", "CD_SETOR": "355030890000459", "fracao": 0.98670628678984085, "pop": 266, "domicilios": 121, "renda_resp": 7390.31, "classe_pof": "47561" }, "geometry": { "type": "Polygon", "coordinates": [ [ [ -46.634956, -23.581052 ], [ -46.635938, -23.581587 ], [ -46.636614, -23.580474 ], [ -46.635884241327474, -23.579898993300432 ], [ -46.635619370515442, -23.580012303785249 ], [ -46.634956, -23.581052 ] ] ] } },
{ "type": "Feature", "properties": { "loja_id": "AG04", "CD_SETOR": "355030890000460", "fracao": 0.12521257360754054, "pop": 377, "domicilios": 199, "renda_resp": 13617.51, "classe_pof": "47563" }, "geometry": { "type": "Polygon", "coordinates": [ [ [ -46.634747199999936, -23.580432299999931 ], [ -46.635201199999983, -23.580667699999935 ], [ -46.635619370515442, -23.580012303785249 ], [ -46.634844, -23.580344 ], [ -46.634747199999936, -23.580432299999931 ] ] ] } },
{ "type": "Feature", "properties": { "loja_id": "AG04", "CD_SETOR": "355030890000461", "fracao": 0.54503673917423867, "pop": 200, "domicilios": 96, "renda_resp": 22220.0, "classe_pof": "47564" }, "geometry": { "type": "Polygon", "coordinates": [ [ [ -46.634956, -23.581052 ], [ -46.635201199999983, -23.580667699999935 ], [ -46.634750659874385, -23.580426442453149 ], [ -46.634391386472927, -23.580743768430786 ], [ -46.634956, -23.581052 ] ] ] } },
{ "type": "Feature", "properties": { "loja_id": "AG04", "CD_SETOR": "355030890000472", "fracao": 5.0375976483093596e-09, "pop": 414, "domicilios": 161, "renda_resp": 12499.92, "classe_pof": "47563" }, "geometry": { "type": "Polygon", "coordinates": [ [ [ -46.631498949312672, -23.597594954255687 ], [ -46.631499, -23.597595 ], [ -46.631499363511423, -23.597594892402011 ], [ -46.631498949312672, -23.597594954255687 ] ] ] } },
{ "type": "Feature", "properties": { "loja_id": "AG04", "CD_SETOR": "355030890000479", "fracao": 0.56955243858258742, "pop": 349, "domicilios": 166, "renda_resp": 10715.17, "classe_pof": "47562" }, "geometry": { "type": "Polygon", "coordinates": [ [ [ -46.632866, -23.596832 ], [ -46.631582, -23.596947 ], [ -46.631579, -23.597571320281414 ], [ -46.632499, -23.597299 ], [ -46.633324096083825, -23.598162887339473 ], [ -46.633498, -23.598156 ], [ -46.6335, -23.596877 ], [ -46.632866, -23.596832 ] ] ] } },
{ "type": "Feature", "properties": { "loja_id": "AG04", "CD_SETOR": "355030890000480", "fracao": 0.018041113252497437, "pop": 180, "domicilios": 93, "renda_resp": 12630.01, "classe_pof": "47563" }, "geometry": { "type": "Polygon", "coordinates": [ [ [ -46.633498, -23.598156 ], [ -46.633324096083825, -23.598162887339473 ], [ -46.633502299229008, -23.598349466402837 ], [ -46.633498, -23.598156 ] ] ] } },
{ "type": "Feature", "properties": { "loja_id": "AG04", "CD_SETOR": "355030890000481", "fracao": 0.78762530513457829, "pop": 287, "domicilios": 116, "renda_resp": 12175.46, "classe_pof": "47562" }, "geometry": { "type": "Polygon", "coordinates": [ [ [ -46.633502299229008, -23.598349466402837 ], [ -46.634051799999952, -23.598908399999974 ], [ -46.63404509999998, -23.598796799999942 ], [ -46.634225199999946, -23.59879119999994 ], [ -46.634224499999959, -23.598640199999984 ], [ -46.634510899999952, -23.598629499999962 ], [ -46.634513699999957, -23.598332199999955 ], [ -46.634638099999961, -23.598329199999959 ], [ -46.63463059999998, -23.598104199999963 ], [ -46.633498, -23.598156 ], [ -46.633502299229008, -23.598349466402837 ] ] ] } },
{ "type": "Feature", "properties": { "loja_id": "AG04", "CD_SETOR": "355030890000482", "fracao": 0.79400223577431561, "pop": 324, "domicilios": 123, "renda_resp": 15475.88, "classe_pof": "47563" }, "geometry": { "type": "Polygon", "coordinates": [ [ [ -46.634632, -23.598140299999951 ], [ -46.634638099999961, -23.598329199999959 ], [ -46.634513699999957, -23.598332199999955 ], [ -46.634510899999952, -23.598629499999962 ], [ -46.634224499999959, -23.598640199999984 ], [ -46.634225199999946, -23.59879119999994 ], [ -46.63404509999998, -23.598796799999942 ], [ -46.634036847821321, -23.598909135275935 ], [ -46.634202767183297, -23.599082850353128 ], [ -46.634805, -23.59905 ], [ -46.634813, -23.598096 ], [ -46.634632, -23.598140299999951 ] ] ] } },
{ "type": "Feature", "properties": { "loja_id": "AG04", "CD_SETOR": "355030890000483", "fracao": 0.15247947696440978, "pop": 210, "domicilios": 82, "renda_resp": 12400.0, "classe_pof": "47562" }, "geometry": { "type": "Polygon", "coordinates": [ [ [ -46.634805, -23.59905 ], [ -46.634202767183297, -23.599082850353128 ], [ -46.634499, -23.599393 ], [ -46.634805216340453, -23.599133942753809 ], [ -46.634805, -23.59905 ] ] ] } },
{ "type": "Feature", "properties": { "loja_id": "AG04", "CD_SETOR": "355030890000485", "fracao": 1.0, "pop": 185, "domicilios": 89, "renda_resp": 16238.99, "classe_pof": "47563" }, "geometry": { "type": "Polygon", "coordinates": [ [ [ -46.633498, -23.598156 ], [ -46.634813, -23.598096 ], [ -46.634889, -23.596943 ], [ -46.6335, -23.596877 ], [ -46.633498, -23.598156 ] ] ] } },
{ "type": "Feature", "properties": { "loja_id": "AG04", "CD_SETOR": "355030890000486", "fracao": 0.37195631945797303, "pop": 53, "domicilios": 42, "renda_resp": 6122.2, "classe_pof": "47561" }, "geometry": { "type": "Polygon", "coordinates": [ [ [ -46.641805099999942, -23.595906899999935 ], [ -46.641864625438181, -23.596438545140252 ], [ -46.642420884345562, -23.595916011425238 ], [ -46.642411, -23.595822 ], [ -46.641805099999942, -23.595906899999935 ] ] ] } },
{ "type": "Feature", "properties": { "loja_id": "AG04", "CD_SETOR": "355030890000487", "fracao": 0.94474373286682667, "pop": 277, "domicilios": 112, "renda_resp": 16877.51, "classe_pof": "47563" }, "geometry": { "type": "Polygon", "coordinates": [ [ [ -46.641088, -23.595928 ], [ -46.6411972792394, -23.5969672577938 ], [ -46.641635670751235, -23.596653616908029 ], [ -46.641625599999941, -23.596541299999952 ], [ -46.641864625438181, -23.596438545140252 ], [ -46.641799399999968, -23.595873 ], [ -46.641088, -23.595928 ] ] ] } },
{ "type": "Feature", "properties": { "loja_id": "AG04", "CD_SETOR": "355030890000488", "fracao": 0.5975192452410153, "pop": 273, "domicilios": 134, "renda_resp": 9893.53, "classe_pof": "47562" }, "geometry": { "type": "Polygon", "coordinates": [ [ [ -46.642266, -23.594557 ], [ -46.642411, -23.595822 ], [ -46.642531789001019, -23.595811830054721 ], [ -46.642934, -23.595434 ], [ -46.64357949999993, -23.594443499999954 ], [ -46.642266, -23.594557 ] ] ] } },
{ "type": "Feature", "properties": { "loja_id": "AG04", "CD_SETOR": "355030890000489", "fracao": 0.0016695561564357819, "pop": 85, "domicilios": 58, "renda_resp": 9222.73, "classe_pof": "47562" }, "geometry": { "type": "Polygon", "coordinates": [ [ [ -46.642420884345562, -23.595916011425238 ], [ -46.642531789001019, -23.595811830054721 ], [ -46.642411, -23.595822 ], [ -46.642420884345562, -23.595916011425238 ] ] ] } },
{ "type": "Feature", "properties": { "loja_id": "AG04", "CD_SETOR": "355030890000492", "fracao": 0.00043834053215727491, "pop": 264, "domicilios": 130, "renda_resp": 9942.5, "classe_pof": "47562" }, "geometry": { "type": "Polygon", "coordinates": [ [ [ -46.643584333728796, -23.594479782181143 ], [ -46.64360963865834, -23.594442652596289 ], [ -46.64357949999993, -23.594443499999954 ], [ -46.643584333728796, -23.594479782181143 ] ] ] } },
{ "type": "Feature", "properties": { "loja_id": "AG04", "CD_SETOR": "355030890000495", "fracao": 0.99999999999999989, "pop": 223, "domicilios": 89, "renda_resp": 10828.99, "classe_pof": "47562" }, "geometry": { "type": "Polygon", "coordinates": [ [ [ -46.642116, -23.593142 ], [ -46.642208, -23.593997 ], [ -46.643575, -23.59409 ], [ -46.643442, -23.593032 ], [ -46.642116, -23.593142 ] ] ] } },
{ "type": "Feature", "properties": { "loja_id": "AG04", "CD_SETOR": "355030890000553", "fracao": 1.0, "pop": 27, "domicilios": 23, "renda_resp": 8126.08, "classe_pof": "47561" }, "geometry": { "type": "Polygon", "coordinates": [ [ [ -46.639108699999952, -23.587990099999949 ], [ -46.639526, -23.588204499999961 ], [ -46.639623099999937, -23.588063299999927 ], [ -46.639174599999933, -23.587814899999962 ], [ -46.639108699999952, -23.587990099999949 ] ] ] } },
{ "type": "Feature", "properties": { "loja_id": "AG04", "CD_SETOR": "355030890000621", "fracao": 0.023131976013589687, "pop": 0, "domicilios": 0, "renda_resp": null, "classe_pof": null }, "geometry": { "type": "Polygon", "coordinates": [ [ [ -46.643575, -23.59409 ], [ -46.643569, -23.594365 ], [ -46.64360963865834, -23.594442652596289 ], [ -46.643836283401363, -23.594110098733172 ], [ -46.643575, -23.59409 ] ] ] } },
{ "type": "Feature", "properties": { "loja_id": "AG04", "CD_SETOR": "355030890000724", "fracao": 1.0, "pop": 135, "domicilios": 98, "renda_resp": 14228.06, "classe_pof": "47563" }, "geometry": { "type": "Polygon", "coordinates": [ [ [ -46.631776099999968, -23.587705899999943 ], [ -46.632217199999957, -23.588049899999927 ], [ -46.632802599999934, -23.587623599999976 ], [ -46.632471599999974, -23.587348 ], [ -46.631776099999968, -23.587705899999943 ] ] ] } },
{ "type": "Feature", "properties": { "loja_id": "AG04", "CD_SETOR": "355030890000725", "fracao": 1.0, "pop": 281, "domicilios": 142, "renda_resp": 9570.81, "classe_pof": "47562" }, "geometry": { "type": "Polygon", "coordinates": [ [ [ -46.634488, -23.586424 ], [ -46.632471599999974, -23.587348 ], [ -46.632802599999934, -23.587623599999976 ], [ -46.632217199999957, -23.588049899999927 ], [ -46.631743599999936, -23.587680599999942 ], [ -46.630776, -23.588123 ], [ -46.632151, -23.588604 ], [ -46.6349, -23.586462 ], [ -46.634619, -23.58626 ], [ -46.634488, -23.586424 ] ] ] } },
{ "type": "Feature", "properties": { "loja_id": "AG04", "CD_SETOR": "355030890000726", "fracao": 1.0, "pop": 188, "domicilios": 97, "renda_resp": 8839.42, "classe_pof": "47562" }, "geometry": { "type": "Polygon", "coordinates": [ [ [ -46.629936, -23.58428 ], [ -46.630417899999941, -23.584054199999969 ], [ -46.630948299999943, -23.583172199999979 ], [ -46.631295799999975, -23.583359399999953 ], [ -46.631382399999957, -23.583293499999968 ], [ -46.631462499999941, -23.583345799999961 ], [ -46.631578599999955, -23.583212 ], [ -46.629821, -23.582065 ], [ -46.629936, -23.58428 ] ] ] } },
{ "type": "Feature", "properties": { "loja_id": "AG04", "CD_SETOR": "355030890000727", "fracao": 0.99999999999999967, "pop": 178, "domicilios": 87, "renda_resp": 11566.2, "classe_pof": "47562" }, "geometry": { "type": "Polygon", "coordinates": [ [ [ -46.63068, -23.584622 ], [ -46.631462499999941, -23.583345799999961 ], [ -46.631382399999957, -23.583293499999968 ], [ -46.631295799999975, -23.583359399999953 ], [ -46.630948299999943, -23.583172199999979 ], [ -46.630417899999941, -23.584054199999969 ], [ -46.629898, -23.584304 ], [ -46.63068, -23.584622 ] ] ] } },
{ "type": "Feature", "properties": { "loja_id": "AG04", "CD_SETOR": "355030890000728", "fracao": 1.0, "pop": 348, "domicilios": 165, "renda_resp": 11143.96, "classe_pof": "47562" }, "geometry": { "type": "Polygon", "coordinates": [ [ [ -46.63466909999994, -23.59290679999998 ], [ -46.635161, -23.592984 ], [ -46.635186, -23.592579 ], [ -46.634702399999981, -23.592487599999966 ], [ -46.63466909999994, -23.59290679999998 ] ] ] } },
{ "type": "Feature", "properties": { "loja_id": "AG04", "CD_SETOR": "355030890000729", "fracao": 1.0, "pop": 71, "domicilios": 42, "renda_resp": 5627.03, "classe_pof": "47561" }, "geometry": { "type": "Polygon", "coordinates": [ [ [ -46.634131199999956, -23.592 ], [ -46.634028199999932, -23.592763199999972 ], [ -46.63466909999994, -23.59290679999998 ], [ -46.634702399999981, -23.592487599999966 ], [ -46.635186, -23.592579 ], [ -46.635251399999959, -23.59178669999994 ], [ -46.63483059999993, -23.591786299999967 ], [ -46.634810199999947, -23.591949299999953 ], [ -46.634937599999951, -23.591978799999936 ], [ -46.634910599999955, -23.592149499999948 ], [ -46.634131199999956, -23.592 ] ] ] } },
{ "type": "Feature", "properties": { "loja_id": "AG04", "CD_SETOR": "355030890000730", "fracao": 0.17249936323564038, "pop": 211, "domicilios": 81, "renda_resp": 4311.44, "classe_pof": "47560" }, "geometry": { "type": "Polygon", "coordinates": [ [ [ -46.626294, -23.58475 ], [ -46.626474, -23.584482 ], [ -46.625657538649826, -23.58448126003767 ], [ -46.625671, -23.584999 ], [ -46.625772491619344, -23.58511379811517 ], [ -46.626294, -23.58475 ] ] ] } },
{ "type": "Feature", "properties": { "loja_id": "AG04", "CD_SETOR": "355030890000731", "fracao": 0.19970469745355585, "pop": 229, "domicilios": 90, "renda_resp": 6392.17, "classe_pof": "47561" }, "geometry": { "type": "Polygon", "coordinates": [ [ [ -46.62615969999996, -23.585937599999966 ], [ -46.626588599999934, -23.584871699999955 ], [ -46.626474, -23.584482 ], [ -46.626294, -23.58475 ], [ -46.625772491619344, -23.58511379811517 ], [ -46.62606, -23.585439 ], [ -46.62615969999996, -23.585937599999966 ] ] ] } },
{ "type": "Feature", "properties": { "loja_id": "AG04", "CD_SETOR": "355030890000732", "fracao": 0.34949498012440078, "pop": 290, "domicilios": 148, "renda_resp": 10128.61, "classe_pof": "47562" }, "geometry": { "type": "Polygon", "coordinates": [ [ [ -46.624495, -23.590064 ], [ -46.624924499999963, -23.590187799999963 ], [ -46.625028, -23.589911399999949 ], [ -46.624216316064768, -23.589702112828864 ], [ -46.624495, -23.590064 ] ] ] } },
{ "type": "Feature", "properties": { "loja_id": "AG04", "CD_SETOR": "355030890000734", "fracao": 0.99999999999999956, "pop": 94, "domicilios": 47, "renda_resp": 17077.66, "classe_pof": "47563" }, "geometry": { "type": "Polygon", "coordinates": [ [ [ -46.627769699999931, -23.591024399999977 ], [ -46.628178799999944, -23.591426199999947 ], [ -46.629569, -23.590193 ], [ -46.629359, -23.590035 ], [ -46.628919, -23.589956 ], [ -46.627769699999931, -23.591024399999977 ] ] ] } },
{ "type": "Feature", "properties": { "loja_id": "AG04", "CD_SETOR": "355030890000735", "fracao": 1.0, "pop": 173, "domicilios": 92, "renda_resp": 14745.19, "classe_pof": "47563" }, "geometry": { "type": "Polygon", "coordinates": [ [ [ -46.62775449999998, -23.591009799999934 ], [ -46.62693, -23.591647 ], [ -46.626791, -23.591723 ], [ -46.627706, -23.591854 ], [ -46.628178799999944, -23.591426199999947 ], [ -46.62775449999998, -23.591009799999934 ] ] ] } },
{ "type": "Feature", "properties": { "loja_id": "AG04", "CD_SETOR": "355030890000738", "fracao": 0.094328974506102586, "pop": 210, "domicilios": 94, "renda_resp": 18045.22, "classe_pof": "47563" }, "geometry": { "type": "Polygon", "coordinates": [ [ [ -46.625195233131848, -23.593177557711385 ], [ -46.625728099999947, -23.593041299999971 ], [ -46.624975286417843, -23.592716552225919 ], [ -46.625195233131848, -23.593177557711385 ] ] ] } },
{ "type": "Feature", "properties": { "loja_id": "AG04", "CD_SETOR": "355030890000745", "fracao": 0.99999999999999978, "pop": 246, "domicilios": 110, "renda_resp": 17858.97, "classe_pof": "47563" }, "geometry": { "type": "Polygon", "coordinates": [ [ [ -46.626094799999976, -23.59221609999998 ], [ -46.626440899999977, -23.592664899999928 ], [ -46.627706, -23.591854 ], [ -46.626791, -23.591723 ], [ -46.626094799999976, -23.59221609999998 ] ] ] } },
{ "type": "Feature", "properties": { "loja_id": "AG04", "CD_SETOR": "355030890000746", "fracao": 0.99702638683536648, "pop": 199, "domicilios": 77, "renda_resp": 20888.99, "classe_pof": "47564" }, "geometry": { "type": "Polygon", "coordinates": [ [ [ -46.626077, -23.592193 ], [ -46.625516, -23.592481 ], [ -46.624949992359312, -23.592663535959208 ], [ -46.625728099999947, -23.593041299999971 ], [ -46.626440899999977, -23.592664899999928 ], [ -46.626077, -23.592193 ] ] ] } },
{ "type": "Feature", "properties": { "loja_id": "AG04", "CD_SETOR": "355030890000747", "fracao": 0.19159474021469247, "pop": 338, "domicilios": 120, "renda_resp": 24214.87, "classe_pof": "47564" }, "geometry": { "type": "Polygon", "coordinates": [ [ [ -46.624732618925776, -23.591542064401306 ], [ -46.625274, -23.591317 ], [ -46.624865, -23.590922 ], [ -46.624636261066733, -23.590984395686064 ], [ -46.624732618925776, -23.591542064401306 ] ] ] } },
{ "type": "Feature", "properties": { "loja_id": "AG04", "CD_SETOR": "355030890000748", "fracao": 0.082171901674284023, "pop": 209, "domicilios": 71, "renda_resp": 27939.22, "classe_pof": "47564" }, "geometry": { "type": "Polygon", "coordinates": [ [ [ -46.624636261066733, -23.590984395686064 ], [ -46.624865, -23.590922 ], [ -46.624652, -23.590405 ], [ -46.624541219138813, -23.590434337282318 ], [ -46.624636261066733, -23.590984395686064 ] ] ] } },
{ "type": "Feature", "properties": { "loja_id": "AG04", "CD_SETOR": "355030890000749", "fracao": 0.07318348177322638, "pop": 175, "domicilios": 71, "renda_resp": 24285.68, "classe_pof": "47564" }, "geometry": { "type": "Polygon", "coordinates": [ [ [ -46.624652, -23.590405 ], [ -46.624751, -23.590134 ], [ -46.624476428695367, -23.590059357186149 ], [ -46.624541219138813, -23.590434337282318 ], [ -46.624652, -23.590405 ] ] ] } },
{ "type": "Feature", "properties": { "loja_id": "AG04", "CD_SETOR": "355030890000751", "fracao": 1.0, "pop": 726, "domicilios": 237, "renda_resp": 1625.81, "classe_pof": "47558" }, "geometry": { "type": "Polygon", "coordinates": [ [ [ -46.642059, -23.59129879999994 ], [ -46.642781, -23.591134 ], [ -46.642899, -23.590733199999931 ], [ -46.642747199999974, -23.590656299999978 ], [ -46.642265899999984, -23.590632599999939 ], [ -46.642059, -23.59129879999994 ] ] ] } },
{ "type": "Feature", "properties": { "loja_id": "AG04", "CD_SETOR": "355030890000752", "fracao": 0.99999999999999978, "pop": 346, "domicilios": 124, "renda_resp": 1817.62, "classe_pof": "47559" }, "geometry": { "type": "Polygon", "coordinates": [ [ [ -46.64190739999998, -23.59132019999992 ], [ -46.642059, -23.59129879999994 ], [ -46.642265899999984, -23.590632599999939 ], [ -46.642747199999974, -23.590656299999978 ], [ -46.642899, -23.590733199999931 ], [ -46.642968099999962, -23.590553599999961 ], [ -46.642203699999982, -23.590305 ], [ -46.64185619999995, -23.591214499999982 ], [ -46.64190739999998, -23.59132019999992 ] ] ] } },
{ "type": "Feature", "properties": { "loja_id": "AG04", "CD_SETOR": "355030890000754", "fracao": 0.99999999999999989, "pop": 265, "domicilios": 104, "renda_resp": 17919.81, "classe_pof": "47563" }, "geometry": { "type": "Polygon", "coordinates": [ [ [ -46.628373299999964, -23.591730299999941 ], [ -46.628689899999983, -23.592299799999978 ], [ -46.629409, -23.59164 ], [ -46.629609, -23.591337 ], [ -46.629727, -23.590966 ], [ -46.628373299999964, -23.591730299999941 ] ] ] } },
{ "type": "Feature", "properties": { "loja_id": "AG04", "CD_SETOR": "355030890000755", "fracao": 1.0, "pop": 228, "domicilios": 81, "renda_resp": 20176.1, "classe_pof": "47563" }, "geometry": { "type": "Polygon", "coordinates": [ [ [ -46.62764889999994, -23.59206139999997 ], [ -46.627132, -23.593139 ], [ -46.628689899999983, -23.592299799999978 ], [ -46.628356, -23.591699199999933 ], [ -46.62764889999994, -23.59206139999997 ] ] ] } },
{ "type": "Feature", "properties": { "loja_id": "AG04", "CD_SETOR": "355030890000756", "fracao": 1.0, "pop": 180, "domicilios": 69, "renda_resp": 16745.22, "classe_pof": "47563" }, "geometry": { "type": "Polygon", "coordinates": [ [ [ -46.627125199999973, -23.59317389999995 ], [ -46.627067, -23.593798 ], [ -46.628504, -23.593039 ], [ -46.628144, -23.592608 ], [ -46.627125199999973, -23.59317389999995 ] ] ] } },
{ "type": "Feature", "properties": { "loja_id": "AG04", "CD_SETOR": "355030890000759", "fracao": 1.0, "pop": 112, "domicilios": 38, "renda_resp": 9405.78, "classe_pof": "47562" }, "geometry": { "type": "Polygon", "coordinates": [ [ [ -46.639174599999933, -23.587814899999962 ], [ -46.639623099999937, -23.588063299999927 ], [ -46.639559299999974, -23.588168 ], [ -46.639919899999938, -23.588357299999917 ], [ -46.640674, -23.587168 ], [ -46.63986, -23.586731 ], [ -46.639174599999933, -23.587814899999962 ] ] ] } },
{ "type": "Feature", "properties": { "loja_id": "AG04", "CD_SETOR": "355030890000760", "fracao": 0.99999999999999989, "pop": 54, "domicilios": 53, "renda_resp": 8605.13, "classe_pof": "47562" }, "geometry": { "type": "Polygon", "coordinates": [ [ [ -46.639371199999971, -23.588498799999972 ], [ -46.639708599999949, -23.588692799999933 ], [ -46.639919899999938, -23.588357299999917 ], [ -46.639559299999974, -23.588168 ], [ -46.639371199999971, -23.588498799999972 ] ] ] } },
{ "type": "Feature", "properties": { "loja_id": "AG04", "CD_SETOR": "355030890000761", "fracao": 1.0, "pop": 71, "domicilios": 39, "renda_resp": 8002.81, "classe_pof": "47561" }, "geometry": { "type": "Polygon", "coordinates": [ [ [ -46.638912, -23.58823 ], [ -46.639277, -23.589335 ], [ -46.639708599999949, -23.588692799999933 ], [ -46.639371199999971, -23.588498799999972 ], [ -46.639526, -23.588204499999961 ], [ -46.639075, -23.587972499999974 ], [ -46.638912, -23.58823 ] ] ] } },
{ "type": "Feature", "properties": { "loja_id": "AG04", "CD_SETOR": "355030890000763", "fracao": 1.0, "pop": 116, "domicilios": 48, "renda_resp": 11689.17, "classe_pof": "47562" }, "geometry": { "type": "Polygon", "coordinates": [ [ [ -46.634910599999955, -23.592149499999948 ], [ -46.634937599999951, -23.591978799999936 ], [ -46.634810199999947, -23.591949299999953 ], [ -46.63483059999993, -23.591786299999967 ], [ -46.635251399999959, -23.59178669999994 ], [ -46.63526, -23.591646 ], [ -46.63418889999997, -23.591604099999934 ], [ -46.634131199999956, -23.592 ], [ -46.634910599999955, -23.592149499999948 ] ] ] } },
{ "type": "Feature", "properties": { "loja_id": "AG04", "CD_SETOR": "355030890000764", "fracao": 1.0, "pop": 97, "domicilios": 62, "renda_resp": 8679.03, "classe_pof": "47562" }, "geometry": { "type": "Polygon", "coordinates": [ [ [ -46.626468799999941, -23.589322299999935 ], [ -46.626464099999964, -23.589568399999958 ], [ -46.626242699999978, -23.589563799999951 ], [ -46.62625289999994, -23.58938 ], [ -46.625696599999969, -23.589552199999954 ], [ -46.625635799999941, -23.589665 ], [ -46.627093099999968, -23.58973259999993 ], [ -46.62730229999994, -23.589659799999936 ], [ -46.62706309999993, -23.589131099999971 ], [ -46.626701099999934, -23.589312699999933 ], [ -46.626468799999941, -23.589322299999935 ] ] ] } },
{ "type": "Feature", "properties": { "loja_id": "AG04", "CD_SETOR": "355030890000765", "fracao": 1.0, "pop": 161, "domicilios": 81, "renda_resp": 12218.27, "classe_pof": "47562" }, "geometry": { "type": "Polygon", "coordinates": [ [ [ -46.62647869999995, -23.588912499999932 ], [ -46.625265, -23.589499 ], [ -46.625635799999941, -23.589665 ], [ -46.625696599999969, -23.589552199999954 ], [ -46.62625289999994, -23.58938 ], [ -46.626242699999978, -23.589563799999951 ], [ -46.626464099999964, -23.589568399999958 ], [ -46.626468799999941, -23.589322299999935 ], [ -46.626701099999934, -23.589312699999933 ], [ -46.62647869999995, -23.588912499999932 ] ] ] } },
{ "type": "Feature", "properties": { "loja_id": "AG04", "CD_SETOR": "355030890000768", "fracao": 1.0, "pop": 256, "domicilios": 108, "renda_resp": 10129.15, "classe_pof": "47562" }, "geometry": { "type": "Polygon", "coordinates": [ [ [ -46.634878699999945, -23.597709099999971 ], [ -46.635784799999954, -23.597718799999932 ], [ -46.635779299999967, -23.597456099999928 ], [ -46.634855799999968, -23.597446899999962 ], [ -46.634878699999945, -23.597709099999971 ] ] ] } },
{ "type": "Feature", "properties": { "loja_id": "AG04", "CD_SETOR": "355030890000769", "fracao": 0.17721813589246238, "pop": 114, "domicilios": 58, "renda_resp": 8379.04, "classe_pof": "47562" }, "geometry": { "type": "Polygon", "coordinates": [ [ [ -46.639989, -23.582542 ], [ -46.640297699999962, -23.582741 ], [ -46.640163799999982, -23.582976699999953 ], [ -46.640241314232092, -23.583032602201378 ], [ -46.640299, -23.582999 ], [ -46.640328677508649, -23.582597953615643 ], [ -46.63995, -23.582321 ], [ -46.639989, -23.582542 ] ] ] } },
{ "type": "Feature", "properties": { "loja_id": "AG04", "CD_SETOR": "355030890000770", "fracao": 0.15757442060084456, "pop": 198, "domicilios": 85, "renda_resp": 10764.72, "classe_pof": "47562" }, "geometry": { "type": "MultiPolygon", "coordinates": [ [ [ [ -46.639311, -23.583527 ], [ -46.639164, -23.583938 ], [ -46.639261835687357, -23.584043697397746 ], [ -46.639227, -23.583999 ], [ -46.639499, -23.583465 ], [ -46.640241314232092, -23.583032602201378 ], [ -46.640163799999982, -23.582976699999953 ], [ -46.640297699999962, -23.582741 ], [ -46.639989, -23.582542 ], [ -46.639901, -23.582896 ], [ -46.639311, -23.583527 ] ] ], [ [ [ -46.639832, -23.584451 ], [ -46.639967, -23.584543 ], [ -46.640923454311505, -23.584913132275879 ], [ -46.640808, -23.584691 ], [ -46.639832, -23.584451 ] ] ] ] } },
{ "type": "Feature", "properties": { "loja_id": "AG04", "CD_SETOR": "355030890000776", "fracao": 0.28485286040573793, "pop": 155, "domicilios": 51, "renda_resp": 4362.26, "classe_pof": "47560" }, "geometry": { "type": "Polygon", "coordinates": [ [ [ -46.632996, -23.582059 ], [ -46.633399462449042, -23.581422732318458 ], [ -46.632499, -23.581754 ], [ -46.631899, -23.581693 ], [ -46.632996, -23.582059 ] ] ] } },
{ "type": "Feature", "properties": { "loja_id": "AG04", "CD_SETOR": "355030890000781", "fracao": 1.0, "pop": 234, "domicilios": 77, "renda_resp": 23258.74, "classe_pof": "47564" }, "geometry": { "type": "Polygon", "coordinates": [ [ [ -46.631725899999935, -23.593554 ], [ -46.631959499999937, -23.593342899999985 ], [ -46.63171989999995, -23.593136599999987 ], [ -46.630652699999985, -23.593819499999935 ], [ -46.629792799999962, -23.593748499999943 ], [ -46.629870799999935, -23.593359 ], [ -46.629554399999968, -23.593277699999923 ], [ -46.628715, -23.594299 ], [ -46.629486, -23.594143 ], [ -46.630282, -23.594121 ], [ -46.630479, -23.594159 ], [ -46.630777, -23.594424 ], [ -46.631788, -23.593672 ], [ -46.631725899999935, -23.593554 ] ] ] } },
{ "type": "Feature", "properties": { "loja_id": "AG04", "CD_SETOR": "355030890000782", "fracao": 0.99999999999999978, "pop": 99, "domicilios": 30, "renda_resp": 2578.03, "classe_pof": "47560" }, "geometry": { "type": "Polygon", "coordinates": [ [ [ -46.63171989999995, -23.593136599999987 ], [ -46.631959499999937, -23.593342899999985 ], [ -46.631725899999935, -23.593554 ], [ -46.631788, -23.593672 ], [ -46.63206, -23.593494 ], [ -46.632212899999956, -23.593514199999955 ], [ -46.63239109999995, -23.593239199999967 ], [ -46.632022399999983, -23.593086599999932 ], [ -46.632078099999944, -23.592899 ], [ -46.632011499999976, -23.59288819999994 ], [ -46.631890599999963, -23.593209399999971 ], [ -46.63171989999995, -23.593136599999987 ] ] ] } },
{ "type": "Feature", "properties": { "loja_id": "AG04", "CD_SETOR": "355030890000783", "fracao": 0.77067901924426208, "pop": 138, "domicilios": 61, "renda_resp": 10859.21, "classe_pof": "47562" }, "geometry": { "type": "Polygon", "coordinates": [ [ [ -46.634838499999944, -23.59770879999996 ], [ -46.634805216340453, -23.599133942753809 ], [ -46.635499, -23.598547 ], [ -46.636376905219599, -23.599635604156902 ], [ -46.636691, -23.599632 ], [ -46.636601, -23.596998 ], [ -46.634889, -23.596943 ], [ -46.634855799999968, -23.597446899999962 ], [ -46.635779299999967, -23.597456099999928 ], [ -46.635784799999954, -23.597718799999932 ], [ -46.634838499999944, -23.59770879999996 ] ] ] } },
{ "type": "Feature", "properties": { "loja_id": "AG04", "CD_SETOR": "355030890000784", "fracao": 1.0, "pop": 230, "domicilios": 98, "renda_resp": 14292.81, "classe_pof": "47563" }, "geometry": { "type": "Polygon", "coordinates": [ [ [ -46.632866, -23.596832 ], [ -46.634889, -23.596943 ], [ -46.634976, -23.595669 ], [ -46.632774199999972, -23.595582199999964 ], [ -46.632565, -23.596003 ], [ -46.632397, -23.596863 ], [ -46.632866, -23.596832 ] ] ] } },
{ "type": "Feature", "properties": { "loja_id": "AG04", "CD_SETOR": "355030890000785", "fracao": 1.0, "pop": 121, "domicilios": 0, "renda_resp": null, "classe_pof": null }, "geometry": { "type": "Polygon", "coordinates": [ [ [ -46.639037599999938, -23.591229299999959 ], [ -46.638024299999984, -23.592196199999933 ], [ -46.638459, -23.592763 ], [ -46.639408, -23.592678 ], [ -46.639211, -23.591262 ], [ -46.639037599999938, -23.591229299999959 ] ] ] } },
{ "type": "Feature", "properties": { "loja_id": "AG04", "CD_SETOR": "355030890000786", "fracao": 0.043728089889289029, "pop": 148, "domicilios": 66, "renda_resp": 9805.15, "classe_pof": "47562" }, "geometry": { "type": "Polygon", "coordinates": [ [ [ -46.643442, -23.593032 ], [ -46.643541, -23.59403 ], [ -46.643575, -23.59409 ], [ -46.643836283401363, -23.594110098733172 ], [ -46.643912, -23.593999 ], [ -46.643577281371044, -23.593020290742473 ], [ -46.643442, -23.593032 ] ] ] } },
{ "type": "Feature", "properties": { "loja_id": "AG04", "CD_SETOR": "355030890000787", "fracao": 0.99999999999999967, "pop": 268, "domicilios": 115, "renda_resp": 6911.1, "classe_pof": "47561" }, "geometry": { "type": "Polygon", "coordinates": [ [ [ -46.637931099999946, -23.593234699999989 ], [ -46.637833, -23.596232 ], [ -46.639757, -23.596055 ], [ -46.639641, -23.594797 ], [ -46.64357949999993, -23.594443499999954 ], [ -46.643575, -23.59409 ], [ -46.642208, -23.593997 ], [ -46.639536, -23.593549 ], [ -46.639602899999943, -23.594361699999975 ], [ -46.638563399999953, -23.594452 ], [ -46.638494599999945, -23.594325899999944 ], [ -46.638590199999953, -23.594211199999958 ], [ -46.63862, -23.593487699999969 ], [ -46.638302, -23.593435 ], [ -46.637931099999946, -23.593234699999989 ] ] ] } },
{ "type": "Feature", "properties": { "loja_id": "AG04", "CD_SETOR": "355030890000789", "fracao": 1.0, "pop": 172, "domicilios": 101, "renda_resp": 8270.55, "classe_pof": "47561" }, "geometry": { "type": "Polygon", "coordinates": [ [ [ -46.635809699999982, -23.585397199999928 ], [ -46.636254599999972, -23.58470959999994 ], [ -46.633976, -23.58355 ], [ -46.633592, -23.584043 ], [ -46.635809699999982, -23.585397199999928 ] ] ] } },
{ "type": "Feature", "properties": { "loja_id": "AG04", "CD_SETOR": "355030890000790", "fracao": 0.99999999999999967, "pop": 131, "domicilios": 56, "renda_resp": 7811.04, "classe_pof": "47561" }, "geometry": { "type": "Polygon", "coordinates": [ [ [ -46.63843, -23.581289 ], [ -46.63504, -23.586554399999955 ], [ -46.635267499999948, -23.586621799999929 ], [ -46.63568, -23.58699 ], [ -46.635591, -23.587209 ], [ -46.636201, -23.587291 ], [ -46.636393, -23.586975 ], [ -46.637051, -23.587265 ], [ -46.637014099999931, -23.586942899999936 ], [ -46.637272199999984, -23.586534699999959 ], [ -46.636673599999938, -23.586212499999927 ], [ -46.636869499999932, -23.585890299999956 ], [ -46.636507, -23.585704099999926 ], [ -46.638831, -23.581517 ], [ -46.63843, -23.581289 ] ] ] } },
{ "type": "Feature", "properties": { "loja_id": "AG04", "CD_SETOR": "355030890000795", "fracao": 1.0, "pop": 258, "domicilios": 99, "renda_resp": 13427.92, "classe_pof": "47563" }, "geometry": { "type": "Polygon", "coordinates": [ [ [ -46.630209, -23.589783 ], [ -46.629532, -23.590222 ], [ -46.628382, -23.591243 ], [ -46.627706, -23.591854 ], [ -46.62764889999994, -23.59206139999997 ], [ -46.629776099999958, -23.590920699999977 ], [ -46.630292399999973, -23.59110219999997 ], [ -46.630951099999947, -23.591076399999956 ], [ -46.631511, -23.591612399999974 ], [ -46.631774, -23.591255 ], [ -46.631811, -23.591089 ], [ -46.631549, -23.589465 ], [ -46.630426, -23.589517 ], [ -46.630415, -23.589902 ], [ -46.630209, -23.589783 ] ] ] } },
{ "type": "Feature", "properties": { "loja_id": "AG04", "CD_SETOR": "355030890000796", "fracao": 0.99999999999999989, "pop": 225, "domicilios": 104, "renda_resp": 9736.44, "classe_pof": "47562" }, "geometry": { "type": "Polygon", "coordinates": [ [ [ -46.634509099999946, -23.588562899999943 ], [ -46.634604499999966, -23.589205899999964 ], [ -46.633433, -23.589062 ], [ -46.632151, -23.588604 ], [ -46.631595, -23.589172 ], [ -46.631549, -23.589465 ], [ -46.634777, -23.589709 ], [ -46.635027, -23.590262 ], [ -46.635116, -23.590267 ], [ -46.635126, -23.589467 ], [ -46.63568, -23.58699 ], [ -46.635267499999948, -23.586621799999929 ], [ -46.63505, -23.586556 ], [ -46.634654, -23.587497 ], [ -46.634509099999946, -23.588562899999943 ] ] ] } },
{ "type": "Feature", "properties": { "loja_id": "AG04", "CD_SETOR": "355030890000798", "fracao": 0.044341828650814853, "pop": 233, "domicilios": 91, "renda_resp": 12403.63, "classe_pof": "47562" }, "geometry": { "type": "Polygon", "coordinates": [ [ [ -46.629115844614375, -23.581620333784421 ], [ -46.629821, -23.582065 ], [ -46.629795, -23.580991 ], [ -46.62945349208664, -23.580877164531028 ], [ -46.629115844614375, -23.581620333784421 ] ] ] } }
]
}
